#include <stdint.h>
#include <stdio.h>
#include <string.h>

#include "main.h"
#include "apis.h"
#include "graphics/graphics.h"

//screen saver 1 - the project x
#include "resources.h"



#include "scrnsvrbubba.h"


extern MEMALIGN32 volatile gfx_bitmap_t backbitmap;    // background image



int16_t bub_floor_x = 0;

void do_bubbastix_playdemo_screensaver(){

    gfx_bitmap_t *front_a = gfx_getdrawbuffer();


    gfx_draw1bit(0, 104, 480, 40, bub_background, 33, backbitmap.bitmap );
    gfx_usebuffer(&backbitmap);
    gfx_setcolour(33);
    
    //gfx_rectf(0, 140, 480,180);
    gfx_rectf(0, 144, 480,100);
    
    gfx_usebuffer(front_a);


    bub_floor_x--;
    if(bub_floor_x<-284)bub_floor_x = 0;
    for(int bf=0; bf < (284 * 3); bf += 284)
        gfx_blit(scr_bub_floor, bf + bub_floor_x,  214, 284, 106);

}



const unsigned char bub_background[] = {
	// Size: 2400
	// W:480 H:40
	// Colours: 2
	// icon-length: 2400
	//0x08, // colour mode, 1=256colours, 2=16 colours, 4=4 colours, 8=2 colours
	//0x01, 0xE0, // WIDTH
	//0x00, 0x28, // HEIGHT
	//0x09, 0x60, // LENGTH
	0x00, 0x00, 0x00, 0x00, 0x00, 0x00, 0x00, 0x00, 0x00, 0x00, 0x00, 0x00, 0x00, 0x00, 0x00, 0x00,
	0x00, 0x00, 0x00, 0x00, 0x00, 0x00, 0x00, 0x00, 0x00, 0x00, 0x00, 0x00, 0x00, 0x00, 0x00, 0x00,
	0x00, 0x00, 0x00, 0x00, 0x00, 0x00, 0xFE, 0xFF, 0x01, 0x00, 0x00, 0x00, 0x00, 0x00, 0x00, 0x00,
	0x00, 0x00, 0xC0, 0x0F, 0x00, 0x00, 0x00, 0x00, 0x00, 0x00, 0x00, 0x00, 0x00, 0x00, 0x00, 0x00,
	0x00, 0x00, 0x00, 0x00, 0x00, 0x00, 0x00, 0x00, 0x00, 0x00, 0x00, 0x00, 0x00, 0x00, 0x00, 0x00,
	0x00, 0x00, 0x00, 0x00, 0x00, 0x00, 0x00, 0x00, 0x00, 0x00, 0x00, 0x00, 0x00, 0x00, 0x00, 0x00,
	0x00, 0x80, 0x03, 0x00, 0x1F, 0x00, 0x00, 0x00, 0x00, 0x00, 0x00, 0x00, 0x00, 0x00, 0x20, 0x78,
	0x00, 0x00, 0x00, 0x00, 0x00, 0x00, 0x00, 0x00, 0x00, 0x00, 0x00, 0x00, 0x00, 0x00, 0x00, 0x00,
	0x00, 0x00, 0x00, 0x00, 0x00, 0x00, 0x00, 0x00, 0x00, 0x00, 0x00, 0x00, 0x00, 0x00, 0x00, 0x00,
	0x00, 0x00, 0x00, 0x00, 0x00, 0x00, 0x00, 0x00, 0x00, 0x00, 0x00, 0x00, 0x00, 0x80, 0xC0, 0xFF,
	0x70, 0x00, 0x00, 0x00, 0x00, 0x00, 0x00, 0x00, 0x00, 0x00, 0x18, 0x60, 0x00, 0x00, 0x00, 0x00,
	0x00, 0x00, 0x00, 0x00, 0x00, 0x00, 0x00, 0x00, 0x00, 0x00, 0x00, 0x00, 0x00, 0x00, 0x00, 0x00,
	0x00, 0x00, 0x00, 0x00, 0x00, 0x00, 0x00, 0x00, 0x00, 0x00, 0x00, 0x00, 0x00, 0x00, 0x00, 0x00,
	0x00, 0x00, 0x00, 0x00, 0x00, 0x00, 0x00, 0x00, 0x00, 0xC0, 0xF8, 0x81, 0x43, 0x00, 0x00, 0x00,
	0x00, 0x00, 0x00, 0x00, 0x00, 0x00, 0x04, 0x30, 0x00, 0x00, 0x00, 0x00, 0x00, 0x00, 0x00, 0x00,
	0x00, 0x00, 0x00, 0x00, 0x00, 0x00, 0x00, 0x00, 0x00, 0x00, 0x00, 0x00, 0x00, 0x00, 0x00, 0x00,
	0x00, 0x00, 0x00, 0x00, 0x00, 0x00, 0x00, 0x00, 0x00, 0x00, 0x00, 0x00, 0x00, 0x00, 0x00, 0x00,
	0x00, 0x00, 0x00, 0x00, 0x00, 0x40, 0x00, 0x07, 0xC6, 0x00, 0x00, 0x00, 0x00, 0x00, 0x00, 0x00,
	0x00, 0x00, 0x02, 0x18, 0x00, 0x00, 0x00, 0x00, 0x00, 0x00, 0x00, 0x00, 0x00, 0x00, 0x00, 0x00,
	0x00, 0x00, 0x00, 0x00, 0x00, 0x00, 0x00, 0x00, 0x00, 0x00, 0x00, 0x00, 0x00, 0x00, 0x00, 0x00,
	0x00, 0x00, 0x00, 0x00, 0x00, 0x00, 0x00, 0x00, 0x00, 0x00, 0x00, 0x00, 0x00, 0x00, 0x00, 0x00,
	0x00, 0x40, 0xFE, 0x0C, 0x86, 0x00, 0x00, 0x00, 0x00, 0x00, 0x00, 0x00, 0x00, 0x00, 0x02, 0x1C,
	0x00, 0x00, 0x00, 0x00, 0x00, 0x00, 0x00, 0x00, 0x00, 0x00, 0x00, 0x00, 0x00, 0x00, 0x00, 0x00,
	0x00, 0x00, 0x00, 0x00, 0x00, 0x00, 0x00, 0x00, 0x00, 0x00, 0x00, 0x00, 0x00, 0x00, 0x00, 0x00,
	0x00, 0x00, 0x00, 0x00, 0x00, 0x00, 0x00, 0x00, 0x00, 0x00, 0x00, 0x00, 0x00, 0xC0, 0x83, 0x0B,
	0x87, 0x00, 0x00, 0x00, 0x00, 0x00, 0x00, 0x00, 0x00, 0x00, 0x02, 0x1E, 0x00, 0x00, 0x00, 0x00,
	0x00, 0x07, 0x00, 0x00, 0x00, 0x00, 0x00, 0x00, 0x00, 0x00, 0x00, 0x00, 0x00, 0x00, 0x00, 0x00,
	0x00, 0x00, 0x00, 0x00, 0x00, 0x00, 0x00, 0x00, 0x00, 0x00, 0x00, 0x00, 0x00, 0x00, 0x00, 0x00,
	0x00, 0x00, 0x00, 0x00, 0x00, 0x00, 0x00, 0x00, 0x00, 0x80, 0x00, 0x9A, 0x83, 0x00, 0x00, 0x00,
	0x00, 0x00, 0x00, 0x00, 0x00, 0x00, 0x02, 0x1E, 0x00, 0x00, 0x00, 0x00, 0x80, 0x05, 0x00, 0x00,
	0x00, 0x00, 0x00, 0x00, 0x00, 0x00, 0x00, 0x00, 0x00, 0x00, 0x00, 0x00, 0x00, 0x00, 0x00, 0x00,
	0x00, 0x00, 0x00, 0x00, 0x00, 0x00, 0xC0, 0x00, 0x00, 0x00, 0x00, 0x00, 0x00, 0x00, 0x00, 0x00,
	0x00, 0x00, 0x00, 0x00, 0x00, 0x00, 0x00, 0xB2, 0x83, 0x00, 0x00, 0x00, 0x00, 0x0E, 0x00, 0x00,
	0x00, 0x00, 0x02, 0x1E, 0x00, 0x00, 0x00, 0x00, 0xC0, 0x0E, 0x00, 0x00, 0x00, 0x00, 0xC0, 0x1F,
	0x00, 0x00, 0x00, 0x00, 0x00, 0x00, 0x00, 0x00, 0x00, 0x00, 0x00, 0x00, 0x00, 0x00, 0x00, 0x00,
	0x00, 0x00, 0x30, 0x03, 0x00, 0x00, 0x00, 0x00, 0x00, 0x00, 0x00, 0x00, 0x00, 0x00, 0x00, 0x00,
	0x00, 0x00, 0x00, 0xE6, 0xC3, 0x00, 0x00, 0x00, 0x00, 0x1B, 0x00, 0x00, 0x00, 0x00, 0x04, 0x3C,
	0x00, 0x00, 0x60, 0x00, 0x30, 0x1A, 0x00, 0x00, 0x00, 0x00, 0x60, 0x20, 0x00, 0x00, 0x00, 0x00,
	0x00, 0x00, 0x00, 0x00, 0x00, 0x00, 0x00, 0x00, 0x00, 0x00, 0x00, 0x00, 0x00, 0x00, 0xCC, 0x0C,
	0x00, 0x00, 0x00, 0x00, 0x00, 0x00, 0x00, 0x00, 0x00, 0x00, 0x00, 0x00, 0x00, 0x00, 0x00, 0xE4,
	0x61, 0x00, 0x80, 0xFF, 0x81, 0x11, 0x00, 0x00, 0x00, 0x00, 0x08, 0x3C, 0x00, 0x00, 0x7C, 0x00,
	0x18, 0x17, 0x00, 0x00, 0x00, 0x00, 0x90, 0x43, 0x00, 0x00, 0x00, 0x00, 0x00, 0x00, 0x00, 0x00,
	0x00, 0x00, 0x00, 0x00, 0x00, 0x00, 0x00, 0x00, 0x00, 0x00, 0x72, 0x0B, 0x00, 0x00, 0x00, 0x00,
	0x00, 0x00, 0x00, 0x00, 0x00, 0x00, 0x00, 0x00, 0x00, 0x00, 0x00, 0x64, 0x30, 0x00, 0x70, 0x00,
	0x83, 0x30, 0x00, 0x00, 0x00, 0x00, 0x08, 0x38, 0xE0, 0x01, 0x7E, 0x00, 0x06, 0x37, 0x70, 0x00,
	0x00, 0x00, 0xE8, 0x86, 0x01, 0x00, 0x00, 0x00, 0x00, 0x00, 0x00, 0x00, 0x00, 0x00, 0x00, 0x00,
	0x00, 0x00, 0x00, 0x00, 0x00, 0x80, 0x7D, 0x09, 0x00, 0x00, 0x00, 0x00, 0x00, 0x00, 0x00, 0x00,
	0xE0, 0x01, 0x00, 0x00, 0x00, 0x00, 0x00, 0x02, 0x18, 0x00, 0x18, 0x00, 0xC2, 0x30, 0x00, 0x00,
	0x00, 0x00, 0x10, 0x38, 0xFE, 0x01, 0xFF, 0xC0, 0x01, 0x2F, 0xFC, 0x03, 0x00, 0x00, 0x26, 0x8C,
	0x00, 0x00, 0x00, 0x00, 0x00, 0x00, 0x00, 0x00, 0x10, 0x00, 0x00, 0x00, 0x00, 0x00, 0x00, 0x00,
	0x00, 0x60, 0xFE, 0x0C, 0x00, 0x00, 0x00, 0x00, 0x00, 0x00, 0x00, 0x00, 0x10, 0x06, 0x00, 0x00,
	0x00, 0x00, 0x00, 0x02, 0x0C, 0x00, 0x0C, 0x3C, 0x44, 0x30, 0x00, 0x7F, 0x00, 0x03, 0x60, 0x78,
	0xFF, 0x81, 0xFF, 0x60, 0x80, 0x7F, 0xC7, 0x0F, 0x00, 0x00, 0x19, 0x9C, 0x00, 0x00, 0x00, 0x00,
	0x00, 0x00, 0x00, 0x00, 0x10, 0x00, 0x00, 0x00, 0x00, 0x00, 0x00, 0x00, 0x00, 0x20, 0x7F, 0x06,
	0x00, 0x00, 0x00, 0x00, 0x00, 0x00, 0x00, 0x00, 0xC8, 0x04, 0x00, 0x00, 0x00, 0x00, 0x00, 0x02,
	0x04, 0x00, 0x04, 0x4F, 0x6C, 0x70, 0x80, 0x7F, 0x80, 0x07, 0x80, 0xF0, 0xFF, 0xE0, 0xFF, 0x3F,
	0x80, 0xDF, 0x81, 0x1F, 0x00, 0x00, 0x09, 0xDC, 0x00, 0x00, 0x00, 0x00, 0x00, 0x00, 0x00, 0x40,
	0x10, 0x03, 0x00, 0x00, 0x00, 0x00, 0x00, 0x00, 0x00, 0xC0, 0x3E, 0x07, 0x00, 0x00, 0x00, 0x00,
	0x00, 0x00, 0x00, 0x00, 0xA4, 0x05, 0x00, 0x00, 0x00, 0x00, 0x00, 0x01, 0x0E, 0x00, 0x86, 0xC7,
	0x38, 0xF0, 0x80, 0xFF, 0xC0, 0x0F, 0x00, 0xF1, 0xFF, 0xF8, 0xFF, 0x3F, 0x80, 0x3F, 0x80, 0x17,
	0x00, 0x00, 0x09, 0x4F, 0x00, 0x00, 0x00, 0x00, 0x00, 0x00, 0x00, 0x80, 0xD9, 0x00, 0x00, 0x00,
	0x00, 0x00, 0x00, 0x00, 0x00, 0x80, 0x81, 0x07, 0x00, 0x00, 0x00, 0x00, 0x00, 0x00, 0x00, 0x00,
	0xD2, 0x05, 0x00, 0x00, 0x00, 0x00, 0x80, 0x01, 0x1E, 0x00, 0xC2, 0x81, 0x18, 0xF0, 0xC0, 0xFF,
	0xE0, 0x0F, 0x00, 0xFE, 0x7F, 0xFF, 0xFF, 0x3F, 0x00, 0x07, 0xC0, 0x17, 0x03, 0x00, 0xD1, 0x67,
	0x00, 0x00, 0x00, 0x00, 0x00, 0x00, 0x00, 0x00, 0x67, 0x00, 0x00, 0x00, 0x00, 0x00, 0x00, 0x00,
	0x00, 0x80, 0x66, 0x05, 0x00, 0x00, 0x00, 0x00, 0x00, 0x00, 0x00, 0x00, 0xF2, 0x0C, 0x80, 0x03,
	0x00, 0x00, 0xF0, 0x00, 0x1E, 0x00, 0xE2, 0x40, 0x18, 0xE0, 0xE1, 0xFF, 0xF1, 0x1F, 0x00, 0xF8,
	0xFF, 0xFF, 0xFF, 0x3F, 0x00, 0x00, 0xB0, 0x1F, 0x07, 0x00, 0xE1, 0x31, 0x00, 0x00, 0x00, 0x7C,
	0x00, 0x00, 0x00, 0x00, 0x81, 0x01, 0x00, 0x00, 0x00, 0x3C, 0x00, 0x00, 0x00, 0x00, 0x99, 0x03,
	0x00, 0x00, 0x00, 0x00, 0x00, 0x00, 0x00, 0x00, 0x72, 0x32, 0x40, 0x0C, 0x00, 0x00, 0xF8, 0x00,
	0x3E, 0x00, 0x72, 0x60, 0x0C, 0xC0, 0xFB, 0xFF, 0xF8, 0x1F, 0x00, 0xFC, 0xFF, 0xFF, 0xFF, 0x3F,
	0x00, 0x00, 0xDC, 0x3E, 0x06, 0x00, 0x01, 0x10, 0x00, 0x00, 0x80, 0x83, 0x00, 0x00, 0x00, 0x9C,
	0x1C, 0x0F, 0x00, 0x00, 0x00, 0x63, 0x00, 0x00, 0x00, 0x00, 0xC1, 0x03, 0x00, 0x00, 0x00, 0x00,
	0x00, 0x00, 0x00, 0x00, 0x06, 0x61, 0x20, 0x30, 0x00, 0x00, 0xFE, 0x00, 0x3F, 0x00, 0x72, 0x30,
	0x06, 0xC0, 0xFF, 0x7F, 0xFE, 0x3F, 0x00, 0xFE, 0xFF, 0xFF, 0xFF, 0x3F, 0x00, 0x00, 0xB7, 0xFF,
	0x07, 0x01, 0xE6, 0x18, 0x00, 0x00, 0x60, 0x38, 0x01, 0x00, 0x00, 0x70, 0x34, 0x03, 0x00, 0x00,
	0x80, 0xDD, 0x00, 0x00, 0x00, 0x00, 0xC1, 0x03, 0x00, 0x00, 0x00, 0x00, 0x00, 0x00, 0x00, 0x00,
	0xE6, 0x40, 0x10, 0x27, 0x18, 0x00, 0xFF, 0x81, 0x3F, 0x00, 0xE2, 0x18, 0x03, 0x00, 0xFF, 0x3F,
	0xFF, 0x3F, 0x00, 0xFF, 0xFF, 0xFF, 0xFF, 0x3F, 0x70, 0xC0, 0xFB, 0xFF, 0xC7, 0x01, 0x7C, 0x18,
	0x00, 0x00, 0x30, 0x7F, 0x01, 0x00, 0x00, 0x40, 0x8E, 0x03, 0x00, 0x00, 0x40, 0xD6, 0x00, 0x00,
	0x00, 0x00, 0xC1, 0x01, 0x00, 0x00, 0x00, 0x00, 0x00, 0x00, 0x00, 0x00, 0x1C, 0x40, 0x90, 0x2D,
	0x1F, 0x80, 0xFF, 0xE1, 0x7F, 0x00, 0x86, 0x87, 0x01, 0x00, 0xFE, 0x3F, 0xFF, 0x3F, 0xF6, 0xFF,
	0xFF, 0xFF, 0xFF, 0xFF, 0xFF, 0xE3, 0xFE, 0xFF, 0xE7, 0x01, 0x40, 0x18, 0x00, 0x00, 0x10, 0x71,
	0x01, 0x00, 0x00, 0x80, 0xC0, 0x01, 0x00, 0x00, 0x40, 0xF3, 0x00, 0x00, 0x00, 0x80, 0xE0, 0x05,
	0x00, 0x00, 0x00, 0x00, 0x08, 0x00, 0x00, 0x00, 0x1A, 0x4F, 0x90, 0xEE, 0x1F, 0xE0, 0xFF, 0xF3,
	0x7F, 0x00, 0x04, 0xC0, 0x00, 0x00, 0xFF, 0xFF, 0xFF, 0x3F, 0xFF, 0xFF, 0xFF, 0xFF, 0xFF, 0xFF,
	0xFF, 0x3F, 0xFF, 0xFF, 0xFF, 0x03, 0x20, 0x30, 0x00, 0x00, 0x90, 0x60, 0x01, 0x00, 0x00, 0x00,
	0xE7, 0x00, 0x00, 0x00, 0x40, 0x7B, 0x00, 0x00, 0x00, 0x80, 0xF0, 0x07, 0x00, 0x00, 0x00, 0x00,
	0x0E, 0x00, 0x00, 0x0C, 0xF0, 0x71, 0x88, 0xFE, 0xFF, 0xF3, 0xFF, 0xFF, 0x7F, 0x00, 0x0C, 0x40,
	0x1E, 0x80, 0xFF, 0xFF, 0xFF, 0x3F, 0xFF, 0xFF, 0xFF, 0xFF, 0xFF, 0xFF, 0xFF, 0xFF, 0xFF, 0xFF,
	0xFF, 0x03, 0x20, 0xE0, 0x00, 0x00, 0x90, 0x60, 0x01, 0x00, 0x00, 0x00, 0x68, 0x00, 0x00, 0x00,
	0x40, 0xEF, 0x1F, 0x00, 0x00, 0xC0, 0xF0, 0x02, 0x00, 0x00, 0x00, 0x94, 0x0F, 0x00, 0x00, 0x1C,
	0x20, 0x30, 0x18, 0xFF, 0xFF, 0xFF, 0xFF, 0xFF, 0xFF, 0x03, 0x38, 0x40, 0x3F, 0xC0, 0xFF, 0xFF,
	0xFF, 0xBF, 0xFF, 0xFF, 0xFF, 0xFF, 0xFF, 0xFF, 0xFF, 0xFF, 0xFF, 0xFF, 0xFF, 0x00, 0x1F, 0xF8,
	0x03, 0x00, 0xB0, 0x31, 0x01, 0x06, 0x00, 0x00, 0x68, 0x00, 0x00, 0x00, 0x40, 0x00, 0x30, 0x00,
	0x00, 0x40, 0xF0, 0x03, 0x00, 0x00, 0x00, 0xFC, 0x9F, 0x01, 0x00, 0x1A, 0x20, 0x1E, 0xFC, 0xFF,
	0xFF, 0xFF, 0xFF, 0xFF, 0xFF, 0x1F, 0xE0, 0x40, 0x3F, 0xE0, 0xFF, 0xFF, 0xFF, 0xBF, 0xFF, 0xFF,
	0xFF, 0xFF, 0xFF, 0xFF, 0xFF, 0xFF, 0xFF, 0xFF, 0xFF, 0x80, 0x87, 0xFF, 0x07, 0x03, 0x30, 0x8F,
	0x81, 0x05, 0x00, 0x00, 0x48, 0x00, 0x00, 0x00, 0x80, 0xE4, 0x21, 0x00, 0x00, 0x20, 0xF8, 0x03,
	0x00, 0x00, 0x00, 0xFE, 0xFF, 0x01, 0x00, 0x3B, 0x40, 0x10, 0xFC, 0xFF, 0xFF, 0xFF, 0xFF, 0xFF,
	0xFF, 0x7F, 0x80, 0xFF, 0x3F, 0xFF, 0xFF, 0xFF, 0xFF, 0xFF, 0xFF, 0xFF, 0xFF, 0xFF, 0xFF, 0xFF,
	0xFF, 0xFF, 0xFF, 0xFF, 0x3F, 0xFE, 0xFF, 0xFF, 0xFF, 0x03, 0x60, 0x80, 0x70, 0x06, 0x00, 0x00,
	0x48, 0x00, 0x00, 0x00, 0x00, 0xF3, 0x63, 0x00, 0x04, 0x10, 0x70, 0x01, 0x00, 0x00, 0x80, 0xFD,
	0xFF, 0x01, 0x00, 0x79, 0x40, 0x11, 0xE4, 0xFF, 0xFF, 0xFF, 0xFF, 0xFF, 0xFF, 0xFF, 0xE3, 0xFF,
	0xFF, 0xFF, 0xFF, 0xFF, 0xFF, 0xFF, 0xFF, 0xFF, 0xFF, 0xFF, 0xFF, 0xFF, 0xFF, 0xFF, 0xFF, 0xFF,
	0xFF, 0xFF, 0xFF, 0xFF, 0xFF, 0x07, 0xC0, 0x1F, 0x1D, 0x0B, 0x00, 0x00, 0xD0, 0x00, 0x00, 0x00,
	0x00, 0x79, 0x64, 0x00, 0x16, 0x18, 0xF0, 0x01, 0x00, 0x00, 0xC0, 0xFF, 0xFF, 0x43, 0x80, 0xFC,
	0xC0, 0x0B, 0xC2, 0xFF, 0xFF, 0xFF, 0xFF, 0xFF, 0xFF, 0xFF, 0xFF, 0xFF, 0xFF, 0xFF, 0xFF, 0xFF,
	0xFF, 0xFF, 0xFF, 0xFF, 0xFF, 0xFF, 0xFF, 0xFF, 0xFF, 0xFF, 0xFF, 0xFF, 0xFF, 0xFF, 0xFF, 0xFF,
	0xFF, 0x1F, 0x98, 0x0F, 0x87, 0x0B, 0x00, 0x00, 0xD0, 0x00, 0x00, 0x00, 0x80, 0x1C, 0x74, 0x88,
	0x17, 0x08, 0xF0, 0xC0, 0xEF, 0x00, 0xE0, 0xFF, 0xFF, 0x63, 0x80, 0xF8, 0xC1, 0x0E, 0xF2, 0xFF,
	0xFF, 0xFF, 0xFF, 0xFF, 0xFF, 0xFF, 0xFF, 0xFF, 0xFF, 0xFF, 0xFF, 0xFF, 0xFF, 0xFF, 0xFF, 0xFF,
	0xFF, 0xFF, 0xFF, 0xFF, 0xFF, 0xFF, 0xFF, 0xFF, 0xFF, 0xFF, 0xFF, 0xFF, 0xFF, 0x3F, 0x24, 0x8C,
	0xC3, 0xED, 0x00, 0x00, 0x90, 0x00, 0x00, 0x00, 0x80, 0x0C, 0x74, 0x8C, 0x2F, 0x04, 0xF1, 0xF0,
	0xFF, 0xFF, 0xFF, 0xFF, 0xFF, 0xFF, 0x40, 0xFE, 0x63, 0x0E, 0xF6, 0xFF, 0xFF, 0xFF, 0xFF, 0xFF,
	0xFF, 0xFF, 0xFF, 0xFF, 0xFF, 0xFF, 0xFF, 0xFF, 0xFF, 0xFF, 0xFF, 0xFF, 0xFF, 0xFF, 0xFF, 0xFF,
	0xFF, 0xFF, 0xFF, 0xFF, 0xFF, 0xFF, 0xFF, 0xFF, 0xFF, 0x7F, 0x66, 0x4C, 0xC0, 0x9F, 0x03, 0x00,
	0x90, 0x00, 0x00, 0x00, 0x40, 0x06, 0x76, 0xEF, 0x6F, 0x86, 0xF0, 0xFF, 0xFF, 0xFF, 0xFF, 0xFF,
	0xFF, 0xFF, 0xF0, 0xFF, 0x3F, 0x04, 0xFE, 0xFF, 0xFF, 0xFF, 0xFF, 0xFF, 0xFF, 0xFF, 0xFF, 0xFF,
	0xFF, 0xFF, 0xFF, 0xFF, 0xFF, 0xFF, 0xFF, 0xFF, 0xFF, 0xFF, 0xFF, 0xFF, 0xFF, 0xFF, 0xFF, 0xFF,
	0xFF, 0xFF, 0xFF, 0xFF, 0xFF, 0xFF, 0xE1, 0x7F, 0xC0, 0x83, 0x0F, 0x00, 0xA0, 0x01, 0x00, 0x00,
	0x38, 0x06, 0x3B, 0xFF, 0xE7, 0x43, 0xF7, 0xFF, 0xFF, 0xFF, 0xFF, 0xFF, 0xFF, 0xFF, 0xFF, 0xFF,
	0x1F, 0x84, 0xFF, 0xFF, 0xFF, 0xFF, 0xFF, 0xFF, 0xFF, 0xFF, 0xFF, 0xFF, 0xFF, 0xFF, 0xFF, 0xFF,
	0xFF, 0xFF, 0xFF, 0xFF, 0xFF, 0xFF, 0xFF, 0xFF, 0xFF, 0xFF, 0xFF, 0xFF, 0xFF, 0xFF, 0xFF, 0xFF,
	0xFF, 0xFF, 0xFC, 0x0F, 0xE0, 0xC0, 0x0F, 0x00, 0xA0, 0x01, 0x00, 0x00, 0x3C, 0x86, 0x9D, 0xFF,
	0xF3, 0xC1, 0xFF, 0xFF, 0xFF, 0xFF, 0xFF, 0xFF, 0xFF, 0xFF, 0xFF, 0xFF, 0x8F, 0xFF, 0xFF, 0xFF,
	0xFF, 0xFF, 0xFF, 0xFF, 0xFF, 0xFF, 0xFF, 0xFF, 0xFF, 0xFF, 0xFF, 0xFF, 0xFF, 0xFF, 0xFF, 0xFF,
	0xFF, 0xFF, 0xFF, 0xFF, 0xFF, 0xFF, 0xFF, 0xFF, 0xFF, 0xFF, 0xFF, 0xFF, 0xFF, 0xFF, 0xFF, 0xFF,
	0x00, 0xF0, 0x0F, 0x00, 0x20, 0x01, 0x00, 0x00, 0x04, 0x66, 0xEE, 0xFF, 0x37, 0xE0, 0xFF, 0xFF,
	0xFF, 0xFF, 0xFF, 0xFF, 0xFF, 0xFF, 0xFF, 0xFF, 0xF0, 0xFF, 0xFF, 0xFF, 0xFF, 0xFF, 0xFF, 0xFF,
	0xFF, 0xFF, 0xFF, 0xFF, 0xFF, 0xFF, 0xFF, 0xFF, 0xFF, 0xFF, 0xFF, 0xFF, 0xFF, 0xFF, 0xFF, 0xFF,
	0xFF, 0xFF, 0xFF, 0xFF, 0xFF, 0xFF, 0xFF, 0xFF, 0xFF, 0xFF, 0xFF, 0xFF, 0x3F, 0xFC, 0x0F, 0x00,
	0x40, 0x01, 0x00, 0x8E, 0x07, 0x3C, 0xFF, 0xFF, 0xBF, 0xED, 0xFF, 0xFF, 0xFF, 0xFF, 0xFF, 0xFF,
	0xFF, 0xFF, 0xFF, 0xFF, 0xFF, 0xFF, 0xFF, 0xFF, 0xFF, 0xFF, 0xFF, 0xFF, 0xFF, 0xFF, 0xFF, 0xFF,
	0xFF, 0xFF, 0xFF, 0xFF, 0xFF, 0xFF, 0xFF, 0xFF, 0xFF, 0xFF, 0xFF, 0xFF, 0xFF, 0xFF, 0xFF, 0xFF,
	0xFF, 0xFF, 0xFF, 0xFF, 0xFF, 0xFF, 0xFF, 0xFF, 0xFF, 0xFE, 0x03, 0x00, 0x40, 0x03, 0x00, 0x8F,
	0x01, 0xC0, 0xFF, 0xFF, 0xDF, 0xFF, 0xFF, 0xFF, 0xFF, 0xFF, 0xFF, 0xFF, 0xFF, 0xFF, 0xFF, 0xFF,
	0xFF, 0xFF, 0xFF, 0xFF, 0xFF, 0xFF, 0xFF, 0xFF, 0xFF, 0xFF, 0xFF, 0xFF, 0xFF, 0xFF, 0xFF, 0xFF,
	0xFF, 0xFF, 0xFF, 0xFF, 0xFF, 0xFF, 0xFF, 0xFF, 0xFF, 0xFF, 0xFF, 0xFF, 0xFF, 0xFF, 0xFF, 0xFF,
	0xFF, 0xFF, 0xFF, 0xFF, 0xFF, 0xFF, 0x07, 0x00, 0x40, 0x03, 0xF0, 0x7F, 0x70, 0xFF, 0xFF, 0xFF,
	0xFF, 0xFF, 0xFF, 0xFF, 0xFF, 0xFF, 0xFF, 0xFF, 0xFF, 0xFF, 0xFF, 0xFF, 0xFF, 0xFF, 0xFF, 0xFF,
	0xFF, 0xFF, 0xFF, 0xFF, 0xFF, 0xFF, 0xFF, 0xFF, 0xFF, 0xFF, 0xFF, 0xFF, 0xFF, 0xFF, 0xFF, 0xFF,
	0xFF, 0xFF, 0xFF, 0xFF, 0xFF, 0xFF, 0xFF, 0xFF, 0xFF, 0xFF, 0xFF, 0xFF, 0xFF, 0xFF, 0xFF, 0xFF,
	0xFF, 0xFF, 0xFF, 0xFF, 0x41, 0x03, 0xF0, 0xFF, 0xF7, 0xFF, 0xFF, 0xFF, 0xFF, 0xFF, 0xFF, 0xFF,
	0xFF, 0xFF, 0xFF, 0xFF, 0xFF, 0xFF, 0xFF, 0xFF, 0xFF, 0xFF, 0xFF, 0xFF, 0xFF, 0xFF, 0xFF, 0xFF,
	0xFF, 0xFF, 0xFF, 0xFF, 0xFF, 0xFF, 0xFF, 0xFF, 0xFF, 0xFF, 0xFF, 0xFF, 0xFF, 0xFF, 0xFF, 0xFF,
	0xFF, 0xFF, 0xFF, 0xFF, 0xFF, 0xFF, 0xFF, 0xFF, 0xFF, 0xFF, 0xFF, 0xFF, 0xFF, 0xFF, 0xFF, 0xFF,
	0xFF, 0xFF, 0xFF, 0xFF, 0xFF, 0xFF, 0xFF, 0xFF, 0xFF, 0xFF, 0xFF, 0xFF, 0xFF, 0xFF, 0xFF, 0xFF,
	0xFF, 0xFF, 0xFF, 0xFF, 0xFF, 0xFF, 0xFF, 0xFF, 0xFF, 0xFF, 0xFF, 0xFF, 0xFF, 0xFF, 0xFF, 0xFF,
	0xFF, 0xFF, 0xFF, 0xFF, 0xFF, 0xFF, 0xFF, 0xFF, 0xFF, 0xFF, 0xFF, 0xFF, 0xFF, 0xFF, 0xFF, 0xFF,

};

const unsigned char scr_bub_floor[] = {
	// Size: 30104
	// W:284 H:106
	// Colours: 256
	// icon-length: 30104
	//0x01, // colour mode, 1=256colours, 2=16 colours, 4=4 colours, 8=2 colours
	//0x01, 0x1C, // WIDTH
	//0x00, 0x6A, // HEIGHT
	//0x75, 0x98, // LENGTH
	0x00, 0x00, 0x00, 0x00, 0x00, 0x00, 0x00, 0x00, 0x00, 0x00, 0x00, 0x00, 0x00, 0x00, 0x00, 0x00,
		0x00, 0x00, 0x00, 0x00, 0x00, 0x00, 0x00, 0x00, 0x00, 0x00, 0x00, 0x00, 0x00, 0x00, 0x00, 0x00,
		0x00, 0x00, 0x00, 0x00, 0x00, 0x00, 0x00, 0x00, 0x00, 0x00, 0x00, 0x00, 0x00, 0x00, 0x00, 0x00,
		0x00, 0x00, 0x00, 0x00, 0x00, 0x00, 0x00, 0x00, 0x00, 0x00, 0x00, 0x00, 0x00, 0x00, 0x00, 0x00,
		0x00, 0x00, 0x00, 0x00, 0x00, 0x00, 0x00, 0x00, 0x00, 0x00, 0x00, 0x00, 0x00, 0x00, 0x00, 0x00,
		0x00, 0x00, 0x00, 0x00, 0x00, 0x00, 0x00, 0x00, 0x00, 0x00, 0x00, 0x00, 0x00, 0x00, 0x00, 0x00,
		0x00, 0x00, 0x00, 0x00, 0x00, 0x00, 0x00, 0x00, 0x00, 0x00, 0x00, 0x00, 0x00, 0x00, 0x00, 0x00,
		0x00, 0x00, 0x00, 0x00, 0x00, 0x00, 0x00, 0x00, 0x00, 0x00, 0x00, 0x00, 0x00, 0x00, 0x00, 0x00,
		0x00, 0x00, 0x00, 0x00, 0x00, 0x00, 0x00, 0x00, 0x00, 0x00, 0x00, 0x00, 0x00, 0x00, 0x00, 0x00,
		0x00, 0x00, 0x00, 0x00, 0x00, 0x00, 0x00, 0x00, 0x00, 0x00, 0x00, 0x00, 0x00, 0x00, 0x00, 0x00,
		0x00, 0x00, 0x00, 0x00, 0x10, 0x10, 0x10, 0x10, 0x00, 0x10, 0x10, 0x10, 0x10, 0x10, 0x00, 0x00,
		0x00, 0x00, 0x00, 0x00, 0x00, 0x00, 0x00, 0x00, 0x00, 0x00, 0x00, 0x00, 0x00, 0x00, 0x00, 0x00,
		0x00, 0x00, 0x00, 0x00, 0x10, 0x10, 0x10, 0x10, 0x00, 0x10, 0x10, 0x10, 0x10, 0x10, 0x00, 0x00,
		0x00, 0x00, 0x00, 0x00, 0x00, 0x00, 0x00, 0x00, 0x00, 0x00, 0x00, 0x00, 0x00, 0x00, 0x00, 0x00,
		0x00, 0x00, 0x00, 0x00, 0x00, 0x00, 0x00, 0x00, 0x00, 0x00, 0x00, 0x00, 0x00, 0x00, 0x00, 0x00,
		0x00, 0x00, 0x00, 0x00, 0x00, 0x00, 0x00, 0x00, 0x00, 0x00, 0x00, 0x00, 0x00, 0x00, 0x00, 0x00,
		0x00, 0x00, 0x00, 0x00, 0x00, 0x00, 0x00, 0x00, 0x00, 0x00, 0x00, 0x00, 0x00, 0x00, 0x00, 0x00,
		0x00, 0x00, 0x00, 0x00, 0x00, 0x00, 0x00, 0x00, 0x00, 0x00, 0x00, 0x00, 0x00, 0x00, 0x00, 0x00,
		0x00, 0x00, 0x00, 0x00, 0x00, 0x00, 0x00, 0x00, 0x00, 0x00, 0x00, 0x00, 0x00, 0x00, 0x00, 0x00,
		0x00, 0x00, 0x00, 0x00, 0x00, 0x00, 0x00, 0x00, 0x00, 0x00, 0x00, 0x00, 0x00, 0x00, 0x00, 0x00,
		0x00, 0x00, 0x00, 0x00, 0x00, 0x00, 0x00, 0x00, 0x00, 0x00, 0x00, 0x00, 0x00, 0x00, 0x00, 0x00,
		0x00, 0x00, 0x00, 0x00, 0x00, 0x00, 0x00, 0x00, 0x00, 0x00, 0x00, 0x00, 0x00, 0x00, 0x00, 0x00,
		0x00, 0x00, 0x00, 0x00, 0x00, 0x00, 0x00, 0x00, 0x00, 0x00, 0x00, 0x00, 0x00, 0x00, 0x00, 0x00,
		0x00, 0x00, 0x00, 0x00, 0x00, 0x00, 0x00, 0x00, 0x00, 0x00, 0x00, 0x00, 0x00, 0x00, 0x00, 0x00,
		0x00, 0x00, 0x00, 0x00, 0x00, 0x00, 0x00, 0x00, 0x00, 0x00, 0x00, 0x00, 0x00, 0x00, 0x00, 0x00,
		0x00, 0x00, 0x00, 0x00, 0x00, 0x00, 0x00, 0x00, 0x00, 0x00, 0x00, 0x00, 0x00, 0x00, 0x00, 0x00,
		0x00, 0x00, 0x00, 0x00, 0x00, 0x00, 0x00, 0x00, 0x00, 0x00, 0x00, 0x00, 0x00, 0x00, 0x00, 0x00,
		0x00, 0x00, 0x00, 0x00, 0x00, 0x00, 0x00, 0x00, 0x00, 0x00, 0x00, 0x00, 0x00, 0x00, 0x00, 0x10,
		0x60, 0x60, 0x60, 0x10, 0x10, 0x10, 0x60, 0x60, 0x60, 0x60, 0x10, 0x00, 0x00, 0x00, 0x00, 0x10,
		0x10, 0x10, 0x10, 0x10, 0x00, 0x00, 0x00, 0x00, 0x00, 0x00, 0x00, 0x00, 0x00, 0x00, 0x00, 0x10,
		0x60, 0x60, 0x60, 0x10, 0x10, 0x10, 0x60, 0x60, 0x60, 0x60, 0x10, 0x00, 0x00, 0x00, 0x00, 0x10,
		0x10, 0x10, 0x10, 0x10, 0x00, 0x00, 0x00, 0x00, 0x00, 0x00, 0x00, 0x00, 0x00, 0x00, 0x00, 0x00,
		0x00, 0x00, 0x00, 0x00, 0x00, 0x00, 0x00, 0x00, 0x00, 0x00, 0x00, 0x00, 0x00, 0x00, 0x00, 0x00,
		0x00, 0x00, 0x00, 0x00, 0x00, 0x00, 0x00, 0x00, 0x00, 0x00, 0x00, 0x00, 0x00, 0x00, 0x00, 0x00,
		0x00, 0x00, 0x00, 0x00, 0x00, 0x00, 0x00, 0x00, 0x00, 0x00, 0x00, 0x00, 0x00, 0x00, 0x00, 0x00,
		0x00, 0x00, 0x00, 0x00, 0x00, 0x00, 0x00, 0x00, 0x00, 0x00, 0x00, 0x00, 0x00, 0x00, 0x00, 0x00,
		0x00, 0x00, 0x00, 0x00, 0x00, 0x00, 0x00, 0x00, 0x00, 0x00, 0x00, 0x00, 0x00, 0x00, 0x00, 0x00,
		0x00, 0x00, 0x00, 0x00, 0x00, 0x00, 0x00, 0x00, 0x00, 0x00, 0x00, 0x00, 0x00, 0x00, 0x00, 0x00,
		0x00, 0x00, 0x00, 0x00, 0x00, 0x00, 0x00, 0x00, 0x00, 0x00, 0x00, 0x00, 0x00, 0x00, 0x00, 0x00,
		0x00, 0x00, 0x00, 0x00, 0x00, 0x00, 0x00, 0x00, 0x00, 0x00, 0x00, 0x00, 0x00, 0x00, 0x00, 0x00,
		0x00, 0x00, 0x00, 0x00, 0x00, 0x00, 0x00, 0x00, 0x00, 0x00, 0x00, 0x00, 0x00, 0x00, 0x00, 0x00,
		0x00, 0x00, 0x00, 0x00, 0x00, 0x00, 0x00, 0x00, 0x00, 0x00, 0x00, 0x00, 0x00, 0x00, 0x00, 0x00,
		0x00, 0x00, 0x00, 0x00, 0x00, 0x00, 0x00, 0x00, 0x00, 0x00, 0x00, 0x00, 0x00, 0x00, 0x00, 0x00,
		0x00, 0x00, 0x00, 0x00, 0x00, 0x00, 0x00, 0x00, 0x00, 0x00, 0x00, 0x00, 0x00, 0x00, 0x00, 0x00,
		0x00, 0x00, 0x00, 0x00, 0x00, 0x00, 0x00, 0x00, 0x00, 0x00, 0x00, 0x00, 0x00, 0x00, 0x00, 0x00,
		0x00, 0x00, 0x00, 0x00, 0x00, 0x00, 0x10, 0x10, 0x10, 0x00, 0x10, 0x60, 0x60, 0x60, 0x60, 0x60,
		0x10, 0x60, 0x60, 0x60, 0x60, 0x60, 0x60, 0x10, 0x10, 0x00, 0x10, 0x10, 0x60, 0x60, 0x60, 0x60,
		0x10, 0x00, 0x00, 0x00, 0x00, 0x00, 0x00, 0x00, 0x00, 0x00, 0x10, 0x60, 0x60, 0x60, 0x60, 0x60,
		0x10, 0x60, 0x60, 0x60, 0x60, 0x60, 0x60, 0x10, 0x10, 0x00, 0x10, 0x10, 0x60, 0x60, 0x60, 0x60,
		0x10, 0x00, 0x00, 0x00, 0x00, 0x00, 0x00, 0x00, 0x00, 0x00, 0x00, 0x00, 0x00, 0x00, 0x00, 0x00,
		0x00, 0x00, 0x00, 0x00, 0x00, 0x00, 0x00, 0x00, 0x00, 0x00, 0x00, 0x00, 0x00, 0x00, 0x00, 0x00,
		0x00, 0x00, 0x00, 0x00, 0x00, 0x00, 0x00, 0x00, 0x00, 0x00, 0x00, 0x00, 0x00, 0x00, 0x00, 0x00,
		0x00, 0x00, 0x00, 0x00, 0x00, 0x00, 0x00, 0x00, 0x00, 0x00, 0x00, 0x00, 0x00, 0x00, 0x00, 0x00,
		0x00, 0x00, 0x00, 0x00, 0x00, 0x00, 0x00, 0x00, 0x00, 0x00, 0x00, 0x00, 0x00, 0x00, 0x00, 0x00,
		0x00, 0x00, 0x00, 0x00, 0x00, 0x00, 0x00, 0x00, 0x00, 0x00, 0x00, 0x00, 0x00, 0x00, 0x00, 0x00,
		0x00, 0x00, 0x00, 0x00, 0x00, 0x00, 0x00, 0x00, 0x00, 0x00, 0x00, 0x00, 0x00, 0x00, 0x00, 0x00,
		0x00, 0x00, 0x00, 0x00, 0x00, 0x00, 0x00, 0x00, 0x00, 0x00, 0x00, 0x00, 0x00, 0x00, 0x00, 0x00,
		0x00, 0x00, 0x00, 0x00, 0x00, 0x00, 0x00, 0x00, 0x00, 0x00, 0x00, 0x00, 0x00, 0x00, 0x00, 0x00,
		0x00, 0x00, 0x00, 0x00, 0x00, 0x00, 0x00, 0x00, 0x00, 0x00, 0x00, 0x00, 0x00, 0x00, 0x00, 0x00,
		0x00, 0x00, 0x00, 0x00, 0x00, 0x00, 0x00, 0x00, 0x00, 0x00, 0x00, 0x00, 0x00, 0x00, 0x00, 0x00,
		0x10, 0x10, 0x10, 0x10, 0x00, 0x00, 0x10, 0x10, 0x10, 0x10, 0x10, 0x00, 0x00, 0x00, 0x00, 0x00,
		0x00, 0x00, 0x00, 0x00, 0x00, 0x00, 0x00, 0x00, 0x00, 0x00, 0x00, 0x00, 0x00, 0x00, 0x00, 0x00,
		0x00, 0x00, 0x00, 0x00, 0x00, 0x00, 0x00, 0x00, 0x00, 0x00, 0x00, 0x00, 0x00, 0x00, 0x00, 0x00,
		0x00, 0x10, 0x60, 0x60, 0x60, 0x10, 0x10, 0x60, 0x60, 0x60, 0x60, 0x60, 0x60, 0x60, 0x60, 0x60,
		0x60, 0x60, 0x60, 0x60, 0x10, 0x10, 0x10, 0x60, 0x60, 0x60, 0x60, 0x60, 0x60, 0x10, 0x00, 0x00,
		0x00, 0x00, 0x00, 0x00, 0x00, 0x00, 0x10, 0x60, 0x60, 0x60, 0x60, 0x60, 0x60, 0x60, 0x60, 0x60,
		0x60, 0x60, 0x60, 0x60, 0x10, 0x10, 0x10, 0x60, 0x60, 0x60, 0x60, 0x60, 0x60, 0x10, 0x00, 0x00,
		0x00, 0x00, 0x00, 0x00, 0x00, 0x00, 0x00, 0x00, 0x10, 0x10, 0x10, 0x10, 0x00, 0x00, 0x00, 0x00,
		0x00, 0x00, 0x00, 0x00, 0x00, 0x00, 0x00, 0x00, 0x00, 0x00, 0x00, 0x00, 0x00, 0x00, 0x00, 0x00,
		0x00, 0x00, 0x00, 0x00, 0x00, 0x00, 0x00, 0x00, 0x00, 0x00, 0x00, 0x00, 0x00, 0x00, 0x00, 0x00,
		0x00, 0x00, 0x00, 0x00, 0x00, 0x00, 0x00, 0x00, 0x00, 0x00, 0x00, 0x00, 0x00, 0x00, 0x00, 0x00,
		0x00, 0x00, 0x00, 0x00, 0x00, 0x00, 0x00, 0x00, 0x00, 0x00, 0x00, 0x00, 0x00, 0x00, 0x00, 0x00,
		0x00, 0x00, 0x00, 0x00, 0x00, 0x00, 0x00, 0x00, 0x00, 0x00, 0x00, 0x00, 0x00, 0x00, 0x00, 0x00,
		0x00, 0x00, 0x00, 0x00, 0x00, 0x00, 0x00, 0x00, 0x00, 0x00, 0x00, 0x00, 0x00, 0x00, 0x00, 0x00,
		0x00, 0x00, 0x00, 0x00, 0x00, 0x00, 0x00, 0x00, 0x00, 0x00, 0x00, 0x00, 0x00, 0x00, 0x00, 0x00,
		0x00, 0x00, 0x00, 0x00, 0x00, 0x00, 0x00, 0x00, 0x00, 0x00, 0x00, 0x00, 0x00, 0x00, 0x00, 0x00,
		0x00, 0x00, 0x00, 0x00, 0x00, 0x00, 0x00, 0x00, 0x00, 0x00, 0x00, 0x00, 0x00, 0x00, 0x00, 0x00,
		0x00, 0x00, 0x00, 0x00, 0x00, 0x00, 0x00, 0x00, 0x00, 0x00, 0x00, 0x10, 0x60, 0x60, 0x60, 0x60,
		0x10, 0x10, 0x60, 0x60, 0x60, 0x60, 0x10, 0x10, 0x00, 0x00, 0x00, 0x00, 0x00, 0x00, 0x00, 0x00,
		0x00, 0x00, 0x00, 0x00, 0x00, 0x00, 0x00, 0x00, 0x00, 0x00, 0x00, 0x00, 0x00, 0x00, 0x00, 0x00,
		0x00, 0x00, 0x00, 0x00, 0x00, 0x00, 0x00, 0x00, 0x00, 0x00, 0x00, 0x00, 0x10, 0x60, 0x60, 0x60,
		0x60, 0x10, 0x10, 0x10, 0x60, 0x60, 0x60, 0x60, 0x60, 0x60, 0x60, 0x60, 0x60, 0x60, 0x60, 0x10,
		0x60, 0x60, 0x10, 0x60, 0x60, 0x60, 0x60, 0x60, 0x60, 0x10, 0x00, 0x00, 0x00, 0x00, 0x00, 0x00,
		0x00, 0x00, 0x10, 0x10, 0x60, 0x60, 0x60, 0x60, 0x60, 0x60, 0x60, 0x60, 0x60, 0x60, 0x60, 0x10,
		0x60, 0x60, 0x10, 0x60, 0x60, 0x60, 0x60, 0x60, 0x60, 0x10, 0x00, 0x00, 0x00, 0x00, 0x00, 0x00,
		0x00, 0x00, 0x10, 0x10, 0x60, 0x60, 0x60, 0x60, 0x10, 0x00, 0x00, 0x00, 0x00, 0x00, 0x00, 0x00,
		0x00, 0x00, 0x00, 0x00, 0x00, 0x00, 0x00, 0x00, 0x00, 0x00, 0x00, 0x00, 0x00, 0x00, 0x00, 0x00,
		0x00, 0x00, 0x00, 0x00, 0x00, 0x00, 0x00, 0x00, 0x00, 0x00, 0x00, 0x00, 0x00, 0x00, 0x00, 0x00,
		0x00, 0x00, 0x00, 0x00, 0x00, 0x00, 0x00, 0x00, 0x00, 0x00, 0x00, 0x00, 0x00, 0x00, 0x00, 0x00,
		0x00, 0x00, 0x00, 0x00, 0x00, 0x00, 0x00, 0x00, 0x00, 0x00, 0x00, 0x00, 0x00, 0x00, 0x00, 0x00,
		0x00, 0x00, 0x00, 0x00, 0x00, 0x00, 0x00, 0x00, 0x00, 0x00, 0x00, 0x00, 0x00, 0x00, 0x00, 0x00,
		0x00, 0x00, 0x00, 0x00, 0x00, 0x00, 0x00, 0x00, 0x00, 0x00, 0x00, 0x00, 0x00, 0x00, 0x00, 0x00,
		0x00, 0x00, 0x00, 0x00, 0x00, 0x00, 0x00, 0x00, 0x00, 0x00, 0x00, 0x00, 0x00, 0x00, 0x00, 0x00,
		0x00, 0x00, 0x00, 0x00, 0x00, 0x00, 0x00, 0x00, 0x00, 0x00, 0x00, 0x00, 0x00, 0x00, 0x00, 0x00,
		0x00, 0x00, 0x00, 0x00, 0x00, 0x00, 0x00, 0x00, 0x00, 0x00, 0x00, 0x00, 0x00, 0x00, 0x00, 0x00,
		0x00, 0x00, 0x00, 0x00, 0x00, 0x00, 0x10, 0x60, 0x60, 0x60, 0x60, 0x60, 0x60, 0x60, 0x60, 0x60,
		0x60, 0x60, 0x60, 0x10, 0x10, 0x00, 0x00, 0x00, 0x00, 0x00, 0x00, 0x00, 0x00, 0x00, 0x00, 0x00,
		0x00, 0x00, 0x00, 0x00, 0x00, 0x00, 0x00, 0x00, 0x00, 0x00, 0x00, 0x00, 0x00, 0x00, 0x00, 0x00,
		0x00, 0x00, 0x00, 0x00, 0x00, 0x00, 0x00, 0x10, 0x10, 0x60, 0x60, 0x60, 0x60, 0x60, 0x60, 0x60,
		0x10, 0x60, 0x60, 0x60, 0x60, 0x60, 0x60, 0x60, 0x60, 0x60, 0x10, 0x60, 0x60, 0x60, 0x60, 0x60,
		0x60, 0x60, 0x60, 0x60, 0x60, 0x60, 0x10, 0x00, 0x00, 0x10, 0x10, 0x10, 0x10, 0x10, 0x60, 0x60,
		0x10, 0x60, 0x60, 0x60, 0x60, 0x60, 0x60, 0x60, 0x60, 0x60, 0x10, 0x60, 0x60, 0x60, 0x60, 0x60,
		0x60, 0x60, 0x60, 0x60, 0x60, 0x60, 0x10, 0x00, 0x00, 0x10, 0x10, 0x10, 0x10, 0x10, 0x60, 0x60,
		0x60, 0x60, 0x60, 0x60, 0x60, 0x10, 0x00, 0x00, 0x00, 0x00, 0x00, 0x00, 0x00, 0x00, 0x00, 0x00,
		0x00, 0x00, 0x00, 0x00, 0x00, 0x00, 0x00, 0x00, 0x00, 0x00, 0x00, 0x00, 0x00, 0x00, 0x00, 0x00,
		0x00, 0x00, 0x00, 0x00, 0x00, 0x00, 0x00, 0x00, 0x00, 0x00, 0x00, 0x00, 0x00, 0x00, 0x00, 0x00,
		0x00, 0x00, 0x00, 0x00, 0x00, 0x00, 0x00, 0x00, 0x00, 0x00, 0x00, 0x00, 0x00, 0x00, 0x00, 0x00,
		0x00, 0x00, 0x00, 0x00, 0x00, 0x00, 0x00, 0x00, 0x00, 0x00, 0x00, 0x00, 0x00, 0x00, 0x00, 0x00,
		0x00, 0x00, 0x00, 0x00, 0x00, 0x00, 0x00, 0x00, 0x00, 0x00, 0x00, 0x00, 0x00, 0x00, 0x00, 0x00,
		0x00, 0x00, 0x00, 0x00, 0x00, 0x00, 0x00, 0x00, 0x00, 0x00, 0x00, 0x00, 0x00, 0x00, 0x00, 0x00,
		0x00, 0x00, 0x00, 0x00, 0x00, 0x00, 0x00, 0x00, 0x00, 0x00, 0x00, 0x00, 0x00, 0x00, 0x00, 0x00,
		0x00, 0x00, 0x00, 0x00, 0x00, 0x00, 0x00, 0x00, 0x00, 0x00, 0x00, 0x00, 0x00, 0x00, 0x00, 0x00,
		0x00, 0x00, 0x00, 0x00, 0x00, 0x00, 0x00, 0x00, 0x00, 0x00, 0x00, 0x00, 0x00, 0x00, 0x00, 0x00,
		0x00, 0x00, 0x10, 0x60, 0x60, 0x60, 0x60, 0x60, 0x60, 0x60, 0x60, 0x60, 0x60, 0x60, 0x60, 0x60,
		0x60, 0x10, 0x00, 0x00, 0x00, 0x00, 0x00, 0x00, 0x00, 0x00, 0x00, 0x00, 0x00, 0x00, 0x00, 0x00,
		0x00, 0x00, 0x00, 0x00, 0x00, 0x00, 0x00, 0x00, 0x00, 0x00, 0x00, 0x00, 0x00, 0x00, 0x00, 0x00,
		0x00, 0x00, 0x10, 0x60, 0x60, 0x10, 0x60, 0x60, 0x60, 0x60, 0x60, 0x60, 0x60, 0x60, 0x60, 0x60,
		0x60, 0x60, 0x60, 0x60, 0x60, 0x60, 0x10, 0x60, 0x60, 0x60, 0x60, 0x60, 0x60, 0x60, 0x60, 0x60,
		0x60, 0x60, 0x10, 0x00, 0x10, 0x60, 0x60, 0x60, 0x60, 0x60, 0x60, 0x60, 0x60, 0x60, 0x60, 0x60,
		0x60, 0x60, 0x60, 0x60, 0x60, 0x60, 0x10, 0x60, 0x60, 0x60, 0x60, 0x60, 0x60, 0x60, 0x60, 0x60,
		0x60, 0x60, 0x10, 0x00, 0x10, 0x60, 0x60, 0x60, 0x60, 0x60, 0x60, 0x60, 0x60, 0x60, 0x60, 0x60,
		0x60, 0x10, 0x00, 0x00, 0x00, 0x00, 0x00, 0x00, 0x00, 0x00, 0x00, 0x00, 0x00, 0x00, 0x00, 0x00,
		0x00, 0x00, 0x00, 0x00, 0x00, 0x00, 0x00, 0x00, 0x00, 0x00, 0x00, 0x00, 0x00, 0x00, 0x00, 0x00,
		0x00, 0x00, 0x00, 0x00, 0x00, 0x00, 0x00, 0x00, 0x00, 0x00, 0x00, 0x00, 0x00, 0x00, 0x00, 0x00,
		0x00, 0x00, 0x00, 0x00, 0x00, 0x00, 0x00, 0x00, 0x00, 0x00, 0x00, 0x00, 0x00, 0x00, 0x00, 0x00,
		0x00, 0x00, 0x00, 0x00, 0x00, 0x00, 0x00, 0x00, 0x00, 0x00, 0x00, 0x00, 0x00, 0x00, 0x00, 0x00,
		0x00, 0x00, 0x00, 0x00, 0x00, 0x00, 0x00, 0x00, 0x00, 0x00, 0x00, 0x00, 0x00, 0x00, 0x00, 0x00,
		0x00, 0x00, 0x00, 0x00, 0x00, 0x00, 0x00, 0x00, 0x00, 0x00, 0x00, 0x00, 0x00, 0x00, 0x00, 0x00,
		0x00, 0x00, 0x00, 0x00, 0x00, 0x00, 0x00, 0x00, 0x00, 0x00, 0x00, 0x00, 0x00, 0x00, 0x00, 0x00,
		0x00, 0x00, 0x00, 0x00, 0x00, 0x00, 0x00, 0x00, 0x00, 0x00, 0x00, 0x00, 0x00, 0x00, 0x00, 0x00,
		0x00, 0x00, 0x00, 0x00, 0x00, 0x00, 0x00, 0x00, 0x00, 0x00, 0x00, 0x00, 0x00, 0x00, 0x10, 0x60,
		0x60, 0x60, 0x60, 0x60, 0x60, 0x60, 0x60, 0x60, 0x60, 0x60, 0x60, 0x60, 0x60, 0x10, 0x00, 0x00,
		0x00, 0x00, 0x00, 0x00, 0x00, 0x00, 0x00, 0x00, 0x00, 0x00, 0x00, 0x00, 0x00, 0x00, 0x00, 0x00,
		0x00, 0x00, 0x00, 0x00, 0x00, 0x00, 0x00, 0x00, 0x00, 0x00, 0x00, 0x00, 0x00, 0x00, 0x10, 0x60,
		0x60, 0x60, 0x60, 0x60, 0x60, 0x60, 0x60, 0x60, 0x60, 0x60, 0x60, 0x60, 0x60, 0x60, 0x60, 0x60,
		0x60, 0x60, 0x10, 0x60, 0x60, 0x60, 0x60, 0x60, 0x60, 0x60, 0x60, 0x60, 0x60, 0x60, 0x10, 0x10,
		0x60, 0x60, 0x60, 0x60, 0x60, 0x60, 0x60, 0x60, 0x60, 0x60, 0x60, 0x60, 0x60, 0x60, 0x60, 0x60,
		0x60, 0x60, 0x10, 0x60, 0x60, 0x60, 0x60, 0x60, 0x60, 0x60, 0x60, 0x60, 0x60, 0x60, 0x10, 0x10,
		0x60, 0x60, 0x60, 0x60, 0x60, 0x60, 0x60, 0x60, 0x60, 0x60, 0x60, 0x60, 0x60, 0x10, 0x00, 0x00,
		0x00, 0x00, 0x00, 0x00, 0x00, 0x00, 0x00, 0x00, 0x00, 0x00, 0x00, 0x00, 0x00, 0x00, 0x00, 0x00,
		0x00, 0x00, 0x00, 0x00, 0x00, 0x00, 0x00, 0x00, 0x00, 0x00, 0x00, 0x00, 0x00, 0x00, 0x00, 0x00,
		0x00, 0x00, 0x00, 0x00, 0x00, 0x00, 0x00, 0x00, 0x00, 0x00, 0x00, 0x00, 0x00, 0x00, 0x00, 0x00,
		0x00, 0x00, 0x00, 0x00, 0x00, 0x00, 0x00, 0x00, 0x00, 0x00, 0x00, 0x00, 0x00, 0x00, 0x00, 0x00,
		0x00, 0x00, 0x00, 0x00, 0x00, 0x00, 0x00, 0x00, 0x00, 0x00, 0x00, 0x00, 0x00, 0x00, 0x00, 0x00,
		0x00, 0x00, 0x00, 0x00, 0x00, 0x00, 0x00, 0x00, 0x00, 0x00, 0x00, 0x00, 0x00, 0x00, 0x00, 0x00,
		0x00, 0x00, 0x00, 0x00, 0x00, 0x00, 0x00, 0x00, 0x00, 0x00, 0x00, 0x00, 0x00, 0x00, 0x00, 0x00,
		0x00, 0x00, 0x00, 0x00, 0x00, 0x00, 0x00, 0x00, 0x00, 0x00, 0x00, 0x00, 0x00, 0x00, 0x00, 0x00,
		0x00, 0x00, 0x00, 0x00, 0x00, 0x00, 0x00, 0x00, 0x00, 0x00, 0x00, 0x00, 0x00, 0x00, 0x00, 0x00,
		0x00, 0x00, 0x00, 0x00, 0x00, 0x00, 0x00, 0x00, 0x00, 0x00, 0x10, 0x60, 0x60, 0x60, 0x60, 0x60,
		0x60, 0x60, 0x60, 0x60, 0x60, 0x60, 0x60, 0x60, 0x60, 0x10, 0x00, 0x10, 0x10, 0x10, 0x10, 0x10,
		0x00, 0x00, 0x00, 0x00, 0x00, 0x00, 0x00, 0x00, 0x00, 0x00, 0x00, 0x00, 0x00, 0x00, 0x00, 0x00,
		0x00, 0x00, 0x00, 0x00, 0x10, 0x10, 0x10, 0x10, 0x10, 0x00, 0x10, 0x60, 0x60, 0x60, 0x60, 0x60,
		0x60, 0x60, 0x60, 0x60, 0x60, 0x60, 0x60, 0x60, 0x60, 0x60, 0x60, 0x60, 0x60, 0x60, 0x60, 0x10,
		0x10, 0x60, 0x60, 0x60, 0x60, 0x60, 0x60, 0x60, 0x60, 0x60, 0x60, 0x10, 0x60, 0x60, 0x60, 0x60,
		0x60, 0x60, 0x60, 0x60, 0x60, 0x60, 0x60, 0x60, 0x60, 0x60, 0x60, 0x60, 0x60, 0x60, 0x60, 0x10,
		0x10, 0x60, 0x60, 0x60, 0x60, 0x60, 0x60, 0x60, 0x60, 0x60, 0x60, 0x10, 0x60, 0x60, 0x60, 0x60,
		0x60, 0x60, 0x60, 0x60, 0x60, 0x60, 0x60, 0x60, 0x60, 0x10, 0x00, 0x00, 0x00, 0x00, 0x00, 0x00,
		0x00, 0x00, 0x00, 0x00, 0x00, 0x00, 0x00, 0x00, 0x00, 0x00, 0x00, 0x00, 0x00, 0x00, 0x00, 0x00,
		0x00, 0x00, 0x00, 0x00, 0x00, 0x00, 0x00, 0x00, 0x00, 0x00, 0x00, 0x00, 0x00, 0x00, 0x00, 0x00,
		0x00, 0x00, 0x00, 0x00, 0x00, 0x00, 0x00, 0x00, 0x00, 0x00, 0x00, 0x00, 0x00, 0x00, 0x00, 0x00,
		0x00, 0x00, 0x00, 0x00, 0x00, 0x00, 0x00, 0x00, 0x00, 0x00, 0x00, 0x00, 0x00, 0x00, 0x00, 0x00,
		0x00, 0x00, 0x00, 0x00, 0x00, 0x00, 0x00, 0x00, 0x00, 0x00, 0x00, 0x00, 0x00, 0x00, 0x00, 0x00,
		0x00, 0x00, 0x00, 0x00, 0x00, 0x00, 0x00, 0x00, 0x00, 0x00, 0x00, 0x00, 0x00, 0x00, 0x00, 0x00,
		0x00, 0x00, 0x00, 0x00, 0x00, 0x00, 0x00, 0x00, 0x00, 0x00, 0x00, 0x00, 0x00, 0x00, 0x00, 0x00,
		0x00, 0x00, 0x00, 0x00, 0x00, 0x00, 0x00, 0x00, 0x00, 0x00, 0x00, 0x00, 0x00, 0x00, 0x00, 0x00,
		0x00, 0x00, 0x00, 0x00, 0x00, 0x00, 0x00, 0x00, 0x00, 0x00, 0x00, 0x00, 0x00, 0x00, 0x00, 0x00,
		0x00, 0x00, 0x00, 0x00, 0x00, 0x00, 0x10, 0x60, 0x60, 0x60, 0x60, 0x60, 0x60, 0x60, 0x60, 0x60,
		0x60, 0x60, 0x60, 0x60, 0x10, 0x10, 0x10, 0x60, 0x60, 0x60, 0x60, 0x10, 0x00, 0x00, 0x00, 0x00,
		0x00, 0x00, 0x00, 0x00, 0x00, 0x00, 0x00, 0x00, 0x00, 0x00, 0x00, 0x00, 0x00, 0x00, 0x00, 0x00,
		0x10, 0x60, 0x60, 0x60, 0x60, 0x10, 0x10, 0x10, 0x60, 0x60, 0x60, 0x60, 0x60, 0x60, 0x60, 0x60,
		0x60, 0x60, 0x60, 0x60, 0x60, 0x60, 0x60, 0x60, 0x60, 0x60, 0x60, 0x60, 0x60, 0x60, 0x60, 0x60,
		0x60, 0x60, 0x60, 0x60, 0x60, 0x60, 0x10, 0x10, 0x10, 0x60, 0x60, 0x60, 0x60, 0x60, 0x60, 0x60,
		0x60, 0x60, 0x60, 0x60, 0x60, 0x60, 0x60, 0x60, 0x60, 0x60, 0x60, 0x60, 0x60, 0x60, 0x60, 0x60,
		0x60, 0x60, 0x60, 0x60, 0x60, 0x60, 0x10, 0x10, 0x10, 0x60, 0x60, 0x60, 0x60, 0x60, 0x60, 0x60,
		0x60, 0x60, 0x60, 0x60, 0x60, 0x10, 0x00, 0x00, 0x00, 0x00, 0x00, 0x00, 0x00, 0x00, 0x00, 0x00,
		0x00, 0x00, 0x00, 0x00, 0x00, 0x00, 0x00, 0x00, 0x00, 0x00, 0x00, 0x00, 0x00, 0x00, 0x00, 0x00,
		0x00, 0x00, 0x00, 0x00, 0x00, 0x00, 0x00, 0x00, 0x00, 0x00, 0x00, 0x00, 0x00, 0x00, 0x00, 0x00,
		0x00, 0x00, 0x00, 0x00, 0x00, 0x00, 0x00, 0x00, 0x00, 0x00, 0x00, 0x00, 0x00, 0x00, 0x00, 0x00,
		0x00, 0x00, 0x00, 0x00, 0x00, 0x00, 0x00, 0x00, 0x00, 0x00, 0x00, 0x00, 0x00, 0x00, 0x00, 0x00,
		0x00, 0x00, 0x00, 0x00, 0x00, 0x00, 0x00, 0x00, 0x00, 0x00, 0x00, 0x00, 0x00, 0x00, 0x00, 0x00,
		0x00, 0x00, 0x00, 0x00, 0x00, 0x00, 0x00, 0x00, 0x00, 0x00, 0x00, 0x00, 0x00, 0x00, 0x00, 0x00,
		0x00, 0x00, 0x00, 0x00, 0x00, 0x00, 0x00, 0x00, 0x00, 0x00, 0x00, 0x00, 0x00, 0x00, 0x00, 0x00,
		0x00, 0x00, 0x00, 0x00, 0x00, 0x00, 0x00, 0x00, 0x00, 0x00, 0x00, 0x00, 0x00, 0x00, 0x00, 0x00,
		0x00, 0x00, 0x00, 0x00, 0x00, 0x00, 0x00, 0x00, 0x00, 0x00, 0x00, 0x00, 0x00, 0x00, 0x00, 0x00,
		0x00, 0x00, 0x10, 0x60, 0x60, 0x60, 0x60, 0x60, 0x60, 0x60, 0x60, 0x60, 0x60, 0x60, 0x60, 0x60,
		0x10, 0x60, 0x60, 0x60, 0x60, 0x60, 0x60, 0x10, 0x00, 0x00, 0x00, 0x00, 0x00, 0x00, 0x00, 0x00,
		0x00, 0x00, 0x00, 0x00, 0x00, 0x00, 0x00, 0x00, 0x00, 0x00, 0x00, 0x00, 0x10, 0x60, 0x60, 0x60,
		0x60, 0x60, 0x60, 0x60, 0x60, 0x60, 0x60, 0x60, 0x60, 0x60, 0x60, 0x60, 0x60, 0x60, 0x60, 0x60,
		0x60, 0x60, 0x60, 0x60, 0x60, 0x60, 0x60, 0x60, 0x60, 0x60, 0x60, 0x60, 0x60, 0x60, 0x60, 0x60,
		0x60, 0x10, 0x10, 0x60, 0x60, 0x60, 0x60, 0x60, 0x60, 0x60, 0x60, 0x60, 0x60, 0x60, 0x60, 0x60,
		0x60, 0x60, 0x60, 0x60, 0x60, 0x60, 0x60, 0x60, 0x60, 0x60, 0x60, 0x60, 0x60, 0x60, 0x60, 0x60,
		0x60, 0x10, 0x10, 0x60, 0x60, 0x60, 0x60, 0x60, 0x60, 0x60, 0x60, 0x60, 0x60, 0x60, 0x60, 0x60,
		0x60, 0x10, 0x00, 0x00, 0x00, 0x00, 0x00, 0x00, 0x00, 0x00, 0x00, 0x00, 0x00, 0x00, 0x00, 0x00,
		0x00, 0x00, 0x00, 0x00, 0x00, 0x00, 0x00, 0x00, 0x00, 0x00, 0x00, 0x00, 0x00, 0x00, 0x00, 0x00,
		0x00, 0x00, 0x00, 0x00, 0x00, 0x00, 0x00, 0x00, 0x00, 0x00, 0x00, 0x00, 0x00, 0x00, 0x00, 0x00,
		0x00, 0x00, 0x00, 0x00, 0x00, 0x00, 0x00, 0x00, 0x00, 0x00, 0x00, 0x00, 0x00, 0x00, 0x00, 0x00,
		0x00, 0x00, 0x00, 0x00, 0x00, 0x00, 0x00, 0x00, 0x00, 0x00, 0x00, 0x00, 0x00, 0x00, 0x00, 0x00,
		0x00, 0x00, 0x00, 0x00, 0x00, 0x00, 0x00, 0x00, 0x00, 0x00, 0x00, 0x00, 0x00, 0x00, 0x00, 0x00,
		0x00, 0x00, 0x00, 0x00, 0x00, 0x00, 0x00, 0x00, 0x00, 0x00, 0x00, 0x00, 0x00, 0x00, 0x00, 0x00,
		0x00, 0x00, 0x00, 0x00, 0x00, 0x00, 0x00, 0x00, 0x00, 0x00, 0x00, 0x00, 0x00, 0x00, 0x00, 0x00,
		0x00, 0x00, 0x00, 0x00, 0x00, 0x00, 0x00, 0x00, 0x00, 0x00, 0x00, 0x00, 0x00, 0x00, 0x00, 0x00,
		0x00, 0x00, 0x00, 0x00, 0x00, 0x00, 0x00, 0x00, 0x00, 0x10, 0x10, 0x10, 0x10, 0x00, 0x10, 0x4C,
		0x60, 0x60, 0x60, 0x60, 0x60, 0x60, 0x60, 0x60, 0x60, 0x60, 0x60, 0x60, 0x60, 0x60, 0x60, 0x60,
		0x60, 0x60, 0x10, 0x10, 0x00, 0x00, 0x00, 0x00, 0x00, 0x00, 0x00, 0x00, 0x00, 0x00, 0x00, 0x00,
		0x00, 0x00, 0x00, 0x00, 0x00, 0x00, 0x00, 0x00, 0x10, 0x10, 0x60, 0x60, 0x60, 0x60, 0x60, 0x60,
		0x60, 0x60, 0x60, 0x60, 0x60, 0x60, 0x60, 0x60, 0x60, 0x60, 0x60, 0x60, 0x60, 0x60, 0x60, 0x60,
		0x60, 0x60, 0x60, 0x60, 0x60, 0x60, 0x60, 0x60, 0x60, 0x60, 0x60, 0x60, 0x60, 0x10, 0x60, 0x60,
		0x60, 0x60, 0x60, 0x60, 0x60, 0x60, 0x60, 0x60, 0x60, 0x60, 0x60, 0x60, 0x60, 0x60, 0x60, 0x60,
		0x60, 0x60, 0x60, 0x60, 0x60, 0x60, 0x60, 0x60, 0x60, 0x60, 0x60, 0x60, 0x60, 0x10, 0x60, 0x60,
		0x60, 0x60, 0x60, 0x60, 0x60, 0x60, 0x60, 0x60, 0x60, 0x60, 0x60, 0x60, 0x4C, 0x10, 0x00, 0x10,
		0x10, 0x10, 0x10, 0x00, 0x00, 0x00, 0x00, 0x00, 0x00, 0x00, 0x00, 0x00, 0x00, 0x00, 0x00, 0x00,
		0x00, 0x00, 0x00, 0x00, 0x00, 0x00, 0x00, 0x00, 0x00, 0x00, 0x00, 0x00, 0x00, 0x00, 0x00, 0x00,
		0x00, 0x00, 0x00, 0x00, 0x00, 0x00, 0x00, 0x00, 0x00, 0x00, 0x00, 0x00, 0x00, 0x00, 0x00, 0x00,
		0x00, 0x00, 0x00, 0x00, 0x00, 0x00, 0x00, 0x00, 0x00, 0x00, 0x00, 0x00, 0x00, 0x00, 0x00, 0x00,
		0x00, 0x00, 0x00, 0x00, 0x00, 0x00, 0x00, 0x00, 0x00, 0x00, 0x00, 0x00, 0x00, 0x00, 0x00, 0x00,
		0x00, 0x00, 0x00, 0x00, 0x00, 0x00, 0x00, 0x00, 0x00, 0x00, 0x00, 0x00, 0x00, 0x00, 0x00, 0x00,
		0x00, 0x00, 0x00, 0x00, 0x00, 0x00, 0x00, 0x00, 0x00, 0x00, 0x00, 0x00, 0x00, 0x00, 0x00, 0x00,
		0x00, 0x00, 0x00, 0x00, 0x00, 0x00, 0x00, 0x00, 0x00, 0x00, 0x00, 0x00, 0x00, 0x00, 0x00, 0x00,
		0x00, 0x00, 0x00, 0x00, 0x00, 0x00, 0x00, 0x00, 0x00, 0x00, 0x00, 0x00, 0x00, 0x00, 0x00, 0x00,
		0x00, 0x00, 0x00, 0x00, 0x10, 0x60, 0x60, 0x60, 0x10, 0x10, 0x10, 0x10, 0x10, 0x10, 0x60, 0x60,
		0x60, 0x60, 0x60, 0x60, 0x60, 0x60, 0x60, 0x60, 0x60, 0x60, 0x60, 0x60, 0x60, 0x60, 0x60, 0x60,
		0x10, 0x00, 0x00, 0x00, 0x00, 0x00, 0x00, 0x00, 0x00, 0x00, 0x00, 0x00, 0x00, 0x00, 0x00, 0x00,
		0x00, 0x00, 0x00, 0x10, 0x60, 0x60, 0x60, 0x60, 0x60, 0x60, 0x60, 0x60, 0x60, 0x60, 0x60, 0x60,
		0x60, 0x60, 0x60, 0x60, 0x60, 0x60, 0x60, 0x60, 0x60, 0x60, 0x60, 0x60, 0x60, 0x60, 0x60, 0x60,
		0x60, 0x60, 0x60, 0x60, 0x60, 0x60, 0x60, 0x60, 0x10, 0x60, 0x60, 0x60, 0x60, 0x60, 0x60, 0x60,
		0x60, 0x60, 0x60, 0x60, 0x60, 0x60, 0x60, 0x60, 0x60, 0x60, 0x60, 0x60, 0x60, 0x60, 0x60, 0x60,
		0x60, 0x60, 0x60, 0x60, 0x60, 0x60, 0x60, 0x60, 0x10, 0x60, 0x60, 0x60, 0x60, 0x60, 0x60, 0x60,
		0x60, 0x60, 0x60, 0x60, 0x60, 0x60, 0x60, 0x10, 0x10, 0x10, 0x10, 0x10, 0x60, 0x60, 0x60, 0x10,
		0x00, 0x00, 0x00, 0x00, 0x00, 0x00, 0x00, 0x00, 0x00, 0x00, 0x00, 0x00, 0x00, 0x00, 0x00, 0x00,
		0x00, 0x00, 0x00, 0x00, 0x00, 0x00, 0x00, 0x00, 0x00, 0x00, 0x00, 0x00, 0x00, 0x00, 0x00, 0x00,
		0x00, 0x00, 0x00, 0x00, 0x00, 0x00, 0x00, 0x00, 0x00, 0x00, 0x00, 0x00, 0x00, 0x00, 0x00, 0x00,
		0x00, 0x00, 0x00, 0x00, 0x00, 0x00, 0x00, 0x00, 0x00, 0x00, 0x00, 0x00, 0x00, 0x00, 0x00, 0x00,
		0x00, 0x00, 0x00, 0x00, 0x00, 0x00, 0x00, 0x00, 0x00, 0x00, 0x00, 0x00, 0x00, 0x00, 0x00, 0x00,
		0x00, 0x00, 0x00, 0x00, 0x00, 0x00, 0x00, 0x00, 0x00, 0x00, 0x00, 0x00, 0x00, 0x00, 0x00, 0x00,
		0x00, 0x00, 0x00, 0x00, 0x00, 0x00, 0x00, 0x00, 0x00, 0x00, 0x00, 0x00, 0x00, 0x00, 0x00, 0x00,
		0x00, 0x00, 0x00, 0x00, 0x00, 0x00, 0x00, 0x00, 0x00, 0x00, 0x00, 0x00, 0x00, 0x00, 0x00, 0x00,
		0x00, 0x00, 0x00, 0x00, 0x00, 0x00, 0x00, 0x00, 0x00, 0x00, 0x00, 0x00, 0x00, 0x00, 0x00, 0x10,
		0x60, 0x60, 0x60, 0x60, 0x60, 0x60, 0x60, 0x60, 0x60, 0x10, 0x60, 0x60, 0x60, 0x60, 0x60, 0x60,
		0x60, 0x60, 0x60, 0x60, 0x60, 0x60, 0x60, 0x60, 0x60, 0x60, 0x60, 0x60, 0x10, 0x00, 0x00, 0x00,
		0x00, 0x00, 0x00, 0x00, 0x00, 0x00, 0x00, 0x00, 0x00, 0x00, 0x00, 0x00, 0x00, 0x00, 0x00, 0x10,
		0x60, 0x60, 0x60, 0x60, 0x60, 0x60, 0x60, 0x60, 0x60, 0x60, 0x60, 0x60, 0x60, 0x60, 0x60, 0x60,
		0x60, 0x60, 0x60, 0x60, 0x60, 0x60, 0x60, 0x60, 0x60, 0x60, 0x60, 0x60, 0x60, 0x60, 0x60, 0x60,
		0x60, 0x60, 0x60, 0x60, 0x60, 0x60, 0x60, 0x60, 0x60, 0x60, 0x60, 0x60, 0x60, 0x60, 0x60, 0x60,
		0x60, 0x60, 0x60, 0x60, 0x60, 0x60, 0x60, 0x60, 0x60, 0x60, 0x60, 0x60, 0x60, 0x60, 0x60, 0x60,
		0x60, 0x60, 0x60, 0x60, 0x60, 0x60, 0x60, 0x60, 0x60, 0x60, 0x60, 0x60, 0x60, 0x60, 0x60, 0x60,
		0x60, 0x60, 0x60, 0x60, 0x60, 0x60, 0x60, 0x60, 0x60, 0x60, 0x60, 0x60, 0x10, 0x00, 0x00, 0x00,
		0x00, 0x00, 0x00, 0x00, 0x00, 0x00, 0x00, 0x00, 0x00, 0x00, 0x00, 0x00, 0x00, 0x00, 0x00, 0x00,
		0x00, 0x00, 0x00, 0x00, 0x00, 0x00, 0x00, 0x00, 0x00, 0x00, 0x00, 0x00, 0x00, 0x00, 0x00, 0x00,
		0x00, 0x00, 0x00, 0x00, 0x00, 0x00, 0x00, 0x00, 0x00, 0x00, 0x00, 0x00, 0x00, 0x00, 0x00, 0x00,
		0x00, 0x00, 0x00, 0x00, 0x00, 0x00, 0x00, 0x00, 0x00, 0x00, 0x00, 0x00, 0x00, 0x00, 0x00, 0x00,
		0x00, 0x00, 0x00, 0x00, 0x00, 0x00, 0x00, 0x00, 0x00, 0x00, 0x00, 0x00, 0x00, 0x00, 0x00, 0x00,
		0x00, 0x00, 0x00, 0x00, 0x00, 0x00, 0x00, 0x00, 0x00, 0x00, 0x00, 0x00, 0x00, 0x00, 0x00, 0x00,
		0x00, 0x00, 0x00, 0x00, 0x00, 0x00, 0x00, 0x00, 0x00, 0x00, 0x00, 0x00, 0x00, 0x00, 0x00, 0x00,
		0x00, 0x00, 0x00, 0x00, 0x00, 0x00, 0x00, 0x00, 0x00, 0x00, 0x00, 0x00, 0x00, 0x00, 0x00, 0x00,
		0x00, 0x00, 0x00, 0x00, 0x00, 0x00, 0x00, 0x00, 0x00, 0x00, 0x00, 0x10, 0x60, 0x60, 0x60, 0x60,
		0x60, 0x60, 0x60, 0x60, 0x60, 0x60, 0x60, 0x60, 0x60, 0x60, 0x60, 0x60, 0x60, 0x60, 0x60, 0x60,
		0x60, 0x60, 0x60, 0x60, 0x60, 0x60, 0x60, 0x10, 0x00, 0x00, 0x00, 0x00, 0x00, 0x00, 0x00, 0x00,
		0x00, 0x00, 0x00, 0x00, 0x00, 0x00, 0x00, 0x00, 0x00, 0x00, 0x00, 0x00, 0x10, 0x60, 0x60, 0x60,
		0x60, 0x60, 0x60, 0x60, 0x60, 0x60, 0x60, 0x60, 0x60, 0x60, 0x60, 0x60, 0x60, 0x60, 0x60, 0x60,
		0x60, 0x60, 0x60, 0x60, 0x60, 0x60, 0x60, 0x60, 0x60, 0x60, 0x60, 0x60, 0x60, 0x60, 0x60, 0x60,
		0x60, 0x60, 0x60, 0x60, 0x60, 0x60, 0x60, 0x60, 0x60, 0x60, 0x60, 0x60, 0x60, 0x60, 0x60, 0x60,
		0x60, 0x60, 0x60, 0x60, 0x60, 0x60, 0x60, 0x60, 0x60, 0x60, 0x60, 0x60, 0x60, 0x60, 0x60, 0x60,
		0x60, 0x60, 0x60, 0x60, 0x60, 0x60, 0x60, 0x60, 0x60, 0x60, 0x60, 0x60, 0x60, 0x60, 0x60, 0x60,
		0x60, 0x60, 0x60, 0x60, 0x60, 0x60, 0x60, 0x60, 0x10, 0x00, 0x00, 0x00, 0x00, 0x00, 0x00, 0x00,
		0x00, 0x00, 0x00, 0x00, 0x00, 0x00, 0x00, 0x00, 0x00, 0x00, 0x00, 0x00, 0x00, 0x00, 0x00, 0x00,
		0x00, 0x00, 0x00, 0x00, 0x00, 0x00, 0x00, 0x00, 0x00, 0x00, 0x00, 0x00, 0x00, 0x00, 0x00, 0x00,
		0x00, 0x00, 0x00, 0x00, 0x00, 0x00, 0x00, 0x00, 0x00, 0x00, 0x00, 0x00, 0x00, 0x00, 0x00, 0x00,
		0x00, 0x00, 0x00, 0x00, 0x00, 0x00, 0x00, 0x00, 0x00, 0x00, 0x00, 0x00, 0x00, 0x00, 0x00, 0x00,
		0x00, 0x00, 0x00, 0x00, 0x00, 0x00, 0x00, 0x00, 0x00, 0x00, 0x00, 0x00, 0x00, 0x00, 0x00, 0x00,
		0x00, 0x00, 0x00, 0x00, 0x00, 0x00, 0x00, 0x00, 0x00, 0x00, 0x00, 0x00, 0x00, 0x00, 0x00, 0x00,
		0x00, 0x00, 0x00, 0x00, 0x00, 0x00, 0x00, 0x00, 0x00, 0x00, 0x00, 0x00, 0x00, 0x00, 0x00, 0x00,
		0x00, 0x00, 0x00, 0x00, 0x00, 0x00, 0x00, 0x00, 0x00, 0x00, 0x00, 0x00, 0x00, 0x00, 0x00, 0x00,
		0x00, 0x00, 0x00, 0x00, 0x00, 0x00, 0x00, 0x00, 0x10, 0x60, 0x60, 0x60, 0x60, 0x60, 0x60, 0x60,
		0x60, 0x60, 0x60, 0x60, 0x60, 0x60, 0x60, 0x60, 0x60, 0x60, 0x60, 0x60, 0x60, 0x10, 0x60, 0x60,
		0x60, 0x60, 0x60, 0x60, 0x10, 0x00, 0x00, 0x00, 0x00, 0x00, 0x00, 0x00, 0x00, 0x00, 0x00, 0x00,
		0x00, 0x00, 0x00, 0x00, 0x00, 0x00, 0x00, 0x10, 0x60, 0x60, 0x60, 0x60, 0x60, 0x60, 0x60, 0x60,
		0x60, 0x60, 0x60, 0x60, 0x60, 0x60, 0x60, 0x60, 0x60, 0x60, 0x60, 0x60, 0x60, 0x60, 0x60, 0x60,
		0x60, 0x60, 0x60, 0x60, 0x60, 0x60, 0x60, 0x60, 0x60, 0x60, 0x60, 0x60, 0x60, 0x60, 0x60, 0x60,
		0x60, 0x60, 0x60, 0x60, 0x60, 0x60, 0x60, 0x60, 0x60, 0x60, 0x60, 0x60, 0x60, 0x60, 0x60, 0x60,
		0x60, 0x60, 0x60, 0x60, 0x60, 0x60, 0x60, 0x60, 0x60, 0x60, 0x60, 0x60, 0x60, 0x60, 0x60, 0x60,
		0x60, 0x60, 0x60, 0x60, 0x60, 0x60, 0x60, 0x60, 0x60, 0x60, 0x60, 0x60, 0x60, 0x60, 0x60, 0x60,
		0x60, 0x60, 0x60, 0x10, 0x00, 0x00, 0x00, 0x00, 0x00, 0x00, 0x00, 0x00, 0x00, 0x00, 0x00, 0x00,
		0x00, 0x00, 0x00, 0x00, 0x00, 0x00, 0x00, 0x00, 0x00, 0x00, 0x00, 0x00, 0x00, 0x00, 0x00, 0x00,
		0x00, 0x00, 0x00, 0x00, 0x00, 0x00, 0x00, 0x00, 0x00, 0x00, 0x00, 0x00, 0x00, 0x00, 0x00, 0x00,
		0x00, 0x00, 0x00, 0x00, 0x00, 0x00, 0x00, 0x00, 0x00, 0x00, 0x00, 0x00, 0x00, 0x00, 0x00, 0x00,
		0x00, 0x00, 0x00, 0x00, 0x00, 0x00, 0x00, 0x00, 0x00, 0x00, 0x00, 0x00, 0x00, 0x00, 0x00, 0x00,
		0x00, 0x00, 0x00, 0x00, 0x00, 0x00, 0x00, 0x00, 0x00, 0x00, 0x00, 0x00, 0x00, 0x00, 0x00, 0x00,
		0x00, 0x00, 0x00, 0x00, 0x00, 0x00, 0x00, 0x00, 0x00, 0x00, 0x00, 0x00, 0x00, 0x00, 0x00, 0x00,
		0x00, 0x00, 0x00, 0x00, 0x00, 0x00, 0x00, 0x00, 0x00, 0x00, 0x00, 0x00, 0x00, 0x00, 0x00, 0x00,
		0x00, 0x00, 0x00, 0x00, 0x00, 0x00, 0x00, 0x00, 0x00, 0x00, 0x00, 0x00, 0x00, 0x00, 0x00, 0x00,
		0x00, 0x00, 0x00, 0x10, 0x10, 0x60, 0x60, 0x60, 0x60, 0x60, 0x60, 0x60, 0x10, 0x60, 0x60, 0x60,
		0x60, 0x60, 0x60, 0x10, 0x60, 0x60, 0x60, 0x60, 0x60, 0x60, 0x60, 0x60, 0x60, 0x60, 0x60, 0x10,
		0x10, 0x00, 0x00, 0x00, 0x00, 0x00, 0x00, 0x00, 0x00, 0x00, 0x00, 0x00, 0x00, 0x00, 0x00, 0x00,
		0x10, 0x10, 0x00, 0x10, 0x10, 0x60, 0x60, 0x60, 0x60, 0x60, 0x60, 0x60, 0x60, 0x60, 0x60, 0x60,
		0x60, 0x60, 0x60, 0x60, 0x60, 0x60, 0x60, 0x60, 0x60, 0x60, 0x60, 0x60, 0x60, 0x60, 0x60, 0x60,
		0x60, 0x60, 0x60, 0x60, 0x60, 0x60, 0x60, 0x60, 0x60, 0x60, 0x60, 0x60, 0x60, 0x60, 0x60, 0x60,
		0x60, 0x60, 0x60, 0x60, 0x60, 0x60, 0x60, 0x60, 0x60, 0x60, 0x60, 0x60, 0x60, 0x60, 0x60, 0x60,
		0x60, 0x60, 0x60, 0x60, 0x60, 0x60, 0x60, 0x60, 0x60, 0x60, 0x60, 0x60, 0x60, 0x60, 0x60, 0x60,
		0x60, 0x60, 0x60, 0x60, 0x60, 0x60, 0x60, 0x60, 0x60, 0x60, 0x60, 0x60, 0x60, 0x60, 0x60, 0x10,
		0x10, 0x00, 0x00, 0x00, 0x00, 0x00, 0x00, 0x00, 0x00, 0x00, 0x00, 0x00, 0x00, 0x00, 0x00, 0x00,
		0x00, 0x00, 0x00, 0x00, 0x00, 0x00, 0x00, 0x00, 0x00, 0x00, 0x00, 0x00, 0x00, 0x00, 0x00, 0x00,
		0x00, 0x00, 0x00, 0x00, 0x00, 0x00, 0x00, 0x00, 0x00, 0x00, 0x00, 0x00, 0x00, 0x00, 0x00, 0x00,
		0x00, 0x00, 0x00, 0x00, 0x00, 0x00, 0x00, 0x00, 0x00, 0x00, 0x00, 0x00, 0x00, 0x00, 0x00, 0x00,
		0x00, 0x00, 0x00, 0x00, 0x00, 0x00, 0x00, 0x00, 0x00, 0x00, 0x00, 0x00, 0x00, 0x00, 0x00, 0x00,
		0x00, 0x00, 0x00, 0x00, 0x00, 0x00, 0x00, 0x00, 0x00, 0x00, 0x00, 0x00, 0x00, 0x00, 0x00, 0x00,
		0x00, 0x00, 0x00, 0x00, 0x00, 0x00, 0x00, 0x00, 0x00, 0x00, 0x00, 0x00, 0x00, 0x00, 0x00, 0x00,
		0x00, 0x00, 0x00, 0x00, 0x00, 0x00, 0x00, 0x00, 0x00, 0x00, 0x00, 0x00, 0x00, 0x00, 0x00, 0x00,
		0x00, 0x00, 0x00, 0x00, 0x00, 0x00, 0x00, 0x00, 0x00, 0x00, 0x10, 0x10, 0x10, 0x10, 0x10, 0x60,
		0x60, 0x10, 0x60, 0x60, 0x60, 0x60, 0x60, 0x60, 0x10, 0x60, 0x60, 0x60, 0x60, 0x60, 0x60, 0x60,
		0x10, 0x60, 0x60, 0x60, 0x60, 0x60, 0x60, 0x60, 0x60, 0x60, 0x10, 0x60, 0x60, 0x10, 0x10, 0x00,
		0x10, 0x10, 0x10, 0x00, 0x00, 0x00, 0x00, 0x00, 0x00, 0x00, 0x00, 0x10, 0x10, 0x60, 0x10, 0x60,
		0x60, 0x10, 0x60, 0x60, 0x60, 0x60, 0x60, 0x60, 0x60, 0x60, 0x60, 0x60, 0x60, 0x60, 0x60, 0x60,
		0x60, 0x60, 0x60, 0x4C, 0x60, 0x60, 0x60, 0x60, 0x60, 0x60, 0x60, 0x60, 0x60, 0x60, 0x60, 0x60,
		0x60, 0x60, 0x60, 0x60, 0x60, 0x60, 0x60, 0x60, 0x60, 0x60, 0x60, 0x60, 0x60, 0x60, 0x60, 0x60,
		0x60, 0x60, 0x60, 0x4C, 0x60, 0x60, 0x60, 0x60, 0x60, 0x60, 0x60, 0x60, 0x60, 0x60, 0x60, 0x60,
		0x60, 0x60, 0x60, 0x60, 0x60, 0x60, 0x60, 0x60, 0x60, 0x60, 0x60, 0x60, 0x60, 0x60, 0x60, 0x60,
		0x60, 0x60, 0x60, 0x60, 0x60, 0x60, 0x60, 0x60, 0x60, 0x60, 0x10, 0x60, 0x60, 0x10, 0x10, 0x10,
		0x10, 0x10, 0x00, 0x00, 0x00, 0x00, 0x00, 0x00, 0x00, 0x00, 0x00, 0x00, 0x00, 0x00, 0x00, 0x00,
		0x00, 0x00, 0x00, 0x00, 0x00, 0x00, 0x00, 0x00, 0x00, 0x00, 0x00, 0x00, 0x00, 0x00, 0x00, 0x00,
		0x00, 0x00, 0x00, 0x00, 0x00, 0x00, 0x00, 0x00, 0x00, 0x00, 0x00, 0x00, 0x00, 0x00, 0x00, 0x00,
		0x00, 0x00, 0x00, 0x00, 0x00, 0x00, 0x00, 0x00, 0x00, 0x00, 0x00, 0x00, 0x00, 0x00, 0x00, 0x00,
		0x00, 0x00, 0x00, 0x00, 0x00, 0x00, 0x00, 0x00, 0x00, 0x00, 0x00, 0x00, 0x00, 0x00, 0x00, 0x00,
		0x00, 0x00, 0x00, 0x00, 0x00, 0x00, 0x00, 0x00, 0x00, 0x00, 0x00, 0x00, 0x00, 0x00, 0x00, 0x00,
		0x00, 0x00, 0x00, 0x00, 0x00, 0x00, 0x00, 0x00, 0x00, 0x00, 0x00, 0x00, 0x00, 0x00, 0x00, 0x00,
		0x00, 0x00, 0x00, 0x00, 0x00, 0x00, 0x00, 0x00, 0x00, 0x00, 0x00, 0x00, 0x00, 0x00, 0x00, 0x00,
		0x00, 0x00, 0x00, 0x00, 0x00, 0x10, 0x60, 0x60, 0x60, 0x60, 0x10, 0x60, 0x60, 0x60, 0x60, 0x60,
		0x60, 0x60, 0x60, 0x60, 0x60, 0x60, 0x60, 0x60, 0x60, 0x60, 0x60, 0x60, 0x60, 0x60, 0x60, 0x60,
		0x60, 0x60, 0x60, 0x60, 0x60, 0x60, 0x60, 0x60, 0x60, 0x10, 0x10, 0x10, 0x60, 0x60, 0x60, 0x10,
		0x00, 0x00, 0x10, 0x10, 0x10, 0x00, 0x10, 0x60, 0x60, 0x60, 0x10, 0x60, 0x60, 0x60, 0x60, 0x60,
		0x60, 0x60, 0x60, 0x60, 0x60, 0x60, 0x60, 0x60, 0x60, 0x60, 0x60, 0x60, 0x60, 0x60, 0x60, 0x4C,
		0x4C, 0x60, 0x60, 0x60, 0x60, 0x60, 0x60, 0x60, 0x60, 0x60, 0x60, 0x60, 0x60, 0x60, 0x60, 0x60,
		0x60, 0x60, 0x60, 0x60, 0x60, 0x60, 0x60, 0x60, 0x60, 0x60, 0x60, 0x60, 0x60, 0x60, 0x60, 0x4C,
		0x4C, 0x60, 0x60, 0x60, 0x60, 0x60, 0x60, 0x60, 0x60, 0x60, 0x60, 0x60, 0x60, 0x60, 0x60, 0x60,
		0x60, 0x60, 0x60, 0x60, 0x60, 0x60, 0x60, 0x60, 0x60, 0x60, 0x60, 0x60, 0x60, 0x60, 0x60, 0x60,
		0x60, 0x60, 0x60, 0x60, 0x60, 0x60, 0x60, 0x60, 0x60, 0x10, 0x60, 0x60, 0x60, 0x60, 0x10, 0x00,
		0x00, 0x00, 0x00, 0x00, 0x00, 0x00, 0x00, 0x00, 0x00, 0x00, 0x00, 0x00, 0x00, 0x00, 0x00, 0x00,
		0x00, 0x00, 0x00, 0x00, 0x00, 0x00, 0x00, 0x00, 0x00, 0x00, 0x00, 0x00, 0x00, 0x00, 0x00, 0x00,
		0x00, 0x00, 0x00, 0x00, 0x00, 0x00, 0x00, 0x00, 0x00, 0x00, 0x00, 0x00, 0x00, 0x00, 0x00, 0x00,
		0x00, 0x00, 0x00, 0x00, 0x00, 0x00, 0x00, 0x00, 0x00, 0x00, 0x00, 0x00, 0x00, 0x00, 0x00, 0x00,
		0x00, 0x00, 0x00, 0x00, 0x00, 0x00, 0x00, 0x00, 0x00, 0x00, 0x00, 0x00, 0x00, 0x00, 0x00, 0x00,
		0x00, 0x00, 0x00, 0x00, 0x00, 0x00, 0x00, 0x00, 0x00, 0x00, 0x00, 0x00, 0x00, 0x00, 0x00, 0x00,
		0x00, 0x00, 0x00, 0x00, 0x00, 0x00, 0x00, 0x00, 0x00, 0x00, 0x00, 0x00, 0x00, 0x00, 0x00, 0x00,
		0x00, 0x00, 0x00, 0x00, 0x00, 0x00, 0x00, 0x00, 0x00, 0x00, 0x00, 0x00, 0x00, 0x00, 0x10, 0x10,
		0x10, 0x60, 0x60, 0x60, 0x60, 0x60, 0x10, 0x60, 0x60, 0x60, 0x60, 0x60, 0x60, 0x60, 0x60, 0x60,
		0x60, 0x60, 0x60, 0x60, 0x60, 0x60, 0x60, 0x60, 0x60, 0x60, 0x60, 0x60, 0x60, 0x60, 0x60, 0x60,
		0x60, 0x60, 0x60, 0x60, 0x60, 0x10, 0x60, 0x60, 0x60, 0x60, 0x60, 0x60, 0x10, 0x10, 0x60, 0x60,
		0x60, 0x10, 0x10, 0x60, 0x60, 0x60, 0x10, 0x60, 0x60, 0x60, 0x60, 0x60, 0x60, 0x60, 0x60, 0x60,
		0x60, 0x60, 0x60, 0x60, 0x60, 0x60, 0x60, 0x60, 0x60, 0x60, 0x60, 0x4C, 0x4C, 0x4C, 0x60, 0x60,
		0x60, 0x60, 0x60, 0x60, 0x60, 0x60, 0x60, 0x60, 0x60, 0x60, 0x60, 0x4C, 0x60, 0x60, 0x60, 0x60,
		0x60, 0x60, 0x60, 0x60, 0x60, 0x60, 0x60, 0x60, 0x60, 0x60, 0x60, 0x4C, 0x4C, 0x4C, 0x60, 0x60,
		0x60, 0x60, 0x60, 0x60, 0x60, 0x60, 0x60, 0x60, 0x60, 0x60, 0x60, 0x4C, 0x60, 0x60, 0x60, 0x60,
		0x60, 0x60, 0x60, 0x60, 0x60, 0x60, 0x60, 0x60, 0x60, 0x60, 0x60, 0x60, 0x60, 0x60, 0x60, 0x60,
		0x60, 0x60, 0x60, 0x60, 0x60, 0x10, 0x60, 0x60, 0x60, 0x60, 0x60, 0x10, 0x10, 0x10, 0x00, 0x00,
		0x00, 0x00, 0x00, 0x00, 0x00, 0x00, 0x00, 0x00, 0x00, 0x00, 0x00, 0x00, 0x00, 0x00, 0x00, 0x00,
		0x00, 0x00, 0x00, 0x00, 0x00, 0x00, 0x00, 0x00, 0x00, 0x00, 0x00, 0x00, 0x00, 0x00, 0x00, 0x00,
		0x00, 0x00, 0x00, 0x00, 0x00, 0x00, 0x00, 0x00, 0x00, 0x00, 0x00, 0x00, 0x00, 0x00, 0x00, 0x00,
		0x00, 0x00, 0x00, 0x00, 0x00, 0x00, 0x00, 0x00, 0x00, 0x00, 0x00, 0x00, 0x00, 0x00, 0x00, 0x00,
		0x00, 0x00, 0x00, 0x00, 0x00, 0x00, 0x00, 0x00, 0x00, 0x00, 0x00, 0x00, 0x00, 0x00, 0x00, 0x00,
		0x00, 0x00, 0x00, 0x00, 0x00, 0x00, 0x00, 0x00, 0x00, 0x00, 0x00, 0x00, 0x00, 0x00, 0x00, 0x00,
		0x00, 0x00, 0x00, 0x00, 0x00, 0x00, 0x00, 0x00, 0x00, 0x00, 0x00, 0x00, 0x00, 0x00, 0x00, 0x00,
		0x00, 0x00, 0x00, 0x00, 0x00, 0x00, 0x00, 0x00, 0x10, 0x10, 0x60, 0x60, 0x10, 0x60, 0x60, 0x60,
		0x60, 0x60, 0x60, 0x60, 0x60, 0x60, 0x60, 0x60, 0x60, 0x60, 0x60, 0x60, 0x60, 0x60, 0x60, 0x60,
		0x60, 0x60, 0x60, 0x60, 0x60, 0x60, 0x60, 0x60, 0x60, 0x60, 0x60, 0x60, 0x60, 0x60, 0x60, 0x60,
		0x60, 0x60, 0x60, 0x60, 0x60, 0x60, 0x60, 0x60, 0x60, 0x60, 0x60, 0x60, 0x60, 0x60, 0x10, 0x60,
		0x60, 0x60, 0x60, 0x60, 0x60, 0x60, 0x60, 0x60, 0x60, 0x60, 0x60, 0x60, 0x60, 0x60, 0x60, 0x60,
		0x60, 0x60, 0x60, 0x60, 0x60, 0x60, 0x60, 0x60, 0x4C, 0x4C, 0x4C, 0x60, 0x60, 0x60, 0x60, 0x60,
		0x60, 0x60, 0x60, 0x60, 0x60, 0x60, 0x4C, 0x4C, 0x60, 0x60, 0x60, 0x60, 0x60, 0x60, 0x60, 0x60,
		0x60, 0x60, 0x60, 0x60, 0x60, 0x60, 0x60, 0x60, 0x4C, 0x4C, 0x4C, 0x60, 0x60, 0x60, 0x60, 0x60,
		0x60, 0x60, 0x60, 0x60, 0x60, 0x60, 0x4C, 0x4C, 0x60, 0x60, 0x60, 0x60, 0x60, 0x60, 0x60, 0x60,
		0x60, 0x60, 0x60, 0x60, 0x60, 0x60, 0x60, 0x60, 0x60, 0x60, 0x60, 0x60, 0x60, 0x60, 0x60, 0x60,
		0x60, 0x60, 0x60, 0x60, 0x60, 0x60, 0x60, 0x10, 0x60, 0x60, 0x10, 0x10, 0x00, 0x00, 0x00, 0x00,
		0x00, 0x00, 0x00, 0x00, 0x00, 0x00, 0x00, 0x00, 0x00, 0x00, 0x00, 0x00, 0x00, 0x00, 0x00, 0x00,
		0x00, 0x00, 0x00, 0x00, 0x00, 0x00, 0x00, 0x00, 0x00, 0x00, 0x00, 0x00, 0x00, 0x00, 0x00, 0x00,
		0x00, 0x00, 0x00, 0x00, 0x00, 0x00, 0x00, 0x00, 0x00, 0x00, 0x00, 0x00, 0x00, 0x00, 0x00, 0x00,
		0x00, 0x00, 0x00, 0x00, 0x00, 0x00, 0x00, 0x00, 0x00, 0x00, 0x00, 0x00, 0x00, 0x00, 0x00, 0x00,
		0x00, 0x00, 0x00, 0x00, 0x00, 0x00, 0x00, 0x00, 0x00, 0x00, 0x00, 0x00, 0x00, 0x00, 0x00, 0x00,
		0x00, 0x00, 0x00, 0x00, 0x00, 0x00, 0x00, 0x00, 0x00, 0x00, 0x00, 0x00, 0x00, 0x00, 0x00, 0x00,
		0x00, 0x00, 0x00, 0x00, 0x00, 0x00, 0x00, 0x00, 0x00, 0x00, 0x00, 0x00, 0x00, 0x00, 0x00, 0x00,
		0x00, 0x00, 0x00, 0x10, 0x60, 0x60, 0x60, 0x60, 0x60, 0x60, 0x60, 0x60, 0x60, 0x60, 0x60, 0x60,
		0x60, 0x60, 0x60, 0x60, 0x60, 0x60, 0x60, 0x60, 0x60, 0x60, 0x60, 0x60, 0x60, 0x60, 0x60, 0x60,
		0x60, 0x60, 0x60, 0x60, 0x60, 0x60, 0x60, 0x60, 0x60, 0x60, 0x60, 0x60, 0x60, 0x60, 0x60, 0x60,
		0x60, 0x60, 0x60, 0x60, 0x60, 0x60, 0x60, 0x60, 0x60, 0x60, 0x60, 0x60, 0x60, 0x60, 0x60, 0x60,
		0x60, 0x60, 0x60, 0x60, 0x60, 0x60, 0x60, 0x60, 0x60, 0x60, 0x60, 0x60, 0x60, 0x60, 0x60, 0x60,
		0x60, 0x60, 0x60, 0x60, 0x4C, 0x4C, 0x4C, 0x4C, 0x4C, 0x60, 0x60, 0x60, 0x60, 0x60, 0x60, 0x60,
		0x60, 0x4C, 0x4C, 0x60, 0x60, 0x60, 0x60, 0x60, 0x60, 0x60, 0x60, 0x60, 0x60, 0x60, 0x60, 0x60,
		0x60, 0x60, 0x60, 0x60, 0x4C, 0x4C, 0x4C, 0x4C, 0x4C, 0x60, 0x60, 0x60, 0x60, 0x60, 0x60, 0x60,
		0x60, 0x4C, 0x4C, 0x60, 0x60, 0x60, 0x60, 0x60, 0x60, 0x60, 0x60, 0x60, 0x60, 0x60, 0x60, 0x60,
		0x60, 0x60, 0x60, 0x60, 0x60, 0x60, 0x60, 0x60, 0x60, 0x60, 0x60, 0x60, 0x60, 0x60, 0x60, 0x60,
		0x60, 0x60, 0x60, 0x60, 0x60, 0x60, 0x60, 0x60, 0x10, 0x00, 0x00, 0x00, 0x00, 0x00, 0x00, 0x00,
		0x00, 0x00, 0x00, 0x00, 0x00, 0x00, 0x00, 0x00, 0x00, 0x00, 0x00, 0x00, 0x00, 0x00, 0x00, 0x00,
		0x00, 0x00, 0x00, 0x00, 0x00, 0x00, 0x00, 0x00, 0x00, 0x00, 0x00, 0x00, 0x00, 0x00, 0x00, 0x00,
		0x00, 0x00, 0x00, 0x00, 0x00, 0x00, 0x00, 0x00, 0x00, 0x00, 0x00, 0x00, 0x00, 0x00, 0x00, 0x00,
		0x00, 0x00, 0x00, 0x00, 0x00, 0x00, 0x00, 0x00, 0x00, 0x00, 0x00, 0x00, 0x00, 0x00, 0x00, 0x00,
		0x00, 0x00, 0x00, 0x00, 0x00, 0x00, 0x00, 0x00, 0x00, 0x00, 0x00, 0x00, 0x00, 0x00, 0x00, 0x00,
		0x00, 0x00, 0x00, 0x00, 0x00, 0x00, 0x00, 0x00, 0x00, 0x00, 0x00, 0x00, 0x00, 0x00, 0x00, 0x00,
		0x00, 0x00, 0x00, 0x00, 0x00, 0x00, 0x00, 0x00, 0x00, 0x00, 0x00, 0x00, 0x00, 0x00, 0x10, 0x60,
		0x60, 0x60, 0x60, 0x60, 0x60, 0x60, 0x60, 0x60, 0x60, 0x60, 0x60, 0x60, 0x60, 0x60, 0x60, 0x60,
		0x60, 0x60, 0x60, 0x60, 0x60, 0x60, 0x60, 0x60, 0x60, 0x60, 0x60, 0x60, 0x60, 0x60, 0x60, 0x60,
		0x60, 0x60, 0x60, 0x60, 0x60, 0x60, 0x60, 0x60, 0x60, 0x60, 0x60, 0x60, 0x60, 0x60, 0x60, 0x60,
		0x60, 0x60, 0x60, 0x60, 0x60, 0x60, 0x60, 0x60, 0x60, 0x60, 0x60, 0x60, 0x60, 0x60, 0x60, 0x60,
		0x60, 0x60, 0x60, 0x60, 0x60, 0x60, 0x60, 0x60, 0x60, 0x60, 0x60, 0x60, 0x60, 0x60, 0x60, 0x4C,
		0x4C, 0x4C, 0x4C, 0x4C, 0x4C, 0x4C, 0x4C, 0x4C, 0x4C, 0x4C, 0x4C, 0x4C, 0x4C, 0x4C, 0x4C, 0x60,
		0x60, 0x60, 0x60, 0x60, 0x60, 0x60, 0x60, 0x60, 0x60, 0x60, 0x60, 0x60, 0x60, 0x60, 0x60, 0x4C,
		0x4C, 0x4C, 0x4C, 0x4C, 0x4C, 0x4C, 0x4C, 0x4C, 0x4C, 0x4C, 0x4C, 0x4C, 0x4C, 0x4C, 0x4C, 0x60,
		0x60, 0x60, 0x60, 0x60, 0x60, 0x60, 0x60, 0x60, 0x60, 0x60, 0x60, 0x60, 0x60, 0x60, 0x60, 0x60,
		0x60, 0x60, 0x60, 0x60, 0x60, 0x60, 0x60, 0x60, 0x60, 0x60, 0x60, 0x60, 0x60, 0x60, 0x60, 0x60,
		0x60, 0x60, 0x60, 0x60, 0x60, 0x10, 0x00, 0x00, 0x00, 0x00, 0x00, 0x00, 0x00, 0x00, 0x00, 0x00,
		0x00, 0x00, 0x00, 0x00, 0x00, 0x00, 0x00, 0x00, 0x00, 0x00, 0x00, 0x00, 0x00, 0x00, 0x00, 0x00,
		0x00, 0x00, 0x00, 0x00, 0x00, 0x00, 0x00, 0x00, 0x00, 0x00, 0x00, 0x00, 0x00, 0x00, 0x00, 0x00,
		0x00, 0x00, 0x00, 0x00, 0x00, 0x00, 0x00, 0x00, 0x00, 0x00, 0x00, 0x00, 0x00, 0x00, 0x00, 0x00,
		0x00, 0x00, 0x00, 0x00, 0x00, 0x00, 0x00, 0x00, 0x00, 0x00, 0x00, 0x00, 0x00, 0x00, 0x00, 0x00,
		0x00, 0x00, 0x00, 0x00, 0x00, 0x00, 0x00, 0x00, 0x00, 0x00, 0x00, 0x00, 0x00, 0x00, 0x00, 0x00,
		0x00, 0x00, 0x00, 0x00, 0x00, 0x00, 0x00, 0x00, 0x00, 0x00, 0x00, 0x00, 0x00, 0x00, 0x00, 0x00,
		0x00, 0x00, 0x00, 0x00, 0x00, 0x00, 0x00, 0x00, 0x10, 0x10, 0x10, 0x4C, 0x60, 0x60, 0x60, 0x60,
		0x60, 0x60, 0x60, 0x60, 0x60, 0x60, 0x60, 0x60, 0x60, 0x60, 0x60, 0x60, 0x60, 0x60, 0x60, 0x60,
		0x60, 0x60, 0x60, 0x60, 0x60, 0x60, 0x60, 0x60, 0x60, 0x60, 0x60, 0x60, 0x60, 0x60, 0x60, 0x60,
		0x60, 0x60, 0x60, 0x60, 0x60, 0x60, 0x60, 0x60, 0x60, 0x60, 0x60, 0x60, 0x60, 0x60, 0x60, 0x60,
		0x60, 0x60, 0x60, 0x60, 0x60, 0x60, 0x60, 0x60, 0x60, 0x60, 0x60, 0x60, 0x60, 0x60, 0x60, 0x60,
		0x60, 0x60, 0x60, 0x60, 0x60, 0x60, 0x60, 0x60, 0x60, 0x60, 0x60, 0x4C, 0x4C, 0x4C, 0x4C, 0x4C,
		0x4C, 0x4C, 0x4C, 0x4C, 0x4C, 0x4C, 0x4C, 0x4C, 0x4C, 0x4C, 0x4C, 0x60, 0x60, 0x60, 0x60, 0x60,
		0x60, 0x60, 0x60, 0x60, 0x60, 0x60, 0x60, 0x60, 0x60, 0x60, 0x60, 0x4C, 0x4C, 0x4C, 0x4C, 0x4C,
		0x4C, 0x4C, 0x4C, 0x4C, 0x4C, 0x4C, 0x4C, 0x4C, 0x4C, 0x4C, 0x4C, 0x60, 0x60, 0x60, 0x60, 0x60,
		0x60, 0x60, 0x60, 0x60, 0x60, 0x60, 0x60, 0x60, 0x60, 0x60, 0x60, 0x60, 0x60, 0x60, 0x60, 0x60,
		0x60, 0x60, 0x60, 0x60, 0x60, 0x60, 0x60, 0x60, 0x60, 0x60, 0x60, 0x60, 0x60, 0x60, 0x60, 0x60,
		0x4C, 0x10, 0x10, 0x10, 0x00, 0x00, 0x00, 0x00, 0x00, 0x00, 0x00, 0x00, 0x00, 0x00, 0x00, 0x00,
		0x00, 0x00, 0x00, 0x00, 0x00, 0x00, 0x00, 0x00, 0x00, 0x00, 0x00, 0x00, 0x00, 0x00, 0x00, 0x00,
		0x00, 0x00, 0x00, 0x00, 0x00, 0x00, 0x00, 0x00, 0x00, 0x00, 0x00, 0x00, 0x00, 0x00, 0x00, 0x00,
		0x00, 0x00, 0x00, 0x00, 0x00, 0x00, 0x00, 0x00, 0x00, 0x00, 0x00, 0x00, 0x00, 0x00, 0x00, 0x00,
		0x00, 0x00, 0x00, 0x00, 0x00, 0x00, 0x00, 0x00, 0x00, 0x00, 0x00, 0x00, 0x00, 0x00, 0x00, 0x00,
		0x00, 0x00, 0x00, 0x00, 0x00, 0x00, 0x00, 0x00, 0x00, 0x00, 0x00, 0x00, 0x00, 0x00, 0x00, 0x00,
		0x00, 0x00, 0x00, 0x00, 0x00, 0x00, 0x00, 0x00, 0x00, 0x00, 0x00, 0x00, 0x00, 0x00, 0x00, 0x00,
		0x00, 0x00, 0x10, 0x10, 0x4C, 0x60, 0x60, 0x60, 0x60, 0x60, 0x60, 0x60, 0x60, 0x60, 0x60, 0x60,
		0x60, 0x60, 0x60, 0x60, 0x60, 0x60, 0x60, 0x60, 0x60, 0x60, 0x60, 0x60, 0x60, 0x60, 0x60, 0x4C,
		0x60, 0x60, 0x60, 0x60, 0x60, 0x60, 0x60, 0x60, 0x60, 0x60, 0x60, 0x60, 0x60, 0x60, 0x60, 0x60,
		0x60, 0x60, 0x60, 0x60, 0x60, 0x60, 0x4C, 0x60, 0x60, 0x60, 0x60, 0x60, 0x60, 0x60, 0x60, 0x60,
		0x60, 0x60, 0x60, 0x60, 0x60, 0x60, 0x60, 0x60, 0x60, 0x60, 0x60, 0x60, 0x60, 0x60, 0x60, 0x60,
		0x60, 0x60, 0x60, 0x60, 0x60, 0x60, 0x4C, 0x4C, 0x4C, 0x4C, 0x4C, 0x4C, 0x4C, 0x4C, 0x4C, 0x4C,
		0x4C, 0x4C, 0x4C, 0x4C, 0x4C, 0x4C, 0x4C, 0x4C, 0x4C, 0x60, 0x60, 0x60, 0x60, 0x60, 0x60, 0x60,
		0x60, 0x60, 0x60, 0x60, 0x60, 0x60, 0x4C, 0x4C, 0x4C, 0x4C, 0x4C, 0x4C, 0x4C, 0x4C, 0x4C, 0x4C,
		0x4C, 0x4C, 0x4C, 0x4C, 0x4C, 0x4C, 0x4C, 0x4C, 0x4C, 0x60, 0x60, 0x60, 0x60, 0x60, 0x60, 0x60,
		0x60, 0x60, 0x60, 0x60, 0x60, 0x60, 0x60, 0x60, 0x60, 0x60, 0x60, 0x60, 0x60, 0x60, 0x60, 0x60,
		0x60, 0x60, 0x60, 0x60, 0x60, 0x60, 0x60, 0x60, 0x60, 0x60, 0x60, 0x10, 0x60, 0x60, 0x60, 0x4C,
		0x10, 0x10, 0x00, 0x00, 0x00, 0x00, 0x00, 0x00, 0x00, 0x00, 0x00, 0x00, 0x00, 0x00, 0x00, 0x00,
		0x00, 0x00, 0x00, 0x00, 0x00, 0x00, 0x00, 0x00, 0x00, 0x00, 0x00, 0x00, 0x00, 0x00, 0x00, 0x00,
		0x00, 0x00, 0x00, 0x00, 0x00, 0x00, 0x00, 0x00, 0x00, 0x00, 0x00, 0x00, 0x00, 0x00, 0x00, 0x00,
		0x00, 0x00, 0x00, 0x00, 0x00, 0x00, 0x00, 0x00, 0x00, 0x00, 0x00, 0x00, 0x00, 0x00, 0x00, 0x00,
		0x00, 0x00, 0x00, 0x00, 0x00, 0x00, 0x00, 0x00, 0x00, 0x00, 0x00, 0x00, 0x00, 0x00, 0x00, 0x00,
		0x00, 0x00, 0x00, 0x00, 0x00, 0x00, 0x00, 0x00, 0x00, 0x00, 0x00, 0x00, 0x00, 0x00, 0x00, 0x00,
		0x00, 0x00, 0x00, 0x00, 0x00, 0x00, 0x00, 0x00, 0x00, 0x00, 0x00, 0x00, 0x00, 0x10, 0x4C, 0x60,
		0x60, 0x60, 0x60, 0x60, 0x60, 0x60, 0x60, 0x60, 0x60, 0x60, 0x60, 0x60, 0x60, 0x60, 0x60, 0x60,
		0x60, 0x60, 0x60, 0x60, 0x60, 0x60, 0x60, 0x60, 0x60, 0x60, 0x60, 0x4C, 0x60, 0x60, 0x60, 0x60,
		0x60, 0x60, 0x60, 0x4C, 0x4C, 0x4C, 0x4C, 0x60, 0x60, 0x60, 0x60, 0x60, 0x60, 0x60, 0x60, 0x60,
		0x60, 0x60, 0x4C, 0x4C, 0x4C, 0x60, 0x60, 0x60, 0x60, 0x60, 0x60, 0x60, 0x60, 0x60, 0x60, 0x60,
		0x60, 0x60, 0x60, 0x60, 0x60, 0x60, 0x60, 0x60, 0x4C, 0x4C, 0x60, 0x60, 0x60, 0x60, 0x60, 0x60,
		0x60, 0x4C, 0x4C, 0x4C, 0x4C, 0x4C, 0x4C, 0x4C, 0x4C, 0x4C, 0x4C, 0x4C, 0x4C, 0x4C, 0x4C, 0x4C,
		0x4C, 0x4C, 0x4C, 0x4C, 0x4C, 0x4C, 0x4C, 0x60, 0x60, 0x60, 0x60, 0x60, 0x60, 0x60, 0x60, 0x60,
		0x60, 0x4C, 0x4C, 0x4C, 0x4C, 0x4C, 0x4C, 0x4C, 0x4C, 0x4C, 0x4C, 0x4C, 0x4C, 0x4C, 0x4C, 0x4C,
		0x4C, 0x4C, 0x4C, 0x4C, 0x4C, 0x4C, 0x4C, 0x60, 0x60, 0x60, 0x60, 0x60, 0x60, 0x60, 0x60, 0x60,
		0x60, 0x60, 0x4C, 0x4C, 0x60, 0x60, 0x60, 0x60, 0x60, 0x60, 0x60, 0x60, 0x60, 0x60, 0x60, 0x60,
		0x60, 0x60, 0x60, 0x60, 0x60, 0x60, 0x10, 0x60, 0x60, 0x60, 0x60, 0x60, 0x4C, 0x10, 0x00, 0x00,
		0x00, 0x00, 0x00, 0x00, 0x00, 0x00, 0x00, 0x00, 0x00, 0x00, 0x00, 0x00, 0x00, 0x00, 0x00, 0x00,
		0x00, 0x00, 0x00, 0x00, 0x00, 0x00, 0x00, 0x00, 0x00, 0x00, 0x00, 0x00, 0x00, 0x00, 0x00, 0x00,
		0x00, 0x00, 0x00, 0x00, 0x10, 0x10, 0x10, 0x10, 0x10, 0x10, 0x10, 0x10, 0x10, 0x00, 0x00, 0x00,
		0x00, 0x00, 0x00, 0x00, 0x00, 0x00, 0x00, 0x00, 0x00, 0x00, 0x00, 0x00, 0x00, 0x00, 0x00, 0x00,
		0x00, 0x00, 0x00, 0x00, 0x00, 0x00, 0x00, 0x00, 0x00, 0x00, 0x00, 0x00, 0x00, 0x00, 0x00, 0x00,
		0x00, 0x00, 0x00, 0x00, 0x00, 0x00, 0x00, 0x00, 0x00, 0x00, 0x00, 0x00, 0x00, 0x00, 0x00, 0x00,
		0x00, 0x00, 0x00, 0x00, 0x00, 0x00, 0x00, 0x00, 0x00, 0x10, 0x60, 0x60, 0x60, 0x60, 0x60, 0x60,
		0x60, 0x60, 0x60, 0x60, 0x60, 0x60, 0x60, 0x60, 0x60, 0x60, 0x60, 0x60, 0x60, 0x60, 0x60, 0x60,
		0x60, 0x60, 0x60, 0x4C, 0x4C, 0x4C, 0x4C, 0x4C, 0x4C, 0x4C, 0x4C, 0x4C, 0x60, 0x4C, 0x4C, 0x4C,
		0x4C, 0x4C, 0x4C, 0x4C, 0x4C, 0x60, 0x60, 0x60, 0x60, 0x60, 0x60, 0x60, 0x60, 0x60, 0x4C, 0x4C,
		0x4C, 0x4C, 0x60, 0x60, 0x60, 0x60, 0x60, 0x60, 0x60, 0x60, 0x60, 0x60, 0x60, 0x60, 0x60, 0x60,
		0x60, 0x60, 0x60, 0x4C, 0x4C, 0x4C, 0x4C, 0x4C, 0x4C, 0x60, 0x4C, 0x4C, 0x4C, 0x4C, 0x4C, 0x4C,
		0x4C, 0x4C, 0x4C, 0x4C, 0x4C, 0x4C, 0x4C, 0x4C, 0x4C, 0x4C, 0x4C, 0x4C, 0x4C, 0x4C, 0x4C, 0x4C,
		0x4C, 0x4C, 0x4C, 0x4C, 0x4C, 0x4C, 0x60, 0x60, 0x60, 0x60, 0x4C, 0x4C, 0x4C, 0x4C, 0x4C, 0x4C,
		0x4C, 0x4C, 0x4C, 0x4C, 0x4C, 0x4C, 0x4C, 0x4C, 0x4C, 0x4C, 0x4C, 0x4C, 0x4C, 0x4C, 0x4C, 0x4C,
		0x4C, 0x4C, 0x4C, 0x4C, 0x4C, 0x4C, 0x60, 0x60, 0x60, 0x60, 0x60, 0x4C, 0x4C, 0x4C, 0x4C, 0x4C,
		0x4C, 0x60, 0x60, 0x60, 0x60, 0x60, 0x60, 0x60, 0x60, 0x60, 0x60, 0x60, 0x60, 0x60, 0x60, 0x60,
		0x60, 0x60, 0x60, 0x60, 0x60, 0x60, 0x60, 0x60, 0x60, 0x10, 0x00, 0x00, 0x00, 0x00, 0x00, 0x00,
		0x00, 0x00, 0x00, 0x00, 0x00, 0x00, 0x00, 0x00, 0x00, 0x00, 0x00, 0x00, 0x00, 0x00, 0x00, 0x00,
		0x00, 0x00, 0x00, 0x00, 0x00, 0x00, 0x00, 0x00, 0x00, 0x00, 0x00, 0x00, 0x00, 0x10, 0x10, 0x10,
		0x70, 0x70, 0x70, 0x70, 0x70, 0x70, 0x70, 0x70, 0x70, 0x10, 0x10, 0x10, 0x00, 0x00, 0x00, 0x00,
		0x00, 0x00, 0x00, 0x00, 0x00, 0x00, 0x00, 0x00, 0x00, 0x00, 0x00, 0x00, 0x00, 0x00, 0x00, 0x00,
		0x00, 0x00, 0x00, 0x00, 0x00, 0x00, 0x00, 0x00, 0x00, 0x00, 0x00, 0x00, 0x00, 0x00, 0x00, 0x00,
		0x00, 0x00, 0x00, 0x00, 0x00, 0x00, 0x00, 0x00, 0x00, 0x00, 0x00, 0x00, 0x00, 0x00, 0x00, 0x00,
		0x00, 0x00, 0x00, 0x00, 0x00, 0x10, 0x60, 0x60, 0x60, 0x60, 0x60, 0x60, 0x60, 0x60, 0x60, 0x60,
		0x60, 0x60, 0x60, 0x60, 0x60, 0x60, 0x60, 0x4C, 0x4C, 0x4C, 0x4C, 0x4C, 0x4C, 0x4C, 0x4C, 0x4C,
		0x4C, 0x4C, 0x4C, 0x4C, 0x4C, 0x4C, 0x4C, 0x4C, 0x4C, 0x4C, 0x4C, 0x4C, 0x4C, 0x4C, 0x4C, 0x4C,
		0x4C, 0x4C, 0x4C, 0x4C, 0x4C, 0x60, 0x60, 0x60, 0x4C, 0x4C, 0x4C, 0x4C, 0x4C, 0x4C, 0x60, 0x60,
		0x60, 0x60, 0x60, 0x60, 0x60, 0x60, 0x60, 0x4C, 0x4C, 0x4C, 0x4C, 0x4C, 0x4C, 0x4C, 0x4C, 0x4C,
		0x4C, 0x4C, 0x4C, 0x4C, 0x4C, 0x4C, 0x4C, 0x4C, 0x4C, 0x4C, 0x4C, 0x4C, 0x4C, 0x4C, 0x4C, 0x4C,
		0x4C, 0x4C, 0x4C, 0x4C, 0x4C, 0x4C, 0x4C, 0x4C, 0x4C, 0x4C, 0x4C, 0x4C, 0x4C, 0x4C, 0x4C, 0x4C,
		0x4C, 0x4C, 0x4C, 0x4C, 0x4C, 0x4C, 0x4C, 0x4C, 0x4C, 0x4C, 0x4C, 0x4C, 0x4C, 0x4C, 0x4C, 0x4C,
		0x4C, 0x4C, 0x4C, 0x4C, 0x4C, 0x4C, 0x4C, 0x4C, 0x4C, 0x4C, 0x4C, 0x4C, 0x4C, 0x4C, 0x4C, 0x4C,
		0x4C, 0x4C, 0x4C, 0x4C, 0x4C, 0x4C, 0x4C, 0x4C, 0x4C, 0x4C, 0x4C, 0x4C, 0x4C, 0x4C, 0x4C, 0x4C,
		0x4C, 0x4C, 0x4C, 0x4C, 0x4C, 0x60, 0x60, 0x60, 0x60, 0x60, 0x60, 0x60, 0x60, 0x60, 0x60, 0x60,
		0x60, 0x60, 0x60, 0x60, 0x60, 0x10, 0x00, 0x00, 0x00, 0x00, 0x00, 0x00, 0x00, 0x00, 0x00, 0x00,
		0x00, 0x00, 0x00, 0x00, 0x00, 0x00, 0x00, 0x00, 0x00, 0x00, 0x00, 0x00, 0x00, 0x00, 0x00, 0x00,
		0x00, 0x00, 0x00, 0x00, 0x00, 0x00, 0x00, 0x00, 0x10, 0x70, 0x70, 0x70, 0x70, 0x70, 0x70, 0x70,
		0x70, 0x70, 0x70, 0x70, 0x70, 0x70, 0x70, 0x70, 0x10, 0x10, 0x10, 0x10, 0x10, 0x10, 0x10, 0x10,
		0x10, 0x10, 0x10, 0x10, 0x10, 0x10, 0x10, 0x10, 0x10, 0x10, 0x10, 0x10, 0x10, 0x10, 0x10, 0x10,
		0x10, 0x10, 0x10, 0x10, 0x10, 0x10, 0x10, 0x10, 0x10, 0x10, 0x10, 0x10, 0x00, 0x00, 0x00, 0x00,
		0x00, 0x00, 0x00, 0x00, 0x00, 0x00, 0x00, 0x00, 0x00, 0x00, 0x00, 0x00, 0x00, 0x10, 0x10, 0x10,
		0x10, 0x60, 0x60, 0x60, 0x60, 0x60, 0x60, 0x60, 0x60, 0x60, 0x60, 0x60, 0x60, 0x60, 0x60, 0x4C,
		0x4C, 0x4C, 0x4C, 0x4C, 0x4C, 0x10, 0x10, 0x4C, 0x4C, 0x4C, 0x4C, 0x4C, 0x4C, 0x4C, 0x4C, 0x4C,
		0x4C, 0x4C, 0x4C, 0x4C, 0x4C, 0x4C, 0x4C, 0x4C, 0x4C, 0x4C, 0x4C, 0x4C, 0x4C, 0x10, 0x10, 0x4C,
		0x4C, 0x4C, 0x60, 0x4C, 0x4C, 0x4C, 0x4C, 0x4C, 0x4C, 0x4C, 0x60, 0x60, 0x60, 0x4C, 0x4C, 0x60,
		0x60, 0x4C, 0x4C, 0x4C, 0x4C, 0x10, 0x10, 0x4C, 0x4C, 0x4C, 0x4C, 0x4C, 0x4C, 0x4C, 0x4C, 0x4C,
		0x4C, 0x4C, 0x4C, 0x4C, 0x4C, 0x4C, 0x4C, 0x4C, 0x4C, 0x4C, 0x4C, 0x4C, 0x4C, 0x4C, 0x10, 0x4C,
		0x4C, 0x4C, 0x4C, 0x4C, 0x4C, 0x4C, 0x4C, 0x4C, 0x4C, 0x4C, 0x4C, 0x4C, 0x4C, 0x4C, 0x4C, 0x4C,
		0x4C, 0x4C, 0x4C, 0x4C, 0x4C, 0x4C, 0x4C, 0x4C, 0x4C, 0x4C, 0x4C, 0x4C, 0x4C, 0x4C, 0x10, 0x4C,
		0x4C, 0x4C, 0x4C, 0x4C, 0x4C, 0x4C, 0x4C, 0x4C, 0x4C, 0x4C, 0x4C, 0x4C, 0x4C, 0x4C, 0x4C, 0x4C,
		0x4C, 0x4C, 0x4C, 0x4C, 0x4C, 0x4C, 0x4C, 0x4C, 0x4C, 0x4C, 0x4C, 0x4C, 0x4C, 0x10, 0x10, 0x4C,
		0x4C, 0x4C, 0x4C, 0x4C, 0x4C, 0x60, 0x60, 0x60, 0x60, 0x4C, 0x60, 0x60, 0x60, 0x60, 0x4C, 0x4C,
		0x4C, 0x10, 0x00, 0x00, 0x00, 0x00, 0x00, 0x00, 0x00, 0x00, 0x00, 0x00, 0x00, 0x00, 0x00, 0x00,
		0x00, 0x00, 0x00, 0x00, 0x00, 0x00, 0x00, 0x00, 0x00, 0x00, 0x00, 0x00, 0x10, 0x10, 0x10, 0x10,
		0x10, 0x10, 0x10, 0x10, 0x70, 0x70, 0x70, 0x70, 0x70, 0x70, 0x70, 0x70, 0x70, 0x70, 0x70, 0x70,
		0x70, 0x70, 0x70, 0x70, 0x70, 0x70, 0x70, 0x70, 0x70, 0x70, 0x70, 0x70, 0x70, 0x70, 0x70, 0x70,
		0x70, 0x70, 0x70, 0x70, 0x70, 0x70, 0x70, 0x70, 0x70, 0x70, 0x70, 0x70, 0x70, 0x70, 0x70, 0x70,
		0x70, 0x70, 0x70, 0x70, 0x70, 0x70, 0x70, 0x70, 0x10, 0x10, 0x10, 0x10, 0x10, 0x10, 0x10, 0x10,
		0x10, 0x10, 0x10, 0x10, 0x10, 0x10, 0x10, 0x10, 0x10, 0x70, 0x70, 0x70, 0x10, 0x60, 0x60, 0x60,
		0x60, 0x60, 0x60, 0x60, 0x60, 0x60, 0x60, 0x60, 0x60, 0x4C, 0x4C, 0x10, 0x4C, 0x4C, 0x4C, 0x4C,
		0x4C, 0x4C, 0x10, 0x10, 0x10, 0x4C, 0x4C, 0x4C, 0x4C, 0x4C, 0x4C, 0x4C, 0x4C, 0x10, 0x10, 0x10,
		0x10, 0x10, 0x10, 0x10, 0x4C, 0x4C, 0x4C, 0x10, 0x10, 0x10, 0x4C, 0x4C, 0x4C, 0x4C, 0x4C, 0x4C,
		0x4C, 0x4C, 0x4C, 0x4C, 0x4C, 0x4C, 0x4C, 0x4C, 0x4C, 0x4C, 0x4C, 0x4C, 0x4C, 0x4C, 0x4C, 0x4C,
		0x4C, 0x4C, 0x10, 0x10, 0x10, 0x4C, 0x4C, 0x4C, 0x4C, 0x4C, 0x4C, 0x4C, 0x4C, 0x4C, 0x4C, 0x4C,
		0x4C, 0x4C, 0x4C, 0x4C, 0x4C, 0x4C, 0x4C, 0x10, 0x10, 0x10, 0x20, 0x10, 0x4C, 0x4C, 0x4C, 0x4C,
		0x4C, 0x4C, 0x4C, 0x4C, 0x10, 0x10, 0x4C, 0x4C, 0x4C, 0x4C, 0x4C, 0x4C, 0x4C, 0x4C, 0x4C, 0x4C,
		0x4C, 0x4C, 0x4C, 0x4C, 0x4C, 0x4C, 0x4C, 0x10, 0x10, 0x10, 0x20, 0x10, 0x4C, 0x4C, 0x4C, 0x4C,
		0x4C, 0x4C, 0x4C, 0x4C, 0x10, 0x10, 0x4C, 0x4C, 0x4C, 0x4C, 0x4C, 0x4C, 0x4C, 0x4C, 0x4C, 0x4C,
		0x4C, 0x4C, 0x4C, 0x4C, 0x4C, 0x4C, 0x4C, 0x10, 0x10, 0x10, 0x4C, 0x4C, 0x4C, 0x4C, 0x4C, 0x4C,
		0x4C, 0x4C, 0x4C, 0x4C, 0x4C, 0x4C, 0x4C, 0x4C, 0x4C, 0x4C, 0x4C, 0x4C, 0x10, 0x70, 0x10, 0x10,
		0x10, 0x10, 0x10, 0x10, 0x10, 0x10, 0x10, 0x10, 0x10, 0x10, 0x10, 0x10, 0x10, 0x10, 0x10, 0x10,
		0x10, 0x10, 0x10, 0x10, 0x10, 0x10, 0x10, 0x10, 0x70, 0x70, 0x70, 0x70, 0x70, 0x70, 0x70, 0x70,
		0x70, 0x70, 0x70, 0x70, 0x70, 0x70, 0x70, 0x70, 0x70, 0x70, 0x70, 0x70, 0x70, 0x70, 0x70, 0x70,
		0x70, 0x70, 0x70, 0x70, 0x70, 0x70, 0x70, 0x70, 0x70, 0x70, 0x70, 0x70, 0x70, 0x70, 0x70, 0x70,
		0x70, 0x70, 0x70, 0x70, 0x70, 0x70, 0x70, 0x70, 0x70, 0x70, 0x70, 0x70, 0x70, 0x70, 0x70, 0x70,
		0x70, 0x70, 0x70, 0x70, 0x70, 0x70, 0x70, 0x70, 0x70, 0x70, 0x70, 0x70, 0x70, 0x70, 0x70, 0x70,
		0x70, 0x70, 0x70, 0x70, 0x70, 0x70, 0x70, 0x70, 0x70, 0x10, 0x10, 0x10, 0x4C, 0x4C, 0x4C, 0x4C,
		0x4C, 0x4C, 0x4C, 0x4C, 0x4C, 0x4C, 0x4C, 0x10, 0x4C, 0x4C, 0x4C, 0x4C, 0x4C, 0x4C, 0x4C, 0x10,
		0x10, 0x10, 0x10, 0x10, 0x10, 0x10, 0x10, 0x10, 0x10, 0x70, 0x70, 0x70, 0x70, 0x70, 0x70, 0x70,
		0x10, 0x10, 0x10, 0x10, 0x10, 0x4C, 0x4C, 0x4C, 0x4C, 0x4C, 0x4C, 0x10, 0x10, 0x4C, 0x4C, 0x4C,
		0x4C, 0x4C, 0x4C, 0x4C, 0x4C, 0x4C, 0x10, 0x10, 0x4C, 0x4C, 0x4C, 0x4C, 0x4C, 0x4C, 0x4C, 0x10,
		0x10, 0x10, 0x10, 0x10, 0x4C, 0x4C, 0x4C, 0x4C, 0x4C, 0x4C, 0x4C, 0x4C, 0x4C, 0x4C, 0x4C, 0x4C,
		0x10, 0x10, 0x10, 0x10, 0x10, 0x28, 0x28, 0x28, 0x10, 0x10, 0x4C, 0x4C, 0x4C, 0x4C, 0x4C, 0x10,
		0x10, 0x10, 0x10, 0x4C, 0x4C, 0x4C, 0x4C, 0x4C, 0x4C, 0x4C, 0x4C, 0x4C, 0x4C, 0x4C, 0x4C, 0x4C,
		0x10, 0x10, 0x10, 0x10, 0x10, 0x28, 0x28, 0x28, 0x10, 0x10, 0x4C, 0x4C, 0x4C, 0x4C, 0x4C, 0x10,
		0x10, 0x10, 0x10, 0x4C, 0x4C, 0x4C, 0x4C, 0x4C, 0x4C, 0x4C, 0x4C, 0x4C, 0x4C, 0x4C, 0x4C, 0x4C,
		0x10, 0x10, 0x10, 0x10, 0x10, 0x4C, 0x4C, 0x4C, 0x4C, 0x4C, 0x4C, 0x4C, 0x4C, 0x4C, 0x10, 0x10,
		0x4C, 0x4C, 0x4C, 0x4C, 0x4C, 0x4C, 0x4C, 0x10, 0x70, 0x70, 0x70, 0x70, 0x70, 0x70, 0x70, 0x70,
		0x70, 0x70, 0x70, 0x70, 0x70, 0x70, 0x70, 0x70, 0x70, 0x70, 0x70, 0x70, 0x70, 0x70, 0x70, 0x70,
		0x70, 0x70, 0x70, 0x70, 0x70, 0x70, 0x70, 0x70, 0x70, 0x70, 0x70, 0x70, 0x70, 0x70, 0x70, 0x70,
		0x70, 0x70, 0x70, 0x70, 0x70, 0x70, 0x70, 0x70, 0x70, 0x70, 0x70, 0x70, 0x70, 0x70, 0x70, 0x70,
		0x70, 0x70, 0x70, 0x70, 0x70, 0x70, 0x70, 0x70, 0x70, 0x70, 0x70, 0x70, 0x70, 0x70, 0x70, 0x70,
		0x70, 0x70, 0x70, 0x70, 0x70, 0x70, 0x70, 0x70, 0x70, 0x70, 0x70, 0x70, 0x70, 0x70, 0x70, 0x70,
		0x70, 0x70, 0x70, 0x70, 0x70, 0x70, 0x70, 0x70, 0x70, 0x70, 0x70, 0x70, 0x70, 0x70, 0x70, 0x70,
		0x70, 0x70, 0x70, 0x70, 0x70, 0x70, 0x70, 0x70, 0x10, 0x10, 0x10, 0x10, 0x4C, 0x4C, 0x10, 0x10,
		0x10, 0x10, 0x10, 0x10, 0x10, 0x10, 0x10, 0x10, 0x10, 0x10, 0x10, 0x10, 0x10, 0x28, 0x70, 0x70,
		0x70, 0x70, 0x70, 0x70, 0x70, 0x70, 0x70, 0x70, 0x70, 0x70, 0x70, 0x70, 0x70, 0x70, 0x28, 0x10,
		0x10, 0x10, 0x10, 0x10, 0x10, 0x10, 0x10, 0x70, 0x70, 0x10, 0x10, 0x10, 0x10, 0x10, 0x10, 0x10,
		0x10, 0x10, 0x70, 0x10, 0x10, 0x10, 0x10, 0x10, 0x10, 0x10, 0x10, 0x10, 0x10, 0x28, 0x70, 0x10,
		0x10, 0x10, 0x10, 0x10, 0x10, 0x10, 0x10, 0x10, 0x10, 0x10, 0x10, 0x10, 0x10, 0x28, 0x28, 0x70,
		0x70, 0x70, 0x70, 0x70, 0x70, 0x10, 0x10, 0x10, 0x10, 0x10, 0x10, 0x10, 0x28, 0x70, 0x20, 0x10,
		0x10, 0x10, 0x10, 0x10, 0x10, 0x10, 0x10, 0x10, 0x10, 0x10, 0x10, 0x10, 0x10, 0x28, 0x28, 0x70,
		0x70, 0x70, 0x70, 0x70, 0x70, 0x10, 0x10, 0x10, 0x10, 0x10, 0x10, 0x10, 0x28, 0x70, 0x20, 0x10,
		0x10, 0x10, 0x10, 0x10, 0x10, 0x10, 0x10, 0x10, 0x10, 0x10, 0x10, 0x10, 0x10, 0x70, 0x28, 0x10,
		0x10, 0x10, 0x10, 0x10, 0x10, 0x10, 0x10, 0x10, 0x10, 0x10, 0x10, 0x10, 0x10, 0x10, 0x10, 0x10,
		0x10, 0x10, 0x10, 0x70, 0x70, 0x70, 0x70, 0x70, 0x70, 0x70, 0x70, 0x70, 0x70, 0x70, 0x70, 0x70,
		0x70, 0x70, 0x70, 0x70, 0x70, 0x70, 0x70, 0x70, 0x70, 0x70, 0x70, 0x70, 0x70, 0x70, 0x70, 0x70,
		0x70, 0x70, 0x70, 0x70, 0x70, 0x70, 0x70, 0x70, 0x70, 0x70, 0x70, 0x70, 0x70, 0x70, 0x70, 0x70,
		0x70, 0x70, 0x70, 0x70, 0x70, 0x70, 0x70, 0x70, 0x70, 0x70, 0x70, 0x70, 0x70, 0x70, 0x70, 0x70,
		0x70, 0x70, 0x70, 0x70, 0x70, 0x70, 0x70, 0x70, 0x70, 0x70, 0x70, 0x70, 0x70, 0x70, 0x70, 0x70,
		0x70, 0x70, 0x70, 0x70, 0x70, 0x70, 0x70, 0x70, 0x70, 0x70, 0x70, 0x70, 0x70, 0x70, 0x70, 0x70,
		0x70, 0x70, 0x70, 0x70, 0x70, 0x70, 0x70, 0x70, 0x70, 0x70, 0x70, 0x70, 0x70, 0x70, 0x70, 0x70,
		0x70, 0x70, 0x70, 0x70, 0x70, 0x70, 0x70, 0x70, 0x10, 0x10, 0x70, 0x70, 0x70, 0x70, 0x70, 0x70,
		0x70, 0x70, 0x70, 0x70, 0x70, 0x70, 0x70, 0x70, 0x70, 0x70, 0x70, 0x70, 0x70, 0x70, 0x70, 0x70,
		0x70, 0x70, 0x70, 0x70, 0x70, 0x70, 0x70, 0x70, 0x70, 0x70, 0x70, 0x70, 0x70, 0x70, 0x70, 0x70,
		0x70, 0x70, 0x70, 0x70, 0x70, 0x70, 0x70, 0x70, 0x70, 0x70, 0x70, 0x70, 0x70, 0x70, 0x70, 0x70,
		0x70, 0x70, 0x70, 0x70, 0x70, 0x70, 0x70, 0x70, 0x70, 0x70, 0x70, 0x70, 0x70, 0x70, 0x70, 0x70,
		0x70, 0x70, 0x70, 0x70, 0x70, 0x70, 0x70, 0x70, 0x70, 0x70, 0x70, 0x70, 0x70, 0x70, 0x70, 0x70,
		0x70, 0x70, 0x70, 0x70, 0x70, 0x70, 0x70, 0x70, 0x70, 0x70, 0x70, 0x70, 0x70, 0x70, 0x70, 0x70,
		0x70, 0x70, 0x70, 0x70, 0x70, 0x70, 0x70, 0x70, 0x70, 0x70, 0x70, 0x70, 0x70, 0x70, 0x70, 0x70,
		0x70, 0x70, 0x70, 0x70, 0x70, 0x70, 0x70, 0x70, 0x70, 0x70, 0x70, 0x70, 0x70, 0x70, 0x70, 0x70,
		0x70, 0x70, 0x70, 0x70, 0x70, 0x70, 0x70, 0x70, 0x70, 0x70, 0x70, 0x70, 0x70, 0x70, 0x70, 0x70,
		0x70, 0x70, 0x70, 0x70, 0x70, 0x70, 0x70, 0x70, 0x70, 0x70, 0x70, 0x70, 0x70, 0x70, 0x70, 0x70,
		0x70, 0x70, 0x70, 0x70, 0x70, 0x70, 0x70, 0x70, 0x70, 0x70, 0x70, 0x70, 0x70, 0x70, 0x70, 0x70,
		0x70, 0x70, 0x70, 0x70, 0x70, 0x70, 0x70, 0x70, 0x70, 0x70, 0x70, 0x70, 0x70, 0x70, 0x70, 0x70,
		0x70, 0x70, 0x70, 0x70, 0x70, 0x70, 0x70, 0x70, 0x70, 0x70, 0x70, 0x70, 0x70, 0x70, 0x70, 0x70,
		0x70, 0x70, 0x70, 0x70, 0x70, 0x70, 0x70, 0x70, 0x70, 0x70, 0x70, 0x70, 0x70, 0x70, 0x70, 0x70,
		0x70, 0x70, 0x70, 0x70, 0x70, 0x70, 0x70, 0x70, 0x70, 0x70, 0x70, 0x70, 0x70, 0x70, 0x70, 0x70,
		0x70, 0x70, 0x70, 0x70, 0x70, 0x70, 0x70, 0x70, 0x70, 0x70, 0x70, 0x70, 0x70, 0x70, 0x70, 0x70,
		0x70, 0x70, 0x70, 0x70, 0x70, 0x70, 0x70, 0x70, 0x70, 0x70, 0x70, 0x70, 0x70, 0x70, 0x70, 0x70,
		0x70, 0x70, 0x70, 0x70, 0x70, 0x70, 0x70, 0x70, 0x70, 0x70, 0x70, 0x70, 0x70, 0x70, 0x70, 0x70,
		0x70, 0x70, 0x70, 0x70, 0x70, 0x70, 0x70, 0x70, 0x70, 0x70, 0x70, 0x70, 0x70, 0x70, 0x70, 0x70,
		0x70, 0x70, 0x70, 0x70, 0x70, 0x70, 0x70, 0x70, 0x70, 0x70, 0x70, 0x70, 0x70, 0x70, 0x70, 0x70,
		0x70, 0x70, 0x70, 0x70, 0x70, 0x70, 0x70, 0x70, 0x70, 0x70, 0x70, 0x70, 0x70, 0x70, 0x70, 0x70,
		0x70, 0x70, 0x70, 0x70, 0x70, 0x70, 0x70, 0x70, 0x70, 0x70, 0x70, 0x70, 0x70, 0x70, 0x70, 0x70,
		0x70, 0x70, 0x70, 0x70, 0x70, 0x70, 0x70, 0x70, 0x70, 0x70, 0x70, 0x70, 0x70, 0x70, 0x70, 0x70,
		0x70, 0x70, 0x70, 0x70, 0x70, 0x70, 0x70, 0x70, 0x70, 0x70, 0x70, 0x70, 0x70, 0x70, 0x70, 0x70,
		0x70, 0x70, 0x70, 0x70, 0x70, 0x70, 0x70, 0x70, 0x70, 0x70, 0x70, 0x70, 0x70, 0x70, 0x70, 0x70,
		0x70, 0x70, 0x70, 0x70, 0x70, 0x70, 0x70, 0x70, 0x70, 0x70, 0x70, 0x70, 0x70, 0x70, 0x70, 0x70,
		0x70, 0x70, 0x70, 0x70, 0x70, 0x70, 0x70, 0x70, 0x70, 0x70, 0x70, 0x70, 0x70, 0x70, 0x70, 0x70,
		0x70, 0x70, 0x70, 0x70, 0x70, 0x70, 0x70, 0x70, 0x70, 0x70, 0x70, 0x70, 0x70, 0x70, 0x70, 0x70,
		0x70, 0x70, 0x70, 0x70, 0x70, 0x70, 0x70, 0x70, 0x70, 0x70, 0x70, 0x70, 0x70, 0x70, 0x70, 0x70,
		0x70, 0x70, 0x70, 0x70, 0x70, 0x70, 0x70, 0x70, 0x70, 0x70, 0x70, 0x70, 0x70, 0x70, 0x70, 0x70,
		0x70, 0x70, 0x70, 0x70, 0x70, 0x70, 0x70, 0x70, 0x70, 0x70, 0x70, 0x70, 0x70, 0x70, 0x70, 0x70,
		0x70, 0x70, 0x70, 0x70, 0x70, 0x70, 0x70, 0x70, 0x70, 0x70, 0x70, 0x70, 0x70, 0x70, 0x70, 0x70,
		0x70, 0x70, 0x70, 0x70, 0x70, 0x70, 0x70, 0x70, 0x70, 0x70, 0x70, 0x70, 0x70, 0x70, 0x70, 0x70,
		0x70, 0x70, 0x70, 0x70, 0x70, 0x70, 0x70, 0x70, 0x70, 0x70, 0x70, 0x70, 0x70, 0x70, 0x70, 0x70,
		0x70, 0x70, 0x70, 0x70, 0x70, 0x70, 0x70, 0x70, 0x70, 0x70, 0x70, 0x70, 0x70, 0x70, 0x70, 0x70,
		0x70, 0x70, 0x70, 0x70, 0x70, 0x70, 0x70, 0x70, 0x70, 0x70, 0x70, 0x70, 0x70, 0x70, 0x70, 0x70,
		0x70, 0x70, 0x70, 0x70, 0x70, 0x70, 0x70, 0x70, 0x70, 0x70, 0x70, 0x70, 0x70, 0x70, 0x70, 0x70,
		0x70, 0x70, 0x70, 0x70, 0x70, 0x70, 0x70, 0x70, 0x70, 0x70, 0x70, 0x70, 0x70, 0x70, 0x70, 0x70,
		0x70, 0x70, 0x70, 0x70, 0x70, 0x70, 0x70, 0x70, 0x70, 0x70, 0x70, 0x70, 0x70, 0x70, 0x70, 0x70,
		0x70, 0x70, 0x70, 0x70, 0x70, 0x70, 0x70, 0x70, 0x70, 0x70, 0x70, 0x70, 0x70, 0x70, 0x70, 0x70,
		0x70, 0x70, 0x70, 0x70, 0x70, 0x70, 0x70, 0x70, 0x70, 0x70, 0x70, 0x70, 0x70, 0x70, 0x70, 0x70,
		0x70, 0x70, 0x70, 0x70, 0x70, 0x70, 0x70, 0x70, 0x70, 0x70, 0x70, 0x70, 0x70, 0x70, 0x70, 0x70,
		0x70, 0x70, 0x70, 0x70, 0x70, 0x70, 0x70, 0x70, 0x70, 0x70, 0x70, 0x70, 0x70, 0x70, 0x70, 0x70,
		0x70, 0x70, 0x70, 0x70, 0x70, 0x70, 0x70, 0x70, 0x70, 0x70, 0x70, 0x70, 0x70, 0x70, 0x70, 0x70,
		0x70, 0x70, 0x70, 0x70, 0x70, 0x70, 0x70, 0x70, 0x70, 0x70, 0x70, 0x70, 0x70, 0x70, 0x70, 0x70,
		0x70, 0x70, 0x70, 0x70, 0x70, 0x70, 0x70, 0x70, 0x70, 0x70, 0x70, 0x70, 0x70, 0x70, 0x70, 0x70,
		0x70, 0x70, 0x70, 0x70, 0x70, 0x70, 0x70, 0x70, 0x70, 0x70, 0x70, 0x70, 0x70, 0x28, 0x70, 0x70,
		0x70, 0x70, 0x70, 0x70, 0x70, 0x70, 0x70, 0x70, 0x70, 0x70, 0x70, 0x70, 0x70, 0x70, 0x70, 0x70,
		0x70, 0x70, 0x70, 0x70, 0x70, 0x70, 0x70, 0x70, 0x70, 0x70, 0x70, 0x70, 0x70, 0x70, 0x70, 0x70,
		0x70, 0x70, 0x70, 0x70, 0x70, 0x70, 0x70, 0x70, 0x70, 0x70, 0x70, 0x70, 0x70, 0x70, 0x70, 0x70,
		0x70, 0x70, 0x70, 0x70, 0x70, 0x70, 0x70, 0x70, 0x70, 0x70, 0x70, 0x70, 0x70, 0x70, 0x70, 0x70,
		0x70, 0x70, 0x70, 0x70, 0x70, 0x70, 0x70, 0x70, 0x70, 0x70, 0x70, 0x70, 0x70, 0x70, 0x70, 0x70,
		0x70, 0x70, 0x70, 0x70, 0x70, 0x70, 0x70, 0x70, 0x70, 0x70, 0x70, 0x70, 0x70, 0x70, 0x70, 0x70,
		0x70, 0x70, 0x70, 0x70, 0x70, 0x70, 0x70, 0x70, 0x70, 0x70, 0x70, 0x70, 0x70, 0x70, 0x70, 0x70,
		0x70, 0x70, 0x70, 0x70, 0x70, 0x70, 0x70, 0x70, 0x70, 0x70, 0x70, 0x70, 0x70, 0x70, 0x70, 0x70,
		0x70, 0x70, 0x70, 0x70, 0x70, 0x70, 0x70, 0x70, 0x70, 0x70, 0x70, 0x70, 0x70, 0x70, 0x70, 0x70,
		0x70, 0x70, 0x70, 0x70, 0x70, 0x70, 0x70, 0x70, 0x70, 0x70, 0x70, 0x70, 0x70, 0x70, 0x70, 0x70,
		0x70, 0x70, 0x70, 0x70, 0x70, 0x70, 0x70, 0x70, 0x70, 0x70, 0x70, 0x70, 0x70, 0x70, 0x70, 0x70,
		0x70, 0x70, 0x70, 0x70, 0x70, 0x70, 0x70, 0x70, 0x70, 0x70, 0x70, 0x70, 0x70, 0x70, 0x70, 0x70,
		0x70, 0x70, 0x70, 0x70, 0x70, 0x70, 0x70, 0x70, 0x70, 0x70, 0x70, 0x70, 0x70, 0x70, 0x70, 0x70,
		0x70, 0x70, 0x70, 0x70, 0x70, 0x70, 0x70, 0x70, 0x70, 0x70, 0x70, 0x70, 0x70, 0x70, 0x70, 0x70,
		0x70, 0x70, 0x70, 0x70, 0x70, 0x70, 0x70, 0x70, 0x70, 0x70, 0x70, 0x70, 0x70, 0x70, 0x70, 0x70,
		0x70, 0x70, 0x70, 0x70, 0x70, 0x70, 0x70, 0x70, 0x70, 0x70, 0x70, 0x70, 0x70, 0x70, 0x70, 0x70,
		0x70, 0x70, 0x70, 0x70, 0x70, 0x70, 0x70, 0x70, 0x70, 0x70, 0x70, 0x70, 0x70, 0x70, 0x70, 0x70,
		0x70, 0x70, 0x70, 0x70, 0x70, 0x70, 0x70, 0x70, 0x28, 0x20, 0x70, 0x70, 0x70, 0x70, 0x70, 0x70,
		0x70, 0x70, 0x70, 0x70, 0x70, 0x70, 0x70, 0x70, 0x70, 0x70, 0x70, 0x70, 0x70, 0x70, 0x70, 0x70,
		0x70, 0x70, 0x70, 0x70, 0x70, 0x70, 0x70, 0x70, 0x70, 0x70, 0x70, 0x70, 0x70, 0x70, 0x70, 0x70,
		0x70, 0x70, 0x70, 0x70, 0x70, 0x70, 0x70, 0x70, 0x70, 0x70, 0x70, 0x70, 0x70, 0x70, 0x70, 0x70,
		0x70, 0x70, 0x70, 0x70, 0x70, 0x70, 0x70, 0x70, 0x70, 0x70, 0x70, 0x70, 0x70, 0x70, 0x70, 0x70,
		0x70, 0x70, 0x70, 0x70, 0x70, 0x70, 0x70, 0x70, 0x70, 0x70, 0x70, 0x70, 0x70, 0x70, 0x70, 0x70,
		0x70, 0x70, 0x70, 0x70, 0x70, 0x70, 0x70, 0x70, 0x70, 0x70, 0x70, 0x70, 0x70, 0x70, 0x70, 0x70,
		0x70, 0x70, 0x70, 0x70, 0x70, 0x70, 0x70, 0x70, 0x70, 0x70, 0x70, 0x70, 0x70, 0x70, 0x70, 0x70,
		0x70, 0x70, 0x70, 0x70, 0x70, 0x70, 0x70, 0x70, 0x70, 0x70, 0x70, 0x70, 0x70, 0x70, 0x70, 0x70,
		0x70, 0x70, 0x70, 0x70, 0x70, 0x70, 0x70, 0x70, 0x70, 0x70, 0x70, 0x70, 0x70, 0x70, 0x70, 0x70,
		0x70, 0x70, 0x70, 0x70, 0x70, 0x70, 0x70, 0x70, 0x70, 0x70, 0x70, 0x70, 0x70, 0x70, 0x70, 0x70,
		0x70, 0x70, 0x70, 0x70, 0x70, 0x70, 0x70, 0x70, 0x70, 0x70, 0x70, 0x70, 0x70, 0x70, 0x70, 0x70,
		0x70, 0x70, 0x70, 0x70, 0x70, 0x70, 0x70, 0x70, 0x70, 0x70, 0x70, 0x70, 0x70, 0x70, 0x70, 0x70,
		0x70, 0x70, 0x70, 0x70, 0x70, 0x70, 0x70, 0x70, 0x70, 0x70, 0x70, 0x70, 0x70, 0x70, 0x70, 0x70,
		0x70, 0x70, 0x70, 0x70, 0x70, 0x70, 0x70, 0x70, 0x70, 0x70, 0x70, 0x70, 0x70, 0x70, 0x70, 0x70,
		0x70, 0x70, 0x70, 0x70, 0x70, 0x70, 0x70, 0x70, 0x70, 0x70, 0x70, 0x70, 0x70, 0x70, 0x70, 0x70,
		0x70, 0x70, 0x70, 0x70, 0x70, 0x70, 0x70, 0x70, 0x70, 0x70, 0x70, 0x70, 0x70, 0x70, 0x70, 0x70,
		0x70, 0x70, 0x70, 0x70, 0x70, 0x70, 0x70, 0x70, 0x70, 0x70, 0x70, 0x70, 0x70, 0x70, 0x70, 0x70,
		0x70, 0x70, 0x70, 0x70, 0x70, 0x70, 0x70, 0x70, 0x70, 0x70, 0x70, 0x70, 0x70, 0x70, 0x70, 0x70,
		0x70, 0x70, 0x70, 0x70, 0x70, 0x70, 0x70, 0x70, 0x70, 0x70, 0x70, 0x70, 0x70, 0x70, 0x70, 0x70,
		0x70, 0x70, 0x70, 0x70, 0x70, 0x70, 0x70, 0x70, 0x70, 0x70, 0x70, 0x70, 0x70, 0x70, 0x70, 0x70,
		0x70, 0x70, 0x70, 0x70, 0x70, 0x70, 0x70, 0x70, 0x70, 0x70, 0x70, 0x70, 0x70, 0x70, 0x70, 0x70,
		0x70, 0x70, 0x70, 0x70, 0x70, 0x70, 0x70, 0x70, 0x70, 0x70, 0x70, 0x70, 0x70, 0x70, 0x70, 0x70,
		0x70, 0x70, 0x70, 0x70, 0x70, 0x70, 0x70, 0x70, 0x70, 0x70, 0x70, 0x70, 0x70, 0x70, 0x70, 0x70,
		0x70, 0x70, 0x70, 0x70, 0x70, 0x70, 0x70, 0x70, 0x70, 0x70, 0x70, 0x70, 0x70, 0x70, 0x70, 0x70,
		0x70, 0x70, 0x70, 0x70, 0x70, 0x70, 0x70, 0x70, 0x70, 0x70, 0x70, 0x70, 0x70, 0x70, 0x70, 0x70,
		0x70, 0x70, 0x70, 0x70, 0x70, 0x70, 0x70, 0x70, 0x70, 0x70, 0x70, 0x70, 0x70, 0x70, 0x70, 0x70,
		0x70, 0x70, 0x70, 0x70, 0x70, 0x70, 0x70, 0x70, 0x70, 0x70, 0x70, 0x70, 0x70, 0x70, 0x70, 0x70,
		0x70, 0x70, 0x70, 0x70, 0x70, 0x70, 0x70, 0x70, 0x70, 0x70, 0x70, 0x70, 0x70, 0x70, 0x70, 0x70,
		0x70, 0x70, 0x70, 0x70, 0x70, 0x70, 0x70, 0x70, 0x70, 0x70, 0x70, 0x70, 0x70, 0x70, 0x70, 0x70,
		0x70, 0x70, 0x70, 0x70, 0x70, 0x70, 0x70, 0x70, 0x70, 0x70, 0x70, 0x70, 0x70, 0x70, 0x70, 0x70,
		0x70, 0x70, 0x70, 0x70, 0x70, 0x70, 0x70, 0x70, 0x70, 0x70, 0x70, 0x70, 0x70, 0x70, 0x70, 0x70,
		0x70, 0x70, 0x70, 0x70, 0x70, 0x70, 0x70, 0x70, 0x70, 0x70, 0x70, 0x70, 0x70, 0x70, 0x70, 0x70,
		0x70, 0x70, 0x70, 0x70, 0x70, 0x70, 0x70, 0x70, 0x70, 0x70, 0x70, 0x70, 0x70, 0x70, 0x70, 0x70,
		0x70, 0x70, 0x70, 0x70, 0x70, 0x70, 0x70, 0x70, 0x70, 0x70, 0x70, 0x70, 0x70, 0x70, 0x70, 0x70,
		0x70, 0x70, 0x70, 0x70, 0x70, 0x70, 0x70, 0x70, 0x70, 0x70, 0x70, 0x70, 0x70, 0x70, 0x70, 0x70,
		0x70, 0x70, 0x70, 0x70, 0x70, 0x70, 0x70, 0x70, 0x70, 0x70, 0x70, 0x70, 0x70, 0x70, 0x70, 0x70,
		0x70, 0x70, 0x70, 0x70, 0x70, 0x70, 0x70, 0x70, 0x70, 0x70, 0x70, 0x70, 0x70, 0x70, 0x70, 0x70,
		0x70, 0x70, 0x70, 0x70, 0x70, 0x70, 0x70, 0x70, 0x70, 0x70, 0x70, 0x70, 0x70, 0x70, 0x70, 0x70,
		0x70, 0x70, 0x70, 0x70, 0x70, 0x70, 0x70, 0x70, 0x70, 0x70, 0x70, 0x70, 0x70, 0x70, 0x70, 0x70,
		0x70, 0x70, 0x70, 0x70, 0x70, 0x70, 0x70, 0x70, 0x70, 0x70, 0x70, 0x70, 0x70, 0x70, 0x70, 0x70,
		0x70, 0x70, 0x70, 0x70, 0x70, 0x70, 0x70, 0x70, 0x70, 0x70, 0x70, 0x70, 0x70, 0x70, 0x70, 0x70,
		0x70, 0x70, 0x70, 0x70, 0x70, 0x70, 0x70, 0x70, 0x70, 0x70, 0x70, 0x70, 0x70, 0x70, 0x70, 0x70,
		0x70, 0x70, 0x70, 0x70, 0x70, 0x70, 0x70, 0x70, 0x70, 0x70, 0x70, 0x70, 0x70, 0x70, 0x70, 0x70,
		0x70, 0x70, 0x70, 0x70, 0x70, 0x70, 0x70, 0x70, 0x70, 0x70, 0x70, 0x70, 0x70, 0x70, 0x70, 0x70,
		0x70, 0x70, 0x70, 0x70, 0x70, 0x70, 0x70, 0x70, 0x70, 0x70, 0x70, 0x70, 0x70, 0x70, 0x70, 0x70,
		0x70, 0x70, 0x70, 0x70, 0x70, 0x70, 0x70, 0x70, 0x70, 0x70, 0x70, 0x70, 0x70, 0x70, 0x70, 0x70,
		0x70, 0x70, 0x70, 0x70, 0x70, 0x70, 0x70, 0x70, 0x70, 0x70, 0x70, 0x70, 0x70, 0x70, 0x70, 0x70,
		0x70, 0x70, 0x70, 0x70, 0x70, 0x70, 0x70, 0x70, 0x70, 0x70, 0x70, 0x70, 0x70, 0x70, 0x70, 0x70,
		0x70, 0x70, 0x70, 0x70, 0x70, 0x70, 0x70, 0x70, 0x70, 0x70, 0x70, 0x70, 0x70, 0x70, 0x70, 0x70,
		0x70, 0x70, 0x70, 0x70, 0x70, 0x70, 0x70, 0x70, 0x70, 0x70, 0x70, 0x70, 0x70, 0x70, 0x70, 0x70,
		0x70, 0x70, 0x70, 0x70, 0x70, 0x70, 0x70, 0x70, 0x70, 0x70, 0x70, 0x70, 0x70, 0x70, 0x70, 0x70,
		0x70, 0x70, 0x70, 0x70, 0x70, 0x70, 0x70, 0x70, 0x70, 0x70, 0x70, 0x70, 0x70, 0x70, 0x70, 0x70,
		0x70, 0x70, 0x70, 0x70, 0x70, 0x70, 0x70, 0x70, 0x70, 0x70, 0x70, 0x70, 0x70, 0x70, 0x70, 0x70,
		0x70, 0x70, 0x70, 0x70, 0x70, 0x70, 0x70, 0x70, 0x70, 0x70, 0x70, 0x70, 0x70, 0x70, 0x70, 0x70,
		0x70, 0x70, 0x70, 0x70, 0x70, 0x70, 0x70, 0x70, 0x70, 0x70, 0x70, 0x70, 0x70, 0x70, 0x70, 0x70,
		0x70, 0x70, 0x70, 0x70, 0x70, 0x70, 0x70, 0x70, 0x70, 0x70, 0x70, 0x70, 0x70, 0x70, 0x70, 0x70,
		0x70, 0x70, 0x70, 0x70, 0x70, 0x70, 0x70, 0x70, 0x70, 0x70, 0x70, 0x70, 0x70, 0x70, 0x70, 0x70,
		0x70, 0x70, 0x70, 0x70, 0x70, 0x70, 0x70, 0x70, 0x70, 0x70, 0x70, 0x70, 0x70, 0x70, 0x70, 0x70,
		0x70, 0x70, 0x70, 0x70, 0x70, 0x70, 0x70, 0x70, 0x70, 0x70, 0x70, 0x70, 0x70, 0x70, 0x70, 0x70,
		0x70, 0x70, 0x70, 0x70, 0x70, 0x70, 0x70, 0x70, 0x70, 0x70, 0x70, 0x70, 0x70, 0x70, 0x70, 0x70,
		0x70, 0x70, 0x70, 0x70, 0x70, 0x70, 0x70, 0x70, 0x70, 0x70, 0x70, 0x70, 0x70, 0x70, 0x70, 0x70,
		0x70, 0x70, 0x70, 0x70, 0x70, 0x70, 0x70, 0x70, 0x70, 0x70, 0x70, 0x70, 0x70, 0x70, 0x70, 0x70,
		0x70, 0x70, 0x70, 0x70, 0x70, 0x70, 0x70, 0x70, 0x70, 0x70, 0x70, 0x70, 0x70, 0x70, 0x70, 0x70,
		0x70, 0x70, 0x70, 0x70, 0x70, 0x70, 0x70, 0x70, 0x70, 0x70, 0x70, 0x70, 0x70, 0x70, 0x70, 0x70,
		0x70, 0x70, 0x70, 0x70, 0x70, 0x70, 0x70, 0x70, 0x70, 0x70, 0x70, 0x70, 0x70, 0x70, 0x70, 0x70,
		0x70, 0x70, 0x70, 0x70, 0x70, 0x70, 0x70, 0x70, 0x70, 0x70, 0x70, 0x70, 0x70, 0x70, 0x70, 0x70,
		0x70, 0x70, 0x70, 0x70, 0x70, 0x70, 0x70, 0x70, 0x70, 0x70, 0x70, 0x70, 0x70, 0x70, 0x70, 0x70,
		0x70, 0x70, 0x70, 0x70, 0x70, 0x70, 0x70, 0x70, 0x70, 0x70, 0x70, 0x70, 0x70, 0x70, 0x70, 0x70,
		0x70, 0x70, 0x70, 0x70, 0x70, 0x70, 0x70, 0x70, 0x70, 0x70, 0x70, 0x70, 0x70, 0x70, 0x70, 0x70,
		0x70, 0x70, 0x70, 0x70, 0x70, 0x70, 0x70, 0x70, 0x70, 0x70, 0x70, 0x70, 0x70, 0x70, 0x70, 0x70,
		0x70, 0x70, 0x70, 0x70, 0x70, 0x70, 0x70, 0x70, 0x70, 0x70, 0x70, 0x70, 0x70, 0x70, 0x70, 0x70,
		0x70, 0x70, 0x70, 0x70, 0x70, 0x70, 0x70, 0x70, 0x70, 0x70, 0x70, 0x70, 0x70, 0x70, 0x70, 0x70,
		0x70, 0x70, 0x70, 0x70, 0x70, 0x70, 0x70, 0x70, 0x70, 0x70, 0x70, 0x70, 0x70, 0x70, 0x70, 0x70,
		0x70, 0x70, 0x70, 0x70, 0x70, 0x70, 0x70, 0x70, 0x70, 0x70, 0x70, 0x70, 0x70, 0x70, 0x70, 0x70,
		0x70, 0x70, 0x70, 0x70, 0x70, 0x70, 0x70, 0x70, 0x70, 0x70, 0x70, 0x70, 0x70, 0x70, 0x70, 0x70,
		0x70, 0x70, 0x70, 0x70, 0x70, 0x70, 0x70, 0x70, 0x70, 0x70, 0x70, 0x70, 0x70, 0x70, 0x70, 0x70,
		0x70, 0x70, 0x70, 0x70, 0x70, 0x70, 0x70, 0x70, 0x70, 0x70, 0x70, 0x70, 0x70, 0x70, 0x70, 0x70,
		0x70, 0x70, 0x70, 0x70, 0x70, 0x70, 0x70, 0x70, 0x70, 0x70, 0x70, 0x70, 0x70, 0x70, 0x70, 0x70,
		0x70, 0x70, 0x70, 0x70, 0x70, 0x70, 0x70, 0x70, 0x70, 0x70, 0x70, 0x70, 0x70, 0x70, 0x70, 0x70,
		0x70, 0x70, 0x70, 0x70, 0x70, 0x70, 0x70, 0x70, 0x70, 0x70, 0x70, 0x70, 0x70, 0x70, 0x70, 0x70,
		0x70, 0x70, 0x70, 0x70, 0x70, 0x70, 0x70, 0x70, 0x70, 0x70, 0x70, 0x70, 0x70, 0x70, 0x70, 0x70,
		0x70, 0x70, 0x70, 0x70, 0x70, 0x70, 0x70, 0x70, 0x70, 0x70, 0x70, 0x70, 0x70, 0x70, 0x70, 0x70,
		0x70, 0x70, 0x70, 0x70, 0x70, 0x70, 0x70, 0x70, 0x70, 0x70, 0x70, 0x70, 0x70, 0x70, 0x70, 0x70,
		0x70, 0x70, 0x70, 0x70, 0x70, 0x70, 0x70, 0x70, 0x70, 0x70, 0x70, 0x70, 0x70, 0x70, 0x70, 0x70,
		0x70, 0x70, 0x70, 0x70, 0x70, 0x70, 0x70, 0x70, 0x70, 0x70, 0x70, 0x70, 0x70, 0x70, 0x70, 0x70,
		0x70, 0x70, 0x70, 0x70, 0x70, 0x70, 0x70, 0x70, 0x70, 0x70, 0x70, 0x70, 0x70, 0x70, 0x70, 0x70,
		0x70, 0x70, 0x70, 0x70, 0x70, 0x70, 0x70, 0x70, 0x70, 0x70, 0x70, 0x70, 0x70, 0x70, 0x70, 0x70,
		0x70, 0x70, 0x70, 0x70, 0x70, 0x70, 0x70, 0x70, 0x70, 0x70, 0x70, 0x70, 0x70, 0x70, 0x70, 0x70,
		0x70, 0x70, 0x70, 0x70, 0x70, 0x70, 0x70, 0x70, 0x70, 0x70, 0x70, 0x70, 0x70, 0x70, 0x70, 0x70,
		0x70, 0x70, 0x70, 0x70, 0x70, 0x70, 0x70, 0x70, 0x70, 0x70, 0x70, 0x70, 0x70, 0x70, 0x70, 0x70,
		0x70, 0x70, 0x70, 0x70, 0x70, 0x70, 0x70, 0x70, 0x70, 0x70, 0x70, 0x70, 0x70, 0x70, 0x70, 0x70,
		0x70, 0x70, 0x70, 0x70, 0x70, 0x70, 0x70, 0x70, 0x70, 0x70, 0x70, 0x70, 0x70, 0x70, 0x70, 0x70,
		0x70, 0x70, 0x70, 0x70, 0x70, 0x70, 0x70, 0x70, 0x70, 0x70, 0x70, 0x70, 0x70, 0x70, 0x70, 0x70,
		0x70, 0x70, 0x70, 0x70, 0x70, 0x70, 0x70, 0x70, 0x70, 0x70, 0x70, 0x70, 0x70, 0x70, 0x70, 0x70,
		0x70, 0x70, 0x70, 0x70, 0x70, 0x70, 0x70, 0x70, 0x70, 0x70, 0x70, 0x70, 0x70, 0x70, 0x70, 0x70,
		0x70, 0x70, 0x70, 0x70, 0x70, 0x70, 0x70, 0x70, 0x70, 0x70, 0x70, 0x70, 0x70, 0x70, 0x70, 0x70,
		0x70, 0x70, 0x70, 0x70, 0x70, 0x70, 0x70, 0x70, 0x70, 0x70, 0x70, 0x70, 0x70, 0x70, 0x70, 0x70,
		0x70, 0x70, 0x70, 0x70, 0x70, 0x70, 0x70, 0x70, 0x70, 0x70, 0x70, 0x70, 0x70, 0x70, 0x70, 0x70,
		0x70, 0x70, 0x70, 0x70, 0x70, 0x70, 0x70, 0x70, 0x70, 0x70, 0x70, 0x70, 0x70, 0x70, 0x70, 0x70,
		0x70, 0x70, 0x70, 0x70, 0x70, 0x70, 0x70, 0x70, 0x70, 0x70, 0x70, 0x70, 0x70, 0x70, 0x70, 0x70,
		0x70, 0x70, 0x70, 0x70, 0x70, 0x70, 0x70, 0x70, 0x70, 0x70, 0x70, 0x70, 0x70, 0x70, 0x70, 0x70,
		0x70, 0x70, 0x70, 0x70, 0x70, 0x70, 0x70, 0x70, 0x70, 0x70, 0x70, 0x70, 0x70, 0x70, 0x70, 0x70,
		0x70, 0x70, 0x70, 0x70, 0x70, 0x70, 0x70, 0x70, 0x70, 0x70, 0x70, 0x70, 0x70, 0x70, 0x70, 0x70,
		0x70, 0x70, 0x70, 0x70, 0x70, 0x70, 0x70, 0x70, 0x70, 0x70, 0x70, 0x70, 0x70, 0x70, 0x70, 0x70,
		0x70, 0x70, 0x70, 0x70, 0x70, 0x70, 0x70, 0x70, 0x70, 0x70, 0x70, 0x70, 0x70, 0x70, 0x70, 0x70,
		0x70, 0x70, 0x70, 0x70, 0x70, 0x70, 0x70, 0x70, 0x70, 0x70, 0x70, 0x70, 0x70, 0x70, 0x70, 0x70,
		0x70, 0x70, 0x70, 0x70, 0x70, 0x70, 0x70, 0x70, 0x70, 0x70, 0x70, 0x70, 0x70, 0x70, 0x70, 0x70,
		0x70, 0x70, 0x70, 0x70, 0x70, 0x70, 0x70, 0x70, 0x70, 0x70, 0x70, 0x70, 0x70, 0x70, 0x70, 0x70,
		0x70, 0x70, 0x70, 0x70, 0x70, 0x70, 0x70, 0x70, 0x70, 0x70, 0x70, 0x70, 0x70, 0x70, 0x70, 0x70,
		0x70, 0x70, 0x70, 0x70, 0x70, 0x70, 0x70, 0x70, 0x70, 0x70, 0x70, 0x70, 0x70, 0x70, 0x70, 0x70,
		0x70, 0x70, 0x70, 0x70, 0x70, 0x70, 0x70, 0x70, 0x70, 0x70, 0x70, 0x70, 0x70, 0x70, 0x70, 0x70,
		0x70, 0x70, 0x70, 0x70, 0x70, 0x70, 0x70, 0x70, 0x70, 0x70, 0x70, 0x70, 0x70, 0x70, 0x70, 0x70,
		0x70, 0x70, 0x70, 0x70, 0x70, 0x70, 0x70, 0x70, 0x70, 0x70, 0x70, 0x70, 0x70, 0x70, 0x70, 0x70,
		0x70, 0x70, 0x70, 0x70, 0x70, 0x70, 0x70, 0x70, 0x70, 0x70, 0x70, 0x70, 0x70, 0x70, 0x70, 0x70,
		0x70, 0x70, 0x70, 0x70, 0x70, 0x70, 0x70, 0x70, 0x70, 0x70, 0x70, 0x70, 0x70, 0x70, 0x70, 0x70,
		0x70, 0x70, 0x70, 0x70, 0x70, 0x70, 0x70, 0x70, 0x70, 0x70, 0x70, 0x70, 0x70, 0x70, 0x70, 0x70,
		0x70, 0x70, 0x70, 0x70, 0x70, 0x70, 0x70, 0x70, 0x70, 0x70, 0x70, 0x70, 0x70, 0x70, 0x70, 0x70,
		0x70, 0x70, 0x70, 0x70, 0x70, 0x70, 0x70, 0x70, 0x70, 0x70, 0x70, 0x70, 0x70, 0x70, 0x70, 0x70,
		0x70, 0x70, 0x70, 0x70, 0x70, 0x70, 0x70, 0x70, 0x70, 0x70, 0x70, 0x70, 0x70, 0x70, 0x70, 0x70,
		0x70, 0x70, 0x70, 0x70, 0x70, 0x70, 0x70, 0x70, 0x70, 0x70, 0x70, 0x70, 0x70, 0x70, 0x70, 0x70,
		0x70, 0x70, 0x70, 0x70, 0x70, 0x70, 0x70, 0x70, 0x70, 0x70, 0x70, 0x70, 0x70, 0x70, 0x70, 0x70,
		0x70, 0x70, 0x70, 0x70, 0x70, 0x70, 0x70, 0x70, 0x70, 0x70, 0x70, 0x70, 0x70, 0x70, 0x70, 0x70,
		0x70, 0x70, 0x70, 0x70, 0x70, 0x70, 0x70, 0x70, 0x70, 0x70, 0x70, 0x70, 0x70, 0x70, 0x70, 0x70,
		0x70, 0x70, 0x70, 0x70, 0x70, 0x70, 0x70, 0x70, 0x70, 0x70, 0x70, 0x70, 0x70, 0x70, 0x70, 0x70,
		0x70, 0x70, 0x70, 0x70, 0x70, 0x70, 0x70, 0x70, 0x70, 0x70, 0x70, 0x70, 0x70, 0x70, 0x70, 0x70,
		0x70, 0x70, 0x70, 0x70, 0x70, 0x70, 0x70, 0x70, 0x70, 0x70, 0x70, 0x70, 0x70, 0x70, 0x70, 0x70,
		0x70, 0x70, 0x70, 0x70, 0x70, 0x70, 0x70, 0x70, 0x70, 0x28, 0x70, 0x70, 0x70, 0x70, 0x70, 0x70,
		0x70, 0x70, 0x70, 0x70, 0x70, 0x70, 0x70, 0x70, 0x70, 0x70, 0x70, 0x70, 0x70, 0x70, 0x70, 0x70,
		0x70, 0x70, 0x70, 0x70, 0x70, 0x70, 0x70, 0x70, 0x70, 0x70, 0x70, 0x70, 0x70, 0x70, 0x70, 0x70,
		0x70, 0x70, 0x70, 0x70, 0x70, 0x70, 0x70, 0x70, 0x70, 0x70, 0x70, 0x70, 0x70, 0x70, 0x70, 0x70,
		0x70, 0x70, 0x70, 0x70, 0x70, 0x70, 0x70, 0x70, 0x70, 0x70, 0x70, 0x70, 0x70, 0x70, 0x70, 0x70,
		0x70, 0x70, 0x70, 0x70, 0x70, 0x70, 0x70, 0x70, 0x70, 0x70, 0x70, 0x70, 0x70, 0x70, 0x70, 0x70,
		0x70, 0x70, 0x70, 0x70, 0x70, 0x70, 0x70, 0x70, 0x70, 0x70, 0x70, 0x70, 0x70, 0x70, 0x70, 0x70,
		0x70, 0x70, 0x70, 0x70, 0x70, 0x70, 0x70, 0x70, 0x70, 0x70, 0x70, 0x70, 0x70, 0x70, 0x70, 0x70,
		0x70, 0x70, 0x70, 0x70, 0x70, 0x70, 0x70, 0x70, 0x70, 0x70, 0x70, 0x70, 0x70, 0x70, 0x70, 0x70,
		0x70, 0x70, 0x70, 0x70, 0x70, 0x70, 0x70, 0x70, 0x70, 0x70, 0x70, 0x70, 0x70, 0x70, 0x70, 0x70,
		0x70, 0x70, 0x70, 0x70, 0x70, 0x70, 0x70, 0x70, 0x70, 0x70, 0x70, 0x70, 0x70, 0x70, 0x70, 0x70,
		0x70, 0x70, 0x70, 0x70, 0x70, 0x70, 0x70, 0x70, 0x70, 0x28, 0x70, 0x70, 0x70, 0x70, 0x70, 0x70,
		0x70, 0x70, 0x70, 0x70, 0x70, 0x70, 0x70, 0x70, 0x70, 0x70, 0x70, 0x70, 0x70, 0x70, 0x70, 0x70,
		0x70, 0x70, 0x70, 0x70, 0x70, 0x70, 0x70, 0x70, 0x70, 0x28, 0x70, 0x70, 0x70, 0x70, 0x70, 0x70,
		0x70, 0x70, 0x70, 0x70, 0x70, 0x70, 0x70, 0x70, 0x70, 0x70, 0x70, 0x70, 0x70, 0x70, 0x70, 0x70,
		0x70, 0x70, 0x70, 0x70, 0x70, 0x70, 0x70, 0x70, 0x70, 0x70, 0x70, 0x70, 0x70, 0x70, 0x70, 0x70,
		0x70, 0x70, 0x70, 0x70, 0x70, 0x70, 0x70, 0x70, 0x70, 0x70, 0x70, 0x70, 0x70, 0x70, 0x70, 0x70,
		0x70, 0x70, 0x70, 0x70, 0x70, 0x70, 0x70, 0x70, 0x70, 0x70, 0x70, 0x70, 0x70, 0x70, 0x70, 0x70,
		0x70, 0x70, 0x70, 0x70, 0x70, 0x70, 0x70, 0x70, 0x70, 0x70, 0x70, 0x70, 0x70, 0x70, 0x70, 0x70,
		0x70, 0x70, 0x70, 0x70, 0x70, 0x70, 0x70, 0x70, 0x70, 0x70, 0x70, 0x70, 0x70, 0x70, 0x70, 0x70,
		0x70, 0x70, 0x70, 0x70, 0x70, 0x70, 0x70, 0x70, 0x70, 0x70, 0x70, 0x70, 0x70, 0x70, 0x70, 0x70,
		0x70, 0x70, 0x70, 0x70, 0x70, 0x70, 0x70, 0x70, 0x70, 0x70, 0x70, 0x70, 0x70, 0x70, 0x70, 0x70,
		0x70, 0x70, 0x70, 0x70, 0x70, 0x70, 0x70, 0x70, 0x70, 0x70, 0x70, 0x70, 0x70, 0x70, 0x70, 0x70,
		0x70, 0x70, 0x70, 0x70, 0x70, 0x70, 0x70, 0x70, 0x70, 0x70, 0x70, 0x70, 0x70, 0x70, 0x70, 0x70,
		0x70, 0x70, 0x70, 0x70, 0x70, 0x70, 0x70, 0x70, 0x70, 0x70, 0x70, 0x70, 0x70, 0x70, 0x70, 0x70,
		0x70, 0x70, 0x70, 0x70, 0x70, 0x70, 0x70, 0x70, 0x70, 0x70, 0x70, 0x70, 0x70, 0x70, 0x70, 0x70,
		0x70, 0x70, 0x70, 0x70, 0x70, 0x70, 0x70, 0x70, 0x70, 0x70, 0x70, 0x70, 0x70, 0x70, 0x70, 0x70,
		0x70, 0x70, 0x70, 0x70, 0x70, 0x70, 0x70, 0x70, 0x70, 0x70, 0x70, 0x70, 0x70, 0x70, 0x70, 0x70,
		0x70, 0x70, 0x70, 0x70, 0x70, 0x70, 0x70, 0x70, 0x70, 0x70, 0x70, 0x70, 0x70, 0x70, 0x70, 0x70,
		0x70, 0x70, 0x70, 0x70, 0x70, 0x70, 0x70, 0x70, 0x70, 0x70, 0x70, 0x70, 0x70, 0x70, 0x70, 0x70,
		0x70, 0x70, 0x70, 0x70, 0x70, 0x70, 0x70, 0x70, 0x70, 0x70, 0x70, 0x70, 0x70, 0x70, 0x70, 0x70,
		0x70, 0x70, 0x70, 0x70, 0x70, 0x70, 0x70, 0x70, 0x70, 0x70, 0x70, 0x70, 0x70, 0x70, 0x70, 0x70,
		0x70, 0x70, 0x70, 0x70, 0x70, 0x70, 0x70, 0x70, 0x70, 0x70, 0x70, 0x70, 0x70, 0x70, 0x70, 0x70,
		0x70, 0x70, 0x70, 0x70, 0x70, 0x70, 0x70, 0x70, 0x70, 0x70, 0x70, 0x70, 0x70, 0x70, 0x70, 0x70,
		0x70, 0x70, 0x70, 0x70, 0x70, 0x70, 0x70, 0x70, 0x70, 0x70, 0x70, 0x70, 0x70, 0x70, 0x70, 0x70,
		0x70, 0x70, 0x70, 0x70, 0x70, 0x70, 0x70, 0x70, 0x70, 0x70, 0x70, 0x70, 0x70, 0x70, 0x70, 0x70,
		0x70, 0x70, 0x70, 0x70, 0x70, 0x70, 0x70, 0x70, 0x70, 0x70, 0x70, 0x70, 0x70, 0x70, 0x70, 0x70,
		0x70, 0x70, 0x70, 0x70, 0x70, 0x70, 0x70, 0x70, 0x70, 0x70, 0x70, 0x70, 0x70, 0x70, 0x70, 0x70,
		0x70, 0x70, 0x70, 0x70, 0x70, 0x70, 0x70, 0x70, 0x70, 0x70, 0x70, 0x70, 0x70, 0x70, 0x70, 0x70,
		0x70, 0x70, 0x70, 0x70, 0x70, 0x70, 0x70, 0x70, 0x70, 0x70, 0x70, 0x70, 0x70, 0x70, 0x70, 0x70,
		0x70, 0x70, 0x70, 0x70, 0x70, 0x70, 0x70, 0x70, 0x70, 0x70, 0x70, 0x70, 0x70, 0x70, 0x70, 0x70,
		0x70, 0x70, 0x70, 0x70, 0x70, 0x70, 0x70, 0x70, 0x70, 0x70, 0x70, 0x70, 0x70, 0x70, 0x70, 0x70,
		0x70, 0x70, 0x70, 0x70, 0x70, 0x70, 0x70, 0x70, 0x70, 0x70, 0x70, 0x70, 0x70, 0x70, 0x70, 0x70,
		0x70, 0x70, 0x70, 0x70, 0x70, 0x70, 0x70, 0x70, 0x70, 0x70, 0x70, 0x70, 0x70, 0x70, 0x70, 0x70,
		0x70, 0x70, 0x70, 0x70, 0x70, 0x70, 0x70, 0x70, 0x70, 0x70, 0x70, 0x70, 0x70, 0x70, 0x70, 0x70,
		0x70, 0x70, 0x70, 0x70, 0x70, 0x70, 0x70, 0x70, 0x70, 0x70, 0x70, 0x70, 0x70, 0x70, 0x70, 0x70,
		0x70, 0x70, 0x70, 0x70, 0x70, 0x70, 0x70, 0x70, 0x70, 0x70, 0x70, 0x70, 0x70, 0x70, 0x70, 0x70,
		0x70, 0x70, 0x70, 0x70, 0x70, 0x70, 0x70, 0x70, 0x70, 0x70, 0x70, 0x70, 0x70, 0x70, 0x70, 0x70,
		0x70, 0x70, 0x70, 0x70, 0x70, 0x70, 0x70, 0x70, 0x70, 0x70, 0x70, 0x70, 0x70, 0x70, 0x70, 0x70,
		0x70, 0x70, 0x70, 0x70, 0x70, 0x70, 0x70, 0x70, 0x70, 0x70, 0x70, 0x70, 0x70, 0x70, 0x70, 0x70,
		0x70, 0x70, 0x70, 0x70, 0x70, 0x70, 0x70, 0x70, 0x70, 0x70, 0x70, 0x70, 0x70, 0x70, 0x70, 0x70,
		0x70, 0x70, 0x70, 0x70, 0x70, 0x70, 0x70, 0x70, 0x70, 0x70, 0x70, 0x70, 0x70, 0x70, 0x70, 0x70,
		0x70, 0x70, 0x70, 0x70, 0x70, 0x70, 0x70, 0x70, 0x70, 0x70, 0x70, 0x70, 0x70, 0x70, 0x70, 0x70,
		0x70, 0x70, 0x70, 0x70, 0x70, 0x70, 0x70, 0x70, 0x70, 0x70, 0x70, 0x70, 0x70, 0x70, 0x70, 0x70,
		0x70, 0x70, 0x70, 0x70, 0x70, 0x70, 0x70, 0x70, 0x70, 0x70, 0x70, 0x70, 0x70, 0x70, 0x70, 0x70,
		0x70, 0x70, 0x70, 0x70, 0x70, 0x70, 0x70, 0x70, 0x70, 0x70, 0x70, 0x70, 0x70, 0x70, 0x70, 0x70,
		0x70, 0x70, 0x70, 0x70, 0x70, 0x70, 0x70, 0x70, 0x70, 0x70, 0x70, 0x70, 0x70, 0x70, 0x70, 0x70,
		0x70, 0x70, 0x70, 0x70, 0x70, 0x70, 0x70, 0x70, 0x70, 0x70, 0x70, 0x70, 0x70, 0x70, 0x70, 0x70,
		0x70, 0x70, 0x70, 0x70, 0x70, 0x70, 0x70, 0x70, 0x70, 0x70, 0x70, 0x70, 0x70, 0x70, 0x70, 0x70,
		0x70, 0x70, 0x70, 0x70, 0x70, 0x70, 0x70, 0x70, 0x70, 0x70, 0x70, 0x70, 0x70, 0x70, 0x70, 0x70,
		0x70, 0x70, 0x70, 0x70, 0x70, 0x70, 0x70, 0x70, 0x70, 0x70, 0x70, 0x70, 0x70, 0x70, 0x70, 0x70,
		0x70, 0x70, 0x70, 0x70, 0x70, 0x70, 0x70, 0x70, 0x70, 0x70, 0x70, 0x70, 0x70, 0x70, 0x70, 0x70,
		0x70, 0x70, 0x70, 0x70, 0x70, 0x70, 0x70, 0x70, 0x70, 0x70, 0x70, 0x70, 0x70, 0x70, 0x70, 0x70,
		0x70, 0x70, 0x70, 0x70, 0x70, 0x70, 0x70, 0x70, 0x70, 0x70, 0x70, 0x70, 0x70, 0x70, 0x70, 0x70,
		0x70, 0x70, 0x70, 0x70, 0x70, 0x70, 0x70, 0x70, 0x70, 0x70, 0x70, 0x70, 0x70, 0x70, 0x70, 0x70,
		0x70, 0x70, 0x70, 0x70, 0x70, 0x70, 0x70, 0x70, 0x70, 0x70, 0x70, 0x70, 0x70, 0x70, 0x70, 0x70,
		0x70, 0x70, 0x70, 0x70, 0x70, 0x70, 0x70, 0x70, 0x70, 0x70, 0x70, 0x70, 0x70, 0x70, 0x70, 0x70,
		0x70, 0x70, 0x70, 0x70, 0x70, 0x70, 0x70, 0x70, 0x70, 0x70, 0x70, 0x70, 0x70, 0x70, 0x70, 0x70,
		0x70, 0x70, 0x70, 0x70, 0x70, 0x70, 0x70, 0x70, 0x70, 0x70, 0x70, 0x70, 0x70, 0x70, 0x70, 0x70,
		0x70, 0x70, 0x70, 0x70, 0x70, 0x70, 0x70, 0x70, 0x70, 0x70, 0x70, 0x70, 0x70, 0x70, 0x70, 0x70,
		0x70, 0x70, 0x70, 0x70, 0x70, 0x70, 0x70, 0x70, 0x70, 0x70, 0x70, 0x70, 0x70, 0x70, 0x70, 0x70,
		0x70, 0x70, 0x70, 0x70, 0x70, 0x70, 0x70, 0x70, 0x70, 0x70, 0x70, 0x70, 0x70, 0x70, 0x70, 0x70,
		0x70, 0x70, 0x70, 0x70, 0x70, 0x70, 0x70, 0x70, 0x70, 0x70, 0x70, 0x70, 0x70, 0x70, 0x70, 0x70,
		0x70, 0x70, 0x70, 0x70, 0x70, 0x70, 0x70, 0x70, 0x70, 0x70, 0x70, 0x70, 0x70, 0x70, 0x70, 0x70,
		0x70, 0x70, 0x70, 0x70, 0x70, 0x70, 0x70, 0x70, 0x70, 0x70, 0x70, 0x70, 0x70, 0x70, 0x70, 0x70,
		0x70, 0x70, 0x70, 0x70, 0x70, 0x70, 0x70, 0x70, 0x70, 0x70, 0x70, 0x70, 0x70, 0x70, 0x70, 0x70,
		0x70, 0x70, 0x70, 0x70, 0x70, 0x70, 0x70, 0x70, 0x70, 0x70, 0x70, 0x70, 0x70, 0x70, 0x70, 0x70,
		0x70, 0x70, 0x70, 0x70, 0x70, 0x70, 0x70, 0x70, 0x70, 0x70, 0x70, 0x70, 0x70, 0x70, 0x70, 0x70,
		0x70, 0x70, 0x70, 0x70, 0x70, 0x70, 0x70, 0x70, 0x70, 0x70, 0x70, 0x70, 0x70, 0x70, 0x70, 0x70,
		0x70, 0x70, 0x70, 0x70, 0x70, 0x70, 0x70, 0x70, 0x70, 0x70, 0x70, 0x70, 0x70, 0x70, 0x70, 0x70,
		0x70, 0x70, 0x70, 0x70, 0x70, 0x70, 0x70, 0x70, 0x70, 0x70, 0x70, 0x70, 0x70, 0x70, 0x70, 0x70,
		0x70, 0x70, 0x70, 0x70, 0x70, 0x70, 0x70, 0x70, 0x70, 0x70, 0x70, 0x70, 0x70, 0x70, 0x70, 0x70,
		0x70, 0x70, 0x70, 0x70, 0x70, 0x70, 0x70, 0x70, 0x70, 0x70, 0x70, 0x70, 0x70, 0x70, 0x70, 0x70,
		0x70, 0x70, 0x70, 0x70, 0x70, 0x70, 0x70, 0x70, 0x70, 0x70, 0x70, 0x70, 0x70, 0x70, 0x70, 0x70,
		0x70, 0x70, 0x70, 0x70, 0x70, 0x70, 0x70, 0x70, 0x70, 0x70, 0x70, 0x70, 0x70, 0x70, 0x70, 0x70,
		0x70, 0x70, 0x70, 0x70, 0x70, 0x70, 0x70, 0x70, 0x70, 0x70, 0x70, 0x70, 0x70, 0x70, 0x70, 0x70,
		0x70, 0x70, 0x70, 0x70, 0x70, 0x70, 0x70, 0x70, 0x70, 0x70, 0x70, 0x70, 0x70, 0x70, 0x70, 0x70,
		0x70, 0x70, 0x70, 0x70, 0x70, 0x70, 0x70, 0x70, 0x70, 0x70, 0x70, 0x70, 0x70, 0x70, 0x70, 0x70,
		0x70, 0x70, 0x70, 0x70, 0x70, 0x70, 0x70, 0x70, 0x70, 0x70, 0x70, 0x70, 0x70, 0x70, 0x70, 0x70,
		0x70, 0x70, 0x70, 0x70, 0x70, 0x70, 0x70, 0x70, 0x70, 0x70, 0x70, 0x70, 0x70, 0x70, 0x70, 0x70,
		0x70, 0x70, 0x70, 0x70, 0x70, 0x70, 0x70, 0x70, 0x70, 0x70, 0x70, 0x70, 0x70, 0x70, 0x70, 0x70,
		0x70, 0x70, 0x70, 0x70, 0x70, 0x70, 0x70, 0x70, 0x70, 0x70, 0x70, 0x70, 0x70, 0x70, 0x70, 0x70,
		0x70, 0x70, 0x70, 0x70, 0x70, 0x70, 0x70, 0x70, 0x70, 0x70, 0x70, 0x70, 0x70, 0x70, 0x70, 0x70,
		0x70, 0x70, 0x70, 0x70, 0x70, 0x70, 0x70, 0x70, 0x70, 0x70, 0x70, 0x70, 0x70, 0x70, 0x70, 0x70,
		0x70, 0x70, 0x70, 0x70, 0x70, 0x70, 0x70, 0x70, 0x70, 0x70, 0x70, 0x70, 0x70, 0x70, 0x70, 0x70,
		0x70, 0x70, 0x70, 0x70, 0x70, 0x70, 0x70, 0x70, 0x70, 0x70, 0x70, 0x70, 0x70, 0x70, 0x70, 0x70,
		0x70, 0x70, 0x70, 0x70, 0x70, 0x70, 0x70, 0x70, 0x70, 0x70, 0x70, 0x70, 0x70, 0x70, 0x70, 0x70,
		0x70, 0x70, 0x70, 0x70, 0x70, 0x70, 0x70, 0x70, 0x70, 0x70, 0x70, 0x70, 0x70, 0x70, 0x70, 0x70,
		0x70, 0x70, 0x70, 0x70, 0x70, 0x70, 0x70, 0x70, 0x70, 0x70, 0x70, 0x70, 0x70, 0x70, 0x70, 0x70,
		0x70, 0x70, 0x70, 0x70, 0x70, 0x70, 0x70, 0x70, 0x70, 0x70, 0x70, 0x70, 0x70, 0x70, 0x70, 0x70,
		0x70, 0x70, 0x70, 0x70, 0x70, 0x70, 0x70, 0x70, 0x70, 0x70, 0x70, 0x70, 0x70, 0x70, 0x70, 0x70,
		0x70, 0x70, 0x70, 0x70, 0x70, 0x70, 0x70, 0x70, 0x70, 0x70, 0x70, 0x70, 0x70, 0x70, 0x70, 0x70,
		0x70, 0x70, 0x70, 0x70, 0x70, 0x70, 0x70, 0x70, 0x70, 0x70, 0x70, 0x70, 0x70, 0x70, 0x70, 0x70,
		0x70, 0x70, 0x70, 0x70, 0x70, 0x70, 0x70, 0x70, 0x70, 0x70, 0x70, 0x70, 0x70, 0x70, 0x70, 0x70,
		0x70, 0x70, 0x70, 0x70, 0x70, 0x70, 0x70, 0x70, 0x70, 0x70, 0x70, 0x70, 0x70, 0x70, 0x70, 0x70,
		0x70, 0x70, 0x70, 0x70, 0x70, 0x70, 0x70, 0x70, 0x70, 0x70, 0x70, 0x70, 0x70, 0x70, 0x70, 0x70,
		0x70, 0x70, 0x70, 0x70, 0x70, 0x70, 0x70, 0x70, 0x70, 0x70, 0x70, 0x70, 0x70, 0x70, 0x70, 0x70,
		0x70, 0x70, 0x70, 0x70, 0x70, 0x70, 0x70, 0x70, 0x70, 0x70, 0x70, 0x70, 0x70, 0x70, 0x70, 0x70,
		0x70, 0x70, 0x70, 0x70, 0x70, 0x70, 0x70, 0x70, 0x70, 0x70, 0x70, 0x70, 0x70, 0x70, 0x70, 0x70,
		0x70, 0x70, 0x70, 0x70, 0x70, 0x70, 0x70, 0x70, 0x70, 0x70, 0x70, 0x70, 0x70, 0x70, 0x70, 0x70,
		0x70, 0x70, 0x70, 0x70, 0x70, 0x70, 0x70, 0x70, 0x70, 0x70, 0x70, 0x70, 0x70, 0x70, 0x70, 0x70,
		0x70, 0x70, 0x70, 0x70, 0x70, 0x70, 0x70, 0x70, 0x70, 0x70, 0x70, 0x70, 0x70, 0x70, 0x70, 0x70,
		0x70, 0x70, 0x70, 0x70, 0x70, 0x70, 0x70, 0x70, 0x10, 0x10, 0x10, 0x10, 0x10, 0x10, 0x10, 0x10,
		0x10, 0x70, 0x70, 0x70, 0x70, 0x70, 0x70, 0x70, 0x70, 0x70, 0x70, 0x70, 0x70, 0x70, 0x70, 0x70,
		0x70, 0x70, 0x70, 0x70, 0x70, 0x70, 0x70, 0x70, 0x70, 0x70, 0x70, 0x70, 0x70, 0x70, 0x70, 0x70,
		0x70, 0x70, 0x70, 0x70, 0x70, 0x70, 0x70, 0x70, 0x70, 0x70, 0x70, 0x70, 0x70, 0x70, 0x70, 0x70,
		0x70, 0x70, 0x70, 0x70, 0x70, 0x70, 0x70, 0x70, 0x70, 0x70, 0x70, 0x70, 0x70, 0x70, 0x70, 0x70,
		0x70, 0x70, 0x70, 0x70, 0x70, 0x70, 0x70, 0x70, 0x70, 0x70, 0x70, 0x70, 0x70, 0x70, 0x70, 0x70,
		0x70, 0x70, 0x70, 0x70, 0x70, 0x70, 0x70, 0x70, 0x70, 0x70, 0x70, 0x70, 0x70, 0x70, 0x70, 0x70,
		0x70, 0x70, 0x70, 0x70, 0x70, 0x70, 0x70, 0x70, 0x70, 0x70, 0x70, 0x70, 0x70, 0x70, 0x70, 0x70,
		0x70, 0x70, 0x70, 0x70, 0x70, 0x70, 0x70, 0x70, 0x70, 0x70, 0x70, 0x70, 0x70, 0x70, 0x70, 0x70,
		0x70, 0x70, 0x70, 0x70, 0x70, 0x70, 0x70, 0x70, 0x70, 0x70, 0x70, 0x70, 0x70, 0x70, 0x70, 0x70,
		0x70, 0x70, 0x70, 0x70, 0x70, 0x70, 0x70, 0x70, 0x70, 0x70, 0x70, 0x70, 0x70, 0x70, 0x70, 0x70,
		0x70, 0x70, 0x70, 0x70, 0x70, 0x70, 0x70, 0x70, 0x70, 0x70, 0x70, 0x70, 0x70, 0x70, 0x70, 0x70,
		0x70, 0x70, 0x70, 0x70, 0x70, 0x70, 0x70, 0x70, 0x70, 0x70, 0x70, 0x70, 0x70, 0x70, 0x70, 0x70,
		0x70, 0x70, 0x70, 0x70, 0x70, 0x70, 0x70, 0x70, 0x70, 0x70, 0x70, 0x70, 0x70, 0x70, 0x70, 0x70,
		0x70, 0x70, 0x70, 0x70, 0x70, 0x70, 0x70, 0x70, 0x70, 0x70, 0x70, 0x70, 0x70, 0x70, 0x70, 0x70,
		0x70, 0x70, 0x70, 0x70, 0x70, 0x70, 0x70, 0x70, 0x70, 0x70, 0x70, 0x70, 0x70, 0x70, 0x70, 0x70,
		0x70, 0x70, 0x70, 0x70, 0x70, 0x70, 0x70, 0x70, 0x70, 0x70, 0x70, 0x70, 0x70, 0x70, 0x70, 0x70,
		0x70, 0x70, 0x70, 0x70, 0x70, 0x70, 0x70, 0x70, 0x70, 0x70, 0x70, 0x70, 0x70, 0x70, 0x70, 0x70,
		0x70, 0x70, 0x70, 0x70, 0x70, 0x10, 0x10, 0x20, 0x20, 0x20, 0x20, 0x10, 0x70, 0x70, 0x70, 0x70,
		0x70, 0x70, 0x10, 0x10, 0x10, 0x10, 0x10, 0x10, 0x10, 0x10, 0x10, 0x10, 0x10, 0x10, 0x10, 0x10,
		0x10, 0x10, 0x10, 0x10, 0x10, 0x10, 0x10, 0x10, 0x10, 0x10, 0x10, 0x10, 0x10, 0x10, 0x10, 0x10,
		0x10, 0x10, 0x10, 0x10, 0x10, 0x10, 0x10, 0x10, 0x10, 0x10, 0x10, 0x10, 0x10, 0x10, 0x10, 0x10,
		0x10, 0x10, 0x10, 0x10, 0x10, 0x10, 0x10, 0x10, 0x10, 0x10, 0x10, 0x10, 0x10, 0x10, 0x10, 0x10,
		0x10, 0x10, 0x10, 0x10, 0x10, 0x10, 0x10, 0x10, 0x70, 0x70, 0x70, 0x70, 0x70, 0x70, 0x70, 0x70,
		0x70, 0x70, 0x70, 0x70, 0x70, 0x70, 0x70, 0x70, 0x70, 0x70, 0x70, 0x70, 0x70, 0x70, 0x70, 0x70,
		0x70, 0x70, 0x70, 0x70, 0x70, 0x70, 0x70, 0x70, 0x70, 0x70, 0x70, 0x70, 0x70, 0x70, 0x70, 0x70,
		0x70, 0x70, 0x70, 0x70, 0x70, 0x70, 0x70, 0x70, 0x70, 0x70, 0x70, 0x70, 0x70, 0x70, 0x70, 0x70,
		0x70, 0x70, 0x70, 0x70, 0x70, 0x70, 0x70, 0x70, 0x70, 0x70, 0x70, 0x70, 0x70, 0x70, 0x70, 0x70,
		0x70, 0x70, 0x70, 0x70, 0x70, 0x70, 0x70, 0x70, 0x70, 0x70, 0x70, 0x70, 0x70, 0x70, 0x70, 0x70,
		0x70, 0x70, 0x70, 0x70, 0x70, 0x70, 0x70, 0x70, 0x70, 0x70, 0x70, 0x70, 0x70, 0x70, 0x70, 0x70,
		0x70, 0x70, 0x70, 0x70, 0x70, 0x70, 0x70, 0x70, 0x70, 0x70, 0x70, 0x70, 0x70, 0x70, 0x70, 0x70,
		0x70, 0x70, 0x70, 0x70, 0x70, 0x70, 0x70, 0x70, 0x70, 0x70, 0x70, 0x70, 0x70, 0x70, 0x70, 0x70,
		0x70, 0x70, 0x70, 0x70, 0x70, 0x70, 0x70, 0x70, 0x70, 0x70, 0x70, 0x70, 0x70, 0x70, 0x70, 0x70,
		0x70, 0x70, 0x70, 0x70, 0x70, 0x70, 0x70, 0x70, 0x70, 0x70, 0x70, 0x70, 0x70, 0x70, 0x70, 0x70,
		0x70, 0x70, 0x70, 0x70, 0x70, 0x70, 0x70, 0x70, 0x70, 0x70, 0x70, 0x70, 0x70, 0x70, 0x70, 0x70,
		0x70, 0x70, 0x70, 0x70, 0x70, 0x70, 0x70, 0x70, 0x70, 0x70, 0x70, 0x70, 0x70, 0x70, 0x70, 0x70,
		0x70, 0x70, 0x10, 0x20, 0x20, 0x20, 0x20, 0x10, 0x10, 0x10, 0x10, 0x10, 0x10, 0x10, 0x28, 0x28,
		0x28, 0x28, 0x28, 0x28, 0x28, 0x28, 0x28, 0x28, 0x28, 0x28, 0x28, 0x28, 0x28, 0x28, 0x28, 0x28,
		0x28, 0x28, 0x28, 0x28, 0x28, 0x28, 0x28, 0x28, 0x28, 0x28, 0x28, 0x28, 0x28, 0x28, 0x28, 0x28,
		0x28, 0x28, 0x28, 0x28, 0x28, 0x28, 0x28, 0x28, 0x28, 0x28, 0x28, 0x28, 0x28, 0x28, 0x28, 0x28,
		0x28, 0x28, 0x28, 0x28, 0x28, 0x28, 0x28, 0x28, 0x20, 0x20, 0x20, 0x20, 0x20, 0x20, 0x20, 0x10,
		0x10, 0x10, 0x70, 0x70, 0x70, 0x70, 0x70, 0x70, 0x70, 0x70, 0x70, 0x70, 0x70, 0x70, 0x70, 0x70,
		0x70, 0x70, 0x70, 0x70, 0x70, 0x70, 0x70, 0x70, 0x70, 0x70, 0x70, 0x70, 0x70, 0x70, 0x70, 0x70,
		0x70, 0x70, 0x70, 0x70, 0x70, 0x70, 0x70, 0x70, 0x70, 0x70, 0x70, 0x70, 0x70, 0x70, 0x70, 0x70,
		0x70, 0x70, 0x70, 0x70, 0x70, 0x70, 0x70, 0x70, 0x70, 0x70, 0x70, 0x70, 0x70, 0x70, 0x70, 0x70,
		0x70, 0x70, 0x70, 0x70, 0x70, 0x70, 0x70, 0x70, 0x70, 0x70, 0x70, 0x70, 0x70, 0x70, 0x70, 0x70,
		0x70, 0x70, 0x70, 0x70, 0x70, 0x70, 0x70, 0x70, 0x70, 0x70, 0x70, 0x70, 0x70, 0x70, 0x70, 0x70,
		0x70, 0x70, 0x70, 0x70, 0x70, 0x70, 0x70, 0x70, 0x70, 0x70, 0x70, 0x70, 0x70, 0x70, 0x70, 0x70,
		0x70, 0x70, 0x70, 0x70, 0x70, 0x70, 0x70, 0x70, 0x70, 0x70, 0x70, 0x70, 0x70, 0x70, 0x70, 0x70,
		0x70, 0x70, 0x70, 0x70, 0x70, 0x70, 0x70, 0x70, 0x70, 0x70, 0x70, 0x70, 0x70, 0x70, 0x70, 0x70,
		0x70, 0x70, 0x70, 0x70, 0x70, 0x70, 0x70, 0x70, 0x70, 0x70, 0x70, 0x70, 0x70, 0x70, 0x70, 0x70,
		0x70, 0x70, 0x70, 0x70, 0x70, 0x70, 0x70, 0x70, 0x70, 0x70, 0x70, 0x70, 0x70, 0x70, 0x70, 0x70,
		0x70, 0x70, 0x70, 0x70, 0x70, 0x70, 0x70, 0x70, 0x70, 0x70, 0x70, 0x70, 0x70, 0x70, 0x70, 0x70,
		0x70, 0x70, 0x70, 0x70, 0x70, 0x70, 0x70, 0x70, 0x70, 0x70, 0x70, 0x70, 0x70, 0x70, 0x70, 0x10,
		0x20, 0x20, 0x20, 0x10, 0x28, 0x28, 0x28, 0x28, 0x28, 0x28, 0x28, 0x28, 0x28, 0x28, 0x28, 0x28,
		0x28, 0x28, 0x28, 0x28, 0x28, 0x28, 0x28, 0x28, 0x28, 0x28, 0x28, 0x28, 0x28, 0x28, 0x28, 0x28,
		0x28, 0x28, 0x28, 0x28, 0x28, 0x28, 0x28, 0x28, 0x28, 0x28, 0x28, 0x28, 0x28, 0x28, 0x28, 0x28,
		0x28, 0x28, 0x28, 0x28, 0x28, 0x28, 0x28, 0x28, 0x28, 0x28, 0x28, 0x28, 0x28, 0x28, 0x28, 0x28,
		0x28, 0x28, 0x28, 0x28, 0x28, 0x28, 0x20, 0x28, 0x20, 0x20, 0x20, 0x20, 0x20, 0x10, 0x10, 0x10,
		0x10, 0x70, 0x70, 0x70, 0x70, 0x70, 0x70, 0x70, 0x70, 0x70, 0x70, 0x70, 0x70, 0x70, 0x70, 0x70,
		0x70, 0x70, 0x70, 0x70, 0x70, 0x70, 0x70, 0x70, 0x70, 0x70, 0x70, 0x70, 0x70, 0x70, 0x70, 0x70,
		0x70, 0x70, 0x70, 0x70, 0x70, 0x70, 0x70, 0x70, 0x70, 0x70, 0x70, 0x70, 0x70, 0x20, 0x10, 0x70,
		0x70, 0x70, 0x70, 0x70, 0x70, 0x70, 0x70, 0x70, 0x70, 0x70, 0x70, 0x70, 0x70, 0x70, 0x70, 0x70,
		0x70, 0x70, 0x70, 0x70, 0x70, 0x70, 0x70, 0x70, 0x70, 0x70, 0x70, 0x70, 0x70, 0x70, 0x70, 0x70,
		0x70, 0x70, 0x70, 0x70, 0x70, 0x70, 0x70, 0x70, 0x70, 0x70, 0x70, 0x70, 0x70, 0x70, 0x70, 0x70,
		0x70, 0x70, 0x70, 0x70, 0x70, 0x70, 0x70, 0x70, 0x70, 0x70, 0x70, 0x70, 0x70, 0x70, 0x70, 0x70,
		0x70, 0x70, 0x70, 0x70, 0x70, 0x70, 0x70, 0x70, 0x70, 0x70, 0x70, 0x70, 0x70, 0x70, 0x70, 0x70,
		0x70, 0x70, 0x70, 0x70, 0x70, 0x70, 0x70, 0x70, 0x70, 0x70, 0x70, 0x70, 0x70, 0x70, 0x70, 0x70,
		0x70, 0x70, 0x70, 0x70, 0x70, 0x70, 0x70, 0x70, 0x70, 0x70, 0x70, 0x70, 0x70, 0x70, 0x70, 0x70,
		0x70, 0x70, 0x70, 0x70, 0x70, 0x70, 0x70, 0x70, 0x70, 0x70, 0x70, 0x70, 0x70, 0x70, 0x70, 0x70,
		0x70, 0x70, 0x70, 0x70, 0x70, 0x70, 0x70, 0x70, 0x70, 0x70, 0x70, 0x70, 0x70, 0x70, 0x70, 0x70,
		0x70, 0x70, 0x70, 0x70, 0x70, 0x70, 0x70, 0x70, 0x70, 0x10, 0x10, 0x10, 0x20, 0x20, 0x20, 0x10,
		0x20, 0x28, 0x28, 0x28, 0x28, 0x28, 0x28, 0x28, 0x28, 0x28, 0x28, 0x28, 0x28, 0x28, 0x28, 0x28,
		0x28, 0x28, 0x28, 0x28, 0x28, 0x28, 0x28, 0x28, 0x28, 0x28, 0x28, 0x28, 0x28, 0x28, 0x28, 0x28,
		0x28, 0x28, 0x28, 0x28, 0x28, 0x28, 0x28, 0x28, 0x28, 0x28, 0x28, 0x28, 0x28, 0x28, 0x28, 0x28,
		0x28, 0x28, 0x28, 0x28, 0x28, 0x28, 0x28, 0x28, 0x28, 0x28, 0x28, 0x28, 0x28, 0x28, 0x28, 0x28,
		0x28, 0x28, 0x28, 0x20, 0x28, 0x20, 0x28, 0x20, 0x20, 0x20, 0x10, 0x10, 0x10, 0x10, 0x10, 0x10,
		0x70, 0x70, 0x70, 0x70, 0x70, 0x70, 0x70, 0x70, 0x70, 0x70, 0x70, 0x70, 0x70, 0x70, 0x70, 0x70,
		0x70, 0x70, 0x70, 0x70, 0x70, 0x70, 0x70, 0x70, 0x70, 0x70, 0x70, 0x70, 0x70, 0x70, 0x70, 0x70,
		0x70, 0x70, 0x70, 0x70, 0x70, 0x70, 0x70, 0x70, 0x10, 0x10, 0x20, 0x70, 0x70, 0x70, 0x70, 0x70,
		0x70, 0x70, 0x70, 0x70, 0x70, 0x70, 0x70, 0x70, 0x70, 0x70, 0x70, 0x70, 0x70, 0x70, 0x70, 0x70,
		0x70, 0x70, 0x70, 0x70, 0x70, 0x70, 0x70, 0x70, 0x70, 0x70, 0x70, 0x70, 0x70, 0x70, 0x70, 0x70,
		0x70, 0x70, 0x70, 0x70, 0x70, 0x70, 0x70, 0x70, 0x70, 0x70, 0x70, 0x70, 0x70, 0x70, 0x70, 0x70,
		0x70, 0x70, 0x70, 0x70, 0x70, 0x70, 0x70, 0x70, 0x70, 0x70, 0x70, 0x70, 0x70, 0x70, 0x70, 0x70,
		0x70, 0x70, 0x70, 0x70, 0x70, 0x70, 0x70, 0x70, 0x70, 0x70, 0x70, 0x70, 0x70, 0x70, 0x70, 0x70,
		0x70, 0x70, 0x70, 0x70, 0x70, 0x70, 0x70, 0x70, 0x70, 0x70, 0x70, 0x70, 0x70, 0x70, 0x70, 0x70,
		0x70, 0x70, 0x70, 0x70, 0x70, 0x70, 0x70, 0x70, 0x70, 0x70, 0x70, 0x70, 0x70, 0x70, 0x70, 0x70,
		0x70, 0x70, 0x70, 0x70, 0x70, 0x70, 0x70, 0x70, 0x70, 0x70, 0x70, 0x70, 0x70, 0x70, 0x70, 0x70,
		0x70, 0x70, 0x70, 0x70, 0x70, 0x70, 0x70, 0x70, 0x70, 0x70, 0x70, 0x70, 0x70, 0x70, 0x70, 0x70,
		0x70, 0x70, 0x10, 0x10, 0x10, 0x20, 0x20, 0x10, 0x20, 0x20, 0x20, 0x10, 0x20, 0x28, 0x28, 0x28,
		0x28, 0x28, 0x28, 0x28, 0x28, 0x28, 0x28, 0x28, 0x28, 0x28, 0x28, 0x28, 0x28, 0x28, 0x28, 0x28,
		0x28, 0x28, 0x28, 0x28, 0x28, 0x28, 0x28, 0x28, 0x28, 0x28, 0x28, 0x28, 0x28, 0x28, 0x28, 0x28,
		0x28, 0x28, 0x28, 0x28, 0x28, 0x28, 0x28, 0x28, 0x28, 0x28, 0x28, 0x28, 0x28, 0x28, 0x28, 0x28,
		0x28, 0x28, 0x28, 0x28, 0x28, 0x28, 0x28, 0x28, 0x28, 0x28, 0x28, 0x28, 0x28, 0x28, 0x28, 0x28,
		0x28, 0x20, 0x20, 0x28, 0x20, 0x28, 0x20, 0x10, 0x10, 0x20, 0x20, 0x20, 0x10, 0x10, 0x10, 0x10,
		0x70, 0x70, 0x70, 0x70, 0x70, 0x70, 0x70, 0x70, 0x70, 0x70, 0x70, 0x70, 0x70, 0x70, 0x70, 0x70,
		0x70, 0x70, 0x70, 0x70, 0x70, 0x70, 0x70, 0x70, 0x70, 0x70, 0x70, 0x70, 0x70, 0x70, 0x70, 0x70,
		0x70, 0x70, 0x70, 0x20, 0x10, 0x20, 0x70, 0x70, 0x70, 0x70, 0x70, 0x70, 0x70, 0x70, 0x70, 0x70,
		0x70, 0x70, 0x70, 0x70, 0x70, 0x70, 0x70, 0x70, 0x70, 0x70, 0x70, 0x70, 0x70, 0x70, 0x70, 0x70,
		0x70, 0x70, 0x70, 0x70, 0x10, 0x70, 0x70, 0x70, 0x70, 0x70, 0x70, 0x70, 0x70, 0x70, 0x70, 0x70,
		0x70, 0x70, 0x70, 0x70, 0x70, 0x70, 0x70, 0x70, 0x70, 0x70, 0x70, 0x70, 0x70, 0x70, 0x70, 0x70,
		0x70, 0x70, 0x70, 0x70, 0x70, 0x70, 0x70, 0x70, 0x70, 0x70, 0x70, 0x70, 0x70, 0x70, 0x70, 0x70,
		0x70, 0x70, 0x70, 0x70, 0x70, 0x70, 0x70, 0x70, 0x70, 0x70, 0x70, 0x70, 0x70, 0x70, 0x70, 0x70,
		0x70, 0x70, 0x70, 0x70, 0x70, 0x70, 0x70, 0x70, 0x70, 0x70, 0x70, 0x70, 0x70, 0x70, 0x70, 0x70,
		0x70, 0x70, 0x70, 0x70, 0x70, 0x70, 0x70, 0x70, 0x70, 0x70, 0x70, 0x10, 0x10, 0x10, 0x10, 0x10,
		0x10, 0x10, 0x10, 0x10, 0x10, 0x10, 0x10, 0x10, 0x10, 0x10, 0x10, 0x10, 0x10, 0x10, 0x10, 0x10,
		0x10, 0x10, 0x10, 0x10, 0x10, 0x10, 0x10, 0x10, 0x10, 0x10, 0x10, 0x10, 0x10, 0x10, 0x20, 0x28,
		0x28, 0x28, 0x10, 0x20, 0x20, 0x20, 0x20, 0x20, 0x10, 0x20, 0x28, 0x28, 0x28, 0x28, 0x28, 0x28,
		0x28, 0x28, 0x28, 0x28, 0x28, 0x28, 0x28, 0x28, 0x28, 0x28, 0x28, 0x28, 0x28, 0x28, 0x28, 0x28,
		0x28, 0x28, 0x28, 0x28, 0x28, 0x28, 0x28, 0x28, 0x28, 0x28, 0x28, 0x28, 0x28, 0x28, 0x28, 0x28,
		0x28, 0x28, 0x28, 0x28, 0x28, 0x28, 0x28, 0x28, 0x28, 0x28, 0x28, 0x28, 0x28, 0x28, 0x28, 0x28,
		0x28, 0x28, 0x28, 0x28, 0x28, 0x28, 0x28, 0x28, 0x28, 0x28, 0x28, 0x28, 0x28, 0x28, 0x28, 0x20,
		0x28, 0x20, 0x28, 0x20, 0x10, 0x20, 0x20, 0x28, 0x20, 0x20, 0x20, 0x20, 0x10, 0x10, 0x10, 0x10,
		0x10, 0x10, 0x10, 0x10, 0x10, 0x10, 0x10, 0x10, 0x10, 0x10, 0x10, 0x10, 0x10, 0x10, 0x10, 0x10,
		0x10, 0x10, 0x10, 0x10, 0x10, 0x10, 0x10, 0x10, 0x10, 0x10, 0x10, 0x10, 0x10, 0x10, 0x20, 0x10,
		0x10, 0x20, 0x10, 0x10, 0x10, 0x10, 0x10, 0x10, 0x10, 0x10, 0x10, 0x10, 0x10, 0x10, 0x10, 0x10,
		0x10, 0x10, 0x10, 0x10, 0x10, 0x10, 0x10, 0x10, 0x10, 0x10, 0x10, 0x10, 0x10, 0x10, 0x10, 0x10,
		0x28, 0x10, 0x10, 0x10, 0x70, 0x70, 0x70, 0x70, 0x70, 0x70, 0x70, 0x70, 0x70, 0x70, 0x70, 0x70,
		0x70, 0x70, 0x70, 0x70, 0x70, 0x70, 0x70, 0x70, 0x70, 0x70, 0x70, 0x70, 0x70, 0x70, 0x70, 0x70,
		0x70, 0x70, 0x70, 0x70, 0x70, 0x70, 0x70, 0x70, 0x70, 0x70, 0x70, 0x70, 0x70, 0x70, 0x70, 0x70,
		0x70, 0x70, 0x70, 0x70, 0x70, 0x70, 0x70, 0x70, 0x70, 0x70, 0x70, 0x70, 0x70, 0x70, 0x70, 0x70,
		0x70, 0x70, 0x70, 0x70, 0x70, 0x70, 0x70, 0x70, 0x70, 0x70, 0x70, 0x70, 0x70, 0x70, 0x70, 0x70,
		0x70, 0x70, 0x10, 0x10, 0x10, 0x10, 0x10, 0x28, 0x28, 0x28, 0x28, 0x28, 0x28, 0x28, 0x28, 0x28,
		0x28, 0x28, 0x28, 0x28, 0x28, 0x28, 0x28, 0x28, 0x28, 0x28, 0x28, 0x28, 0x28, 0x28, 0x28, 0x28,
		0x28, 0x28, 0x28, 0x28, 0x28, 0x28, 0x28, 0x28, 0x28, 0x28, 0x28, 0x28, 0x28, 0x10, 0x28, 0x70,
		0x70, 0x70, 0x70, 0x70, 0x10, 0x20, 0x28, 0x28, 0x28, 0x28, 0x28, 0x28, 0x28, 0x28, 0x28, 0x28,
		0x28, 0x28, 0x28, 0x28, 0x28, 0x28, 0x28, 0x28, 0x28, 0x28, 0x28, 0x28, 0x28, 0x28, 0x28, 0x28,
		0x28, 0x28, 0x28, 0x28, 0x28, 0x28, 0x28, 0x28, 0x28, 0x28, 0x28, 0x28, 0x28, 0x28, 0x28, 0x28,
		0x28, 0x28, 0x28, 0x28, 0x28, 0x28, 0x28, 0x28, 0x28, 0x28, 0x28, 0x28, 0x28, 0x28, 0x28, 0x28,
		0x28, 0x28, 0x28, 0x28, 0x28, 0x28, 0x28, 0x28, 0x28, 0x28, 0x28, 0x28, 0x28, 0x28, 0x20, 0x28,
		0x20, 0x10, 0x20, 0x28, 0x28, 0x20, 0x20, 0x20, 0x20, 0x20, 0x20, 0x20, 0x20, 0x20, 0x20, 0x28,
		0x28, 0x28, 0x28, 0x28, 0x28, 0x28, 0x28, 0x28, 0x28, 0x28, 0x28, 0x28, 0x28, 0x28, 0x28, 0x28,
		0x28, 0x28, 0x28, 0x28, 0x28, 0x28, 0x28, 0x28, 0x28, 0x28, 0x20, 0x10, 0x10, 0x28, 0x28, 0x28,
		0x28, 0x28, 0x28, 0x28, 0x28, 0x28, 0x28, 0x28, 0x28, 0x28, 0x28, 0x28, 0x28, 0x28, 0x28, 0x28,
		0x28, 0x28, 0x28, 0x28, 0x28, 0x28, 0x28, 0x28, 0x28, 0x28, 0x28, 0x28, 0x28, 0x20, 0x20, 0x20,
		0x10, 0x10, 0x10, 0x10, 0x10, 0x70, 0x70, 0x70, 0x70, 0x70, 0x70, 0x70, 0x70, 0x70, 0x70, 0x70,
		0x70, 0x70, 0x70, 0x70, 0x70, 0x70, 0x70, 0x70, 0x70, 0x70, 0x70, 0x70, 0x70, 0x70, 0x70, 0x70,
		0x70, 0x70, 0x70, 0x70, 0x70, 0x70, 0x70, 0x70, 0x70, 0x70, 0x70, 0x70, 0x70, 0x70, 0x70, 0x70,
		0x70, 0x70, 0x70, 0x70, 0x70, 0x70, 0x70, 0x70, 0x70, 0x70, 0x70, 0x70, 0x70, 0x70, 0x70, 0x70,
		0x70, 0x70, 0x70, 0x70, 0x70, 0x70, 0x70, 0x70, 0x70, 0x70, 0x70, 0x70, 0x10, 0x10, 0x10, 0x20,
		0x20, 0x28, 0x28, 0x28, 0x28, 0x28, 0x28, 0x28, 0x28, 0x28, 0x28, 0x28, 0x28, 0x28, 0x28, 0x28,
		0x28, 0x28, 0x28, 0x28, 0x28, 0x28, 0x28, 0x28, 0x28, 0x28, 0x28, 0x28, 0x28, 0x28, 0x28, 0x28,
		0x28, 0x28, 0x28, 0x28, 0x28, 0x28, 0x28, 0x28, 0x28, 0x10, 0x70, 0x70, 0x70, 0x70, 0x70, 0x28,
		0x20, 0x20, 0x20, 0x28, 0x28, 0x28, 0x28, 0x28, 0x28, 0x28, 0x28, 0x28, 0x28, 0x28, 0x28, 0x28,
		0x28, 0x28, 0x28, 0x28, 0x28, 0x28, 0x28, 0x28, 0x28, 0x28, 0x28, 0x28, 0x28, 0x28, 0x28, 0x28,
		0x28, 0x28, 0x28, 0x28, 0x28, 0x28, 0x28, 0x28, 0x28, 0x28, 0x28, 0x28, 0x28, 0x28, 0x28, 0x28,
		0x28, 0x28, 0x28, 0x28, 0x28, 0x28, 0x28, 0x28, 0x28, 0x28, 0x28, 0x28, 0x28, 0x28, 0x28, 0x28,
		0x28, 0x28, 0x28, 0x28, 0x28, 0x28, 0x28, 0x28, 0x28, 0x28, 0x28, 0x20, 0x28, 0x20, 0x10, 0x28,
		0x28, 0x28, 0x20, 0x20, 0x28, 0x20, 0x28, 0x20, 0x28, 0x20, 0x28, 0x28, 0x28, 0x28, 0x28, 0x28,
		0x28, 0x28, 0x28, 0x28, 0x28, 0x28, 0x28, 0x28, 0x28, 0x28, 0x28, 0x28, 0x28, 0x28, 0x28, 0x28,
		0x28, 0x28, 0x28, 0x28, 0x28, 0x28, 0x28, 0x20, 0x10, 0x10, 0x28, 0x28, 0x28, 0x28, 0x28, 0x28,
		0x28, 0x28, 0x28, 0x28, 0x28, 0x28, 0x28, 0x28, 0x28, 0x28, 0x28, 0x28, 0x28, 0x28, 0x28, 0x28,
		0x28, 0x28, 0x28, 0x28, 0x28, 0x28, 0x28, 0x28, 0x28, 0x28, 0x20, 0x20, 0x20, 0x20, 0x20, 0x20,
		0x20, 0x10, 0x10, 0x70, 0x70, 0x70, 0x70, 0x70, 0x70, 0x70, 0x70, 0x70, 0x70, 0x70, 0x70, 0x70,
		0x70, 0x70, 0x70, 0x70, 0x70, 0x70, 0x70, 0x70, 0x70, 0x70, 0x70, 0x70, 0x70, 0x70, 0x70, 0x70,
		0x70, 0x70, 0x70, 0x70, 0x70, 0x70, 0x70, 0x70, 0x70, 0x70, 0x70, 0x70, 0x70, 0x70, 0x70, 0x70,
		0x70, 0x70, 0x70, 0x70, 0x70, 0x70, 0x70, 0x70, 0x70, 0x70, 0x70, 0x70, 0x70, 0x70, 0x70, 0x70,
		0x70, 0x70, 0x70, 0x70, 0x70, 0x70, 0x10, 0x10, 0x20, 0x10, 0x20, 0x20, 0x20, 0x28, 0x20, 0x28,
		0x28, 0x28, 0x28, 0x28, 0x28, 0x28, 0x28, 0x28, 0x28, 0x28, 0x28, 0x28, 0x28, 0x28, 0x28, 0x28,
		0x28, 0x28, 0x28, 0x28, 0x28, 0x28, 0x28, 0x28, 0x28, 0x28, 0x28, 0x28, 0x28, 0x28, 0x28, 0x28,
		0x28, 0x28, 0x28, 0x28, 0x28, 0x10, 0x70, 0x70, 0x70, 0x70, 0x70, 0x70, 0x70, 0x70, 0x70, 0x20,
		0x28, 0x28, 0x28, 0x28, 0x28, 0x28, 0x28, 0x28, 0x28, 0x28, 0x28, 0x28, 0x28, 0x28, 0x28, 0x28,
		0x28, 0x28, 0x28, 0x28, 0x28, 0x28, 0x28, 0x28, 0x28, 0x28, 0x28, 0x28, 0x28, 0x28, 0x28, 0x28,
		0x28, 0x28, 0x28, 0x28, 0x28, 0x28, 0x28, 0x28, 0x28, 0x28, 0x28, 0x28, 0x28, 0x28, 0x28, 0x28,
		0x28, 0x28, 0x28, 0x28, 0x28, 0x28, 0x28, 0x28, 0x28, 0x28, 0x28, 0x28, 0x28, 0x28, 0x28, 0x28,
		0x28, 0x28, 0x28, 0x28, 0x28, 0x28, 0x28, 0x28, 0x28, 0x20, 0x20, 0x10, 0x28, 0x28, 0x28, 0x28,
		0x20, 0x28, 0x28, 0x28, 0x20, 0x28, 0x28, 0x28, 0x28, 0x28, 0x28, 0x28, 0x28, 0x28, 0x28, 0x28,
		0x28, 0x28, 0x28, 0x28, 0x28, 0x28, 0x28, 0x28, 0x28, 0x28, 0x28, 0x28, 0x28, 0x28, 0x28, 0x28,
		0x28, 0x28, 0x20, 0x28, 0x20, 0x10, 0x20, 0x28, 0x28, 0x28, 0x28, 0x28, 0x28, 0x28, 0x28, 0x28,
		0x28, 0x28, 0x28, 0x28, 0x28, 0x28, 0x28, 0x28, 0x28, 0x28, 0x28, 0x28, 0x28, 0x28, 0x28, 0x28,
		0x28, 0x28, 0x28, 0x28, 0x28, 0x28, 0x28, 0x28, 0x20, 0x20, 0x20, 0x20, 0x20, 0x20, 0x10, 0x70,
		0x70, 0x70, 0x70, 0x70, 0x70, 0x70, 0x70, 0x70, 0x70, 0x70, 0x70, 0x70, 0x70, 0x70, 0x70, 0x70,
		0x70, 0x70, 0x70, 0x70, 0x70, 0x70, 0x70, 0x70, 0x70, 0x70, 0x70, 0x70, 0x70, 0x70, 0x70, 0x70,
		0x70, 0x70, 0x70, 0x70, 0x70, 0x70, 0x70, 0x70, 0x70, 0x70, 0x70, 0x70, 0x70, 0x70, 0x70, 0x70,
		0x70, 0x70, 0x70, 0x70, 0x70, 0x70, 0x70, 0x70, 0x70, 0x70, 0x70, 0x70, 0x70, 0x70, 0x70, 0x70,
		0x70, 0x70, 0x10, 0x10, 0x10, 0x20, 0x20, 0x20, 0x20, 0x20, 0x20, 0x28, 0x28, 0x28, 0x28, 0x28,
		0x28, 0x28, 0x28, 0x28, 0x28, 0x28, 0x28, 0x28, 0x28, 0x28, 0x28, 0x28, 0x28, 0x28, 0x28, 0x28,
		0x28, 0x28, 0x28, 0x28, 0x28, 0x28, 0x28, 0x28, 0x28, 0x28, 0x28, 0x28, 0x28, 0x28, 0x28, 0x28,
		0x28, 0x10, 0x10, 0x10, 0x70, 0x70, 0x70, 0x70, 0x70, 0x70, 0x20, 0x20, 0x28, 0x28, 0x28, 0x28,
		0x28, 0x28, 0x28, 0x28, 0x28, 0x28, 0x28, 0x28, 0x28, 0x28, 0x28, 0x28, 0x28, 0x28, 0x28, 0x28,
		0x28, 0x28, 0x28, 0x28, 0x28, 0x28, 0x28, 0x28, 0x28, 0x28, 0x28, 0x28, 0x28, 0x28, 0x28, 0x28,
		0x28, 0x28, 0x28, 0x28, 0x28, 0x28, 0x28, 0x28, 0x28, 0x28, 0x28, 0x28, 0x28, 0x28, 0x28, 0x28,
		0x28, 0x28, 0x28, 0x28, 0x28, 0x28, 0x28, 0x28, 0x28, 0x28, 0x28, 0x28, 0x28, 0x28, 0x28, 0x28,
		0x28, 0x28, 0x28, 0x28, 0x28, 0x28, 0x28, 0x20, 0x20, 0x28, 0x28, 0x28, 0x28, 0x28, 0x28, 0x28,
		0x28, 0x28, 0x28, 0x28, 0x28, 0x28, 0x28, 0x28, 0x28, 0x28, 0x28, 0x28, 0x28, 0x28, 0x28, 0x28,
		0x28, 0x28, 0x28, 0x28, 0x28, 0x28, 0x28, 0x28, 0x28, 0x28, 0x28, 0x28, 0x28, 0x28, 0x28, 0x28,
		0x20, 0x10, 0x28, 0x28, 0x28, 0x28, 0x28, 0x28, 0x28, 0x28, 0x28, 0x28, 0x28, 0x28, 0x28, 0x28,
		0x28, 0x28, 0x28, 0x28, 0x28, 0x28, 0x28, 0x28, 0x28, 0x28, 0x28, 0x28, 0x28, 0x28, 0x28, 0x28,
		0x28, 0x28, 0x28, 0x28, 0x28, 0x28, 0x28, 0x20, 0x20, 0x20, 0x10, 0x70, 0x70, 0x70, 0x70, 0x70,
		0x70, 0x70, 0x70, 0x70, 0x70, 0x70, 0x70, 0x70, 0x70, 0x70, 0x70, 0x70, 0x70, 0x70, 0x70, 0x70,
		0x70, 0x70, 0x70, 0x70, 0x70, 0x70, 0x70, 0x70, 0x70, 0x70, 0x70, 0x70, 0x70, 0x70, 0x70, 0x70,
		0x70, 0x70, 0x70, 0x70, 0x70, 0x70, 0x70, 0x70, 0x70, 0x70, 0x70, 0x70, 0x70, 0x70, 0x70, 0x70,
		0x70, 0x70, 0x70, 0x70, 0x70, 0x70, 0x70, 0x70, 0x70, 0x70, 0x70, 0x70, 0x70, 0x70, 0x70, 0x70,
		0x10, 0x20, 0x20, 0x20, 0x20, 0x20, 0x20, 0x20, 0x20, 0x28, 0x28, 0x28, 0x28, 0x28, 0x28, 0x28,
		0x28, 0x28, 0x28, 0x28, 0x28, 0x28, 0x28, 0x28, 0x28, 0x28, 0x28, 0x28, 0x28, 0x28, 0x28, 0x28,
		0x28, 0x28, 0x28, 0x28, 0x28, 0x28, 0x28, 0x28, 0x28, 0x28, 0x28, 0x28, 0x28, 0x20, 0x20, 0x20,
		0x20, 0x20, 0x20, 0x20, 0x28, 0x28, 0x10, 0x28, 0x28, 0x28, 0x28, 0x28, 0x28, 0x28, 0x28, 0x28,
		0x28, 0x28, 0x28, 0x28, 0x28, 0x28, 0x28, 0x28, 0x28, 0x28, 0x28, 0x28, 0x28, 0x28, 0x28, 0x28,
		0x28, 0x28, 0x28, 0x28, 0x28, 0x28, 0x28, 0x28, 0x28, 0x28, 0x28, 0x28, 0x28, 0x28, 0x28, 0x28,
		0x28, 0x28, 0x28, 0x28, 0x28, 0x28, 0x28, 0x28, 0x28, 0x28, 0x28, 0x28, 0x28, 0x28, 0x28, 0x28,
		0x28, 0x28, 0x28, 0x28, 0x28, 0x28, 0x28, 0x28, 0x28, 0x28, 0x28, 0x28, 0x28, 0x28, 0x28, 0x28,
		0x28, 0x28, 0x28, 0x28, 0x20, 0x28, 0x28, 0x28, 0x28, 0x28, 0x28, 0x28, 0x28, 0x28, 0x28, 0x28,
		0x28, 0x28, 0x28, 0x28, 0x28, 0x28, 0x28, 0x28, 0x28, 0x28, 0x28, 0x28, 0x28, 0x28, 0x28, 0x28,
		0x28, 0x28, 0x28, 0x28, 0x28, 0x28, 0x28, 0x28, 0x28, 0x28, 0x28, 0x28, 0x28, 0x20, 0x20, 0x28,
		0x28, 0x28, 0x28, 0x28, 0x28, 0x28, 0x28, 0x28, 0x28, 0x28, 0x28, 0x28, 0x28, 0x28, 0x28, 0x28,
		0x28, 0x28, 0x28, 0x28, 0x28, 0x28, 0x28, 0x28, 0x28, 0x28, 0x28, 0x28, 0x28, 0x28, 0x28, 0x28,
		0x28, 0x28, 0x28, 0x20, 0x20, 0x10, 0x70, 0x70, 0x70, 0x70, 0x70, 0x70, 0x70, 0x70, 0x70, 0x70,
		0x70, 0x70, 0x70, 0x70, 0x70, 0x70, 0x70, 0x70, 0x70, 0x70, 0x70, 0x70, 0x70, 0x70, 0x70, 0x70,
		0x70, 0x70, 0x70, 0x70, 0x70, 0x70, 0x70, 0x70, 0x70, 0x70, 0x70, 0x70, 0x70, 0x70, 0x70, 0x70,
		0x70, 0x70, 0x70, 0x70, 0x70, 0x70, 0x70, 0x70, 0x70, 0x70, 0x70, 0x70, 0x70, 0x70, 0x70, 0x70,
		0x70, 0x70, 0x70, 0x70, 0x70, 0x70, 0x70, 0x70, 0x70, 0x70, 0x70, 0x70, 0x70, 0x70, 0x10, 0x20,
		0x20, 0x20, 0x20, 0x20, 0x20, 0x20, 0x28, 0x20, 0x28, 0x28, 0x28, 0x28, 0x28, 0x28, 0x28, 0x28,
		0x28, 0x28, 0x28, 0x28, 0x28, 0x28, 0x28, 0x28, 0x28, 0x28, 0x28, 0x28, 0x28, 0x28, 0x28, 0x28,
		0x28, 0x28, 0x28, 0x28, 0x28, 0x28, 0x28, 0x28, 0x28, 0x20, 0x28, 0x20, 0x20, 0x28, 0x28, 0x28,
		0x28, 0x10, 0x20, 0x28, 0x28, 0x28, 0x28, 0x28, 0x28, 0x28, 0x28, 0x28, 0x28, 0x28, 0x28, 0x28,
		0x28, 0x28, 0x28, 0x28, 0x28, 0x28, 0x28, 0x28, 0x28, 0x28, 0x28, 0x28, 0x28, 0x28, 0x28, 0x28,
		0x28, 0x28, 0x28, 0x28, 0x28, 0x28, 0x28, 0x28, 0x28, 0x28, 0x28, 0x28, 0x28, 0x28, 0x28, 0x28,
		0x28, 0x28, 0x28, 0x28, 0x28, 0x28, 0x28, 0x28, 0x28, 0x28, 0x28, 0x28, 0x28, 0x28, 0x28, 0x28,
		0x28, 0x28, 0x28, 0x28, 0x28, 0x28, 0x28, 0x28, 0x28, 0x28, 0x28, 0x28, 0x28, 0x28, 0x28, 0x28,
		0x28, 0x28, 0x28, 0x28, 0x28, 0x28, 0x28, 0x28, 0x28, 0x28, 0x28, 0x28, 0x28, 0x28, 0x28, 0x28,
		0x28, 0x28, 0x28, 0x28, 0x28, 0x28, 0x28, 0x28, 0x28, 0x28, 0x28, 0x28, 0x28, 0x28, 0x28, 0x28,
		0x28, 0x28, 0x28, 0x28, 0x28, 0x28, 0x28, 0x28, 0x28, 0x20, 0x28, 0x28, 0x28, 0x28, 0x28, 0x28,
		0x28, 0x28, 0x28, 0x28, 0x28, 0x28, 0x28, 0x28, 0x28, 0x28, 0x28, 0x28, 0x28, 0x28, 0x28, 0x28,
		0x28, 0x28, 0x28, 0x28, 0x28, 0x28, 0x28, 0x28, 0x28, 0x28, 0x28, 0x28, 0x28, 0x28, 0x28, 0x20,
		0x10, 0x70, 0x70, 0x70, 0x70, 0x70, 0x70, 0x70, 0x70, 0x70, 0x70, 0x70, 0x70, 0x70, 0x70, 0x70,
		0x70, 0x70, 0x70, 0x70, 0x70, 0x70, 0x70, 0x70, 0x70, 0x70, 0x70, 0x70, 0x70, 0x70, 0x70, 0x70,
		0x70, 0x70, 0x70, 0x70, 0x70, 0x70, 0x70, 0x70, 0x70, 0x70, 0x70, 0x70, 0x70, 0x70, 0x70, 0x70,
		0x70, 0x70, 0x70, 0x70, 0x70, 0x70, 0x70, 0x70, 0x70, 0x70, 0x70, 0x70, 0x70, 0x70, 0x70, 0x70,
		0x70, 0x70, 0x70, 0x70, 0x70, 0x70, 0x70, 0x70, 0x70, 0x70, 0x70, 0x10, 0x10, 0x20, 0x20, 0x20,
		0x20, 0x20, 0x20, 0x20, 0x20, 0x28, 0x20, 0x28, 0x28, 0x28, 0x28, 0x28, 0x28, 0x28, 0x28, 0x28,
		0x28, 0x28, 0x28, 0x28, 0x28, 0x28, 0x28, 0x28, 0x28, 0x28, 0x28, 0x28, 0x28, 0x28, 0x28, 0x28,
		0x28, 0x28, 0x28, 0x28, 0x28, 0x28, 0x20, 0x28, 0x28, 0x28, 0x28, 0x28, 0x10, 0x20, 0x28, 0x28,
		0x28, 0x28, 0x28, 0x28, 0x28, 0x28, 0x28, 0x28, 0x28, 0x28, 0x28, 0x28, 0x28, 0x28, 0x28, 0x28,
		0x28, 0x28, 0x28, 0x28, 0x28, 0x28, 0x28, 0x28, 0x28, 0x28, 0x28, 0x28, 0x28, 0x28, 0x28, 0x28,
		0x28, 0x28, 0x28, 0x28, 0x28, 0x28, 0x28, 0x28, 0x28, 0x28, 0x28, 0x28, 0x28, 0x28, 0x28, 0x28,
		0x28, 0x28, 0x28, 0x28, 0x28, 0x28, 0x28, 0x28, 0x28, 0x28, 0x28, 0x28, 0x28, 0x28, 0x28, 0x28,
		0x28, 0x28, 0x28, 0x28, 0x28, 0x28, 0x28, 0x28, 0x28, 0x28, 0x28, 0x28, 0x28, 0x20, 0x28, 0x28,
		0x28, 0x28, 0x28, 0x28, 0x28, 0x28, 0x28, 0x28, 0x28, 0x28, 0x28, 0x28, 0x28, 0x28, 0x28, 0x28,
		0x28, 0x28, 0x28, 0x28, 0x28, 0x28, 0x28, 0x28, 0x28, 0x28, 0x28, 0x28, 0x28, 0x28, 0x28, 0x28,
		0x28, 0x28, 0x28, 0x28, 0x28, 0x28, 0x20, 0x28, 0x28, 0x28, 0x28, 0x28, 0x28, 0x28, 0x28, 0x28,
		0x28, 0x28, 0x28, 0x28, 0x28, 0x28, 0x28, 0x28, 0x28, 0x28, 0x28, 0x28, 0x28, 0x28, 0x28, 0x28,
		0x28, 0x28, 0x28, 0x28, 0x28, 0x28, 0x28, 0x28, 0x28, 0x28, 0x20, 0x10, 0x70, 0x70, 0x70, 0x70,
		0x70, 0x70, 0x70, 0x70, 0x70, 0x70, 0x70, 0x70, 0x70, 0x70, 0x70, 0x70, 0x70, 0x70, 0x70, 0x70,
		0x70, 0x70, 0x70, 0x70, 0x70, 0x70, 0x70, 0x70, 0x70, 0x70, 0x70, 0x70, 0x70, 0x70, 0x70, 0x70,
		0x70, 0x70, 0x70, 0x70, 0x70, 0x70, 0x70, 0x70, 0x70, 0x70, 0x70, 0x70, 0x70, 0x70, 0x70, 0x70,
		0x70, 0x70, 0x70, 0x70, 0x70, 0x70, 0x70, 0x70, 0x70, 0x70, 0x70, 0x70, 0x70, 0x70, 0x70, 0x70,
		0x70, 0x70, 0x70, 0x70, 0x70, 0x70, 0x70, 0x70, 0x70, 0x10, 0x10, 0x20, 0x20, 0x20, 0x20, 0x20,
		0x20, 0x20, 0x28, 0x20, 0x28, 0x20, 0x28, 0x28, 0x28, 0x28, 0x28, 0x28, 0x28, 0x28, 0x28, 0x28,
		0x28, 0x28, 0x28, 0x28, 0x28, 0x28, 0x28, 0x28, 0x28, 0x28, 0x28, 0x28, 0x28, 0x28, 0x28, 0x28,
		0x28, 0x28, 0x20, 0x28, 0x28, 0x28, 0x28, 0x20, 0x20, 0x28, 0x20, 0x28, 0x28, 0x28, 0x28, 0x28,
		0x28, 0x28, 0x28, 0x28, 0x28, 0x28, 0x28, 0x28, 0x28, 0x28, 0x28, 0x28, 0x28, 0x28, 0x28, 0x28,
		0x28, 0x28, 0x28, 0x28, 0x28, 0x28, 0x28, 0x28, 0x28, 0x28, 0x28, 0x28, 0x28, 0x28, 0x28, 0x28,
		0x28, 0x28, 0x28, 0x28, 0x28, 0x28, 0x28, 0x28, 0x28, 0x28, 0x28, 0x28, 0x28, 0x28, 0x28, 0x28,
		0x28, 0x28, 0x28, 0x28, 0x28, 0x28, 0x28, 0x28, 0x28, 0x28, 0x28, 0x28, 0x28, 0x28, 0x28, 0x28,
		0x28, 0x28, 0x28, 0x28, 0x28, 0x28, 0x28, 0x28, 0x28, 0x28, 0x28, 0x28, 0x28, 0x28, 0x28, 0x28,
		0x28, 0x28, 0x28, 0x28, 0x28, 0x28, 0x28, 0x28, 0x28, 0x28, 0x28, 0x28, 0x28, 0x28, 0x28, 0x28,
		0x28, 0x28, 0x28, 0x28, 0x28, 0x28, 0x28, 0x28, 0x28, 0x28, 0x28, 0x28, 0x28, 0x28, 0x28, 0x28,
		0x28, 0x28, 0x28, 0x20, 0x28, 0x28, 0x28, 0x28, 0x28, 0x28, 0x28, 0x28, 0x28, 0x28, 0x28, 0x28,
		0x28, 0x28, 0x28, 0x28, 0x28, 0x28, 0x28, 0x28, 0x28, 0x28, 0x28, 0x28, 0x28, 0x28, 0x28, 0x28,
		0x28, 0x28, 0x28, 0x28, 0x28, 0x20, 0x20, 0x10, 0x70, 0x70, 0x70, 0x70, 0x70, 0x70, 0x70, 0x70,
		0x70, 0x70, 0x70, 0x70, 0x70, 0x70, 0x70, 0x70, 0x70, 0x70, 0x70, 0x70, 0x70, 0x70, 0x70, 0x70,
		0x70, 0x70, 0x70, 0x70, 0x70, 0x70, 0x70, 0x70, 0x70, 0x70, 0x70, 0x70, 0x70, 0x70, 0x70, 0x70,
		0x70, 0x70, 0x70, 0x70, 0x70, 0x70, 0x70, 0x70, 0x70, 0x70, 0x70, 0x70, 0x70, 0x70, 0x70, 0x70,
		0x70, 0x70, 0x70, 0x70, 0x70, 0x70, 0x70, 0x70, 0x70, 0x70, 0x70, 0x70, 0x70, 0x70, 0x70, 0x70,
		0x70, 0x70, 0x70, 0x70, 0x70, 0x70, 0x70, 0x10, 0x10, 0x20, 0x20, 0x20, 0x20, 0x20, 0x20, 0x20,
		0x20, 0x20, 0x28, 0x28, 0x28, 0x28, 0x28, 0x28, 0x28, 0x28, 0x28, 0x28, 0x28, 0x28, 0x28, 0x28,
		0x28, 0x28, 0x28, 0x28, 0x28, 0x28, 0x28, 0x28, 0x28, 0x28, 0x28, 0x28, 0x28, 0x28, 0x28, 0x28,
		0x28, 0x28, 0x28, 0x28, 0x28, 0x28, 0x28, 0x28, 0x28, 0x28, 0x28, 0x28, 0x28, 0x28, 0x28, 0x28,
		0x28, 0x28, 0x28, 0x28, 0x28, 0x28, 0x28, 0x28, 0x28, 0x28, 0x28, 0x28, 0x28, 0x28, 0x28, 0x28,
		0x28, 0x28, 0x28, 0x28, 0x28, 0x28, 0x28, 0x28, 0x28, 0x28, 0x28, 0x28, 0x28, 0x28, 0x28, 0x28,
		0x28, 0x28, 0x28, 0x28, 0x28, 0x28, 0x28, 0x28, 0x28, 0x28, 0x28, 0x28, 0x28, 0x28, 0x28, 0x28,
		0x28, 0x28, 0x28, 0x28, 0x28, 0x28, 0x28, 0x28, 0x28, 0x28, 0x28, 0x28, 0x28, 0x28, 0x28, 0x28,
		0x28, 0x28, 0x28, 0x28, 0x28, 0x28, 0x28, 0x28, 0x28, 0x28, 0x28, 0x28, 0x28, 0x28, 0x28, 0x28,
		0x28, 0x28, 0x28, 0x28, 0x28, 0x28, 0x28, 0x28, 0x28, 0x28, 0x28, 0x28, 0x28, 0x28, 0x28, 0x28,
		0x28, 0x28, 0x28, 0x28, 0x28, 0x28, 0x28, 0x28, 0x28, 0x28, 0x28, 0x28, 0x28, 0x28, 0x28, 0x28,
		0x28, 0x28, 0x28, 0x28, 0x28, 0x28, 0x28, 0x28, 0x28, 0x28, 0x28, 0x28, 0x28, 0x28, 0x28, 0x28,
		0x28, 0x28, 0x28, 0x28, 0x28, 0x28, 0x28, 0x28, 0x28, 0x28, 0x28, 0x28, 0x28, 0x28, 0x28, 0x28,
		0x20, 0x20, 0x10, 0x70, 0x70, 0x70, 0x70, 0x70, 0x70, 0x70, 0x70, 0x70, 0x70, 0x70, 0x70, 0x70,
		0x70, 0x70, 0x70, 0x70, 0x70, 0x70, 0x70, 0x70, 0x70, 0x70, 0x70, 0x70, 0x70, 0x70, 0x70, 0x70,
		0x70, 0x70, 0x70, 0x70, 0x70, 0x70, 0x70, 0x70, 0x70, 0x70, 0x70, 0x70, 0x70, 0x70, 0x70, 0x70,
		0x70, 0x70, 0x70, 0x70, 0x70, 0x70, 0x70, 0x70, 0x70, 0x70, 0x70, 0x70, 0x70, 0x70, 0x70, 0x70,
		0x70, 0x70, 0x70, 0x70, 0x70, 0x70, 0x70, 0x70, 0x70, 0x70, 0x70, 0x70, 0x70, 0x70, 0x70, 0x70,
		0x70, 0x70, 0x70, 0x70, 0x70, 0x10, 0x10, 0x10, 0x20, 0x20, 0x20, 0x20, 0x20, 0x28, 0x28, 0x28,
		0x28, 0x20, 0x20, 0x20, 0x20, 0x20, 0x28, 0x28, 0x28, 0x28, 0x20, 0x20, 0x28, 0x28, 0x28, 0x28,
		0x28, 0x28, 0x28, 0x28, 0x28, 0x28, 0x28, 0x28, 0x28, 0x28, 0x28, 0x28, 0x28, 0x28, 0x28, 0x28,
		0x28, 0x28, 0x28, 0x28, 0x28, 0x28, 0x28, 0x28, 0x28, 0x28, 0x28, 0x28, 0x28, 0x28, 0x28, 0x28,
		0x28, 0x28, 0x28, 0x28, 0x28, 0x28, 0x28, 0x28, 0x28, 0x28, 0x28, 0x28, 0x28, 0x28, 0x28, 0x28,
		0x28, 0x28, 0x28, 0x28, 0x28, 0x28, 0x28, 0x28, 0x20, 0x20, 0x20, 0x28, 0x28, 0x28, 0x28, 0x28,
		0x28, 0x28, 0x28, 0x28, 0x28, 0x28, 0x28, 0x28, 0x28, 0x28, 0x28, 0x28, 0x28, 0x28, 0x28, 0x28,
		0x28, 0x28, 0x28, 0x28, 0x28, 0x28, 0x28, 0x28, 0x28, 0x28, 0x28, 0x28, 0x28, 0x28, 0x28, 0x28,
		0x28, 0x28, 0x28, 0x28, 0x28, 0x28, 0x20, 0x28, 0x28, 0x28, 0x28, 0x28, 0x28, 0x28, 0x28, 0x28,
		0x28, 0x28, 0x28, 0x28, 0x28, 0x28, 0x28, 0x28, 0x28, 0x28, 0x28, 0x28, 0x28, 0x28, 0x28, 0x28,
		0x28, 0x28, 0x28, 0x28, 0x28, 0x28, 0x28, 0x28, 0x28, 0x28, 0x28, 0x28, 0x28, 0x28, 0x28, 0x28,
		0x28, 0x28, 0x28, 0x28, 0x28, 0x28, 0x28, 0x28, 0x28, 0x28, 0x28, 0x28, 0x28, 0x28, 0x28, 0x28,
		0x28, 0x28, 0x28, 0x28, 0x28, 0x28, 0x28, 0x28, 0x28, 0x28, 0x28, 0x20, 0x20, 0x10, 0x70, 0x70,
		0x70, 0x70, 0x70, 0x70, 0x70, 0x70, 0x70, 0x70, 0x70, 0x70, 0x70, 0x70, 0x70, 0x70, 0x70, 0x70,
		0x70, 0x70, 0x70, 0x70, 0x70, 0x70, 0x70, 0x70, 0x70, 0x70, 0x70, 0x70, 0x70, 0x70, 0x70, 0x70,
		0x70, 0x70, 0x70, 0x70, 0x70, 0x70, 0x70, 0x70, 0x70, 0x70, 0x70, 0x70, 0x70, 0x70, 0x70, 0x70,
		0x70, 0x70, 0x70, 0x70, 0x70, 0x70, 0x70, 0x70, 0x70, 0x70, 0x70, 0x70, 0x70, 0x70, 0x70, 0x70,
		0x70, 0x70, 0x70, 0x70, 0x70, 0x70, 0x70, 0x70, 0x70, 0x70, 0x70, 0x70, 0x70, 0x70, 0x70, 0x70,
		0x70, 0x70, 0x70, 0x70, 0x10, 0x10, 0x20, 0x28, 0x28, 0x28, 0x28, 0x28, 0x28, 0x20, 0x28, 0x28,
		0x28, 0x28, 0x20, 0x28, 0x28, 0x28, 0x20, 0x28, 0x20, 0x28, 0x28, 0x28, 0x28, 0x28, 0x28, 0x28,
		0x28, 0x28, 0x28, 0x28, 0x28, 0x28, 0x28, 0x28, 0x28, 0x28, 0x28, 0x28, 0x28, 0x28, 0x28, 0x28,
		0x28, 0x28, 0x28, 0x28, 0x28, 0x28, 0x28, 0x28, 0x28, 0x28, 0x28, 0x28, 0x28, 0x28, 0x28, 0x28,
		0x28, 0x28, 0x28, 0x28, 0x28, 0x28, 0x28, 0x28, 0x28, 0x28, 0x28, 0x28, 0x28, 0x28, 0x28, 0x28,
		0x28, 0x28, 0x28, 0x20, 0x28, 0x28, 0x28, 0x20, 0x28, 0x28, 0x28, 0x28, 0x28, 0x28, 0x28, 0x28,
		0x28, 0x28, 0x28, 0x28, 0x28, 0x28, 0x28, 0x28, 0x28, 0x28, 0x28, 0x28, 0x28, 0x28, 0x28, 0x28,
		0x28, 0x28, 0x28, 0x28, 0x28, 0x28, 0x28, 0x28, 0x28, 0x28, 0x28, 0x28, 0x28, 0x28, 0x28, 0x28,
		0x28, 0x28, 0x20, 0x28, 0x28, 0x28, 0x28, 0x28, 0x28, 0x28, 0x28, 0x28, 0x28, 0x28, 0x28, 0x28,
		0x28, 0x28, 0x28, 0x28, 0x28, 0x28, 0x28, 0x28, 0x28, 0x28, 0x28, 0x28, 0x28, 0x28, 0x28, 0x28,
		0x28, 0x28, 0x28, 0x28, 0x28, 0x28, 0x28, 0x28, 0x28, 0x28, 0x28, 0x28, 0x28, 0x28, 0x28, 0x28,
		0x28, 0x28, 0x28, 0x28, 0x28, 0x28, 0x28, 0x28, 0x28, 0x28, 0x28, 0x28, 0x28, 0x28, 0x28, 0x28,
		0x28, 0x28, 0x28, 0x28, 0x28, 0x28, 0x28, 0x20, 0x10, 0x70, 0x70, 0x70, 0x70, 0x70, 0x70, 0x70,
		0x70, 0x70, 0x70, 0x70, 0x70, 0x70, 0x70, 0x70, 0x70, 0x70, 0x70, 0x70, 0x70, 0x70, 0x70, 0x70,
		0x70, 0x70, 0x70, 0x70, 0x70, 0x70, 0x70, 0x70, 0x70, 0x70, 0x70, 0x70, 0x70, 0x70, 0x70, 0x70,
		0x70, 0x70, 0x70, 0x70, 0x70, 0x70, 0x70, 0x70, 0x70, 0x70, 0x20, 0x70, 0x70, 0x70, 0x70, 0x70,
		0x70, 0x70, 0x70, 0x70, 0x70, 0x70, 0x70, 0x70, 0x70, 0x70, 0x70, 0x70, 0x70, 0x70, 0x70, 0x70,
		0x70, 0x70, 0x70, 0x70, 0x70, 0x70, 0x70, 0x70, 0x70, 0x70, 0x70, 0x70, 0x70, 0x70, 0x70, 0x70,
		0x70, 0x70, 0x10, 0x10, 0x28, 0x28, 0x28, 0x28, 0x28, 0x28, 0x20, 0x28, 0x28, 0x28, 0x20, 0x28,
		0x28, 0x28, 0x28, 0x20, 0x28, 0x28, 0x28, 0x28, 0x28, 0x28, 0x28, 0x28, 0x28, 0x28, 0x28, 0x28,
		0x28, 0x28, 0x28, 0x28, 0x28, 0x28, 0x28, 0x28, 0x28, 0x28, 0x28, 0x28, 0x28, 0x28, 0x28, 0x28,
		0x28, 0x28, 0x28, 0x28, 0x28, 0x28, 0x28, 0x28, 0x28, 0x28, 0x28, 0x28, 0x28, 0x28, 0x28, 0x28,
		0x28, 0x28, 0x28, 0x28, 0x28, 0x28, 0x28, 0x28, 0x28, 0x28, 0x28, 0x28, 0x28, 0x28, 0x20, 0x28,
		0x28, 0x28, 0x28, 0x28, 0x20, 0x28, 0x28, 0x28, 0x28, 0x28, 0x28, 0x28, 0x28, 0x28, 0x28, 0x28,
		0x28, 0x28, 0x28, 0x28, 0x28, 0x28, 0x28, 0x28, 0x28, 0x28, 0x28, 0x28, 0x28, 0x28, 0x28, 0x28,
		0x28, 0x28, 0x28, 0x28, 0x28, 0x28, 0x28, 0x28, 0x28, 0x28, 0x28, 0x28, 0x28, 0x28, 0x28, 0x10,
		0x28, 0x28, 0x28, 0x28, 0x28, 0x28, 0x28, 0x28, 0x28, 0x28, 0x28, 0x28, 0x28, 0x28, 0x28, 0x28,
		0x28, 0x28, 0x28, 0x28, 0x28, 0x28, 0x28, 0x28, 0x28, 0x28, 0x28, 0x28, 0x28, 0x28, 0x28, 0x28,
		0x28, 0x28, 0x28, 0x28, 0x28, 0x28, 0x28, 0x28, 0x28, 0x28, 0x28, 0x28, 0x28, 0x28, 0x28, 0x28,
		0x28, 0x28, 0x28, 0x28, 0x28, 0x28, 0x28, 0x28, 0x28, 0x28, 0x28, 0x28, 0x28, 0x28, 0x28, 0x28,
		0x28, 0x28, 0x20, 0x20, 0x70, 0x70, 0x70, 0x70, 0x70, 0x70, 0x70, 0x70, 0x70, 0x70, 0x70, 0x70,
		0x70, 0x70, 0x70, 0x70, 0x70, 0x70, 0x70, 0x70, 0x70, 0x70, 0x70, 0x70, 0x70, 0x70, 0x70, 0x70,
		0x70, 0x70, 0x70, 0x70, 0x70, 0x70, 0x70, 0x70, 0x70, 0x70, 0x70, 0x70, 0x70, 0x70, 0x70, 0x70,
		0x70, 0x70, 0x70, 0x70, 0x70, 0x70, 0x10, 0x20, 0x70, 0x70, 0x70, 0x70, 0x70, 0x70, 0x70, 0x70,
		0x70, 0x70, 0x70, 0x70, 0x70, 0x70, 0x70, 0x70, 0x70, 0x70, 0x70, 0x70, 0x70, 0x70, 0x70, 0x70,
		0x70, 0x70, 0x70, 0x70, 0x70, 0x70, 0x70, 0x70, 0x70, 0x70, 0x70, 0x70, 0x70, 0x70, 0x70, 0x70,
		0x10, 0x28, 0x28, 0x28, 0x28, 0x28, 0x20, 0x28, 0x28, 0x28, 0x28, 0x20, 0x28, 0x28, 0x28, 0x28,
		0x28, 0x28, 0x28, 0x28, 0x28, 0x28, 0x28, 0x28, 0x28, 0x28, 0x28, 0x28, 0x28, 0x28, 0x28, 0x28,
		0x28, 0x28, 0x28, 0x28, 0x28, 0x28, 0x28, 0x28, 0x28, 0x28, 0x28, 0x28, 0x28, 0x28, 0x28, 0x28,
		0x28, 0x28, 0x28, 0x28, 0x28, 0x28, 0x28, 0x28, 0x28, 0x28, 0x28, 0x28, 0x28, 0x28, 0x28, 0x28,
		0x28, 0x28, 0x28, 0x28, 0x28, 0x28, 0x28, 0x28, 0x28, 0x20, 0x28, 0x28, 0x28, 0x28, 0x28, 0x28,
		0x20, 0x28, 0x28, 0x28, 0x28, 0x28, 0x28, 0x28, 0x28, 0x28, 0x28, 0x28, 0x28, 0x28, 0x28, 0x28,
		0x28, 0x28, 0x28, 0x28, 0x28, 0x28, 0x28, 0x28, 0x28, 0x28, 0x28, 0x28, 0x28, 0x28, 0x28, 0x28,
		0x28, 0x28, 0x28, 0x28, 0x28, 0x28, 0x28, 0x28, 0x28, 0x28, 0x28, 0x10, 0x28, 0x28, 0x28, 0x28,
		0x28, 0x28, 0x28, 0x28, 0x28, 0x28, 0x28, 0x28, 0x28, 0x28, 0x28, 0x28, 0x28, 0x28, 0x28, 0x28,
		0x28, 0x28, 0x28, 0x28, 0x28, 0x28, 0x28, 0x28, 0x28, 0x28, 0x28, 0x28, 0x28, 0x28, 0x28, 0x28,
		0x28, 0x28, 0x28, 0x28, 0x28, 0x28, 0x28, 0x28, 0x28, 0x28, 0x28, 0x28, 0x28, 0x28, 0x28, 0x28,
		0x28, 0x28, 0x28, 0x28, 0x28, 0x28, 0x28, 0x28, 0x28, 0x28, 0x28, 0x28, 0x28, 0x28, 0x10, 0x70,
		0x70, 0x70, 0x70, 0x70, 0x70, 0x70, 0x70, 0x70, 0x70, 0x70, 0x70, 0x70, 0x70, 0x70, 0x70, 0x70,
		0x70, 0x70, 0x70, 0x70, 0x70, 0x70, 0x70, 0x70, 0x70, 0x70, 0x70, 0x70, 0x70, 0x70, 0x70, 0x70,
		0x70, 0x70, 0x70, 0x70, 0x70, 0x70, 0x70, 0x70, 0x70, 0x70, 0x70, 0x70, 0x70, 0x70, 0x70, 0x70,
		0x70, 0x70, 0x20, 0x10, 0x20, 0x10, 0x70, 0x70, 0x70, 0x70, 0x70, 0x70, 0x70, 0x70, 0x70, 0x70,
		0x70, 0x70, 0x70, 0x70, 0x70, 0x70, 0x70, 0x70, 0x70, 0x10, 0x10, 0x10, 0x10, 0x10, 0x10, 0x10,
		0x10, 0x10, 0x10, 0x10, 0x10, 0x10, 0x10, 0x10, 0x10, 0x10, 0x10, 0x10, 0x10, 0x28, 0x28, 0x28,
		0x28, 0x20, 0x28, 0x28, 0x28, 0x28, 0x28, 0x20, 0x28, 0x28, 0x28, 0x28, 0x28, 0x28, 0x28, 0x28,
		0x28, 0x28, 0x28, 0x28, 0x28, 0x28, 0x28, 0x28, 0x28, 0x28, 0x28, 0x28, 0x28, 0x28, 0x28, 0x28,
		0x28, 0x28, 0x28, 0x28, 0x28, 0x28, 0x28, 0x28, 0x28, 0x28, 0x28, 0x28, 0x28, 0x28, 0x28, 0x28,
		0x28, 0x28, 0x28, 0x28, 0x28, 0x28, 0x28, 0x28, 0x28, 0x28, 0x28, 0x28, 0x28, 0x28, 0x28, 0x28,
		0x28, 0x28, 0x28, 0x28, 0x20, 0x28, 0x28, 0x28, 0x28, 0x28, 0x28, 0x28, 0x28, 0x20, 0x28, 0x28,
		0x28, 0x28, 0x28, 0x28, 0x28, 0x28, 0x28, 0x28, 0x28, 0x28, 0x28, 0x28, 0x28, 0x28, 0x28, 0x28,
		0x28, 0x28, 0x28, 0x28, 0x28, 0x28, 0x28, 0x28, 0x28, 0x28, 0x28, 0x28, 0x28, 0x28, 0x28, 0x28,
		0x28, 0x28, 0x28, 0x28, 0x28, 0x28, 0x28, 0x20, 0x10, 0x28, 0x28, 0x28, 0x28, 0x28, 0x28, 0x28,
		0x28, 0x28, 0x28, 0x28, 0x28, 0x28, 0x28, 0x28, 0x28, 0x28, 0x28, 0x28, 0x28, 0x28, 0x28, 0x28,
		0x28, 0x28, 0x28, 0x28, 0x28, 0x28, 0x28, 0x28, 0x28, 0x28, 0x28, 0x28, 0x28, 0x28, 0x28, 0x28,
		0x28, 0x28, 0x28, 0x28, 0x28, 0x28, 0x28, 0x28, 0x28, 0x28, 0x28, 0x28, 0x28, 0x28, 0x28, 0x28,
		0x28, 0x28, 0x28, 0x28, 0x28, 0x28, 0x28, 0x28, 0x28, 0x10, 0x70, 0x70, 0x70, 0x70, 0x70, 0x70,
		0x70, 0x70, 0x70, 0x70, 0x70, 0x70, 0x70, 0x70, 0x70, 0x70, 0x70, 0x70, 0x70, 0x70, 0x70, 0x70,
		0x70, 0x70, 0x70, 0x70, 0x70, 0x70, 0x70, 0x70, 0x70, 0x70, 0x70, 0x70, 0x70, 0x70, 0x70, 0x70,
		0x70, 0x70, 0x70, 0x70, 0x70, 0x70, 0x70, 0x70, 0x70, 0x70, 0x70, 0x70, 0x70, 0x70, 0x70, 0x20,
		0x10, 0x20, 0x10, 0x70, 0x70, 0x70, 0x70, 0x70, 0x70, 0x70, 0x70, 0x70, 0x70, 0x70, 0x70, 0x70,
		0x70, 0x70, 0x70, 0x70, 0x70, 0x70, 0x70, 0x10, 0x10, 0x10, 0x10, 0x20, 0x20, 0x20, 0x20, 0x20,
		0x20, 0x20, 0x20, 0x20, 0x20, 0x20, 0x20, 0x10, 0x28, 0x28, 0x28, 0x28, 0x20, 0x28, 0x28, 0x28,
		0x28, 0x28, 0x20, 0x28, 0x28, 0x28, 0x28, 0x28, 0x28, 0x28, 0x28, 0x28, 0x28, 0x28, 0x28, 0x28,
		0x28, 0x28, 0x28, 0x28, 0x28, 0x28, 0x28, 0x28, 0x28, 0x28, 0x28, 0x28, 0x28, 0x28, 0x28, 0x28,
		0x28, 0x28, 0x28, 0x28, 0x28, 0x28, 0x28, 0x28, 0x28, 0x28, 0x28, 0x28, 0x28, 0x28, 0x28, 0x28,
		0x28, 0x28, 0x28, 0x28, 0x28, 0x28, 0x28, 0x28, 0x28, 0x28, 0x28, 0x28, 0x28, 0x28, 0x28, 0x20,
		0x28, 0x28, 0x28, 0x28, 0x28, 0x28, 0x28, 0x28, 0x28, 0x20, 0x28, 0x28, 0x28, 0x28, 0x28, 0x28,
		0x28, 0x28, 0x28, 0x28, 0x28, 0x28, 0x28, 0x28, 0x28, 0x28, 0x28, 0x28, 0x28, 0x28, 0x28, 0x28,
		0x28, 0x28, 0x28, 0x28, 0x28, 0x28, 0x28, 0x28, 0x28, 0x28, 0x28, 0x28, 0x28, 0x28, 0x28, 0x28,
		0x28, 0x28, 0x28, 0x28, 0x10, 0x10, 0x28, 0x28, 0x28, 0x28, 0x28, 0x28, 0x28, 0x28, 0x28, 0x28,
		0x28, 0x28, 0x28, 0x28, 0x28, 0x28, 0x28, 0x28, 0x28, 0x28, 0x28, 0x28, 0x28, 0x28, 0x28, 0x28,
		0x28, 0x28, 0x28, 0x28, 0x28, 0x28, 0x28, 0x28, 0x28, 0x28, 0x28, 0x28, 0x28, 0x28, 0x28, 0x28,
		0x28, 0x28, 0x28, 0x28, 0x28, 0x28, 0x28, 0x28, 0x28, 0x28, 0x28, 0x28, 0x28, 0x28, 0x28, 0x28,
		0x28, 0x28, 0x28, 0x28, 0x28, 0x10, 0x10, 0x10, 0x10, 0x10, 0x10, 0x10, 0x10, 0x10, 0x10, 0x10,
		0x10, 0x10, 0x10, 0x10, 0x10, 0x10, 0x10, 0x10, 0x10, 0x10, 0x10, 0x10, 0x10, 0x10, 0x10, 0x10,
		0x10, 0x10, 0x10, 0x10, 0x10, 0x10, 0x10, 0x10, 0x10, 0x10, 0x10, 0x10, 0x10, 0x10, 0x10, 0x10,
		0x10, 0x10, 0x10, 0x10, 0x10, 0x10, 0x10, 0x10, 0x10, 0x10, 0x10, 0x10, 0x10, 0x10, 0x10, 0x10,
		0x10, 0x10, 0x10, 0x10, 0x10, 0x10, 0x10, 0x10, 0x10, 0x10, 0x10, 0x10, 0x10, 0x10, 0x10, 0x10,
		0x10, 0x10, 0x10, 0x10, 0x20, 0x20, 0x20, 0x20, 0x20, 0x20, 0x28, 0x20, 0x28, 0x20, 0x20, 0x28,
		0x20, 0x20, 0x10, 0x28, 0x28, 0x28, 0x28, 0x28, 0x20, 0x28, 0x28, 0x28, 0x28, 0x20, 0x28, 0x28,
		0x28, 0x28, 0x28, 0x28, 0x28, 0x28, 0x28, 0x28, 0x28, 0x28, 0x28, 0x28, 0x28, 0x28, 0x28, 0x28,
		0x28, 0x28, 0x28, 0x28, 0x28, 0x28, 0x28, 0x28, 0x28, 0x28, 0x28, 0x28, 0x28, 0x28, 0x28, 0x28,
		0x28, 0x28, 0x28, 0x28, 0x28, 0x28, 0x28, 0x28, 0x28, 0x28, 0x28, 0x28, 0x28, 0x28, 0x28, 0x28,
		0x28, 0x28, 0x28, 0x28, 0x28, 0x28, 0x28, 0x28, 0x28, 0x28, 0x20, 0x28, 0x28, 0x28, 0x28, 0x28,
		0x28, 0x28, 0x28, 0x28, 0x28, 0x20, 0x28, 0x28, 0x28, 0x28, 0x28, 0x28, 0x28, 0x28, 0x28, 0x28,
		0x28, 0x28, 0x28, 0x28, 0x28, 0x28, 0x28, 0x28, 0x28, 0x28, 0x28, 0x28, 0x28, 0x28, 0x28, 0x28,
		0x28, 0x28, 0x28, 0x28, 0x28, 0x28, 0x28, 0x28, 0x28, 0x28, 0x28, 0x28, 0x28, 0x28, 0x28, 0x28,
		0x28, 0x10, 0x20, 0x28, 0x28, 0x28, 0x28, 0x28, 0x28, 0x28, 0x28, 0x28, 0x28, 0x28, 0x28, 0x28,
		0x28, 0x28, 0x28, 0x28, 0x28, 0x28, 0x28, 0x28, 0x28, 0x28, 0x28, 0x28, 0x28, 0x28, 0x28, 0x28,
		0x28, 0x28, 0x28, 0x28, 0x28, 0x28, 0x28, 0x28, 0x28, 0x28, 0x28, 0x28, 0x28, 0x28, 0x28, 0x28,
		0x28, 0x28, 0x28, 0x28, 0x28, 0x28, 0x28, 0x28, 0x28, 0x28, 0x28, 0x28, 0x28, 0x28, 0x28, 0x28,
		0x28, 0x28, 0x10, 0x20, 0x20, 0x28, 0x28, 0x28, 0x28, 0x28, 0x28, 0x28, 0x28, 0x28, 0x28, 0x28,
		0x28, 0x28, 0x28, 0x28, 0x28, 0x28, 0x28, 0x28, 0x28, 0x28, 0x28, 0x28, 0x28, 0x28, 0x28, 0x28,
		0x28, 0x28, 0x28, 0x28, 0x28, 0x28, 0x28, 0x28, 0x28, 0x28, 0x28, 0x28, 0x28, 0x28, 0x28, 0x28,
		0x28, 0x28, 0x28, 0x28, 0x28, 0x28, 0x28, 0x20, 0x10, 0x10, 0x10, 0x20, 0x28, 0x28, 0x28, 0x28,
		0x28, 0x28, 0x28, 0x28, 0x28, 0x28, 0x28, 0x28, 0x28, 0x20, 0x20, 0x28, 0x20, 0x20, 0x10, 0x20,
		0x20, 0x20, 0x20, 0x20, 0x28, 0x28, 0x20, 0x28, 0x20, 0x28, 0x28, 0x28, 0x20, 0x10, 0x20, 0x28,
		0x28, 0x28, 0x28, 0x20, 0x28, 0x28, 0x28, 0x28, 0x20, 0x28, 0x28, 0x28, 0x28, 0x28, 0x28, 0x28,
		0x28, 0x28, 0x28, 0x28, 0x28, 0x28, 0x28, 0x28, 0x28, 0x28, 0x28, 0x28, 0x28, 0x28, 0x28, 0x28,
		0x28, 0x28, 0x28, 0x28, 0x28, 0x28, 0x28, 0x28, 0x28, 0x28, 0x28, 0x28, 0x28, 0x28, 0x28, 0x28,
		0x28, 0x28, 0x28, 0x28, 0x28, 0x28, 0x28, 0x28, 0x28, 0x28, 0x28, 0x28, 0x28, 0x28, 0x28, 0x28,
		0x28, 0x28, 0x28, 0x28, 0x28, 0x28, 0x20, 0x28, 0x28, 0x28, 0x28, 0x28, 0x28, 0x28, 0x28, 0x28,
		0x20, 0x28, 0x28, 0x28, 0x28, 0x28, 0x28, 0x28, 0x28, 0x28, 0x28, 0x20, 0x20, 0x20, 0x28, 0x28,
		0x28, 0x28, 0x28, 0x28, 0x28, 0x28, 0x28, 0x28, 0x28, 0x28, 0x28, 0x28, 0x28, 0x28, 0x28, 0x28,
		0x28, 0x28, 0x28, 0x28, 0x28, 0x28, 0x28, 0x28, 0x28, 0x28, 0x28, 0x28, 0x28, 0x28, 0x10, 0x28,
		0x28, 0x28, 0x28, 0x28, 0x28, 0x28, 0x28, 0x28, 0x28, 0x28, 0x28, 0x28, 0x28, 0x28, 0x28, 0x28,
		0x28, 0x28, 0x28, 0x28, 0x28, 0x28, 0x28, 0x28, 0x28, 0x28, 0x28, 0x28, 0x28, 0x28, 0x28, 0x28,
		0x28, 0x28, 0x28, 0x28, 0x28, 0x28, 0x28, 0x28, 0x28, 0x28, 0x28, 0x28, 0x28, 0x28, 0x28, 0x28,
		0x28, 0x28, 0x28, 0x28, 0x28, 0x28, 0x28, 0x28, 0x28, 0x28, 0x28, 0x28, 0x28, 0x28, 0x10, 0x28,
		0x28, 0x28, 0x28, 0x28, 0x28, 0x28, 0x28, 0x28, 0x28, 0x28, 0x28, 0x28, 0x28, 0x28, 0x28, 0x28,
		0x28, 0x28, 0x28, 0x28, 0x28, 0x28, 0x28, 0x28, 0x28, 0x28, 0x28, 0x28, 0x28, 0x28, 0x28, 0x28,
		0x28, 0x28, 0x28, 0x28, 0x28, 0x28, 0x28, 0x28, 0x28, 0x28, 0x28, 0x28, 0x28, 0x28, 0x28, 0x28,
		0x28, 0x28, 0x28, 0x20, 0x10, 0x10, 0x20, 0x28, 0x28, 0x28, 0x28, 0x28, 0x28, 0x28, 0x28, 0x28,
		0x28, 0x28, 0x28, 0x28, 0x28, 0x28, 0x28, 0x20, 0x28, 0x20, 0x10, 0x20, 0x20, 0x28, 0x28, 0x28,
		0x28, 0x28, 0x28, 0x28, 0x28, 0x28, 0x28, 0x20, 0x10, 0x20, 0x28, 0x28, 0x28, 0x28, 0x28, 0x28,
		0x20, 0x20, 0x28, 0x20, 0x28, 0x28, 0x28, 0x28, 0x28, 0x28, 0x28, 0x28, 0x28, 0x28, 0x28, 0x28,
		0x28, 0x28, 0x28, 0x28, 0x28, 0x28, 0x28, 0x28, 0x28, 0x28, 0x28, 0x28, 0x28, 0x28, 0x28, 0x28,
		0x28, 0x28, 0x28, 0x28, 0x28, 0x28, 0x28, 0x28, 0x28, 0x28, 0x28, 0x28, 0x28, 0x28, 0x28, 0x28,
		0x28, 0x28, 0x28, 0x28, 0x28, 0x28, 0x28, 0x28, 0x28, 0x20, 0x20, 0x28, 0x28, 0x28, 0x28, 0x28,
		0x28, 0x28, 0x28, 0x20, 0x28, 0x28, 0x28, 0x28, 0x28, 0x28, 0x28, 0x20, 0x28, 0x28, 0x28, 0x28,
		0x28, 0x28, 0x28, 0x28, 0x28, 0x28, 0x28, 0x20, 0x28, 0x28, 0x20, 0x20, 0x28, 0x28, 0x28, 0x28,
		0x28, 0x28, 0x28, 0x28, 0x28, 0x28, 0x28, 0x28, 0x28, 0x28, 0x28, 0x28, 0x28, 0x28, 0x28, 0x28,
		0x28, 0x28, 0x28, 0x28, 0x28, 0x28, 0x28, 0x28, 0x28, 0x28, 0x20, 0x28, 0x28, 0x28, 0x28, 0x28,
		0x28, 0x28, 0x28, 0x28, 0x28, 0x28, 0x28, 0x28, 0x28, 0x28, 0x28, 0x28, 0x28, 0x28, 0x28, 0x28,
		0x28, 0x28, 0x28, 0x28, 0x28, 0x28, 0x28, 0x28, 0x28, 0x28, 0x28, 0x28, 0x28, 0x28, 0x28, 0x28,
		0x28, 0x28, 0x28, 0x28, 0x28, 0x28, 0x28, 0x28, 0x28, 0x28, 0x28, 0x28, 0x28, 0x28, 0x28, 0x28,
		0x28, 0x28, 0x28, 0x28, 0x28, 0x28, 0x28, 0x28, 0x28, 0x28, 0x10, 0x28, 0x28, 0x28, 0x28, 0x28,
		0x28, 0x28, 0x28, 0x28, 0x28, 0x28, 0x28, 0x28, 0x28, 0x28, 0x28, 0x28, 0x28, 0x28, 0x28, 0x28,
		0x28, 0x28, 0x28, 0x28, 0x28, 0x28, 0x28, 0x28, 0x28, 0x28, 0x28, 0x28, 0x28, 0x28, 0x28, 0x28,
		0x28, 0x28, 0x28, 0x28, 0x28, 0x28, 0x28, 0x28, 0x28, 0x28, 0x28, 0x28, 0x28, 0x28, 0x28, 0x10,
		0x10, 0x10, 0x20, 0x28, 0x28, 0x28, 0x28, 0x28, 0x28, 0x28, 0x28, 0x28, 0x28, 0x28, 0x28, 0x28,
		0x28, 0x28, 0x28, 0x28, 0x20, 0x10, 0x20, 0x28, 0x28, 0x28, 0x28, 0x28, 0x28, 0x28, 0x28, 0x28,
		0x28, 0x28, 0x20, 0x10, 0x20, 0x28, 0x28, 0x28, 0x28, 0x28, 0x28, 0x28, 0x28, 0x28, 0x20, 0x28,
		0x28, 0x28, 0x28, 0x28, 0x28, 0x28, 0x20, 0x20, 0x28, 0x28, 0x28, 0x28, 0x28, 0x28, 0x28, 0x28,
		0x28, 0x28, 0x28, 0x28, 0x28, 0x28, 0x28, 0x28, 0x28, 0x28, 0x28, 0x28, 0x28, 0x28, 0x28, 0x28,
		0x28, 0x28, 0x28, 0x28, 0x28, 0x28, 0x28, 0x28, 0x28, 0x28, 0x28, 0x28, 0x28, 0x28, 0x28, 0x28,
		0x28, 0x28, 0x28, 0x28, 0x20, 0x28, 0x20, 0x28, 0x28, 0x28, 0x28, 0x28, 0x28, 0x28, 0x28, 0x28,
		0x20, 0x28, 0x28, 0x28, 0x28, 0x28, 0x28, 0x20, 0x28, 0x28, 0x28, 0x28, 0x28, 0x28, 0x28, 0x28,
		0x28, 0x28, 0x28, 0x20, 0x28, 0x28, 0x28, 0x20, 0x28, 0x28, 0x28, 0x28, 0x28, 0x28, 0x28, 0x28,
		0x28, 0x28, 0x28, 0x28, 0x28, 0x28, 0x28, 0x28, 0x28, 0x28, 0x28, 0x28, 0x28, 0x28, 0x28, 0x28,
		0x28, 0x28, 0x28, 0x28, 0x28, 0x28, 0x28, 0x28, 0x28, 0x28, 0x28, 0x28, 0x28, 0x28, 0x28, 0x28,
		0x28, 0x28, 0x28, 0x28, 0x28, 0x28, 0x28, 0x28, 0x28, 0x28, 0x28, 0x28, 0x28, 0x28, 0x28, 0x28,
		0x28, 0x28, 0x28, 0x28, 0x28, 0x28, 0x28, 0x28, 0x28, 0x28, 0x28, 0x28, 0x28, 0x28, 0x28, 0x28,
		0x28, 0x28, 0x28, 0x28, 0x28, 0x28, 0x28, 0x28, 0x28, 0x28, 0x28, 0x28, 0x28, 0x28, 0x28, 0x28,
		0x28, 0x28, 0x28, 0x28, 0x28, 0x28, 0x28, 0x20, 0x28, 0x28, 0x28, 0x28, 0x28, 0x28, 0x28, 0x28,
		0x28, 0x28, 0x28, 0x28, 0x28, 0x28, 0x28, 0x28, 0x28, 0x28, 0x28, 0x28, 0x28, 0x28, 0x28, 0x28,
		0x28, 0x28, 0x28, 0x28, 0x28, 0x28, 0x28, 0x28, 0x28, 0x28, 0x28, 0x28, 0x28, 0x28, 0x28, 0x28,
		0x28, 0x28, 0x28, 0x28, 0x28, 0x28, 0x28, 0x28, 0x28, 0x28, 0x28, 0x10, 0x10, 0x10, 0x28, 0x28,
		0x28, 0x28, 0x28, 0x28, 0x28, 0x28, 0x28, 0x28, 0x28, 0x28, 0x28, 0x28, 0x28, 0x28, 0x28, 0x28,
		0x10, 0x20, 0x28, 0x28, 0x28, 0x28, 0x28, 0x28, 0x28, 0x28, 0x28, 0x28, 0x28, 0x28, 0x20, 0x10,
		0x28, 0x28, 0x28, 0x28, 0x28, 0x28, 0x28, 0x28, 0x28, 0x28, 0x28, 0x28, 0x28, 0x28, 0x28, 0x28,
		0x28, 0x20, 0x28, 0x20, 0x28, 0x28, 0x28, 0x28, 0x28, 0x28, 0x28, 0x28, 0x28, 0x28, 0x28, 0x28,
		0x28, 0x28, 0x28, 0x28, 0x28, 0x28, 0x28, 0x28, 0x28, 0x28, 0x28, 0x28, 0x28, 0x28, 0x28, 0x28,
		0x28, 0x28, 0x28, 0x28, 0x28, 0x28, 0x28, 0x28, 0x28, 0x28, 0x28, 0x28, 0x28, 0x28, 0x28, 0x20,
		0x28, 0x28, 0x28, 0x20, 0x28, 0x28, 0x28, 0x28, 0x28, 0x28, 0x28, 0x28, 0x28, 0x20, 0x20, 0x28,
		0x28, 0x20, 0x20, 0x28, 0x28, 0x28, 0x28, 0x28, 0x28, 0x28, 0x28, 0x28, 0x28, 0x28, 0x28, 0x20,
		0x28, 0x28, 0x28, 0x28, 0x20, 0x28, 0x28, 0x28, 0x28, 0x28, 0x28, 0x28, 0x28, 0x28, 0x28, 0x28,
		0x28, 0x28, 0x28, 0x28, 0x28, 0x28, 0x28, 0x28, 0x28, 0x28, 0x28, 0x28, 0x28, 0x28, 0x28, 0x28,
		0x28, 0x28, 0x28, 0x20, 0x28, 0x28, 0x28, 0x28, 0x28, 0x28, 0x28, 0x28, 0x28, 0x28, 0x28, 0x28,
		0x28, 0x28, 0x28, 0x28, 0x28, 0x28, 0x28, 0x28, 0x28, 0x28, 0x28, 0x28, 0x28, 0x28, 0x28, 0x28,
		0x28, 0x28, 0x28, 0x28, 0x28, 0x28, 0x28, 0x28, 0x28, 0x28, 0x28, 0x28, 0x28, 0x28, 0x28, 0x28,
		0x28, 0x28, 0x28, 0x28, 0x28, 0x28, 0x28, 0x28, 0x28, 0x28, 0x28, 0x28, 0x28, 0x28, 0x28, 0x28,
		0x28, 0x28, 0x28, 0x20, 0x28, 0x28, 0x28, 0x28, 0x28, 0x28, 0x28, 0x28, 0x28, 0x28, 0x28, 0x28,
		0x28, 0x28, 0x28, 0x28, 0x28, 0x28, 0x28, 0x28, 0x28, 0x28, 0x28, 0x28, 0x28, 0x28, 0x28, 0x28,
		0x28, 0x28, 0x28, 0x28, 0x28, 0x28, 0x28, 0x28, 0x28, 0x28, 0x28, 0x28, 0x28, 0x28, 0x28, 0x28,
		0x28, 0x28, 0x28, 0x28, 0x28, 0x28, 0x20, 0x10, 0x10, 0x20, 0x28, 0x28, 0x28, 0x28, 0x28, 0x28,
		0x28, 0x28, 0x28, 0x28, 0x28, 0x28, 0x28, 0x28, 0x28, 0x28, 0x28, 0x28, 0x10, 0x28, 0x28, 0x28,
		0x28, 0x28, 0x28, 0x28, 0x28, 0x28, 0x28, 0x28, 0x28, 0x28, 0x10, 0x28, 0x28, 0x28, 0x28, 0x28,
		0x28, 0x28, 0x28, 0x28, 0x28, 0x28, 0x28, 0x28, 0x28, 0x28, 0x28, 0x28, 0x20, 0x28, 0x28, 0x20,
		0x28, 0x28, 0x28, 0x28, 0x28, 0x28, 0x28, 0x28, 0x28, 0x28, 0x28, 0x28, 0x28, 0x28, 0x28, 0x28,
		0x28, 0x28, 0x28, 0x28, 0x28, 0x28, 0x28, 0x28, 0x28, 0x28, 0x28, 0x28, 0x28, 0x28, 0x28, 0x28,
		0x28, 0x28, 0x28, 0x28, 0x28, 0x28, 0x28, 0x28, 0x28, 0x28, 0x28, 0x20, 0x28, 0x28, 0x28, 0x20,
		0x28, 0x28, 0x28, 0x28, 0x28, 0x28, 0x28, 0x28, 0x28, 0x28, 0x28, 0x20, 0x20, 0x28, 0x28, 0x28,
		0x28, 0x28, 0x28, 0x28, 0x28, 0x28, 0x28, 0x28, 0x28, 0x28, 0x28, 0x28, 0x20, 0x20, 0x28, 0x28,
		0x20, 0x28, 0x28, 0x28, 0x28, 0x28, 0x28, 0x28, 0x28, 0x28, 0x28, 0x28, 0x28, 0x28, 0x28, 0x28,
		0x28, 0x28, 0x28, 0x28, 0x28, 0x28, 0x28, 0x28, 0x28, 0x28, 0x28, 0x28, 0x28, 0x28, 0x28, 0x28,
		0x20, 0x28, 0x28, 0x28, 0x28, 0x28, 0x28, 0x28, 0x28, 0x28, 0x28, 0x28, 0x28, 0x28, 0x28, 0x28,
		0x28, 0x28, 0x28, 0x28, 0x28, 0x28, 0x28, 0x28, 0x28, 0x28, 0x28, 0x28, 0x28, 0x28, 0x28, 0x28,
		0x28, 0x28, 0x28, 0x28, 0x28, 0x28, 0x28, 0x28, 0x28, 0x28, 0x28, 0x28, 0x28, 0x28, 0x28, 0x28,
		0x28, 0x28, 0x28, 0x28, 0x28, 0x28, 0x28, 0x28, 0x28, 0x28, 0x28, 0x28, 0x28, 0x28, 0x28, 0x28,
		0x10, 0x28, 0x28, 0x28, 0x28, 0x28, 0x28, 0x28, 0x28, 0x28, 0x28, 0x28, 0x28, 0x28, 0x28, 0x28,
		0x28, 0x28, 0x28, 0x28, 0x28, 0x28, 0x28, 0x28, 0x28, 0x28, 0x28, 0x28, 0x28, 0x28, 0x28, 0x28,
		0x28, 0x28, 0x28, 0x28, 0x28, 0x28, 0x28, 0x28, 0x28, 0x28, 0x28, 0x28, 0x28, 0x28, 0x28, 0x28,
		0x28, 0x28, 0x28, 0x10, 0x28, 0x28, 0x28, 0x28, 0x28, 0x28, 0x28, 0x28, 0x28, 0x28, 0x28, 0x28,
		0x28, 0x28, 0x28, 0x28, 0x28, 0x28, 0x28, 0x28, 0x20, 0x28, 0x28, 0x28, 0x28, 0x28, 0x28, 0x28,
		0x28, 0x28, 0x28, 0x28, 0x28, 0x20, 0x28, 0x28, 0x28, 0x28, 0x28, 0x28, 0x28, 0x28, 0x28, 0x28,
		0x28, 0x28, 0x28, 0x28, 0x28, 0x28, 0x28, 0x28, 0x20, 0x28, 0x28, 0x28, 0x20, 0x28, 0x28, 0x28,
		0x28, 0x28, 0x28, 0x28, 0x28, 0x28, 0x28, 0x28, 0x28, 0x28, 0x28, 0x28, 0x28, 0x28, 0x28, 0x28,
		0x28, 0x28, 0x28, 0x28, 0x28, 0x28, 0x28, 0x28, 0x28, 0x28, 0x28, 0x28, 0x28, 0x28, 0x28, 0x28,
		0x28, 0x28, 0x28, 0x28, 0x28, 0x28, 0x28, 0x20, 0x28, 0x28, 0x28, 0x28, 0x20, 0x28, 0x28, 0x28,
		0x28, 0x28, 0x28, 0x28, 0x28, 0x28, 0x28, 0x28, 0x28, 0x28, 0x28, 0x28, 0x28, 0x28, 0x28, 0x28,
		0x28, 0x28, 0x28, 0x28, 0x28, 0x28, 0x28, 0x28, 0x28, 0x28, 0x20, 0x20, 0x28, 0x28, 0x28, 0x28,
		0x28, 0x28, 0x28, 0x28, 0x28, 0x28, 0x28, 0x28, 0x28, 0x28, 0x28, 0x28, 0x28, 0x28, 0x28, 0x28,
		0x28, 0x28, 0x28, 0x28, 0x28, 0x28, 0x28, 0x28, 0x28, 0x28, 0x28, 0x28, 0x20, 0x28, 0x28, 0x28,
		0x28, 0x28, 0x28, 0x28, 0x28, 0x28, 0x28, 0x28, 0x28, 0x28, 0x28, 0x28, 0x28, 0x28, 0x28, 0x28,
		0x28, 0x28, 0x28, 0x28, 0x28, 0x28, 0x28, 0x28, 0x28, 0x28, 0x28, 0x28, 0x28, 0x28, 0x28, 0x28,
		0x28, 0x28, 0x28, 0x28, 0x28, 0x28, 0x28, 0x28, 0x28, 0x28, 0x28, 0x28, 0x28, 0x28, 0x28, 0x28,
		0x28, 0x28, 0x28, 0x28, 0x28, 0x28, 0x28, 0x28, 0x28, 0x28, 0x28, 0x28, 0x10, 0x28, 0x28, 0x28,
		0x28, 0x28, 0x28, 0x28, 0x28, 0x28, 0x28, 0x28, 0x28, 0x28, 0x28, 0x28, 0x28, 0x28, 0x28, 0x28,
		0x28, 0x28, 0x28, 0x28, 0x28, 0x28, 0x28, 0x28, 0x28, 0x28, 0x28, 0x28, 0x28, 0x28, 0x28, 0x28,
		0x28, 0x28, 0x28, 0x28, 0x28, 0x28, 0x28, 0x28, 0x28, 0x28, 0x28, 0x28, 0x28, 0x28, 0x20, 0x28,
		0x28, 0x28, 0x28, 0x28, 0x28, 0x28, 0x28, 0x28, 0x28, 0x28, 0x28, 0x28, 0x28, 0x28, 0x28, 0x28,
		0x28, 0x28, 0x28, 0x28, 0x28, 0x28, 0x28, 0x28, 0x28, 0x28, 0x28, 0x28, 0x28, 0x28, 0x28, 0x28,
		0x28, 0x20, 0x28, 0x28, 0x28, 0x28, 0x28, 0x28, 0x28, 0x28, 0x28, 0x28, 0x28, 0x28, 0x28, 0x28,
		0x28, 0x28, 0x28, 0x20, 0x28, 0x28, 0x28, 0x20, 0x28, 0x28, 0x28, 0x28, 0x28, 0x28, 0x28, 0x28,
		0x28, 0x28, 0x28, 0x28, 0x28, 0x28, 0x28, 0x28, 0x28, 0x28, 0x28, 0x28, 0x28, 0x28, 0x28, 0x28,
		0x28, 0x28, 0x28, 0x28, 0x28, 0x28, 0x28, 0x28, 0x28, 0x28, 0x28, 0x28, 0x28, 0x28, 0x28, 0x28,
		0x28, 0x28, 0x28, 0x20, 0x28, 0x28, 0x28, 0x20, 0x28, 0x28, 0x28, 0x28, 0x28, 0x28, 0x28, 0x28,
		0x28, 0x28, 0x28, 0x28, 0x28, 0x28, 0x28, 0x28, 0x28, 0x28, 0x28, 0x28, 0x28, 0x28, 0x28, 0x28,
		0x28, 0x28, 0x28, 0x28, 0x28, 0x28, 0x28, 0x28, 0x28, 0x28, 0x28, 0x28, 0x28, 0x28, 0x28, 0x28,
		0x28, 0x28, 0x28, 0x28, 0x28, 0x28, 0x28, 0x28, 0x28, 0x28, 0x28, 0x28, 0x28, 0x28, 0x28, 0x28,
		0x28, 0x28, 0x28, 0x28, 0x28, 0x28, 0x28, 0x28, 0x28, 0x28, 0x28, 0x28, 0x28, 0x28, 0x28, 0x28,
		0x28, 0x28, 0x28, 0x28, 0x28, 0x28, 0x28, 0x28, 0x28, 0x28, 0x28, 0x28, 0x28, 0x28, 0x28, 0x28,
		0x28, 0x28, 0x28, 0x28, 0x28, 0x28, 0x28, 0x28, 0x28, 0x28, 0x28, 0x28, 0x28, 0x28, 0x28, 0x28,
		0x28, 0x28, 0x28, 0x28, 0x28, 0x28, 0x28, 0x28, 0x28, 0x28, 0x28, 0x28, 0x28, 0x28, 0x28, 0x28,
		0x28, 0x28, 0x28, 0x28, 0x28, 0x28, 0x28, 0x28, 0x28, 0x28, 0x28, 0x28, 0x28, 0x28, 0x28, 0x28,
		0x28, 0x28, 0x28, 0x28, 0x28, 0x28, 0x28, 0x28, 0x28, 0x28, 0x28, 0x28, 0x28, 0x28, 0x28, 0x28,
		0x28, 0x28, 0x28, 0x28, 0x28, 0x28, 0x28, 0x28, 0x28, 0x28, 0x28, 0x28, 0x28, 0x28, 0x28, 0x28,
		0x28, 0x28, 0x28, 0x28, 0x28, 0x28, 0x28, 0x28, 0x28, 0x28, 0x28, 0x28, 0x28, 0x28, 0x28, 0x28,
		0x28, 0x28, 0x28, 0x28, 0x28, 0x28, 0x28, 0x28, 0x28, 0x28, 0x28, 0x28, 0x28, 0x28, 0x28, 0x20,
		0x28, 0x28, 0x28, 0x28, 0x28, 0x28, 0x28, 0x28, 0x28, 0x28, 0x28, 0x28, 0x28, 0x28, 0x28, 0x28,
		0x28, 0x28, 0x28, 0x28, 0x28, 0x28, 0x28, 0x28, 0x28, 0x28, 0x28, 0x28, 0x28, 0x28, 0x28, 0x28,
		0x20, 0x20, 0x20, 0x28, 0x28, 0x28, 0x28, 0x28, 0x28, 0x28, 0x28, 0x28, 0x28, 0x28, 0x28, 0x28,
		0x28, 0x28, 0x28, 0x28, 0x28, 0x28, 0x28, 0x28, 0x28, 0x28, 0x28, 0x28, 0x28, 0x28, 0x28, 0x28,
		0x28, 0x28, 0x28, 0x28, 0x28, 0x28, 0x28, 0x28, 0x28, 0x28, 0x28, 0x28, 0x28, 0x28, 0x28, 0x28,
		0x20, 0x20, 0x20, 0x28, 0x28, 0x28, 0x28, 0x28, 0x28, 0x28, 0x28, 0x28, 0x28, 0x28, 0x28, 0x28,
		0x28, 0x28, 0x28, 0x28, 0x28, 0x28, 0x28, 0x28, 0x28, 0x28, 0x28, 0x28, 0x28, 0x28, 0x28, 0x28,
		0x28, 0x28, 0x28, 0x28, 0x28, 0x28, 0x28, 0x28, 0x28, 0x28, 0x28, 0x28, 0x28, 0x28, 0x28, 0x28,
		0x28, 0x28, 0x28, 0x28, 0x28, 0x28, 0x28, 0x28, 0x28, 0x28, 0x28, 0x28, 0x28, 0x28, 0x28, 0x28,
		0x28, 0x28, 0x28, 0x28, 0x28, 0x28, 0x28, 0x28, 0x28, 0x28, 0x28, 0x28, 0x28, 0x28, 0x28, 0x28,
		0x28, 0x28, 0x28, 0x28, 0x28, 0x28, 0x28, 0x28, 0x28, 0x28, 0x28, 0x28, 0x28, 0x28, 0x28, 0x28,
		0x28, 0x28, 0x28, 0x28, 0x28, 0x28, 0x28, 0x28, 0x28, 0x28, 0x28, 0x28, 0x28, 0x28, 0x28, 0x28,
		0x28, 0x28, 0x28, 0x28, 0x28, 0x28, 0x28, 0x28, 0x28, 0x28, 0x28, 0x28, 0x28, 0x28, 0x28, 0x28,
		0x28, 0x28, 0x28, 0x28, 0x28, 0x20, 0x28, 0x28, 0x28, 0x28, 0x28, 0x28, 0x28, 0x28, 0x28, 0x28,
		0x28, 0x28, 0x28, 0x28, 0x28, 0x28, 0x28, 0x28, 0x28, 0x28, 0x28, 0x28, 0x28, 0x28, 0x28, 0x28,
		0x28, 0x28, 0x28, 0x28, 0x28, 0x28, 0x28, 0x28, 0x28, 0x28, 0x28, 0x28, 0x28, 0x28, 0x28, 0x28,
		0x28, 0x28, 0x28, 0x28, 0x28, 0x28, 0x28, 0x28, 0x28, 0x28, 0x28, 0x28, 0x28, 0x28, 0x28, 0x28,
		0x28, 0x28, 0x28, 0x28, 0x28, 0x28, 0x28, 0x28, 0x28, 0x28, 0x28, 0x28, 0x28, 0x28, 0x28, 0x28,
		0x28, 0x28, 0x28, 0x28, 0x28, 0x28, 0x28, 0x28, 0x28, 0x28, 0x28, 0x28, 0x28, 0x28, 0x28, 0x28,
		0x28, 0x28, 0x28, 0x28, 0x28, 0x28, 0x20, 0x20, 0x28, 0x28, 0x28, 0x28, 0x28, 0x28, 0x28, 0x28,
		0x28, 0x28, 0x28, 0x28, 0x28, 0x28, 0x28, 0x28, 0x28, 0x28, 0x28, 0x28, 0x28, 0x28, 0x28, 0x28,
		0x28, 0x28, 0x28, 0x28, 0x28, 0x28, 0x28, 0x28, 0x28, 0x28, 0x28, 0x28, 0x28, 0x28, 0x28, 0x28,
		0x28, 0x28, 0x28, 0x28, 0x28, 0x28, 0x28, 0x28, 0x28, 0x28, 0x28, 0x28, 0x28, 0x28, 0x28, 0x28,
		0x28, 0x28, 0x28, 0x28, 0x28, 0x28, 0x28, 0x28, 0x28, 0x28, 0x28, 0x28, 0x28, 0x28, 0x28, 0x28,
		0x28, 0x28, 0x28, 0x28, 0x28, 0x28, 0x28, 0x28, 0x28, 0x28, 0x28, 0x28, 0x28, 0x28, 0x28, 0x28,
		0x28, 0x28, 0x28, 0x28, 0x28, 0x28, 0x28, 0x28, 0x28, 0x28, 0x28, 0x28, 0x28, 0x28, 0x28, 0x28,
		0x28, 0x28, 0x28, 0x28, 0x28, 0x28, 0x28, 0x28, 0x28, 0x28, 0x28, 0x28, 0x28, 0x28, 0x28, 0x28,
		0x28, 0x28, 0x28, 0x28, 0x28, 0x28, 0x28, 0x28, 0x28, 0x28, 0x28, 0x28, 0x28, 0x28, 0x28, 0x28,
		0x28, 0x28, 0x28, 0x28, 0x28, 0x28, 0x28, 0x28, 0x28, 0x28, 0x28, 0x28, 0x28, 0x28, 0x28, 0x28,
		0x28, 0x28, 0x28, 0x28, 0x28, 0x28, 0x28, 0x28, 0x28, 0x28, 0x28, 0x28, 0x28, 0x28, 0x28, 0x28,
		0x28, 0x28, 0x28, 0x28, 0x28, 0x28, 0x28, 0x28, 0x28, 0x28, 0x28, 0x28, 0x28, 0x28, 0x28, 0x28,
		0x28, 0x28, 0x28, 0x28, 0x28, 0x28, 0x28, 0x28, 0x28, 0x28, 0x28, 0x28, 0x28, 0x28, 0x28, 0x28,
		0x28, 0x28, 0x28, 0x28, 0x28, 0x28, 0x28, 0x28, 0x28, 0x28, 0x28, 0x28, 0x28, 0x28, 0x28, 0x28,
		0x28, 0x28, 0x28, 0x28, 0x28, 0x28, 0x28, 0x28, 0x28, 0x28, 0x28, 0x28, 0x28, 0x28, 0x28, 0x28,
		0x28, 0x28, 0x28, 0x28, 0x28, 0x28, 0x28, 0x28, 0x28, 0x28, 0x28, 0x28, 0x28, 0x28, 0x28, 0x28,
		0x28, 0x28, 0x28, 0x28, 0x28, 0x28, 0x28, 0x20, 0x28, 0x28, 0x28, 0x28, 0x28, 0x28, 0x28, 0x28,
		0x28, 0x28, 0x28, 0x28, 0x28, 0x28, 0x28, 0x28, 0x28, 0x28, 0x28, 0x28, 0x28, 0x28, 0x28, 0x28,
		0x28, 0x20, 0x28, 0x20, 0x28, 0x28, 0x28, 0x28, 0x28, 0x28, 0x28, 0x28, 0x28, 0x28, 0x28, 0x28,
		0x28, 0x28, 0x28, 0x28, 0x28, 0x20, 0x28, 0x28, 0x28, 0x28, 0x28, 0x28, 0x28, 0x28, 0x28, 0x28,
		0x28, 0x28, 0x28, 0x28, 0x28, 0x28, 0x28, 0x28, 0x28, 0x28, 0x28, 0x28, 0x28, 0x28, 0x28, 0x28,
		0x28, 0x28, 0x28, 0x28, 0x28, 0x28, 0x28, 0x28, 0x28, 0x28, 0x28, 0x28, 0x28, 0x28, 0x28, 0x28,
		0x28, 0x28, 0x28, 0x28, 0x28, 0x28, 0x28, 0x28, 0x28, 0x28, 0x28, 0x28, 0x28, 0x28, 0x28, 0x28,
		0x28, 0x20, 0x20, 0x20, 0x20, 0x20, 0x28, 0x28, 0x28, 0x28, 0x20, 0x20, 0x28, 0x28, 0x28, 0x28,
		0x28, 0x28, 0x28, 0x28, 0x28, 0x28, 0x28, 0x28, 0x28, 0x28, 0x28, 0x28, 0x28, 0x28, 0x28, 0x28,
		0x28, 0x28, 0x28, 0x28, 0x28, 0x28, 0x28, 0x28, 0x28, 0x28, 0x28, 0x28, 0x28, 0x28, 0x28, 0x28,
		0x28, 0x28, 0x28, 0x28, 0x28, 0x28, 0x28, 0x28, 0x28, 0x28, 0x28, 0x28, 0x28, 0x28, 0x28, 0x28,
		0x28, 0x28, 0x28, 0x28, 0x28, 0x28, 0x28, 0x28, 0x28, 0x28, 0x28, 0x28, 0x28, 0x28, 0x28, 0x28,
		0x28, 0x28, 0x28, 0x28, 0x28, 0x28, 0x28, 0x28, 0x28, 0x28, 0x28, 0x28, 0x28, 0x28, 0x28, 0x28,
		0x28, 0x28, 0x28, 0x28, 0x28, 0x28, 0x28, 0x28, 0x28, 0x28, 0x28, 0x28, 0x28, 0x10, 0x28, 0x28,
		0x28, 0x28, 0x28, 0x28, 0x28, 0x28, 0x28, 0x28, 0x28, 0x28, 0x28, 0x28, 0x28, 0x28, 0x28, 0x28,
		0x28, 0x28, 0x28, 0x28, 0x28, 0x28, 0x28, 0x28, 0x28, 0x28, 0x28, 0x28, 0x28, 0x28, 0x28, 0x28,
		0x28, 0x28, 0x28, 0x28, 0x28, 0x28, 0x28, 0x28, 0x28, 0x28, 0x28, 0x28, 0x28, 0x28, 0x28, 0x28,
		0x28, 0x28, 0x28, 0x28, 0x28, 0x28, 0x28, 0x28, 0x28, 0x28, 0x28, 0x28, 0x28, 0x28, 0x28, 0x28,
		0x28, 0x28, 0x28, 0x20, 0x28, 0x28, 0x28, 0x28, 0x28, 0x28, 0x28, 0x28, 0x28, 0x28, 0x28, 0x28,
		0x28, 0x28, 0x28, 0x28, 0x28, 0x28, 0x28, 0x28, 0x28, 0x28, 0x28, 0x28, 0x20, 0x28, 0x28, 0x10,
		0x10, 0x10, 0x10, 0x28, 0x28, 0x28, 0x28, 0x28, 0x28, 0x28, 0x10, 0x10, 0x10, 0x10, 0x28, 0x28,
		0x28, 0x20, 0x28, 0x28, 0x28, 0x28, 0x28, 0x28, 0x28, 0x28, 0x28, 0x28, 0x28, 0x28, 0x28, 0x28,
		0x28, 0x28, 0x28, 0x28, 0x28, 0x28, 0x28, 0x28, 0x28, 0x28, 0x28, 0x28, 0x28, 0x28, 0x28, 0x28,
		0x28, 0x28, 0x28, 0x28, 0x28, 0x28, 0x28, 0x28, 0x28, 0x28, 0x28, 0x28, 0x28, 0x28, 0x28, 0x28,
		0x28, 0x28, 0x28, 0x28, 0x28, 0x28, 0x28, 0x28, 0x28, 0x28, 0x28, 0x28, 0x28, 0x20, 0x28, 0x28,
		0x28, 0x28, 0x20, 0x28, 0x28, 0x28, 0x20, 0x28, 0x20, 0x28, 0x28, 0x28, 0x28, 0x28, 0x28, 0x28,
		0x28, 0x28, 0x28, 0x28, 0x28, 0x28, 0x28, 0x28, 0x28, 0x28, 0x28, 0x28, 0x28, 0x28, 0x28, 0x28,
		0x28, 0x28, 0x28, 0x28, 0x28, 0x28, 0x28, 0x28, 0x28, 0x28, 0x28, 0x28, 0x28, 0x28, 0x28, 0x28,
		0x28, 0x28, 0x28, 0x28, 0x28, 0x28, 0x28, 0x28, 0x28, 0x28, 0x28, 0x28, 0x28, 0x28, 0x28, 0x28,
		0x28, 0x28, 0x28, 0x28, 0x28, 0x28, 0x28, 0x28, 0x28, 0x28, 0x28, 0x28, 0x28, 0x28, 0x28, 0x28,
		0x28, 0x28, 0x28, 0x28, 0x28, 0x28, 0x28, 0x28, 0x28, 0x28, 0x28, 0x28, 0x28, 0x28, 0x28, 0x28,
		0x28, 0x28, 0x28, 0x28, 0x28, 0x28, 0x28, 0x28, 0x28, 0x20, 0x28, 0x28, 0x28, 0x28, 0x28, 0x28,
		0x28, 0x28, 0x28, 0x28, 0x28, 0x28, 0x28, 0x28, 0x28, 0x28, 0x28, 0x28, 0x28, 0x28, 0x28, 0x28,
		0x28, 0x28, 0x28, 0x28, 0x28, 0x28, 0x28, 0x28, 0x28, 0x28, 0x28, 0x28, 0x28, 0x28, 0x28, 0x28,
		0x28, 0x28, 0x28, 0x28, 0x28, 0x28, 0x28, 0x28, 0x28, 0x28, 0x28, 0x28, 0x28, 0x28, 0x28, 0x28,
		0x28, 0x28, 0x28, 0x28, 0x28, 0x28, 0x28, 0x28, 0x28, 0x28, 0x28, 0x28, 0x28, 0x28, 0x10, 0x28,
		0x28, 0x28, 0x28, 0x28, 0x28, 0x28, 0x28, 0x28, 0x28, 0x28, 0x28, 0x28, 0x28, 0x28, 0x28, 0x28,
		0x28, 0x28, 0x28, 0x28, 0x28, 0x10, 0x10, 0x10, 0x20, 0x28, 0x28, 0x20, 0x10, 0x4C, 0x10, 0x28,
		0x28, 0x28, 0x28, 0x28, 0x10, 0x10, 0x4C, 0x4C, 0x10, 0x28, 0x28, 0x28, 0x10, 0x28, 0x28, 0x28,
		0x28, 0x28, 0x28, 0x28, 0x28, 0x28, 0x28, 0x28, 0x28, 0x28, 0x28, 0x28, 0x28, 0x28, 0x28, 0x28,
		0x28, 0x28, 0x28, 0x28, 0x28, 0x28, 0x28, 0x28, 0x28, 0x28, 0x28, 0x28, 0x28, 0x28, 0x28, 0x28,
		0x28, 0x28, 0x28, 0x28, 0x28, 0x28, 0x28, 0x28, 0x28, 0x28, 0x28, 0x28, 0x28, 0x28, 0x28, 0x28,
		0x28, 0x28, 0x28, 0x28, 0x28, 0x28, 0x28, 0x28, 0x28, 0x28, 0x20, 0x28, 0x28, 0x28, 0x20, 0x28,
		0x28, 0x28, 0x28, 0x20, 0x28, 0x28, 0x28, 0x28, 0x28, 0x28, 0x28, 0x28, 0x28, 0x28, 0x28, 0x28,
		0x28, 0x28, 0x28, 0x28, 0x28, 0x28, 0x28, 0x28, 0x28, 0x28, 0x28, 0x28, 0x28, 0x28, 0x28, 0x28,
		0x28, 0x28, 0x28, 0x28, 0x28, 0x28, 0x28, 0x28, 0x28, 0x28, 0x28, 0x28, 0x28, 0x28, 0x28, 0x28,
		0x28, 0x28, 0x28, 0x28, 0x28, 0x28, 0x28, 0x28, 0x28, 0x28, 0x28, 0x28, 0x28, 0x28, 0x28, 0x28,
		0x28, 0x28, 0x28, 0x28, 0x28, 0x28, 0x28, 0x28, 0x28, 0x28, 0x28, 0x28, 0x28, 0x28, 0x28, 0x28,
		0x28, 0x28, 0x28, 0x28, 0x28, 0x28, 0x28, 0x28, 0x28, 0x28, 0x28, 0x28, 0x28, 0x28, 0x28, 0x28,
		0x28, 0x28, 0x28, 0x28, 0x28, 0x20, 0x28, 0x28, 0x28, 0x28, 0x28, 0x28, 0x28, 0x28, 0x28, 0x28,
		0x28, 0x28, 0x28, 0x28, 0x28, 0x28, 0x28, 0x28, 0x28, 0x28, 0x28, 0x28, 0x28, 0x28, 0x28, 0x28,
		0x28, 0x28, 0x28, 0x28, 0x28, 0x28, 0x28, 0x28, 0x28, 0x28, 0x28, 0x28, 0x28, 0x28, 0x28, 0x28,
		0x28, 0x28, 0x28, 0x28, 0x28, 0x28, 0x28, 0x28, 0x28, 0x28, 0x28, 0x28, 0x28, 0x28, 0x28, 0x28,
		0x28, 0x28, 0x28, 0x28, 0x28, 0x28, 0x28, 0x28, 0x28, 0x28, 0x10, 0x28, 0x28, 0x28, 0x28, 0x28,
		0x28, 0x28, 0x28, 0x28, 0x28, 0x28, 0x28, 0x28, 0x28, 0x28, 0x28, 0x28, 0x28, 0x28, 0x28, 0x28,
		0x28, 0x10, 0x4C, 0x4C, 0x10, 0x10, 0x10, 0x28, 0x10, 0x4C, 0x4C, 0x10, 0x28, 0x28, 0x10, 0x10,
		0x4C, 0x4C, 0x4C, 0x10, 0x28, 0x28, 0x28, 0x28, 0x10, 0x28, 0x28, 0x28, 0x28, 0x28, 0x28, 0x28,
		0x28, 0x28, 0x28, 0x28, 0x28, 0x28, 0x28, 0x28, 0x28, 0x28, 0x28, 0x28, 0x28, 0x28, 0x28, 0x28,
		0x28, 0x28, 0x28, 0x28, 0x28, 0x28, 0x28, 0x28, 0x28, 0x28, 0x28, 0x28, 0x28, 0x28, 0x28, 0x28,
		0x28, 0x28, 0x28, 0x28, 0x28, 0x28, 0x28, 0x28, 0x28, 0x28, 0x28, 0x28, 0x28, 0x28, 0x28, 0x28,
		0x28, 0x28, 0x28, 0x28, 0x28, 0x28, 0x20, 0x28, 0x28, 0x28, 0x28, 0x20, 0x28, 0x28, 0x28, 0x28,
		0x28, 0x28, 0x28, 0x28, 0x28, 0x28, 0x28, 0x28, 0x28, 0x28, 0x28, 0x28, 0x28, 0x28, 0x28, 0x28,
		0x28, 0x28, 0x28, 0x28, 0x28, 0x28, 0x28, 0x28, 0x28, 0x28, 0x28, 0x28, 0x28, 0x28, 0x28, 0x28,
		0x28, 0x28, 0x28, 0x28, 0x28, 0x28, 0x28, 0x28, 0x28, 0x28, 0x28, 0x28, 0x28, 0x28, 0x28, 0x28,
		0x28, 0x28, 0x28, 0x28, 0x28, 0x28, 0x28, 0x28, 0x28, 0x28, 0x28, 0x28, 0x28, 0x28, 0x28, 0x28,
		0x28, 0x28, 0x28, 0x28, 0x28, 0x28, 0x28, 0x28, 0x28, 0x28, 0x28, 0x28, 0x28, 0x28, 0x28, 0x28,
		0x28, 0x28, 0x28, 0x28, 0x28, 0x28, 0x28, 0x28, 0x28, 0x28, 0x28, 0x28, 0x28, 0x28, 0x28, 0x28,
		0x28, 0x10, 0x28, 0x28, 0x28, 0x28, 0x28, 0x28, 0x28, 0x28, 0x28, 0x28, 0x28, 0x28, 0x28, 0x28,
		0x28, 0x28, 0x28, 0x28, 0x28, 0x28, 0x28, 0x28, 0x28, 0x28, 0x28, 0x28, 0x28, 0x28, 0x28, 0x28,
		0x28, 0x28, 0x28, 0x28, 0x28, 0x28, 0x28, 0x28, 0x28, 0x28, 0x28, 0x28, 0x28, 0x28, 0x28, 0x28,
		0x28, 0x28, 0x28, 0x28, 0x28, 0x28, 0x28, 0x28, 0x28, 0x28, 0x28, 0x28, 0x28, 0x28, 0x28, 0x28,
		0x28, 0x28, 0x28, 0x28, 0x28, 0x10, 0x20, 0x28, 0x28, 0x28, 0x28, 0x28, 0x28, 0x28, 0x28, 0x28,
		0x28, 0x28, 0x28, 0x28, 0x28, 0x28, 0x28, 0x10, 0x10, 0x10, 0x10, 0x28, 0x28, 0x28, 0x10, 0x4C,
		0x58, 0x58, 0x4C, 0x10, 0x10, 0x10, 0x58, 0x10, 0x10, 0x10, 0x4C, 0x58, 0x4C, 0x4C, 0x10, 0x28,
		0x28, 0x28, 0x28, 0x10, 0x20, 0x28, 0x28, 0x28, 0x28, 0x28, 0x28, 0x28, 0x28, 0x28, 0x28, 0x28,
		0x28, 0x28, 0x28, 0x28, 0x28, 0x28, 0x28, 0x28, 0x28, 0x28, 0x28, 0x28, 0x28, 0x28, 0x28, 0x28,
		0x28, 0x28, 0x28, 0x28, 0x28, 0x28, 0x28, 0x28, 0x28, 0x28, 0x28, 0x28, 0x28, 0x28, 0x28, 0x28,
		0x28, 0x28, 0x28, 0x28, 0x28, 0x28, 0x28, 0x28, 0x28, 0x28, 0x28, 0x28, 0x28, 0x28, 0x28, 0x28,
		0x28, 0x20, 0x28, 0x28, 0x28, 0x28, 0x28, 0x20, 0x28, 0x28, 0x28, 0x28, 0x28, 0x28, 0x28, 0x28,
		0x28, 0x28, 0x28, 0x28, 0x28, 0x28, 0x28, 0x28, 0x28, 0x28, 0x28, 0x28, 0x28, 0x28, 0x28, 0x28,
		0x28, 0x28, 0x28, 0x28, 0x28, 0x28, 0x28, 0x28, 0x28, 0x28, 0x28, 0x28, 0x28, 0x28, 0x28, 0x28,
		0x28, 0x28, 0x28, 0x28, 0x28, 0x28, 0x28, 0x28, 0x28, 0x28, 0x28, 0x28, 0x28, 0x28, 0x28, 0x28,
		0x28, 0x28, 0x28, 0x28, 0x28, 0x28, 0x28, 0x28, 0x28, 0x28, 0x28, 0x28, 0x28, 0x28, 0x28, 0x28,
		0x28, 0x28, 0x28, 0x28, 0x28, 0x28, 0x28, 0x28, 0x28, 0x28, 0x28, 0x28, 0x28, 0x28, 0x28, 0x28,
		0x28, 0x28, 0x28, 0x28, 0x28, 0x28, 0x28, 0x28, 0x28, 0x28, 0x28, 0x28, 0x28, 0x20, 0x28, 0x28,
		0x28, 0x28, 0x28, 0x28, 0x28, 0x28, 0x28, 0x28, 0x28, 0x28, 0x28, 0x28, 0x28, 0x28, 0x28, 0x28,
		0x28, 0x28, 0x28, 0x28, 0x28, 0x28, 0x28, 0x28, 0x28, 0x28, 0x28, 0x28, 0x28, 0x28, 0x28, 0x28,
		0x28, 0x28, 0x28, 0x28, 0x28, 0x28, 0x28, 0x28, 0x28, 0x28, 0x28, 0x28, 0x28, 0x28, 0x28, 0x28,
		0x28, 0x28, 0x28, 0x28, 0x28, 0x28, 0x28, 0x28, 0x28, 0x28, 0x28, 0x28, 0x28, 0x28, 0x28, 0x28,
		0x10, 0x10, 0x28, 0x28, 0x28, 0x28, 0x28, 0x28, 0x28, 0x28, 0x28, 0x28, 0x28, 0x28, 0x28, 0x28,
		0x28, 0x28, 0x10, 0x10, 0x4C, 0x4C, 0x4C, 0x10, 0x10, 0x10, 0x10, 0x10, 0x4C, 0x58, 0x58, 0x4C,
		0x4C, 0x10, 0x58, 0x4C, 0x4C, 0x4C, 0x58, 0x58, 0x4C, 0x10, 0x28, 0x28, 0x28, 0x28, 0x10, 0x10,
		0x28, 0x28, 0x28, 0x28, 0x28, 0x28, 0x28, 0x28, 0x28, 0x28, 0x28, 0x28, 0x28, 0x28, 0x28, 0x28,
		0x28, 0x28, 0x28, 0x28, 0x28, 0x28, 0x28, 0x28, 0x28, 0x28, 0x28, 0x28, 0x28, 0x28, 0x28, 0x28,
		0x28, 0x28, 0x28, 0x28, 0x28, 0x28, 0x28, 0x28, 0x28, 0x28, 0x28, 0x28, 0x28, 0x28, 0x28, 0x28,
		0x28, 0x28, 0x28, 0x28, 0x28, 0x28, 0x28, 0x28, 0x28, 0x28, 0x28, 0x28, 0x20, 0x28, 0x28, 0x28,
		0x28, 0x28, 0x20, 0x28, 0x28, 0x28, 0x28, 0x28, 0x28, 0x28, 0x28, 0x28, 0x28, 0x28, 0x28, 0x28,
		0x28, 0x28, 0x28, 0x28, 0x28, 0x28, 0x28, 0x28, 0x28, 0x28, 0x28, 0x28, 0x28, 0x28, 0x28, 0x28,
		0x28, 0x28, 0x28, 0x28, 0x28, 0x28, 0x28, 0x28, 0x28, 0x28, 0x28, 0x28, 0x28, 0x28, 0x28, 0x28,
		0x28, 0x28, 0x28, 0x28, 0x28, 0x28, 0x28, 0x28, 0x28, 0x28, 0x28, 0x28, 0x28, 0x28, 0x28, 0x28,
		0x28, 0x28, 0x28, 0x28, 0x28, 0x28, 0x28, 0x28, 0x28, 0x28, 0x28, 0x28, 0x28, 0x28, 0x28, 0x28,
		0x28, 0x28, 0x28, 0x28, 0x28, 0x28, 0x28, 0x28, 0x28, 0x28, 0x28, 0x28, 0x28, 0x28, 0x28, 0x28,
		0x28, 0x28, 0x28, 0x28, 0x28, 0x28, 0x28, 0x28, 0x28, 0x20, 0x20, 0x28, 0x28, 0x28, 0x28, 0x28,
		0x28, 0x28, 0x28, 0x28, 0x28, 0x28, 0x28, 0x28, 0x28, 0x28, 0x28, 0x28, 0x28, 0x28, 0x28, 0x28,
		0x28, 0x28, 0x28, 0x28, 0x28, 0x28, 0x28, 0x28, 0x28, 0x28, 0x28, 0x28, 0x28, 0x28, 0x28, 0x28,
		0x28, 0x28, 0x28, 0x28, 0x28, 0x28, 0x28, 0x28, 0x28, 0x28, 0x28, 0x28, 0x28, 0x28, 0x28, 0x28,
		0x28, 0x28, 0x28, 0x28, 0x28, 0x28, 0x28, 0x28, 0x28, 0x28, 0x28, 0x20, 0x10, 0x28, 0x28, 0x28,
		0x28, 0x28, 0x28, 0x28, 0x28, 0x28, 0x28, 0x28, 0x28, 0x28, 0x28, 0x28, 0x28, 0x28, 0x28, 0x28,
		0x10, 0x10, 0x4C, 0x58, 0x58, 0x4C, 0x10, 0x10, 0x10, 0x4C, 0x58, 0x58, 0x58, 0x4C, 0x58, 0x58,
		0x58, 0x58, 0x58, 0x4C, 0x4C, 0x10, 0x28, 0x28, 0x28, 0x20, 0x10, 0x28, 0x28, 0x28, 0x28, 0x28,
		0x28, 0x28, 0x28, 0x28, 0x28, 0x28, 0x28, 0x28, 0x28, 0x28, 0x28, 0x28, 0x28, 0x28, 0x28, 0x28,
		0x28, 0x28, 0x28, 0x28, 0x28, 0x28, 0x28, 0x28, 0x28, 0x28, 0x28, 0x28, 0x28, 0x28, 0x28, 0x28,
		0x28, 0x28, 0x28, 0x28, 0x28, 0x28, 0x28, 0x28, 0x28, 0x28, 0x28, 0x28, 0x28, 0x28, 0x28, 0x28,
		0x28, 0x28, 0x28, 0x28, 0x28, 0x28, 0x28, 0x28, 0x20, 0x28, 0x28, 0x28, 0x28, 0x20, 0x28, 0x28,
		0x28, 0x28, 0x28, 0x28, 0x28, 0x28, 0x28, 0x28, 0x28, 0x28, 0x28, 0x28, 0x28, 0x28, 0x28, 0x28,
		0x28, 0x28, 0x28, 0x28, 0x28, 0x28, 0x28, 0x28, 0x28, 0x28, 0x28, 0x28, 0x28, 0x28, 0x28, 0x28,
		0x28, 0x28, 0x28, 0x28, 0x28, 0x28, 0x28, 0x28, 0x28, 0x28, 0x28, 0x28, 0x28, 0x28, 0x28, 0x28,
		0x28, 0x28, 0x28, 0x28, 0x28, 0x28, 0x28, 0x28, 0x28, 0x28, 0x28, 0x28, 0x28, 0x28, 0x28, 0x28,
		0x28, 0x28, 0x28, 0x28, 0x28, 0x28, 0x28, 0x28, 0x28, 0x28, 0x28, 0x28, 0x28, 0x28, 0x28, 0x28,
		0x28, 0x28, 0x28, 0x28, 0x28, 0x28, 0x28, 0x28, 0x28, 0x28, 0x28, 0x28, 0x28, 0x28, 0x28, 0x28,
		0x28, 0x28, 0x28, 0x28, 0x28, 0x28, 0x28, 0x28, 0x28, 0x28, 0x28, 0x28, 0x28, 0x28, 0x28, 0x28,
		0x28, 0x28, 0x28, 0x28, 0x28, 0x28, 0x28, 0x28, 0x28, 0x28, 0x28, 0x28, 0x28, 0x28, 0x28, 0x28,
		0x28, 0x28, 0x28, 0x28, 0x28, 0x28, 0x28, 0x28, 0x28, 0x28, 0x28, 0x28, 0x28, 0x28, 0x28, 0x28,
		0x28, 0x28, 0x28, 0x28, 0x28, 0x28, 0x28, 0x28, 0x28, 0x28, 0x28, 0x28, 0x28, 0x28, 0x28, 0x28,
		0x28, 0x28, 0x28, 0x28, 0x28, 0x28, 0x28, 0x10, 0x28, 0x28, 0x28, 0x28, 0x28, 0x28, 0x28, 0x28,
		0x28, 0x28, 0x28, 0x28, 0x28, 0x28, 0x28, 0x28, 0x28, 0x28, 0x28, 0x28, 0x28, 0x28, 0x10, 0x4C,
		0x58, 0x58, 0x58, 0x58, 0x58, 0x4C, 0x58, 0x58, 0x58, 0x58, 0x58, 0x58, 0x58, 0x58, 0x4C, 0x4C,
		0x10, 0x28, 0x28, 0x10, 0x10, 0x10, 0x28, 0x28, 0x28, 0x28, 0x28, 0x28, 0x28, 0x28, 0x28, 0x28,
		0x28, 0x28, 0x28, 0x28, 0x28, 0x28, 0x28, 0x28, 0x28, 0x28, 0x28, 0x28, 0x28, 0x28, 0x28, 0x28,
		0x28, 0x28, 0x28, 0x28, 0x28, 0x28, 0x28, 0x28, 0x28, 0x28, 0x28, 0x28, 0x28, 0x28, 0x28, 0x28,
		0x28, 0x28, 0x28, 0x28, 0x28, 0x28, 0x28, 0x28, 0x28, 0x28, 0x28, 0x28, 0x28, 0x28, 0x28, 0x28,
		0x28, 0x28, 0x28, 0x20, 0x28, 0x28, 0x28, 0x28, 0x20, 0x28, 0x28, 0x28, 0x28, 0x28, 0x28, 0x28,
		0x28, 0x28, 0x28, 0x28, 0x28, 0x28, 0x28, 0x28, 0x28, 0x28, 0x28, 0x28, 0x28, 0x28, 0x28, 0x28,
		0x28, 0x28, 0x28, 0x28, 0x28, 0x28, 0x28, 0x28, 0x28, 0x28, 0x28, 0x28, 0x28, 0x28, 0x28, 0x28,
		0x28, 0x28, 0x28, 0x28, 0x28, 0x28, 0x28, 0x28, 0x28, 0x28, 0x28, 0x28, 0x28, 0x28, 0x28, 0x28,
		0x28, 0x28, 0x28, 0x28, 0x28, 0x28, 0x28, 0x28, 0x28, 0x28, 0x28, 0x28, 0x28, 0x28, 0x28, 0x28,
		0x28, 0x28, 0x28, 0x28, 0x28, 0x28, 0x28, 0x28, 0x28, 0x28, 0x28, 0x28, 0x28, 0x28, 0x28, 0x28,
		0x28, 0x28, 0x28, 0x28, 0x28, 0x28, 0x28, 0x28, 0x28, 0x28, 0x28, 0x28, 0x28, 0x28, 0x28, 0x28,
		0x28, 0x28, 0x28, 0x28, 0x28, 0x28, 0x28, 0x28, 0x28, 0x28, 0x28, 0x28, 0x28, 0x28, 0x28, 0x28,
		0x28, 0x28, 0x28, 0x28, 0x28, 0x28, 0x28, 0x28, 0x28, 0x28, 0x28, 0x28, 0x28, 0x28, 0x28, 0x28,
		0x28, 0x28, 0x28, 0x28, 0x28, 0x28, 0x28, 0x28, 0x28, 0x28, 0x28, 0x28, 0x28, 0x28, 0x28, 0x28,
		0x28, 0x28, 0x28, 0x28, 0x28, 0x28, 0x28, 0x28, 0x28, 0x28, 0x28, 0x28, 0x28, 0x28, 0x28, 0x28,
		0x28, 0x28, 0x28, 0x20, 0x28, 0x28, 0x28, 0x28, 0x28, 0x28, 0x28, 0x28, 0x28, 0x28, 0x28, 0x28,
		0x28, 0x28, 0x28, 0x28, 0x28, 0x28, 0x28, 0x28, 0x28, 0x28, 0x10, 0x10, 0x10, 0x4C, 0x4C, 0x58,
		0x58, 0x58, 0x58, 0x58, 0x58, 0x58, 0x58, 0x58, 0x58, 0x58, 0x4C, 0x4C, 0x10, 0x10, 0x10, 0x4C,
		0x4C, 0x4C, 0x10, 0x28, 0x28, 0x28, 0x28, 0x28, 0x28, 0x28, 0x28, 0x28, 0x28, 0x28, 0x28, 0x28,
		0x28, 0x28, 0x28, 0x28, 0x28, 0x28, 0x28, 0x28, 0x28, 0x28, 0x28, 0x28, 0x28, 0x28, 0x28, 0x28,
		0x28, 0x28, 0x28, 0x28, 0x28, 0x28, 0x28, 0x28, 0x28, 0x28, 0x28, 0x28, 0x28, 0x28, 0x28, 0x28,
		0x28, 0x28, 0x28, 0x28, 0x28, 0x28, 0x28, 0x28, 0x28, 0x28, 0x28, 0x28, 0x28, 0x28, 0x28, 0x28,
		0x20, 0x20, 0x28, 0x20, 0x28, 0x28, 0x28, 0x28, 0x28, 0x28, 0x28, 0x28, 0x28, 0x28, 0x28, 0x28,
		0x28, 0x28, 0x28, 0x28, 0x28, 0x28, 0x28, 0x28, 0x28, 0x28, 0x28, 0x28, 0x28, 0x28, 0x28, 0x28,
		0x28, 0x28, 0x28, 0x28, 0x28, 0x28, 0x28, 0x28, 0x28, 0x28, 0x28, 0x28, 0x28, 0x28, 0x28, 0x28,
		0x28, 0x28, 0x28, 0x28, 0x28, 0x28, 0x28, 0x28, 0x28, 0x28, 0x28, 0x28, 0x28, 0x28, 0x28, 0x28,
		0x28, 0x28, 0x28, 0x28, 0x28, 0x28, 0x28, 0x28, 0x28, 0x28, 0x28, 0x28, 0x28, 0x28, 0x28, 0x28,
		0x28, 0x28, 0x28, 0x28, 0x28, 0x28, 0x28, 0x28, 0x28, 0x28, 0x28, 0x28, 0x28, 0x28, 0x28, 0x28,
		0x28, 0x28, 0x28, 0x28, 0x28, 0x28, 0x28, 0x28, 0x28, 0x28, 0x28, 0x28, 0x28, 0x28, 0x28, 0x28,
		0x28, 0x28, 0x28, 0x28, 0x28, 0x28, 0x28, 0x28, 0x28, 0x28, 0x28, 0x28, 0x28, 0x28, 0x28, 0x28,
		0x28, 0x28, 0x28, 0x28, 0x28, 0x28, 0x28, 0x28, 0x28, 0x28, 0x28, 0x28, 0x28, 0x28, 0x28, 0x28,
		0x28, 0x28, 0x28, 0x28, 0x28, 0x28, 0x28, 0x28, 0x28, 0x28, 0x28, 0x28, 0x28, 0x28, 0x28, 0x28,
		0x28, 0x28, 0x28, 0x28, 0x28, 0x28, 0x28, 0x28, 0x28, 0x28, 0x28, 0x28, 0x28, 0x28, 0x28, 0x28,
		0x28, 0x28, 0x28, 0x28, 0x28, 0x28, 0x28, 0x28, 0x28, 0x28, 0x28, 0x28, 0x28, 0x28, 0x28, 0x28,
		0x28, 0x28, 0x10, 0x10, 0x10, 0x10, 0x10, 0x4C, 0x4C, 0x10, 0x4C, 0x4C, 0x4C, 0x58, 0x58, 0x58,
		0x58, 0x58, 0x58, 0x58, 0x58, 0x58, 0x58, 0x58, 0x4C, 0x4C, 0x4C, 0x4C, 0x10, 0x10, 0x28, 0x28,
		0x10, 0x10, 0x10, 0x10, 0x28, 0x28, 0x28, 0x28, 0x28, 0x28, 0x28, 0x10, 0x10, 0x10, 0x10, 0x28,
		0x28, 0x28, 0x28, 0x28, 0x28, 0x28, 0x28, 0x28, 0x28, 0x28, 0x28, 0x28, 0x28, 0x28, 0x28, 0x28,
		0x28, 0x28, 0x28, 0x28, 0x28, 0x28, 0x28, 0x28, 0x28, 0x28, 0x28, 0x28, 0x28, 0x28, 0x28, 0x10,
		0x10, 0x10, 0x10, 0x28, 0x28, 0x28, 0x28, 0x28, 0x28, 0x28, 0x10, 0x10, 0x10, 0x10, 0x20, 0x28,
		0x28, 0x28, 0x28, 0x28, 0x28, 0x28, 0x20, 0x20, 0x28, 0x28, 0x28, 0x28, 0x28, 0x28, 0x28, 0x28,
		0x28, 0x28, 0x28, 0x28, 0x28, 0x28, 0x28, 0x28, 0x28, 0x28, 0x28, 0x28, 0x28, 0x28, 0x28, 0x28,
		0x28, 0x28, 0x28, 0x28, 0x28, 0x28, 0x28, 0x28, 0x28, 0x28, 0x28, 0x28, 0x28, 0x28, 0x28, 0x28,
		0x28, 0x28, 0x28, 0x28, 0x28, 0x28, 0x28, 0x28, 0x28, 0x28, 0x28, 0x28, 0x28, 0x28, 0x28, 0x28,
		0x28, 0x28, 0x28, 0x28, 0x28, 0x28, 0x28, 0x28, 0x28, 0x28, 0x28, 0x28, 0x28, 0x28, 0x28, 0x28,
		0x28, 0x28, 0x28, 0x28, 0x28, 0x28, 0x28, 0x28, 0x28, 0x28, 0x28, 0x28, 0x28, 0x28, 0x28, 0x28,
		0x28, 0x28, 0x28, 0x28, 0x28, 0x28, 0x28, 0x28, 0x28, 0x28, 0x28, 0x28, 0x28, 0x28, 0x28, 0x28,
		0x28, 0x28, 0x28, 0x28, 0x28, 0x28, 0x28, 0x28, 0x28, 0x28, 0x28, 0x28, 0x28, 0x28, 0x28, 0x28,
		0x28, 0x28, 0x28, 0x28, 0x28, 0x28, 0x28, 0x28, 0x28, 0x28, 0x28, 0x28, 0x28, 0x28, 0x28, 0x28,
		0x28, 0x28, 0x28, 0x28, 0x28, 0x28, 0x28, 0x28, 0x28, 0x28, 0x28, 0x28, 0x28, 0x28, 0x28, 0x28,
		0x28, 0x28, 0x28, 0x28, 0x28, 0x28, 0x28, 0x28, 0x28, 0x28, 0x28, 0x28, 0x28, 0x28, 0x28, 0x28,
		0x28, 0x28, 0x28, 0x28, 0x28, 0x28, 0x28, 0x28, 0x28, 0x28, 0x28, 0x28, 0x28, 0x10, 0x4C, 0x4C,
		0x4C, 0x10, 0x4C, 0x58, 0x58, 0x58, 0x4C, 0x58, 0x58, 0x58, 0x58, 0x58, 0x58, 0x58, 0x58, 0x58,
		0x58, 0x58, 0x4C, 0x4C, 0x4C, 0x4C, 0x10, 0x10, 0x20, 0x28, 0x28, 0x28, 0x28, 0x10, 0x4C, 0x4C,
		0x10, 0x10, 0x28, 0x28, 0x28, 0x28, 0x28, 0x10, 0x4C, 0x10, 0x28, 0x28, 0x28, 0x28, 0x10, 0x10,
		0x10, 0x28, 0x28, 0x28, 0x28, 0x28, 0x28, 0x28, 0x28, 0x28, 0x28, 0x28, 0x28, 0x28, 0x28, 0x28,
		0x28, 0x28, 0x28, 0x28, 0x28, 0x10, 0x10, 0x10, 0x28, 0x28, 0x28, 0x28, 0x10, 0x4C, 0x10, 0x28,
		0x28, 0x28, 0x28, 0x28, 0x10, 0x10, 0x4C, 0x4C, 0x10, 0x28, 0x28, 0x28, 0x28, 0x28, 0x28, 0x28,
		0x28, 0x20, 0x28, 0x20, 0x28, 0x28, 0x28, 0x28, 0x28, 0x28, 0x28, 0x28, 0x28, 0x28, 0x28, 0x28,
		0x28, 0x28, 0x28, 0x28, 0x28, 0x28, 0x28, 0x28, 0x28, 0x28, 0x28, 0x28, 0x28, 0x28, 0x28, 0x28,
		0x28, 0x28, 0x28, 0x28, 0x28, 0x28, 0x28, 0x28, 0x28, 0x28, 0x28, 0x28, 0x28, 0x28, 0x28, 0x28,
		0x28, 0x28, 0x28, 0x28, 0x28, 0x28, 0x28, 0x28, 0x28, 0x28, 0x28, 0x28, 0x28, 0x28, 0x28, 0x28,
		0x28, 0x28, 0x28, 0x28, 0x28, 0x28, 0x28, 0x28, 0x28, 0x28, 0x28, 0x28, 0x28, 0x28, 0x28, 0x28,
		0x28, 0x28, 0x28, 0x28, 0x28, 0x28, 0x28, 0x28, 0x28, 0x28, 0x28, 0x28, 0x28, 0x28, 0x28, 0x28,
		0x28, 0x28, 0x28, 0x28, 0x28, 0x28, 0x28, 0x28, 0x28, 0x28, 0x28, 0x28, 0x28, 0x28, 0x28, 0x28,
		0x28, 0x28, 0x28, 0x28, 0x28, 0x28, 0x28, 0x28, 0x28, 0x28, 0x28, 0x28, 0x28, 0x28, 0x28, 0x28,
		0x28, 0x28, 0x28, 0x28, 0x28, 0x28, 0x28, 0x28, 0x28, 0x28, 0x28, 0x28, 0x28, 0x28, 0x28, 0x28,
		0x28, 0x28, 0x28, 0x28, 0x28, 0x28, 0x28, 0x28, 0x28, 0x28, 0x28, 0x28, 0x28, 0x28, 0x28, 0x28,
		0x28, 0x28, 0x28, 0x28, 0x28, 0x28, 0x28, 0x28, 0x28, 0x28, 0x28, 0x28, 0x28, 0x28, 0x28, 0x28,
		0x28, 0x28, 0x28, 0x28, 0x28, 0x28, 0x28, 0x28, 0x10, 0x4C, 0x10, 0x10, 0x10, 0x4C, 0x58, 0x58,
		0x58, 0x58, 0x58, 0x58, 0x58, 0x58, 0x58, 0x58, 0x58, 0x58, 0x58, 0x58, 0x4C, 0x58, 0x4C, 0x4C,
		0x10, 0x10, 0x28, 0x20, 0x28, 0x28, 0x28, 0x28, 0x28, 0x28, 0x10, 0x4C, 0x4C, 0x4C, 0x10, 0x10,
		0x28, 0x28, 0x10, 0x4C, 0x4C, 0x10, 0x28, 0x10, 0x10, 0x10, 0x4C, 0x4C, 0x10, 0x28, 0x28, 0x28,
		0x28, 0x28, 0x28, 0x28, 0x28, 0x28, 0x28, 0x28, 0x28, 0x28, 0x28, 0x28, 0x28, 0x28, 0x28, 0x28,
		0x28, 0x10, 0x4C, 0x4C, 0x10, 0x10, 0x10, 0x28, 0x10, 0x4C, 0x4C, 0x10, 0x28, 0x28, 0x10, 0x10,
		0x4C, 0x4C, 0x4C, 0x10, 0x28, 0x28, 0x28, 0x28, 0x28, 0x28, 0x28, 0x28, 0x20, 0x28, 0x28, 0x20,
		0x28, 0x28, 0x28, 0x28, 0x28, 0x28, 0x28, 0x28, 0x28, 0x28, 0x28, 0x28, 0x28, 0x28, 0x28, 0x28,
		0x28, 0x28, 0x28, 0x28, 0x28, 0x28, 0x28, 0x28, 0x28, 0x28, 0x28, 0x28, 0x28, 0x28, 0x28, 0x28,
		0x28, 0x28, 0x28, 0x28, 0x28, 0x28, 0x28, 0x28, 0x28, 0x28, 0x28, 0x28, 0x28, 0x28, 0x28, 0x28,
		0x28, 0x28, 0x28, 0x28, 0x28, 0x28, 0x28, 0x28, 0x28, 0x28, 0x28, 0x28, 0x28, 0x28, 0x28, 0x28,
		0x28, 0x28, 0x28, 0x28, 0x28, 0x28, 0x28, 0x28, 0x28, 0x28, 0x28, 0x28, 0x28, 0x28, 0x28, 0x28,
		0x28, 0x28, 0x28, 0x28, 0x28, 0x28, 0x28, 0x28, 0x28, 0x28, 0x28, 0x28, 0x28, 0x28, 0x28, 0x28,
		0x28, 0x28, 0x28, 0x28, 0x28, 0x28, 0x28, 0x28, 0x28, 0x28, 0x28, 0x28, 0x28, 0x28, 0x28, 0x28,
		0x28, 0x28, 0x28, 0x28, 0x28, 0x28, 0x28, 0x28, 0x28, 0x28, 0x28, 0x28, 0x28, 0x28, 0x28, 0x28,
		0x28, 0x28, 0x28, 0x28, 0x28, 0x28, 0x28, 0x28, 0x28, 0x28, 0x28, 0x28, 0x28, 0x28, 0x28, 0x28,
		0x28, 0x28, 0x28, 0x28, 0x28, 0x28, 0x28, 0x28, 0x28, 0x28, 0x28, 0x28, 0x28, 0x28, 0x28, 0x28,
		0x28, 0x28, 0x28, 0x28, 0x28, 0x28, 0x28, 0x28, 0x28, 0x28, 0x28, 0x28, 0x28, 0x28, 0x28, 0x28,
		0x28, 0x28, 0x28, 0x28, 0x10, 0x10, 0x28, 0x10, 0x4C, 0x58, 0x58, 0x4C, 0x4C, 0x4C, 0x4C, 0x4C,
		0x4C, 0x58, 0x58, 0x58, 0x58, 0x58, 0x58, 0x58, 0x4C, 0x4C, 0x4C, 0x10, 0x10, 0x28, 0x28, 0x20,
		0x28, 0x28, 0x28, 0x28, 0x28, 0x28, 0x28, 0x10, 0x4C, 0x4C, 0x58, 0x4C, 0x10, 0x10, 0x10, 0x58,
		0x10, 0x10, 0x10, 0x4C, 0x58, 0x58, 0x4C, 0x10, 0x28, 0x28, 0x28, 0x10, 0x10, 0x10, 0x10, 0x28,
		0x28, 0x28, 0x28, 0x28, 0x28, 0x28, 0x28, 0x10, 0x10, 0x10, 0x10, 0x28, 0x28, 0x28, 0x10, 0x4C,
		0x58, 0x58, 0x4C, 0x10, 0x10, 0x10, 0x58, 0x10, 0x10, 0x10, 0x4C, 0x58, 0x4C, 0x4C, 0x10, 0x28,
		0x28, 0x28, 0x28, 0x28, 0x28, 0x28, 0x28, 0x28, 0x20, 0x28, 0x28, 0x28, 0x20, 0x28, 0x28, 0x28,
		0x28, 0x28, 0x28, 0x28, 0x28, 0x28, 0x28, 0x28, 0x28, 0x28, 0x28, 0x28, 0x28, 0x28, 0x28, 0x28,
		0x28, 0x28, 0x28, 0x28, 0x28, 0x28, 0x28, 0x28, 0x28, 0x28, 0x28, 0x28, 0x28, 0x28, 0x28, 0x28,
		0x28, 0x28, 0x28, 0x28, 0x28, 0x28, 0x28, 0x28, 0x28, 0x28, 0x28, 0x28, 0x28, 0x28, 0x28, 0x28,
		0x28, 0x28, 0x28, 0x28, 0x28, 0x28, 0x28, 0x28, 0x28, 0x28, 0x28, 0x28, 0x28, 0x28, 0x28, 0x28,
		0x28, 0x28, 0x28, 0x28, 0x28, 0x28, 0x28, 0x28, 0x28, 0x28, 0x28, 0x28, 0x28, 0x28, 0x28, 0x28,
		0x28, 0x28, 0x28, 0x28, 0x28, 0x28, 0x28, 0x28, 0x28, 0x28, 0x28, 0x28, 0x28, 0x28, 0x28, 0x28,
		0x28, 0x28, 0x28, 0x28, 0x28, 0x28, 0x28, 0x28, 0x28, 0x28, 0x28, 0x28, 0x28, 0x28, 0x28, 0x28,
		0x28, 0x28, 0x28, 0x28, 0x28, 0x28, 0x28, 0x28, 0x28, 0x28, 0x28, 0x28, 0x28, 0x28, 0x28, 0x28,
		0x28, 0x28, 0x28, 0x28, 0x28, 0x28, 0x28, 0x28, 0x28, 0x28, 0x28, 0x28, 0x28, 0x28, 0x28, 0x28,
		0x28, 0x28, 0x28, 0x28, 0x28, 0x28, 0x28, 0x28, 0x28, 0x28, 0x28, 0x28, 0x28, 0x28, 0x28, 0x28,
		0x28, 0x28, 0x28, 0x28, 0x28, 0x28, 0x28, 0x28, 0x28, 0x28, 0x28, 0x28, 0x28, 0x28, 0x28, 0x28,
		0x28, 0x28, 0x28, 0x10, 0x58, 0x58, 0x4C, 0x4C, 0x4C, 0x10, 0x10, 0x10, 0x58, 0x58, 0x4C, 0x4C,
		0x58, 0x58, 0x58, 0x4C, 0x4C, 0x4C, 0x4C, 0x4C, 0x4C, 0x10, 0x10, 0x10, 0x28, 0x28, 0x28, 0x28,
		0x28, 0x28, 0x28, 0x28, 0x10, 0x4C, 0x58, 0x58, 0x4C, 0x4C, 0x4C, 0x58, 0x10, 0x4C, 0x4C, 0x58,
		0x58, 0x4C, 0x10, 0x10, 0x10, 0x10, 0x10, 0x4C, 0x4C, 0x4C, 0x10, 0x10, 0x28, 0x28, 0x28, 0x28,
		0x28, 0x28, 0x10, 0x10, 0x4C, 0x4C, 0x4C, 0x10, 0x10, 0x10, 0x10, 0x10, 0x4C, 0x58, 0x58, 0x4C,
		0x4C, 0x10, 0x58, 0x4C, 0x4C, 0x4C, 0x58, 0x58, 0x4C, 0x10, 0x28, 0x28, 0x28, 0x28, 0x28, 0x28,
		0x28, 0x28, 0x28, 0x20, 0x28, 0x28, 0x28, 0x20, 0x28, 0x28, 0x28, 0x28, 0x28, 0x28, 0x28, 0x28,
		0x28, 0x28, 0x28, 0x28, 0x28, 0x28, 0x28, 0x28, 0x28, 0x28, 0x28, 0x28, 0x28, 0x28, 0x28, 0x28,
		0x28, 0x28, 0x28, 0x28, 0x28, 0x28, 0x28, 0x28, 0x28, 0x28, 0x28, 0x28, 0x28, 0x28, 0x28, 0x28,
		0x28, 0x28, 0x28, 0x28, 0x28, 0x28, 0x28, 0x28, 0x28, 0x28, 0x28, 0x28, 0x28, 0x28, 0x28, 0x28,
		0x28, 0x28, 0x28, 0x28, 0x28, 0x28, 0x28, 0x28, 0x28, 0x28, 0x28, 0x28, 0x28, 0x28, 0x28, 0x28,
		0x28, 0x28, 0x28, 0x28, 0x28, 0x28, 0x28, 0x28, 0x28, 0x28, 0x28, 0x28, 0x28, 0x28, 0x28, 0x28,
		0x28, 0x28, 0x28, 0x28, 0x28, 0x28, 0x28, 0x28, 0x28, 0x28, 0x28, 0x28, 0x28, 0x28, 0x28, 0x28,
		0x28, 0x28, 0x28, 0x28, 0x28, 0x28, 0x28, 0x28, 0x28, 0x28, 0x28, 0x28, 0x28, 0x28, 0x28, 0x28,
		0x28, 0x28, 0x28, 0x28, 0x28, 0x28, 0x28, 0x28, 0x28, 0x28, 0x28, 0x28, 0x28, 0x28, 0x28, 0x28,
		0x28, 0x28, 0x28, 0x28, 0x28, 0x28, 0x28, 0x28, 0x28, 0x28, 0x28, 0x28, 0x28, 0x28, 0x28, 0x28,
		0x28, 0x28, 0x28, 0x28, 0x28, 0x28, 0x28, 0x28, 0x28, 0x28, 0x28, 0x28, 0x28, 0x28, 0x28, 0x28,
		0x28, 0x28, 0x28, 0x28, 0x28, 0x28, 0x28, 0x28, 0x28, 0x28, 0x28, 0x28, 0x28, 0x28, 0x10, 0x4C,
		0x58, 0x4C, 0x4C, 0x10, 0x10, 0x28, 0x10, 0x4C, 0x58, 0x4C, 0x4C, 0x4C, 0x58, 0x58, 0x4C, 0x4C,
		0x4C, 0x4C, 0x4C, 0x4C, 0x4C, 0x4C, 0x4C, 0x4C, 0x10, 0x28, 0x28, 0x28, 0x28, 0x28, 0x28, 0x28,
		0x10, 0x4C, 0x4C, 0x58, 0x58, 0x58, 0x58, 0x58, 0x4C, 0x58, 0x58, 0x58, 0x4C, 0x10, 0x10, 0x10,
		0x4C, 0x58, 0x58, 0x4C, 0x10, 0x10, 0x28, 0x28, 0x28, 0x28, 0x28, 0x28, 0x28, 0x28, 0x28, 0x28,
		0x10, 0x10, 0x4C, 0x58, 0x58, 0x4C, 0x10, 0x10, 0x10, 0x4C, 0x58, 0x58, 0x58, 0x4C, 0x58, 0x58,
		0x58, 0x58, 0x58, 0x4C, 0x4C, 0x10, 0x28, 0x28, 0x28, 0x28, 0x28, 0x28, 0x28, 0x28, 0x28, 0x28,
		0x20, 0x20, 0x20, 0x28, 0x28, 0x28, 0x28, 0x28, 0x28, 0x28, 0x28, 0x28, 0x28, 0x28, 0x28, 0x28,
		0x28, 0x28, 0x28, 0x28, 0x28, 0x28, 0x28, 0x28, 0x28, 0x28, 0x28, 0x28, 0x28, 0x28, 0x28, 0x28,
		0x28, 0x28, 0x28, 0x28, 0x28, 0x28, 0x28, 0x28, 0x28, 0x28, 0x28, 0x28, 0x28, 0x28, 0x28, 0x28,
		0x28, 0x28, 0x28, 0x28, 0x28, 0x28, 0x28, 0x28, 0x28, 0x28, 0x28, 0x28, 0x28, 0x28, 0x28, 0x28,
		0x28, 0x28, 0x28, 0x28, 0x28, 0x28, 0x28, 0x28, 0x28, 0x28, 0x28, 0x28, 0x28, 0x28, 0x28, 0x28,
		0x28, 0x28, 0x28, 0x28, 0x28, 0x28, 0x28, 0x28, 0x28, 0x28, 0x28, 0x28, 0x28, 0x28, 0x28, 0x28,
		0x28, 0x28, 0x28, 0x28, 0x28, 0x28, 0x28, 0x28, 0x28, 0x28, 0x28, 0x28, 0x28, 0x28, 0x28, 0x28,
		0x28, 0x28, 0x28, 0x28, 0x28, 0x28, 0x28, 0x28, 0x28, 0x28, 0x28, 0x28, 0x28, 0x28, 0x28, 0x28,
		0x28, 0x28, 0x28, 0x28, 0x28, 0x28, 0x28, 0x28, 0x28, 0x28, 0x28, 0x28, 0x28, 0x28, 0x28, 0x28,
		0x28, 0x28, 0x28, 0x28, 0x28, 0x28, 0x28, 0x28, 0x28, 0x28, 0x28, 0x28, 0x28, 0x28, 0x28, 0x28,
		0x28, 0x28, 0x28, 0x28, 0x28, 0x28, 0x28, 0x28, 0x28, 0x28, 0x28, 0x28, 0x28, 0x28, 0x28, 0x28,
		0x28, 0x28, 0x28, 0x28, 0x28, 0x28, 0x28, 0x28, 0x28, 0x28, 0x10, 0x4C, 0x4C, 0x10, 0x10, 0x28,
		0x28, 0x10, 0x4C, 0x4C, 0x4C, 0x10, 0x10, 0x10, 0x4C, 0x58, 0x4C, 0x4C, 0x4C, 0x4C, 0x4C, 0x4C,
		0x10, 0x10, 0x10, 0x10, 0x10, 0x28, 0x28, 0x28, 0x10, 0x10, 0x10, 0x28, 0x28, 0x10, 0x4C, 0x4C,
		0x58, 0x58, 0x58, 0x58, 0x58, 0x58, 0x58, 0x58, 0x4C, 0x58, 0x58, 0x58, 0x58, 0x58, 0x4C, 0x10,
		0x28, 0x28, 0x28, 0x28, 0x28, 0x28, 0x28, 0x28, 0x28, 0x28, 0x28, 0x28, 0x28, 0x28, 0x10, 0x4C,
		0x58, 0x58, 0x58, 0x58, 0x58, 0x4C, 0x58, 0x58, 0x58, 0x58, 0x58, 0x58, 0x58, 0x58, 0x4C, 0x4C,
		0x10, 0x28, 0x28, 0x10, 0x10, 0x10, 0x28, 0x28, 0x28, 0x28, 0x28, 0x28, 0x28, 0x28, 0x28, 0x28,
		0x28, 0x28, 0x28, 0x28, 0x28, 0x28, 0x28, 0x28, 0x28, 0x28, 0x28, 0x28, 0x28, 0x28, 0x28, 0x28,
		0x28, 0x28, 0x28, 0x28, 0x28, 0x28, 0x28, 0x28, 0x28, 0x28, 0x28, 0x28, 0x28, 0x28, 0x28, 0x28,
		0x28, 0x28, 0x28, 0x28, 0x28, 0x28, 0x28, 0x28, 0x28, 0x28, 0x28, 0x28, 0x28, 0x28, 0x28, 0x28,
		0x28, 0x28, 0x28, 0x28, 0x28, 0x28, 0x28, 0x28, 0x28, 0x28, 0x28, 0x28, 0x28, 0x28, 0x28, 0x28,
		0x28, 0x28, 0x28, 0x28, 0x28, 0x28, 0x28, 0x28, 0x28, 0x28, 0x28, 0x28, 0x28, 0x28, 0x28, 0x28,
		0x28, 0x28, 0x28, 0x28, 0x28, 0x28, 0x28, 0x28, 0x28, 0x28, 0x28, 0x28, 0x28, 0x28, 0x28, 0x28,
		0x28, 0x28, 0x28, 0x28, 0x28, 0x28, 0x28, 0x28, 0x28, 0x28, 0x28, 0x28, 0x28, 0x28, 0x28, 0x28,
		0x28, 0x28, 0x28, 0x28, 0x28, 0x28, 0x28, 0x28, 0x28, 0x28, 0x28, 0x28, 0x28, 0x28, 0x28, 0x28,
		0x28, 0x28, 0x28, 0x28, 0x28, 0x28, 0x28, 0x28, 0x28, 0x28, 0x28, 0x28, 0x28, 0x28, 0x28, 0x28,
		0x28, 0x28, 0x28, 0x28, 0x28, 0x28, 0x28, 0x28, 0x28, 0x28, 0x28, 0x28, 0x28, 0x28, 0x28, 0x28,
		0x28, 0x28, 0x28, 0x28, 0x28, 0x28, 0x28, 0x28, 0x28, 0x28, 0x28, 0x28, 0x28, 0x28, 0x28, 0x28,
		0x28, 0x28, 0x28, 0x28, 0x28, 0x28, 0x10, 0x4C, 0x10, 0x28, 0x28, 0x28, 0x10, 0x4C, 0x4C, 0x4C,
		0x10, 0x10, 0x10, 0x10, 0x4C, 0x58, 0x10, 0x4C, 0x4C, 0x4C, 0x4C, 0x10, 0x10, 0x10, 0x28, 0x28,
		0x28, 0x28, 0x28, 0x10, 0x4C, 0x4C, 0x4C, 0x10, 0x10, 0x10, 0x4C, 0x4C, 0x58, 0x58, 0x58, 0x58,
		0x58, 0x58, 0x58, 0x58, 0x58, 0x58, 0x58, 0x4C, 0x4C, 0x10, 0x10, 0x10, 0x28, 0x28, 0x28, 0x28,
		0x28, 0x28, 0x28, 0x28, 0x28, 0x28, 0x28, 0x28, 0x28, 0x28, 0x10, 0x10, 0x10, 0x4C, 0x4C, 0x58,
		0x58, 0x58, 0x58, 0x58, 0x58, 0x58, 0x58, 0x58, 0x58, 0x58, 0x4C, 0x4C, 0x10, 0x10, 0x10, 0x4C,
		0x4C, 0x4C, 0x10, 0x28, 0x28, 0x28, 0x28, 0x28, 0x28, 0x28, 0x28, 0x28, 0x28, 0x28, 0x28, 0x28,
		0x28, 0x28, 0x28, 0x28, 0x28, 0x28, 0x28, 0x28, 0x28, 0x28, 0x28, 0x28, 0x28, 0x28, 0x28, 0x28,
		0x28, 0x28, 0x28, 0x28, 0x28, 0x28, 0x28, 0x28, 0x28, 0x28, 0x28, 0x28, 0x28, 0x28, 0x28, 0x28,
		0x28, 0x28, 0x28, 0x28, 0x28, 0x28, 0x28, 0x28, 0x28, 0x28, 0x28, 0x28, 0x28, 0x28, 0x28, 0x28,
		0x28, 0x28, 0x28, 0x28, 0x28, 0x28, 0x28, 0x28, 0x28, 0x28, 0x28, 0x28, 0x28, 0x28, 0x28, 0x28,
		0x28, 0x28, 0x28, 0x28, 0x28, 0x28, 0x28, 0x28, 0x28, 0x28, 0x28, 0x28, 0x28, 0x28, 0x28, 0x28,
		0x28, 0x28, 0x28, 0x28, 0x28, 0x28, 0x28, 0x28, 0x28, 0x28, 0x28, 0x28, 0x28, 0x28, 0x28, 0x28,
		0x28, 0x28, 0x28, 0x28, 0x28, 0x28, 0x28, 0x28, 0x28, 0x28, 0x28, 0x28, 0x28, 0x28, 0x28, 0x28,
		0x28, 0x28, 0x28, 0x28, 0x28, 0x28, 0x28, 0x28, 0x28, 0x28, 0x28, 0x28, 0x28, 0x28, 0x28, 0x28,
		0x28, 0x28, 0x28, 0x28, 0x28, 0x28, 0x28, 0x28, 0x28, 0x28, 0x28, 0x28, 0x28, 0x28, 0x28, 0x28,
		0x28, 0x28, 0x28, 0x28, 0x28, 0x28, 0x28, 0x28, 0x28, 0x28, 0x28, 0x28, 0x28, 0x28, 0x28, 0x28,
		0x28, 0x28, 0x28, 0x28, 0x28, 0x28, 0x28, 0x28, 0x28, 0x28, 0x28, 0x28, 0x28, 0x28, 0x28, 0x28,
		0x28, 0x28, 0x28, 0x20, 0x28, 0x20, 0x28, 0x28, 0x10, 0x4C, 0x4C, 0x4C, 0x10, 0x28, 0x28, 0x10,
		0x4C, 0x4C, 0x4C, 0x10, 0x4C, 0x10, 0x4C, 0x11, 0x11, 0x11, 0x10, 0x28, 0x28, 0x28, 0x28, 0x28,
		0x10, 0x10, 0x4C, 0x4C, 0x4C, 0x4C, 0x58, 0x58, 0x58, 0x58, 0x58, 0x58, 0x58, 0x58, 0x58, 0x58,
		0x58, 0x4C, 0x4C, 0x4C, 0x10, 0x4C, 0x4C, 0x10, 0x10, 0x10, 0x10, 0x10, 0x28, 0x28, 0x28, 0x28,
		0x28, 0x28, 0x10, 0x10, 0x10, 0x10, 0x10, 0x4C, 0x4C, 0x10, 0x4C, 0x4C, 0x4C, 0x58, 0x58, 0x58,
		0x58, 0x58, 0x58, 0x58, 0x58, 0x58, 0x58, 0x58, 0x4C, 0x4C, 0x4C, 0x4C, 0x10, 0x10, 0x28, 0x28,
		0x28, 0x28, 0x28, 0x28, 0x28, 0x28, 0x28, 0x28, 0x28, 0x28, 0x28, 0x28, 0x28, 0x28, 0x28, 0x28,
		0x28, 0x28, 0x28, 0x28, 0x28, 0x28, 0x28, 0x28, 0x28, 0x28, 0x28, 0x28, 0x28, 0x28, 0x28, 0x28,
		0x28, 0x28, 0x28, 0x28, 0x28, 0x28, 0x28, 0x28, 0x28, 0x28, 0x28, 0x28, 0x28, 0x28, 0x28, 0x28,
		0x28, 0x28, 0x28, 0x28, 0x28, 0x28, 0x28, 0x28, 0x28, 0x28, 0x28, 0x28, 0x28, 0x28, 0x28, 0x28,
		0x28, 0x28, 0x28, 0x28, 0x28, 0x28, 0x28, 0x28, 0x28, 0x28, 0x28, 0x28, 0x28, 0x28, 0x28, 0x28,
		0x28, 0x28, 0x28, 0x28, 0x28, 0x28, 0x28, 0x28, 0x28, 0x28, 0x28, 0x28, 0x28, 0x28, 0x28, 0x28,
		0x28, 0x28, 0x28, 0x28, 0x28, 0x28, 0x28, 0x28, 0x28, 0x28, 0x28, 0x28, 0x28, 0x28, 0x28, 0x28,
		0x28, 0x28, 0x28, 0x28, 0x28, 0x28, 0x28, 0x28, 0x28, 0x28, 0x28, 0x28, 0x28, 0x28, 0x28, 0x28,
		0x28, 0x28, 0x28, 0x28, 0x28, 0x28, 0x28, 0x28, 0x28, 0x28, 0x28, 0x28, 0x28, 0x28, 0x28, 0x28,
		0x28, 0x28, 0x28, 0x28, 0x28, 0x28, 0x28, 0x28, 0x28, 0x28, 0x28, 0x28, 0x28, 0x28, 0x28, 0x28,
		0x28, 0x28, 0x28, 0x28, 0x28, 0x28, 0x28, 0x28, 0x28, 0x28, 0x28, 0x28, 0x28, 0x28, 0x28, 0x28,
		0x28, 0x28, 0x28, 0x28, 0x28, 0x28, 0x28, 0x28, 0x28, 0x28, 0x28, 0x28, 0x28, 0x28, 0x28, 0x20,
		0x28, 0x28, 0x20, 0x28, 0x10, 0x4C, 0x4C, 0x4C, 0x10, 0x28, 0x28, 0x10, 0x10, 0x4C, 0x4C, 0x10,
		0x4C, 0x10, 0x10, 0x10, 0x11, 0x21, 0x11, 0x10, 0x28, 0x28, 0x28, 0x28, 0x28, 0x10, 0x10, 0x10,
		0x4C, 0x4C, 0x4C, 0x4C, 0x58, 0x58, 0x58, 0x58, 0x58, 0x58, 0x58, 0x58, 0x58, 0x58, 0x58, 0x4C,
		0x58, 0x58, 0x58, 0x4C, 0x10, 0x4C, 0x4C, 0x4C, 0x10, 0x28, 0x28, 0x28, 0x28, 0x10, 0x4C, 0x4C,
		0x4C, 0x10, 0x4C, 0x58, 0x58, 0x58, 0x4C, 0x58, 0x58, 0x58, 0x58, 0x58, 0x58, 0x58, 0x58, 0x58,
		0x58, 0x58, 0x4C, 0x4C, 0x4C, 0x4C, 0x10, 0x10, 0x28, 0x28, 0x28, 0x28, 0x28, 0x28, 0x28, 0x28,
		0x28, 0x28, 0x28, 0x28, 0x28, 0x28, 0x28, 0x28, 0x28, 0x28, 0x28, 0x28, 0x28, 0x28, 0x28, 0x28,
		0x28, 0x28, 0x28, 0x28, 0x28, 0x28, 0x28, 0x28, 0x28, 0x28, 0x28, 0x28, 0x28, 0x28, 0x28, 0x28,
		0x28, 0x28, 0x28, 0x28, 0x28, 0x28, 0x28, 0x28, 0x28, 0x28, 0x28, 0x28, 0x28, 0x28, 0x28, 0x28,
		0x28, 0x28, 0x28, 0x28, 0x28, 0x28, 0x28, 0x28, 0x28, 0x28, 0x28, 0x28, 0x28, 0x28, 0x28, 0x28,
		0x28, 0x28, 0x28, 0x28, 0x28, 0x28, 0x28, 0x28, 0x28, 0x28, 0x28, 0x28, 0x28, 0x28, 0x28, 0x28,
		0x28, 0x28, 0x28, 0x28, 0x28, 0x28, 0x28, 0x28, 0x28, 0x28, 0x28, 0x28, 0x28, 0x28, 0x28, 0x28,
		0x28, 0x28, 0x28, 0x28, 0x28, 0x28, 0x28, 0x28, 0x28, 0x28, 0x28, 0x28, 0x28, 0x28, 0x28, 0x28,
		0x28, 0x28, 0x28, 0x28, 0x28, 0x28, 0x28, 0x28, 0x28, 0x28, 0x28, 0x28, 0x28, 0x28, 0x28, 0x28,
		0x28, 0x28, 0x28, 0x28, 0x28, 0x28, 0x28, 0x28, 0x28, 0x28, 0x28, 0x28, 0x28, 0x28, 0x28, 0x28,
		0x28, 0x28, 0x28, 0x28, 0x28, 0x28, 0x28, 0x28, 0x28, 0x28, 0x28, 0x28, 0x28, 0x28, 0x28, 0x28,
		0x28, 0x28, 0x28, 0x28, 0x28, 0x28, 0x28, 0x28, 0x28, 0x28, 0x28, 0x28, 0x28, 0x28, 0x28, 0x28,
		0x28, 0x28, 0x28, 0x28, 0x28, 0x28, 0x28, 0x28, 0x28, 0x28, 0x20, 0x28, 0x28, 0x28, 0x20, 0x28,
		0x10, 0x10, 0x4C, 0x4C, 0x10, 0x28, 0x28, 0x10, 0x10, 0x4C, 0x10, 0x10, 0x4C, 0x10, 0x28, 0x28,
		0x10, 0x11, 0x21, 0x11, 0x10, 0x28, 0x28, 0x10, 0x10, 0x10, 0x21, 0x21, 0x10, 0x10, 0x4C, 0x4C,
		0x58, 0x4C, 0x58, 0x58, 0x58, 0x58, 0x58, 0x58, 0x58, 0x58, 0x58, 0x58, 0x58, 0x58, 0x58, 0x58,
		0x4C, 0x10, 0x10, 0x10, 0x4C, 0x10, 0x28, 0x28, 0x10, 0x4C, 0x10, 0x10, 0x10, 0x4C, 0x58, 0x58,
		0x58, 0x58, 0x58, 0x58, 0x58, 0x58, 0x58, 0x58, 0x58, 0x58, 0x58, 0x58, 0x4C, 0x58, 0x4C, 0x4C,
		0x10, 0x10, 0x28, 0x28, 0x28, 0x28, 0x28, 0x28, 0x28, 0x28, 0x28, 0x28, 0x28, 0x28, 0x28, 0x28,
		0x28, 0x28, 0x28, 0x28, 0x28, 0x28, 0x28, 0x28, 0x28, 0x28, 0x28, 0x28, 0x28, 0x28, 0x28, 0x28,
		0x28, 0x28, 0x28, 0x28, 0x28, 0x28, 0x28, 0x28, 0x28, 0x28, 0x28, 0x28, 0x28, 0x28, 0x28, 0x28,
		0x28, 0x28, 0x28, 0x28, 0x28, 0x28, 0x28, 0x28, 0x28, 0x28, 0x28, 0x28, 0x28, 0x28, 0x28, 0x28,
		0x28, 0x28, 0x28, 0x28, 0x28, 0x28, 0x28, 0x28, 0x28, 0x28, 0x28, 0x28, 0x28, 0x28, 0x28, 0x28,
		0x28, 0x28, 0x28, 0x28, 0x28, 0x28, 0x28, 0x28, 0x28, 0x28, 0x28, 0x28, 0x28, 0x28, 0x28, 0x28,
		0x28, 0x28, 0x28, 0x28, 0x28, 0x28, 0x28, 0x28, 0x28, 0x28, 0x28, 0x28, 0x28, 0x28, 0x28, 0x28,
		0x28, 0x28, 0x28, 0x28, 0x28, 0x28, 0x28, 0x28, 0x28, 0x28, 0x28, 0x28, 0x28, 0x28, 0x28, 0x28,
		0x28, 0x28, 0x28, 0x28, 0x28, 0x28, 0x28, 0x28, 0x28, 0x28, 0x28, 0x28, 0x28, 0x28, 0x28, 0x28,
		0x28, 0x28, 0x28, 0x28, 0x28, 0x28, 0x28, 0x28, 0x28, 0x28, 0x28, 0x28, 0x28, 0x28, 0x28, 0x28,
		0x28, 0x28, 0x28, 0x28, 0x28, 0x28, 0x28, 0x28, 0x28, 0x28, 0x28, 0x28, 0x28, 0x28, 0x28, 0x28,
		0x28, 0x28, 0x28, 0x28, 0x28, 0x28, 0x28, 0x28, 0x28, 0x28, 0x28, 0x28, 0x28, 0x28, 0x28, 0x28,
		0x28, 0x28, 0x28, 0x28, 0x28, 0x28, 0x20, 0x28, 0x28, 0x28, 0x20, 0x28, 0x28, 0x10, 0x10, 0x4C,
		0x10, 0x28, 0x28, 0x28, 0x10, 0x4C, 0x10, 0x28, 0x10, 0x4C, 0x10, 0x28, 0x28, 0x10, 0x11, 0x21,
		0x11, 0x10, 0x10, 0x10, 0x29, 0x29, 0x21, 0x21, 0x21, 0x10, 0x10, 0x4C, 0x4C, 0x4C, 0x58, 0x58,
		0x58, 0x58, 0x58, 0x58, 0x58, 0x4C, 0x4C, 0x4C, 0x4C, 0x4C, 0x4C, 0x58, 0x58, 0x4C, 0x10, 0x28,
		0x10, 0x10, 0x28, 0x28, 0x10, 0x10, 0x28, 0x10, 0x4C, 0x58, 0x58, 0x4C, 0x4C, 0x4C, 0x4C, 0x4C,
		0x4C, 0x58, 0x58, 0x58, 0x58, 0x58, 0x58, 0x58, 0x4C, 0x4C, 0x4C, 0x10, 0x10, 0x28, 0x28, 0x28,
		0x28, 0x28, 0x28, 0x28, 0x28, 0x28, 0x28, 0x28, 0x28, 0x28, 0x28, 0x28, 0x28, 0x28, 0x28, 0x28,
		0x28, 0x28, 0x28, 0x28, 0x28, 0x28, 0x28, 0x28, 0x28, 0x28, 0x28, 0x28, 0x28, 0x28, 0x28, 0x28,
		0x28, 0x28, 0x28, 0x28, 0x28, 0x28, 0x28, 0x28, 0x28, 0x28, 0x28, 0x28, 0x28, 0x28, 0x28, 0x28,
		0x28, 0x28, 0x28, 0x28, 0x28, 0x28, 0x28, 0x28, 0x28, 0x28, 0x28, 0x28, 0x28, 0x28, 0x28, 0x28,
		0x28, 0x28, 0x28, 0x28, 0x28, 0x28, 0x28, 0x28, 0x28, 0x28, 0x28, 0x28, 0x28, 0x28, 0x28, 0x28,
		0x28, 0x28, 0x28, 0x28, 0x28, 0x28, 0x28, 0x28, 0x28, 0x28, 0x28, 0x28, 0x28, 0x28, 0x28, 0x20,
		0x28, 0x28, 0x28, 0x28, 0x28, 0x28, 0x28, 0x28, 0x28, 0x28, 0x28, 0x28, 0x28, 0x28, 0x28, 0x28,
		0x28, 0x28, 0x28, 0x28, 0x28, 0x28, 0x28, 0x28, 0x28, 0x28, 0x28, 0x28, 0x28, 0x28, 0x28, 0x28,
		0x28, 0x28, 0x28, 0x28, 0x28, 0x28, 0x28, 0x28, 0x28, 0x28, 0x28, 0x28, 0x28, 0x28, 0x28, 0x28,
		0x28, 0x28, 0x28, 0x28, 0x28, 0x28, 0x28, 0x28, 0x28, 0x28, 0x28, 0x28, 0x28, 0x28, 0x28, 0x28,
		0x28, 0x28, 0x28, 0x28, 0x28, 0x28, 0x28, 0x28, 0x28, 0x28, 0x28, 0x28, 0x28, 0x28, 0x28, 0x28,
		0x28, 0x28, 0x28, 0x28, 0x28, 0x28, 0x28, 0x28, 0x28, 0x28, 0x28, 0x28, 0x28, 0x28, 0x28, 0x28,
		0x28, 0x28, 0x20, 0x28, 0x28, 0x28, 0x20, 0x28, 0x28, 0x28, 0x10, 0x10, 0x10, 0x28, 0x28, 0x28,
		0x10, 0x10, 0x28, 0x28, 0x10, 0x4C, 0x10, 0x28, 0x28, 0x10, 0x11, 0x21, 0x21, 0x10, 0x21, 0x29,
		0x29, 0x21, 0x10, 0x10, 0x10, 0x4C, 0x4C, 0x4C, 0x4C, 0x4C, 0x4C, 0x58, 0x58, 0x58, 0x4C, 0x4C,
		0x58, 0x58, 0x10, 0x10, 0x10, 0x4C, 0x4C, 0x4C, 0x58, 0x58, 0x10, 0x28, 0x28, 0x28, 0x28, 0x28,
		0x28, 0x28, 0x28, 0x10, 0x58, 0x58, 0x4C, 0x4C, 0x4C, 0x10, 0x10, 0x10, 0x58, 0x58, 0x4C, 0x4C,
		0x58, 0x58, 0x58, 0x4C, 0x4C, 0x4C, 0x4C, 0x4C, 0x4C, 0x10, 0x10, 0x10, 0x28, 0x28, 0x28, 0x28,
		0x28, 0x28, 0x28, 0x28, 0x28, 0x28, 0x28, 0x28, 0x28, 0x28, 0x28, 0x28, 0x28, 0x28, 0x28, 0x28,
		0x28, 0x28, 0x28, 0x28, 0x28, 0x28, 0x28, 0x28, 0x28, 0x28, 0x28, 0x28, 0x28, 0x28, 0x28, 0x28,
		0x28, 0x28, 0x28, 0x28, 0x28, 0x28, 0x28, 0x28, 0x28, 0x28, 0x28, 0x28, 0x28, 0x28, 0x28, 0x28,
		0x28, 0x28, 0x28, 0x28, 0x28, 0x28, 0x28, 0x28, 0x28, 0x28, 0x28, 0x28, 0x28, 0x28, 0x28, 0x28,
		0x28, 0x28, 0x28, 0x28, 0x28, 0x28, 0x28, 0x28, 0x28, 0x28, 0x28, 0x28, 0x28, 0x28, 0x28, 0x28,
		0x28, 0x28, 0x28, 0x28, 0x28, 0x28, 0x28, 0x28, 0x28, 0x28, 0x28, 0x28, 0x20, 0x28, 0x28, 0x28,
		0x28, 0x28, 0x28, 0x28, 0x28, 0x28, 0x28, 0x28, 0x28, 0x28, 0x28, 0x28, 0x28, 0x28, 0x28, 0x28,
		0x28, 0x28, 0x28, 0x28, 0x28, 0x28, 0x28, 0x28, 0x28, 0x28, 0x28, 0x28, 0x28, 0x28, 0x28, 0x28,
		0x28, 0x28, 0x28, 0x28, 0x28, 0x28, 0x28, 0x28, 0x28, 0x28, 0x28, 0x28, 0x28, 0x28, 0x28, 0x28,
		0x28, 0x28, 0x28, 0x28, 0x28, 0x28, 0x28, 0x28, 0x28, 0x28, 0x28, 0x28, 0x28, 0x28, 0x28, 0x28,
		0x28, 0x28, 0x28, 0x28, 0x28, 0x28, 0x28, 0x28, 0x28, 0x28, 0x28, 0x28, 0x28, 0x28, 0x28, 0x28,
		0x28, 0x28, 0x28, 0x28, 0x28, 0x28, 0x28, 0x28, 0x28, 0x28, 0x28, 0x28, 0x28, 0x20, 0x28, 0x28,
		0x28, 0x28, 0x20, 0x28, 0x28, 0x28, 0x28, 0x28, 0x10, 0x28, 0x28, 0x28, 0x10, 0x10, 0x28, 0x28,
		0x28, 0x10, 0x10, 0x28, 0x28, 0x28, 0x10, 0x21, 0x29, 0x10, 0x21, 0x29, 0x21, 0x10, 0x4C, 0x4C,
		0x4C, 0x4C, 0x4C, 0x4C, 0x4C, 0x4C, 0x4C, 0x4C, 0x58, 0x58, 0x4C, 0x4C, 0x4C, 0x58, 0x4C, 0x10,
		0x28, 0x10, 0x10, 0x4C, 0x4C, 0x58, 0x4C, 0x10, 0x28, 0x28, 0x28, 0x28, 0x28, 0x28, 0x10, 0x4C,
		0x58, 0x4C, 0x4C, 0x10, 0x10, 0x28, 0x10, 0x4C, 0x58, 0x4C, 0x4C, 0x4C, 0x58, 0x58, 0x4C, 0x4C,
		0x4C, 0x4C, 0x4C, 0x4C, 0x4C, 0x4C, 0x4C, 0x4C, 0x10, 0x28, 0x28, 0x28, 0x28, 0x28, 0x28, 0x28,
		0x28, 0x28, 0x28, 0x28, 0x28, 0x28, 0x28, 0x28, 0x28, 0x28, 0x28, 0x28, 0x28, 0x28, 0x28, 0x28,
		0x28, 0x28, 0x28, 0x28, 0x28, 0x28, 0x28, 0x28, 0x28, 0x28, 0x28, 0x28, 0x28, 0x28, 0x28, 0x28,
		0x28, 0x28, 0x28, 0x28, 0x28, 0x28, 0x28, 0x28, 0x28, 0x28, 0x28, 0x28, 0x28, 0x28, 0x28, 0x28,
		0x28, 0x28, 0x28, 0x28, 0x28, 0x28, 0x28, 0x28, 0x28, 0x28, 0x28, 0x28, 0x28, 0x28, 0x28, 0x28,
		0x28, 0x28, 0x28, 0x28, 0x28, 0x28, 0x28, 0x28, 0x28, 0x28, 0x28, 0x28, 0x28, 0x28, 0x28, 0x28,
		0x28, 0x28, 0x28, 0x28, 0x28, 0x28, 0x28, 0x28, 0x20, 0x28, 0x28, 0x28, 0x28, 0x28, 0x28, 0x28,
		0x28, 0x28, 0x28, 0x28, 0x28, 0x28, 0x28, 0x28, 0x28, 0x28, 0x28, 0x28, 0x28, 0x28, 0x28, 0x28,
		0x28, 0x28, 0x28, 0x28, 0x28, 0x28, 0x28, 0x28, 0x28, 0x28, 0x28, 0x20, 0x20, 0x20, 0x28, 0x28,
		0x28, 0x28, 0x28, 0x28, 0x28, 0x28, 0x28, 0x28, 0x28, 0x28, 0x28, 0x28, 0x28, 0x28, 0x28, 0x28,
		0x28, 0x28, 0x28, 0x28, 0x28, 0x28, 0x28, 0x28, 0x28, 0x28, 0x28, 0x28, 0x28, 0x28, 0x28, 0x28,
		0x28, 0x28, 0x28, 0x28, 0x28, 0x28, 0x28, 0x28, 0x28, 0x28, 0x28, 0x28, 0x28, 0x28, 0x28, 0x28,
		0x28, 0x28, 0x28, 0x28, 0x28, 0x28, 0x28, 0x28, 0x28, 0x20, 0x28, 0x28, 0x28, 0x20, 0x28, 0x28,
		0x28, 0x28, 0x28, 0x28, 0x28, 0x28, 0x28, 0x28, 0x10, 0x28, 0x28, 0x28, 0x28, 0x28, 0x10, 0x28,
		0x28, 0x28, 0x10, 0x11, 0x29, 0x21, 0x10, 0x21, 0x10, 0x10, 0x10, 0x10, 0x10, 0x10, 0x4C, 0x4C,
		0x4C, 0x4C, 0x4C, 0x4C, 0x58, 0x4C, 0x10, 0x10, 0x10, 0x4C, 0x58, 0x4C, 0x10, 0x28, 0x28, 0x10,
		0x10, 0x4C, 0x4C, 0x10, 0x28, 0x28, 0x28, 0x28, 0x28, 0x28, 0x10, 0x4C, 0x4C, 0x10, 0x10, 0x28,
		0x28, 0x10, 0x4C, 0x4C, 0x4C, 0x10, 0x10, 0x10, 0x4C, 0x58, 0x4C, 0x4C, 0x4C, 0x4C, 0x4C, 0x4C,
		0x10, 0x10, 0x10, 0x10, 0x10, 0x28, 0x28, 0x28, 0x28, 0x28, 0x28, 0x28, 0x28, 0x28, 0x28, 0x28,
		0x28, 0x28, 0x28, 0x28, 0x28, 0x28, 0x28, 0x28, 0x28, 0x28, 0x28, 0x28, 0x28, 0x28, 0x28, 0x28,
		0x28, 0x28, 0x28, 0x28, 0x28, 0x28, 0x28, 0x28, 0x28, 0x28, 0x28, 0x28, 0x28, 0x28, 0x28, 0x28,
		0x28, 0x28, 0x28, 0x28, 0x28, 0x28, 0x28, 0x28, 0x28, 0x28, 0x28, 0x28, 0x28, 0x28, 0x28, 0x28,
		0x28, 0x28, 0x28, 0x28, 0x28, 0x28, 0x28, 0x28, 0x28, 0x28, 0x28, 0x28, 0x28, 0x28, 0x28, 0x28,
		0x28, 0x28, 0x28, 0x28, 0x28, 0x28, 0x28, 0x28, 0x28, 0x28, 0x28, 0x28, 0x28, 0x28, 0x28, 0x28,
		0x28, 0x28, 0x28, 0x28, 0x20, 0x28, 0x28, 0x28, 0x28, 0x28, 0x28, 0x28, 0x28, 0x28, 0x28, 0x28,
		0x28, 0x28, 0x28, 0x28, 0x28, 0x28, 0x28, 0x28, 0x28, 0x28, 0x28, 0x28, 0x28, 0x28, 0x28, 0x28,
		0x28, 0x28, 0x28, 0x28, 0x28, 0x28, 0x28, 0x20, 0x28, 0x28, 0x20, 0x20, 0x28, 0x28, 0x28, 0x28,
		0x28, 0x28, 0x28, 0x28, 0x28, 0x28, 0x28, 0x28, 0x28, 0x28, 0x28, 0x28, 0x28, 0x28, 0x28, 0x28,
		0x28, 0x28, 0x28, 0x28, 0x28, 0x28, 0x28, 0x28, 0x28, 0x28, 0x28, 0x28, 0x28, 0x28, 0x28, 0x28,
		0x28, 0x28, 0x28, 0x28, 0x28, 0x28, 0x28, 0x28, 0x28, 0x28, 0x28, 0x28, 0x28, 0x28, 0x28, 0x28,
		0x28, 0x28, 0x28, 0x28, 0x28, 0x20, 0x28, 0x28, 0x20, 0x28, 0x28, 0x28, 0x28, 0x28, 0x28, 0x28,
		0x28, 0x28, 0x28, 0x28, 0x28, 0x28, 0x28, 0x28, 0x28, 0x28, 0x28, 0x28, 0x28, 0x28, 0x10, 0x10,
		0x29, 0x29, 0x21, 0x10, 0x10, 0x10, 0x28, 0x28, 0x10, 0x10, 0x10, 0x4C, 0x4C, 0x4C, 0x4C, 0x10,
		0x58, 0x4C, 0x10, 0x10, 0x10, 0x10, 0x58, 0x58, 0x4C, 0x10, 0x28, 0x28, 0x28, 0x10, 0x4C, 0x10,
		0x28, 0x28, 0x28, 0x28, 0x28, 0x28, 0x10, 0x4C, 0x10, 0x28, 0x28, 0x28, 0x10, 0x4C, 0x4C, 0x4C,
		0x10, 0x10, 0x10, 0x10, 0x4C, 0x58, 0x10, 0x4C, 0x4C, 0x4C, 0x4C, 0x10, 0x10, 0x10, 0x28, 0x28,
		0x28, 0x28, 0x28, 0x28, 0x28, 0x28, 0x28, 0x28, 0x28, 0x28, 0x28, 0x28, 0x28, 0x28, 0x28, 0x28,
		0x28, 0x28, 0x28, 0x28, 0x28, 0x28, 0x28, 0x28, 0x28, 0x28, 0x28, 0x28, 0x28, 0x28, 0x28, 0x28,
		0x28, 0x28, 0x28, 0x28, 0x28, 0x28, 0x28, 0x28, 0x28, 0x28, 0x28, 0x28, 0x28, 0x28, 0x28, 0x28,
		0x28, 0x28, 0x28, 0x28, 0x28, 0x28, 0x28, 0x28, 0x28, 0x28, 0x28, 0x28, 0x28, 0x28, 0x28, 0x28,
		0x28, 0x28, 0x28, 0x28, 0x28, 0x28, 0x28, 0x28, 0x28, 0x28, 0x28, 0x28, 0x28, 0x28, 0x28, 0x28,
		0x28, 0x28, 0x28, 0x28, 0x28, 0x28, 0x28, 0x28, 0x28, 0x28, 0x28, 0x28, 0x28, 0x28, 0x28, 0x28,
		0x28, 0x28, 0x28, 0x28,0x28, 0x28, 0x28, 0x28,
};

const unsigned char bk_bub_tree1[] = {
	// Size: 2048
	// W:64 H:32
	// Colours: 256
	// icon-length: 2048
	//0x01, // colour mode, 1=256colours, 2=16 colours, 4=4 colours, 8=2 colours
	//0x00, 0x40, // WIDTH
	//0x00, 0x20, // HEIGHT
	//0x08, 0x00, // LENGTH
	0x00, 0x00, 0x00, 0x00, 0x00, 0x00, 0x00, 0x00, 0x00, 0x00, 0x00, 0x00, 0x00, 0x00, 0x00, 0x00,
	0x00, 0x00, 0x00, 0x00, 0x10, 0x21, 0x29, 0x21, 0x25, 0x25, 0x25, 0x21, 0x29, 0x25, 0x21, 0x21,
	0x29, 0x5D, 0x25, 0x29, 0x21, 0x21, 0x21, 0x21, 0x29, 0x25, 0x21, 0x21, 0x21, 0x21, 0x29, 0x10,
	0x21, 0x10, 0x00, 0x00, 0x00, 0x00, 0x00, 0x00, 0x00, 0x00, 0x00, 0x00, 0x00, 0x00, 0x00, 0x00,
	0x00, 0x00, 0x00, 0x00, 0x00, 0x00, 0x00, 0x00, 0x00, 0x00, 0x00, 0x00, 0x00, 0x00, 0x00, 0x00,
	0x00, 0x00, 0x00, 0x00, 0x10, 0x29, 0x29, 0x21, 0x21, 0x25, 0x21, 0x29, 0x25, 0x29, 0x25, 0x25,
	0x29, 0x25, 0x29, 0x25, 0x29, 0x29, 0x21, 0x21, 0x10, 0x21, 0x21, 0x21, 0x25, 0x25, 0x29, 0x29,
	0x10, 0x10, 0x00, 0x00, 0x00, 0x00, 0x00, 0x00, 0x00, 0x00, 0x00, 0x00, 0x00, 0x00, 0x00, 0x00,
	0x00, 0x00, 0x00, 0x00, 0x00, 0x00, 0x00, 0x00, 0x00, 0x00, 0x00, 0x00, 0x00, 0x00, 0x00, 0x00,
	0x00, 0x00, 0x00, 0x10, 0x21, 0x29, 0x21, 0x25, 0x21, 0x25, 0x21, 0x29, 0x5D, 0x21, 0x10, 0x10,
	0x10, 0x21, 0x21, 0x29, 0x25, 0x25, 0x29, 0x25, 0x10, 0x10, 0x21, 0x29, 0x29, 0x25, 0x10, 0x10,
	0x10, 0x00, 0x00, 0x00, 0x00, 0x00, 0x00, 0x00, 0x00, 0x00, 0x00, 0x00, 0x00, 0x00, 0x00, 0x00,
	0x00, 0x00, 0x00, 0x00, 0x00, 0x00, 0x00, 0x00, 0x00, 0x00, 0x00, 0x00, 0x00, 0x00, 0x00, 0x00,
	0x00, 0x00, 0x00, 0x10, 0x21, 0x21, 0x21, 0x25, 0x25, 0x29, 0x29, 0x25, 0x10, 0x10, 0x10, 0x10,
	0x10, 0x10, 0x10, 0x21, 0x21, 0x10, 0x10, 0x10, 0x25, 0x10, 0x10, 0x29, 0x10, 0x10, 0x10, 0x10,
	0x10, 0x00, 0x00, 0x00, 0x00, 0x00, 0x00, 0x00, 0x00, 0x00, 0x00, 0x00, 0x00, 0x00, 0x00, 0x00,
	0x00, 0x00, 0x00, 0x00, 0x00, 0x00, 0x00, 0x00, 0x00, 0x00, 0x00, 0x00, 0x00, 0x00, 0x00, 0x00,
	0x00, 0x00, 0x00, 0x10, 0x21, 0x21, 0x25, 0x29, 0x25, 0x29, 0x25, 0x29, 0x10, 0x21, 0x21, 0x10,
	0x21, 0x21, 0x10, 0x10, 0x10, 0x10, 0x10, 0x10, 0x10, 0x10, 0x10, 0x10, 0x10, 0x10, 0x21, 0x67,
	0x10, 0x00, 0x00, 0x00, 0x00, 0x00, 0x00, 0x00, 0x00, 0x00, 0x00, 0x00, 0x00, 0x00, 0x00, 0x00,
	0x00, 0x00, 0x00, 0x00, 0x00, 0x00, 0x00, 0x00, 0x00, 0x00, 0x00, 0x00, 0x00, 0x00, 0x00, 0x00,
	0x00, 0x00, 0x00, 0x00, 0x10, 0x21, 0x29, 0x25, 0x25, 0x29, 0x25, 0x25, 0x21, 0x21, 0x25, 0x10,
	0x25, 0x67, 0x67, 0x67, 0x21, 0x21, 0x10, 0x10, 0x10, 0x10, 0x10, 0x10, 0x10, 0x21, 0x67, 0xBB,
	0x10, 0x10, 0x00, 0x00, 0x00, 0x00, 0x00, 0x00, 0x00, 0x00, 0x00, 0x00, 0x00, 0x00, 0x00, 0x00,
	0x00, 0x00, 0x00, 0x00, 0x00, 0x00, 0x00, 0x00, 0x00, 0x00, 0x00, 0x00, 0x00, 0x00, 0x00, 0x00,
	0x00, 0x00, 0x00, 0x00, 0x10, 0x21, 0x21, 0x29, 0x25, 0x25, 0x25, 0x25, 0x25, 0x21, 0x21, 0x10,
	0x21, 0xBB, 0xBB, 0xBB, 0xBB, 0xBB, 0xBB, 0x67, 0x10, 0x10, 0x10, 0x21, 0x10, 0x67, 0xBB, 0x67,
	0x10, 0x10, 0x00, 0x00, 0x00, 0x00, 0x00, 0x00, 0x00, 0x00, 0x00, 0x00, 0x00, 0x00, 0x00, 0x00,
	0x00, 0x00, 0x00, 0x00, 0x00, 0x00, 0x00, 0x00, 0x00, 0x00, 0x00, 0x00, 0x00, 0x00, 0x00, 0x00,
	0x00, 0x00, 0x00, 0x00, 0x10, 0x21, 0x21, 0x25, 0x21, 0x25, 0x29, 0x29, 0x25, 0x29, 0x21, 0x21,
	0x10, 0x67, 0xBB, 0xBB, 0xBB, 0xBB, 0xBB, 0xBB, 0xBB, 0x67, 0x10, 0x21, 0x10, 0xBB, 0x10, 0x10,
	0x21, 0x10, 0x00, 0x00, 0x00, 0x00, 0x00, 0x00, 0x00, 0x00, 0x00, 0x00, 0x00, 0x00, 0x00, 0x00,
	0x00, 0x00, 0x00, 0x00, 0x00, 0x00, 0x00, 0x00, 0x00, 0x00, 0x00, 0x00, 0x00, 0x00, 0x00, 0x00,
	0x00, 0x00, 0x00, 0x10, 0x21, 0x29, 0x21, 0x25, 0x21, 0x29, 0x21, 0x10, 0x21, 0x25, 0x29, 0x29,
	0x21, 0x10, 0x10, 0x67, 0xBB, 0xBB, 0xBB, 0xBB, 0x10, 0x10, 0x10, 0x25, 0x10, 0x21, 0x10, 0x10,
	0x21, 0x10, 0x00, 0x00, 0x00, 0x00, 0x00, 0x00, 0x00, 0x00, 0x00, 0x00, 0x00, 0x00, 0x00, 0x00,
	0x00, 0x00, 0x00, 0x00, 0x00, 0x00, 0x00, 0x00, 0x00, 0x00, 0x00, 0x00, 0x00, 0x00, 0x00, 0x00,
	0x00, 0x00, 0x00, 0x10, 0x21, 0x25, 0x21, 0x21, 0x25, 0x29, 0x10, 0x21, 0x61, 0x25, 0x10, 0x25,
	0x25, 0x21, 0x21, 0x10, 0x10, 0x25, 0x67, 0x25, 0x10, 0x10, 0x10, 0x21, 0x21, 0x10, 0x10, 0x21,
	0x10, 0x10, 0x10, 0x00, 0x00, 0x00, 0x00, 0x00, 0x00, 0x00, 0x00, 0x00, 0x00, 0x00, 0x00, 0x00,
	0x00, 0x00, 0x00, 0x00, 0x00, 0x00, 0x00, 0x00, 0x00, 0x00, 0x00, 0x00, 0x00, 0x00, 0x00, 0x00,
	0x00, 0x00, 0x00, 0x10, 0x21, 0x25, 0x25, 0x21, 0x29, 0x21, 0x10, 0x10, 0x10, 0x10, 0x21, 0x10,
	0x25, 0x25, 0x25, 0x21, 0x21, 0x10, 0x10, 0x10, 0x10, 0x10, 0x21, 0x29, 0x25, 0x25, 0x25, 0x10,
	0x25, 0x21, 0x10, 0x00, 0x00, 0x00, 0x00, 0x00, 0x00, 0x00, 0x00, 0x00, 0x00, 0x00, 0x00, 0x00,
	0x00, 0x00, 0x00, 0x00, 0x00, 0x00, 0x00, 0x00, 0x00, 0x00, 0x00, 0x00, 0x00, 0x00, 0x00, 0x00,
	0x00, 0x00, 0x00, 0x10, 0x21, 0x21, 0x29, 0x21, 0x25, 0x10, 0x21, 0x29, 0x25, 0x25, 0x21, 0x10,
	0x21, 0x21, 0x10, 0x10, 0x25, 0x25, 0x29, 0x29, 0x29, 0x25, 0x25, 0x10, 0x10, 0x10, 0x10, 0x21,
	0x25, 0x21, 0x10, 0x00, 0x00, 0x00, 0x00, 0x00, 0x00, 0x00, 0x00, 0x00, 0x00, 0x00, 0x00, 0x00,
	0x00, 0x00, 0x00, 0x00, 0x00, 0x00, 0x00, 0x00, 0x00, 0x00, 0x00, 0x00, 0x00, 0x00, 0x00, 0x00,
	0x00, 0x00, 0x00, 0x10, 0x21, 0x21, 0x25, 0x25, 0x29, 0x10, 0x21, 0x29, 0x29, 0x25, 0x25, 0x21,
	0x10, 0x10, 0x21, 0x21, 0x10, 0x10, 0x10, 0x10, 0x10, 0x10, 0x10, 0x21, 0x21, 0x25, 0x25, 0x29,
	0x21, 0x21, 0x10, 0x00, 0x00, 0x00, 0x00, 0x00, 0x00, 0x00, 0x00, 0x00, 0x00, 0x00, 0x00, 0x00,
	0x00, 0x00, 0x00, 0x00, 0x00, 0x00, 0x00, 0x00, 0x00, 0x00, 0x00, 0x00, 0x00, 0x00, 0x00, 0x00,
	0x00, 0x00, 0x00, 0x00, 0x10, 0x21, 0x25, 0x21, 0x29, 0x25, 0x21, 0x5D, 0x25, 0x29, 0x25, 0x25,
	0x29, 0x29, 0x25, 0x25, 0x29, 0x25, 0x29, 0x25, 0x29, 0x25, 0x25, 0x5D, 0x29, 0x29, 0x29, 0x21,
	0x21, 0x10, 0x00, 0x00, 0x00, 0x00, 0x00, 0x00, 0x00, 0x00, 0x00, 0x00, 0x00, 0x00, 0x00, 0x00,
	0x00, 0x00, 0x00, 0x00, 0x00, 0x00, 0x00, 0x00, 0x00, 0x00, 0x00, 0x00, 0x00, 0x00, 0x00, 0x00,
	0x00, 0x00, 0x00, 0x00, 0x10, 0x21, 0x25, 0x21, 0x29, 0x25, 0x25, 0x25, 0x29, 0x29, 0x29, 0x25,
	0x25, 0x25, 0x25, 0x25, 0x25, 0x21, 0x25, 0x25, 0x25, 0x29, 0x29, 0x21, 0x25, 0x25, 0x5D, 0x25,
	0x10, 0x00, 0x00, 0x00, 0x00, 0x00, 0x00, 0x00, 0x00, 0x00, 0x00, 0x00, 0x00, 0x00, 0x00, 0x00,
	0x00, 0x00, 0x00, 0x00, 0x00, 0x00, 0x00, 0x00, 0x00, 0x00, 0x00, 0x00, 0x00, 0x00, 0x00, 0x00,
	0x00, 0x00, 0x00, 0x00, 0x10, 0x21, 0x25, 0x21, 0x25, 0x25, 0x29, 0x25, 0x29, 0x25, 0x25, 0x25,
	0x25, 0x25, 0x29, 0x25, 0x25, 0x21, 0x21, 0x21, 0x21, 0x21, 0x21, 0x21, 0x29, 0x25, 0x29, 0x25,
	0x10, 0x00, 0x00, 0x00, 0x00, 0x00, 0x00, 0x00, 0x00, 0x00, 0x00, 0x00, 0x00, 0x00, 0x00, 0x00,
	0x00, 0x00, 0x00, 0x00, 0x00, 0x00, 0x00, 0x00, 0x00, 0x00, 0x00, 0x00, 0x00, 0x00, 0x00, 0x10,
	0x10, 0x10, 0x10, 0x10, 0x10, 0x10, 0x25, 0x25, 0x29, 0x29, 0x25, 0x25, 0x25, 0x25, 0x21, 0x25,
	0x25, 0x29, 0x25, 0x29, 0x25, 0x29, 0x25, 0x21, 0x21, 0x21, 0x25, 0x29, 0x25, 0x25, 0x25, 0x25,
	0x29, 0x21, 0x10, 0x10, 0x10, 0x10, 0x10, 0x00, 0x00, 0x00, 0x00, 0x00, 0x00, 0x00, 0x00, 0x00,
	0x00, 0x00, 0x00, 0x00, 0x00, 0x00, 0x00, 0x00, 0x00, 0x00, 0x00, 0x00, 0x00, 0x00, 0x10, 0x21,
	0x25, 0x25, 0x29, 0x61, 0x25, 0x25, 0x10, 0x29, 0x5D, 0x25, 0x21, 0x21, 0x25, 0x25, 0x21, 0x21,
	0x25, 0x25, 0x25, 0x25, 0x29, 0x29, 0x29, 0x29, 0x25, 0x29, 0x25, 0x29, 0x25, 0x29, 0x29, 0x29,
	0x29, 0x25, 0x25, 0x25, 0x25, 0x25, 0x25, 0x10, 0x10, 0x10, 0x00, 0x00, 0x00, 0x00, 0x00, 0x00,
	0x00, 0x00, 0x00, 0x00, 0x00, 0x00, 0x00, 0x00, 0x00, 0x00, 0x00, 0x00, 0x10, 0x10, 0x21, 0x29,
	0x25, 0x29, 0x25, 0x25, 0x25, 0x25, 0x25, 0x10, 0x21, 0x21, 0x21, 0x25, 0x25, 0x25, 0x21, 0x21,
	0x21, 0x21, 0x21, 0x25, 0x25, 0x25, 0x10, 0x10, 0x10, 0x10, 0x21, 0x25, 0x29, 0x25, 0x29, 0x29,
	0x25, 0x29, 0x29, 0x21, 0x25, 0x25, 0x25, 0x25, 0x29, 0x61, 0x10, 0x10, 0x10, 0x00, 0x00, 0x00,
	0x00, 0x00, 0x00, 0x00, 0x00, 0x00, 0x00, 0x00, 0x00, 0x00, 0x00, 0x00, 0x10, 0x21, 0x25, 0x25,
	0x29, 0x25, 0x25, 0x25, 0x29, 0x29, 0x25, 0x21, 0x10, 0x21, 0x21, 0x29, 0x25, 0x21, 0x21, 0x25,
	0x25, 0x29, 0x25, 0x25, 0x10, 0x10, 0x61, 0x25, 0x29, 0x25, 0x10, 0x10, 0x21, 0x21, 0x21, 0x21,
	0x25, 0x25, 0x25, 0x25, 0x25, 0x29, 0x25, 0x25, 0x29, 0x25, 0x25, 0x25, 0x10, 0x10, 0x00, 0x00,
	0x00, 0x00, 0x00, 0x00, 0x00, 0x00, 0x00, 0x00, 0x00, 0x00, 0x00, 0x00, 0x10, 0x29, 0x25, 0x29,
	0x25, 0x25, 0x29, 0x25, 0x21, 0x25, 0x29, 0x25, 0x10, 0x21, 0x29, 0x25, 0x29, 0x21, 0x25, 0x25,
	0x29, 0x25, 0x25, 0x29, 0x29, 0x29, 0x29, 0x29, 0x25, 0x25, 0x21, 0x21, 0x10, 0x21, 0x21, 0x21,
	0x25, 0x21, 0x21, 0x29, 0x25, 0x29, 0x29, 0x29, 0x29, 0x25, 0x29, 0x25, 0x29, 0x10, 0x00, 0x00,
	0x00, 0x00, 0x00, 0x00, 0x00, 0x00, 0x00, 0x00, 0x00, 0x00, 0x00, 0x00, 0x10, 0x25, 0x29, 0x25,
	0x25, 0x21, 0x29, 0x25, 0x10, 0x21, 0x29, 0x25, 0x25, 0x10, 0x29, 0x25, 0x29, 0x25, 0x25, 0x25,
	0x25, 0x25, 0x29, 0x29, 0x25, 0x5D, 0x21, 0x25, 0x29, 0x29, 0x25, 0x21, 0x21, 0x10, 0x21, 0x25,
	0x29, 0x29, 0x25, 0x25, 0x25, 0x25, 0x29, 0x25, 0x25, 0x29, 0x25, 0x29, 0x25, 0x10, 0x10, 0x00,
	0x00, 0x00, 0x00, 0x00, 0x00, 0x00, 0x00, 0x00, 0x00, 0x00, 0x00, 0x10, 0x21, 0x25, 0x25, 0x25,
	0x29, 0x5D, 0x21, 0x10, 0x21, 0x21, 0x25, 0x29, 0x25, 0x29, 0x25, 0x29, 0x25, 0x25, 0x21, 0x25,
	0x25, 0x25, 0x29, 0x21, 0x25, 0x29, 0x29, 0x21, 0x25, 0x25, 0x25, 0x21, 0x21, 0x21, 0x10, 0x25,
	0x25, 0x29, 0x21, 0x21, 0x21, 0x25, 0x29, 0x25, 0x25, 0x29, 0x25, 0x25, 0x25, 0x29, 0x10, 0x00,
	0x00, 0x00, 0x00, 0x00, 0x00, 0x00, 0x00, 0x00, 0x00, 0x00, 0x00, 0x10, 0x21, 0x21, 0x29, 0x25,
	0x29, 0x29, 0x25, 0x10, 0x21, 0x21, 0x21, 0x25, 0x29, 0x29, 0x5D, 0x25, 0x21, 0x21, 0x21, 0x25,
	0x25, 0x21, 0x21, 0x25, 0x25, 0x29, 0x21, 0x21, 0x25, 0x25, 0x29, 0x21, 0x21, 0x21, 0x10, 0x21,
	0x21, 0x21, 0x21, 0x29, 0x21, 0x21, 0x21, 0x25, 0x25, 0x29, 0x25, 0x29, 0x25, 0x25, 0x10, 0x00,
	0x00, 0x00, 0x00, 0x00, 0x00, 0x00, 0x00, 0x00, 0x00, 0x00, 0x00, 0x10, 0x25, 0x21, 0x25, 0x29,
	0x25, 0x29, 0x29, 0x10, 0x21, 0x10, 0x21, 0x29, 0x25, 0x21, 0x29, 0x25, 0x29, 0x29, 0x29, 0x21,
	0x21, 0x25, 0x29, 0x21, 0x25, 0x25, 0x21, 0x25, 0x29, 0x25, 0x29, 0x21, 0x21, 0x21, 0x10, 0x21,
	0x29, 0x29, 0x5D, 0x29, 0x25, 0x29, 0x21, 0x10, 0x25, 0x29, 0x25, 0x29, 0x25, 0x25, 0x10, 0x00,
	0x00, 0x00, 0x00, 0x00, 0x00, 0x00, 0x00, 0x00, 0x00, 0x00, 0x00, 0x10, 0x21, 0x21, 0x21, 0x29,
	0x25, 0x25, 0x25, 0x25, 0x10, 0x10, 0x21, 0x10, 0x61, 0x25, 0x25, 0x25, 0x21, 0x21, 0x21, 0x25,
	0x29, 0x21, 0x21, 0x21, 0x25, 0x21, 0x25, 0x25, 0x25, 0x29, 0x25, 0x21, 0x10, 0x21, 0x10, 0x25,
	0x25, 0x29, 0x21, 0x21, 0x21, 0x25, 0x29, 0x21, 0x10, 0x29, 0x29, 0x25, 0x25, 0x25, 0x10, 0x00,
	0x00, 0x00, 0x00, 0x00, 0x00, 0x00, 0x00, 0x00, 0x00, 0x00, 0x00, 0x00, 0x10, 0x25, 0x21, 0x21,
	0x29, 0x21, 0x25, 0x29, 0x21, 0x10, 0x25, 0x21, 0x10, 0x21, 0x25, 0x25, 0x29, 0x29, 0x25, 0x21,
	0x21, 0x21, 0x10, 0x25, 0x25, 0x21, 0x29, 0x29, 0x25, 0x29, 0x29, 0x21, 0x10, 0x21, 0x10, 0x21,
	0x21, 0x10, 0x10, 0x21, 0x10, 0x21, 0x25, 0x25, 0x21, 0x5D, 0x29, 0x25, 0x25, 0x29, 0x21, 0x10,
	0x00, 0x00, 0x00, 0x00, 0x00, 0x00, 0x00, 0x00, 0x00, 0x00, 0x00, 0x00, 0x10, 0x25, 0x29, 0x21,
	0x29, 0x29, 0x21, 0x25, 0x25, 0x21, 0x10, 0x21, 0x10, 0x21, 0x21, 0x21, 0x21, 0x10, 0x21, 0x21,
	0x10, 0x10, 0x21, 0x25, 0x10, 0x21, 0x25, 0x25, 0x25, 0x25, 0x21, 0x21, 0x10, 0x21, 0x10, 0x10,
	0x10, 0x21, 0x21, 0x10, 0x21, 0x10, 0x21, 0x29, 0x21, 0x10, 0x25, 0x29, 0x25, 0x25, 0x21, 0x10,
	0x00, 0x00, 0x00, 0x00, 0x00, 0x00, 0x00, 0x00, 0x00, 0x00, 0x00, 0x00, 0x10, 0x21, 0x29, 0x21,
	0x21, 0x29, 0x21, 0x29, 0x29, 0x21, 0x10, 0x10, 0x21, 0x21, 0x10, 0x10, 0x10, 0x21, 0x21, 0x10,
	0x10, 0x10, 0x25, 0x25, 0x10, 0x21, 0x25, 0x25, 0x25, 0x29, 0x21, 0x10, 0x21, 0x10, 0x10, 0x10,
	0x21, 0x21, 0x10, 0x10, 0x21, 0x10, 0x21, 0x29, 0x5D, 0x10, 0x29, 0x29, 0x25, 0x25, 0x21, 0x10,
	0x00, 0x00, 0x00, 0x00, 0x00, 0x00, 0x00, 0x00, 0x00, 0x00, 0x00, 0x00, 0x00, 0x10, 0x21, 0x25,
	0x21, 0x25, 0x25, 0x21, 0x25, 0x21, 0x21, 0x10, 0x10, 0x21, 0x21, 0x21, 0x21, 0x10, 0x10, 0x10,
	0x10, 0x21, 0x10, 0x21, 0x21, 0x25, 0x25, 0x25, 0x21, 0x21, 0x21, 0x10, 0x21, 0x10, 0x10, 0x10,
	0x10, 0x10, 0x00, 0x00, 0x10, 0x21, 0x21, 0x21, 0x21, 0x10, 0x21, 0x29, 0x25, 0x25, 0x10, 0x00,
	0x00, 0x00, 0x00, 0x00, 0x00, 0x00, 0x00, 0x00, 0x00, 0x00, 0x00, 0x00, 0x00, 0x10, 0x21, 0x21,
	0x21, 0x21, 0x21, 0x21, 0x21, 0x21, 0x21, 0x10, 0x10, 0x10, 0x10, 0x10, 0x10, 0x10, 0x10, 0x10,
	0x21, 0x10, 0x21, 0x10, 0x10, 0x21, 0x21, 0x21, 0x21, 0x21, 0x21, 0x21, 0x10, 0x10, 0x10, 0x10,
	0x00, 0x00, 0x00, 0x00, 0x00, 0x10, 0x21, 0x21, 0x21, 0x21, 0x21, 0x21, 0x21, 0x21, 0x10, 0x00,
	0x00, 0x00, 0x00, 0x00, 0x00, 0x00, 0x00, 0x00, 0x00, 0x00, 0x00, 0x00, 0x00, 0x00, 0x10, 0x10,
	0x10, 0x10, 0x10, 0x10, 0x10, 0x10, 0x10, 0x00, 0x00, 0x00, 0x00, 0x00, 0x00, 0x00, 0x00, 0x00,
	0x10, 0x10, 0x10, 0x10, 0x10, 0x10, 0x10, 0x10, 0x10, 0x10, 0x10, 0x10, 0x00, 0x00, 0x00, 0x00,
	0x00, 0x00, 0x00, 0x00, 0x00, 0x00, 0x10, 0x10, 0x10, 0x10, 0x10, 0x10, 0x10, 0x10, 0x00, 0x00,
};

const unsigned char bk_bub_tree2[] = {
	// Size: 1984
	// W:62 H:32
	// Colours: 256
	// icon-length: 1984
	//0x01, // colour mode, 1=256colours, 2=16 colours, 4=4 colours, 8=2 colours
	//0x00, 0x3E, // WIDTH
	//0x00, 0x20, // HEIGHT
	//0x07, 0xC0, // LENGTH
	0x00, 0x00, 0x00, 0x00, 0x00, 0x00, 0x00, 0x00, 0x00, 0x00, 0x00, 0x00, 0x00, 0x00, 0x00, 0x00,
	0x00, 0x00, 0x00, 0x00, 0x10, 0x21, 0x29, 0x21, 0x25, 0x25, 0x25, 0x21, 0x29, 0x25, 0x21, 0x21,
	0x29, 0x25, 0x25, 0x29, 0x21, 0x21, 0x21, 0x21, 0x29, 0x25, 0x21, 0x21, 0x21, 0x21, 0x29, 0x10,
	0x21, 0x10, 0x00, 0x00, 0x00, 0x00, 0x00, 0x00, 0x00, 0x00, 0x00, 0x00, 0x00, 0x00, 0x00, 0x00,
	0x00, 0x00, 0x00, 0x00, 0x00, 0x00, 0x00, 0x00, 0x00, 0x00, 0x00, 0x00, 0x00, 0x00, 0x00, 0x00,
	0x00, 0x00, 0x10, 0x29, 0x29, 0x21, 0x21, 0x25, 0x21, 0x29, 0x25, 0x29, 0x25, 0x25, 0x29, 0x25,
	0x29, 0x25, 0x29, 0x29, 0x21, 0x21, 0x10, 0x21, 0x21, 0x21, 0x25, 0x25, 0x29, 0x29, 0x10, 0x10,
	0x00, 0x00, 0x00, 0x00, 0x00, 0x00, 0x00, 0x00, 0x00, 0x00, 0x00, 0x00, 0x00, 0x00, 0x00, 0x00,
	0x00, 0x00, 0x00, 0x00, 0x00, 0x00, 0x00, 0x00, 0x00, 0x00, 0x00, 0x00, 0x00, 0x00, 0x00, 0x11,
	0x21, 0x29, 0x21, 0x25, 0x21, 0x25, 0x21, 0x29, 0x25, 0x21, 0x10, 0x10, 0x10, 0x21, 0x21, 0x29,
	0x25, 0x25, 0x29, 0x25, 0x10, 0x10, 0x21, 0x29, 0x29, 0x25, 0x10, 0x10, 0x10, 0x00, 0x00, 0x00,
	0x00, 0x00, 0x00, 0x00, 0x00, 0x00, 0x00, 0x00, 0x00, 0x00, 0x00, 0x00, 0x00, 0x00, 0x00, 0x00,
	0x00, 0x00, 0x00, 0x00, 0x00, 0x00, 0x00, 0x00, 0x00, 0x00, 0x00, 0x00, 0x00, 0x10, 0x21, 0x21,
	0x21, 0x25, 0x25, 0x29, 0x29, 0x25, 0x10, 0x11, 0x10, 0x10, 0x10, 0x10, 0x10, 0x21, 0x21, 0x10,
	0x10, 0x10, 0x25, 0x11, 0x10, 0x25, 0x10, 0x10, 0x10, 0x10, 0x10, 0x00, 0x00, 0x00, 0x00, 0x00,
	0x00, 0x00, 0x00, 0x00, 0x00, 0x00, 0x00, 0x00, 0x00, 0x00, 0x00, 0x00, 0x00, 0x00, 0x00, 0x00,
	0x00, 0x00, 0x00, 0x00, 0x00, 0x00, 0x00, 0x00, 0x00, 0x00, 0x00, 0x11, 0x21, 0x21, 0x29, 0x29,
	0x25, 0x29, 0x25, 0x29, 0x10, 0x21, 0x21, 0x10, 0x21, 0x21, 0x10, 0x10, 0x11, 0x11, 0x10, 0x10,
	0x10, 0x10, 0x10, 0x10, 0x10, 0x11, 0x21, 0x67, 0x10, 0x00, 0x00, 0x00, 0x00, 0x00, 0x00, 0x00,
	0x00, 0x00, 0x00, 0x00, 0x00, 0x00, 0x00, 0x00, 0x00, 0x00, 0x00, 0x00, 0x00, 0x00, 0x00, 0x00,
	0x00, 0x00, 0x00, 0x00, 0x00, 0x00, 0x00, 0x00, 0x00, 0x00, 0x10, 0x21, 0x29, 0x25, 0x25, 0x29,
	0x25, 0x25, 0x21, 0x21, 0x21, 0x10, 0x25, 0x67, 0x67, 0x67, 0x21, 0x21, 0x10, 0x11, 0x10, 0x10,
	0x10, 0x10, 0x10, 0x21, 0x67, 0xBB, 0x11, 0x10, 0x00, 0x00, 0x00, 0x00, 0x00, 0x00, 0x00, 0x00,
	0x00, 0x00, 0x00, 0x00, 0x00, 0x00, 0x00, 0x00, 0x00, 0x00, 0x00, 0x00, 0x00, 0x00, 0x00, 0x00,
	0x00, 0x00, 0x00, 0x00, 0x00, 0x00, 0x00, 0x00, 0x10, 0x21, 0x21, 0x29, 0x25, 0x29, 0x25, 0x25,
	0x25, 0x21, 0x21, 0x10, 0x25, 0xBB, 0xBB, 0xBB, 0xBB, 0xBB, 0xBB, 0x67, 0x10, 0x10, 0x10, 0x21,
	0x10, 0x67, 0xBB, 0x67, 0x10, 0x10, 0x00, 0x00, 0x00, 0x00, 0x00, 0x00, 0x00, 0x00, 0x00, 0x00,
	0x00, 0x00, 0x00, 0x00, 0x00, 0x00, 0x00, 0x00, 0x00, 0x00, 0x00, 0x00, 0x00, 0x00, 0x00, 0x00,
	0x00, 0x00, 0x00, 0x00, 0x00, 0x00, 0x10, 0x21, 0x21, 0x25, 0x21, 0x25, 0x29, 0x29, 0x25, 0x29,
	0x21, 0x21, 0x10, 0x67, 0xBB, 0xBB, 0xBB, 0xBB, 0xBB, 0xBB, 0xBB, 0x67, 0x10, 0x21, 0x10, 0xBB,
	0x10, 0x10, 0x21, 0x10, 0x00, 0x00, 0x00, 0x00, 0x00, 0x00, 0x00, 0x00, 0x00, 0x00, 0x00, 0x00,
	0x00, 0x00, 0x00, 0x00, 0x00, 0x00, 0x00, 0x00, 0x00, 0x00, 0x00, 0x00, 0x00, 0x00, 0x00, 0x00,
	0x00, 0x00, 0x00, 0x10, 0x21, 0x29, 0x21, 0x25, 0x21, 0x29, 0x21, 0x11, 0x21, 0x25, 0x29, 0x29,
	0x21, 0x11, 0x10, 0x67, 0xBB, 0xBB, 0xBB, 0xBB, 0x10, 0x11, 0x10, 0x25, 0x10, 0x25, 0x11, 0x10,
	0x21, 0x10, 0x00, 0x00, 0x00, 0x00, 0x00, 0x00, 0x00, 0x00, 0x00, 0x00, 0x00, 0x00, 0x00, 0x00,
	0x00, 0x00, 0x00, 0x00, 0x00, 0x00, 0x00, 0x00, 0x00, 0x00, 0x00, 0x00, 0x00, 0x00, 0x00, 0x00,
	0x00, 0x10, 0x21, 0x25, 0x21, 0x21, 0x29, 0x29, 0x10, 0x21, 0x25, 0x25, 0x11, 0x25, 0x25, 0x21,
	0x21, 0x10, 0x10, 0x25, 0x67, 0x25, 0x10, 0x10, 0x10, 0x21, 0x21, 0x10, 0x10, 0x21, 0x10, 0x10,
	0x10, 0x00, 0x00, 0x00, 0x00, 0x00, 0x00, 0x00, 0x00, 0x00, 0x00, 0x00, 0x00, 0x00, 0x00, 0x00,
	0x00, 0x00, 0x00, 0x00, 0x00, 0x00, 0x00, 0x00, 0x00, 0x00, 0x00, 0x00, 0x00, 0x00, 0x00, 0x10,
	0x21, 0x25, 0x25, 0x21, 0x29, 0x21, 0x10, 0x10, 0x10, 0x10, 0x21, 0x11, 0x25, 0x25, 0x25, 0x21,
	0x21, 0x10, 0x11, 0x10, 0x10, 0x11, 0x21, 0x29, 0x25, 0x25, 0x25, 0x10, 0x21, 0x21, 0x10, 0x00,
	0x00, 0x00, 0x00, 0x00, 0x00, 0x00, 0x00, 0x00, 0x00, 0x00, 0x00, 0x00, 0x00, 0x00, 0x00, 0x00,
	0x00, 0x00, 0x00, 0x00, 0x00, 0x00, 0x00, 0x00, 0x00, 0x00, 0x00, 0x00, 0x00, 0x10, 0x21, 0x21,
	0x25, 0x21, 0x25, 0x10, 0x21, 0x29, 0x29, 0x25, 0x21, 0x10, 0x21, 0x21, 0x11, 0x10, 0x25, 0x25,
	0x29, 0x29, 0x29, 0x25, 0x25, 0x10, 0x11, 0x10, 0x10, 0x21, 0x25, 0x21, 0x10, 0x00, 0x00, 0x00,
	0x00, 0x00, 0x00, 0x00, 0x00, 0x00, 0x00, 0x00, 0x00, 0x00, 0x00, 0x00, 0x00, 0x00, 0x00, 0x00,
	0x00, 0x00, 0x00, 0x00, 0x00, 0x00, 0x00, 0x00, 0x00, 0x00, 0x00, 0x11, 0x21, 0x21, 0x25, 0x21,
	0x25, 0x10, 0x21, 0x29, 0x29, 0x25, 0x29, 0x21, 0x11, 0x10, 0x21, 0x21, 0x10, 0x10, 0x10, 0x10,
	0x10, 0x10, 0x10, 0x21, 0x21, 0x29, 0x25, 0x29, 0x21, 0x21, 0x11, 0x00, 0x00, 0x00, 0x00, 0x00,
	0x00, 0x00, 0x00, 0x00, 0x00, 0x00, 0x00, 0x00, 0x00, 0x00, 0x00, 0x00, 0x00, 0x00, 0x00, 0x00,
	0x00, 0x00, 0x00, 0x00, 0x00, 0x00, 0x00, 0x00, 0x00, 0x00, 0x10, 0x21, 0x25, 0x21, 0x29, 0x25,
	0x21, 0x25, 0x29, 0x29, 0x25, 0x29, 0x29, 0x29, 0x25, 0x25, 0x29, 0x25, 0x29, 0x25, 0x29, 0x25,
	0x25, 0x21, 0x29, 0x29, 0x29, 0x21, 0x21, 0x10, 0x00, 0x00, 0x00, 0x00, 0x00, 0x00, 0x00, 0x00,
	0x00, 0x00, 0x00, 0x00, 0x00, 0x00, 0x00, 0x00, 0x00, 0x00, 0x00, 0x00, 0x00, 0x00, 0x00, 0x00,
	0x00, 0x00, 0x00, 0x00, 0x00, 0x00, 0x00, 0x00, 0x10, 0x21, 0x25, 0x21, 0x29, 0x25, 0x25, 0x25,
	0x29, 0x29, 0x29, 0x25, 0x25, 0x25, 0x25, 0x25, 0x25, 0x21, 0x25, 0x25, 0x25, 0x29, 0x29, 0x21,
	0x25, 0x25, 0x25, 0x25, 0x10, 0x00, 0x00, 0x00, 0x00, 0x00, 0x00, 0x00, 0x00, 0x00, 0x00, 0x00,
	0x00, 0x00, 0x00, 0x00, 0x00, 0x00, 0x00, 0x00, 0x00, 0x00, 0x00, 0x00, 0x00, 0x00, 0x00, 0x00,
	0x00, 0x00, 0x00, 0x00, 0x00, 0x00, 0x10, 0x21, 0x25, 0x21, 0x25, 0x25, 0x29, 0x29, 0x29, 0x25,
	0x25, 0x29, 0x25, 0x29, 0x29, 0x25, 0x25, 0x21, 0x21, 0x21, 0x21, 0x21, 0x21, 0x21, 0x25, 0x29,
	0x25, 0x25, 0x11, 0x00, 0x00, 0x00, 0x00, 0x00, 0x00, 0x00, 0x00, 0x00, 0x00, 0x00, 0x00, 0x00,
	0x00, 0x00, 0x00, 0x00, 0x00, 0x00, 0x00, 0x00, 0x00, 0x00, 0x00, 0x00, 0x00, 0x00, 0x00, 0x00,
	0x00, 0x00, 0x00, 0x00, 0x10, 0x21, 0x29, 0x21, 0x25, 0x29, 0x25, 0x29, 0x29, 0x25, 0x21, 0x21,
	0x25, 0x29, 0x29, 0x25, 0x25, 0x25, 0x25, 0x21, 0x21, 0x21, 0x25, 0x29, 0x29, 0x29, 0x29, 0x25,
	0x25, 0x11, 0x10, 0x10, 0x10, 0x10, 0x11, 0x00, 0x00, 0x00, 0x00, 0x00, 0x00, 0x00, 0x00, 0x00,
	0x00, 0x00, 0x00, 0x00, 0x00, 0x00, 0x00, 0x00, 0x00, 0x00, 0x00, 0x00, 0x00, 0x00, 0x00, 0x00,
	0x00, 0x00, 0x10, 0x21, 0x25, 0x21, 0x25, 0x25, 0x29, 0x29, 0x29, 0x21, 0x21, 0x21, 0x21, 0x25,
	0x25, 0x29, 0x29, 0x29, 0x25, 0x25, 0x29, 0x21, 0x21, 0x25, 0x25, 0x29, 0x25, 0x29, 0x29, 0x25,
	0x25, 0x29, 0x25, 0x29, 0x29, 0x10, 0x10, 0x00, 0x00, 0x00, 0x00, 0x00, 0x00, 0x00, 0x00, 0x00,
	0x00, 0x00, 0x00, 0x00, 0x00, 0x00, 0x00, 0x00, 0x00, 0x00, 0x00, 0x00, 0x00, 0x00, 0x00, 0x11,
	0x21, 0x25, 0x21, 0x29, 0x29, 0x25, 0x25, 0x25, 0x21, 0x29, 0x29, 0x29, 0x25, 0x11, 0x10, 0x25,
	0x21, 0x29, 0x29, 0x25, 0x29, 0x29, 0x29, 0x21, 0x25, 0x25, 0x29, 0x29, 0x29, 0x29, 0x29, 0x29,
	0x29, 0x25, 0x29, 0x29, 0x29, 0x11, 0x10, 0x00, 0x00, 0x00, 0x00, 0x00, 0x00, 0x00, 0x00, 0x00,
	0x00, 0x00, 0x00, 0x00, 0x00, 0x00, 0x00, 0x00, 0x00, 0x00, 0x00, 0x00, 0x11, 0x21, 0x25, 0x21,
	0x25, 0x29, 0x29, 0x21, 0x21, 0x21, 0x29, 0x25, 0x29, 0x29, 0x25, 0x25, 0x21, 0x11, 0x11, 0x21,
	0x25, 0x29, 0x25, 0x29, 0x25, 0x25, 0x29, 0x25, 0x25, 0x25, 0x21, 0x21, 0x21, 0x21, 0x29, 0x29,
	0x25, 0x29, 0x25, 0x21, 0x25, 0x11, 0x00, 0x00, 0x00, 0x00, 0x00, 0x00, 0x00, 0x00, 0x00, 0x00,
	0x00, 0x00, 0x00, 0x00, 0x00, 0x00, 0x00, 0x00, 0x00, 0x00, 0x10, 0x29, 0x25, 0x25, 0x29, 0x29,
	0x21, 0x11, 0x25, 0x25, 0x29, 0x29, 0x25, 0x25, 0x29, 0x29, 0x29, 0x21, 0x21, 0x11, 0x21, 0x29,
	0x29, 0x25, 0x25, 0x29, 0x29, 0x29, 0x25, 0x25, 0x25, 0x25, 0x25, 0x25, 0x25, 0x25, 0x25, 0x29,
	0x29, 0x29, 0x25, 0x29, 0x10, 0x00, 0x00, 0x00, 0x00, 0x00, 0x00, 0x00, 0x00, 0x00, 0x00, 0x00,
	0x00, 0x00, 0x00, 0x00, 0x00, 0x00, 0x00, 0x10, 0x21, 0x29, 0x25, 0x25, 0x29, 0x21, 0x10, 0x25,
	0x29, 0x29, 0x29, 0x25, 0x25, 0x29, 0x29, 0x29, 0x29, 0x21, 0x21, 0x11, 0x21, 0x21, 0x25, 0x29,
	0x29, 0x25, 0x21, 0x21, 0x29, 0x29, 0x25, 0x21, 0x21, 0x21, 0x29, 0x25, 0x29, 0x29, 0x25, 0x29,
	0x29, 0x21, 0x10, 0x00, 0x00, 0x00, 0x00, 0x00, 0x00, 0x00, 0x00, 0x00, 0x00, 0x00, 0x00, 0x00,
	0x00, 0x00, 0x00, 0x00, 0x10, 0x21, 0x25, 0x29, 0x29, 0x25, 0x21, 0x11, 0x25, 0x29, 0x25, 0x25,
	0x29, 0x25, 0x29, 0x25, 0x25, 0x29, 0x29, 0x21, 0x21, 0x21, 0x11, 0x25, 0x29, 0x29, 0x21, 0x21,
	0x21, 0x25, 0x29, 0x25, 0x21, 0x21, 0x29, 0x25, 0x21, 0x29, 0x29, 0x25, 0x29, 0x25, 0x25, 0x25,
	0x10, 0x00, 0x00, 0x00, 0x00, 0x00, 0x00, 0x00, 0x00, 0x00, 0x11, 0x10, 0x10, 0x10, 0x00, 0x00,
	0x11, 0x10, 0x21, 0x25, 0x25, 0x25, 0x29, 0x21, 0x21, 0x25, 0x25, 0x29, 0x25, 0x21, 0x25, 0x29,
	0x25, 0x29, 0x29, 0x25, 0x21, 0x21, 0x11, 0x21, 0x11, 0x21, 0x21, 0x21, 0x21, 0x25, 0x29, 0x25,
	0x25, 0x21, 0x29, 0x25, 0x25, 0x21, 0x21, 0x25, 0x25, 0x29, 0x25, 0x25, 0x29, 0x25, 0x10, 0x00,
	0x00, 0x00, 0x00, 0x00, 0x00, 0x00, 0x10, 0x10, 0x21, 0x29, 0x29, 0x21, 0x11, 0x10, 0x21, 0x25,
	0x29, 0x29, 0x25, 0x25, 0x21, 0x29, 0x25, 0x29, 0x29, 0x25, 0x10, 0x21, 0x25, 0x25, 0x21, 0x25,
	0x25, 0x25, 0x21, 0x10, 0x21, 0x21, 0x10, 0x10, 0x11, 0x25, 0x25, 0x25, 0x29, 0x25, 0x21, 0x21,
	0x29, 0x21, 0x25, 0x21, 0x25, 0x25, 0x25, 0x29, 0x25, 0x25, 0x25, 0x21, 0x10, 0x00, 0x00, 0x00,
	0x00, 0x00, 0x00, 0x10, 0x21, 0x25, 0x25, 0x25, 0x25, 0x29, 0x29, 0x29, 0x29, 0x29, 0x29, 0x29,
	0x29, 0x25, 0x25, 0x29, 0x25, 0x25, 0x29, 0x21, 0x10, 0x29, 0x25, 0x21, 0x29, 0x29, 0x29, 0x29,
	0x21, 0x10, 0x21, 0x11, 0x21, 0x21, 0x25, 0x29, 0x29, 0x25, 0x21, 0x21, 0x21, 0x21, 0x21, 0x21,
	0x29, 0x21, 0x25, 0x21, 0x29, 0x25, 0x25, 0x29, 0x21, 0x10, 0x00, 0x00, 0x00, 0x00, 0x00, 0x00,
	0x11, 0x21, 0x29, 0x29, 0x29, 0x21, 0x25, 0x25, 0x25, 0x25, 0x25, 0x25, 0x25, 0x29, 0x29, 0x29,
	0x29, 0x29, 0x29, 0x25, 0x21, 0x10, 0x21, 0x29, 0x25, 0x21, 0x21, 0x29, 0x29, 0x21, 0x21, 0x21,
	0x21, 0x11, 0x25, 0x25, 0x29, 0x25, 0x25, 0x21, 0x21, 0x21, 0x10, 0x21, 0x11, 0x21, 0x25, 0x21,
	0x21, 0x25, 0x25, 0x25, 0x29, 0x29, 0x21, 0x10, 0x00, 0x00, 0x00, 0x00, 0x00, 0x00, 0x10, 0x25,
	0x25, 0x21, 0x21, 0x29, 0x25, 0x25, 0x25, 0x21, 0x25, 0x29, 0x29, 0x25, 0x25, 0x10, 0x10, 0x25,
	0x21, 0x21, 0x21, 0x11, 0x29, 0x25, 0x11, 0x21, 0x29, 0x29, 0x25, 0x21, 0x21, 0x21, 0x11, 0x11,
	0x21, 0x21, 0x21, 0x21, 0x21, 0x21, 0x10, 0x11, 0x21, 0x10, 0x21, 0x29, 0x10, 0x21, 0x25, 0x25,
	0x25, 0x25, 0x29, 0x21, 0x10, 0x00, 0x00, 0x00, 0x00, 0x00, 0x00, 0x10, 0x21, 0x29, 0x21, 0x21,
	0x21, 0x25, 0x29, 0x29, 0x21, 0x29, 0x25, 0x25, 0x10, 0x10, 0x10, 0x21, 0x21, 0x21, 0x21, 0x10,
	0x10, 0x21, 0x21, 0x11, 0x21, 0x25, 0x25, 0x25, 0x21, 0x21, 0x11, 0x21, 0x10, 0x10, 0x10, 0x10,
	0x10, 0x10, 0x10, 0x10, 0x21, 0x21, 0x10, 0x21, 0x25, 0x10, 0x21, 0x21, 0x29, 0x25, 0x29, 0x29,
	0x21, 0x21, 0x10, 0x00, 0x00, 0x00, 0x00, 0x00, 0x00, 0x10, 0x21, 0x25, 0x21, 0x21, 0x25, 0x29,
	0x29, 0x21, 0x21, 0x21, 0x21, 0x21, 0x21, 0x21, 0x21, 0x21, 0x21, 0x21, 0x11, 0x10, 0x21, 0x21,
	0x21, 0x10, 0x21, 0x29, 0x29, 0x21, 0x21, 0x11, 0x21, 0x10, 0x10, 0x10, 0x21, 0x21, 0x21, 0x21,
	0x21, 0x21, 0x10, 0x10, 0x10, 0x21, 0x21, 0x11, 0x21, 0x29, 0x25, 0x29, 0x29, 0x21, 0x21, 0x11,
	0x00, 0x00, 0x00, 0x00, 0x00, 0x00, 0x00, 0x10, 0x21, 0x21, 0x21, 0x21, 0x21, 0x21, 0x21, 0x21,
	0x21, 0x21, 0x21, 0x11, 0x10, 0x10, 0x10, 0x10, 0x10, 0x10, 0x10, 0x10, 0x21, 0x10, 0x11, 0x21,
	0x21, 0x21, 0x21, 0x21, 0x10, 0x10, 0x21, 0x10, 0x10, 0x10, 0x10, 0x21, 0x11, 0x10, 0x10, 0x10,
	0x10, 0x10, 0x10, 0x21, 0x11, 0x21, 0x21, 0x25, 0x25, 0x21, 0x21, 0x21, 0x10, 0x00, 0x00, 0x00,
	0x00, 0x00, 0x00, 0x00, 0x00, 0x00, 0x11, 0x10, 0x10, 0x10, 0x10, 0x10, 0x10, 0x11, 0x10, 0x10,
	0x10, 0x00, 0x00, 0x00, 0x00, 0x00, 0x00, 0x00, 0x00, 0x10, 0x10, 0x10, 0x10, 0x10, 0x10, 0x10,
	0x10, 0x10, 0x10, 0x10, 0x10, 0x10, 0x10, 0x10, 0x10, 0x10, 0x00, 0x00, 0x00, 0x00, 0x00, 0x00,
	0x00, 0x10, 0x10, 0x10, 0x10, 0x10, 0x10, 0x10, 0x10, 0x10, 0x00, 0x00, 0x00, 0x00, 0x00, 0x00,
};

const unsigned char bk_bub_tree3[] = {
	// Size: 2176
	// W:68 H:32
	// Colours: 256
	// icon-length: 2176
	//0x01, // colour mode, 1=256colours, 2=16 colours, 4=4 colours, 8=2 colours
	//0x00, 0x44, // WIDTH
	//0x00, 0x20, // HEIGHT
	//0x08, 0x80, // LENGTH
	0x00, 0x00, 0x00, 0x00, 0x00, 0x00, 0x00, 0x00, 0x00, 0x00, 0x00, 0x00, 0x00, 0x00, 0x00, 0x00,
	0x00, 0x00, 0x00, 0x00, 0x10, 0x21, 0x29, 0x21, 0x25, 0x25, 0x25, 0x21, 0x29, 0x25, 0x21, 0x21,
	0x29, 0x5D, 0x25, 0x25, 0x21, 0x21, 0x21, 0x21, 0x29, 0x25, 0x21, 0x21, 0x21, 0x21, 0x29, 0x10,
	0x21, 0x10, 0x00, 0x00, 0x00, 0x00, 0x00, 0x00, 0x00, 0x00, 0x00, 0x00, 0x00, 0x00, 0x00, 0x00,
	0x00, 0x00, 0x00, 0x00, 0x00, 0x00, 0x00, 0x00, 0x00, 0x00, 0x00, 0x00, 0x00, 0x00, 0x00, 0x00,
	0x00, 0x00, 0x00, 0x00, 0x00, 0x00, 0x00, 0x00, 0x10, 0x29, 0x29, 0x21, 0x21, 0x25, 0x21, 0x29,
	0x25, 0x29, 0x25, 0x25, 0x29, 0x25, 0x29, 0x25, 0x29, 0x29, 0x21, 0x21, 0x10, 0x21, 0x21, 0x21,
	0x25, 0x25, 0x29, 0x29, 0x10, 0x10, 0x00, 0x00, 0x00, 0x00, 0x00, 0x00, 0x00, 0x00, 0x00, 0x00,
	0x00, 0x00, 0x00, 0x00, 0x00, 0x00, 0x00, 0x00, 0x00, 0x00, 0x00, 0x00, 0x00, 0x00, 0x00, 0x00,
	0x00, 0x00, 0x00, 0x00, 0x00, 0x00, 0x00, 0x00, 0x00, 0x00, 0x00, 0x11, 0x21, 0x29, 0x21, 0x25,
	0x21, 0x25, 0x21, 0x29, 0x5D, 0x21, 0x10, 0x11, 0x10, 0x21, 0x21, 0x29, 0x25, 0x25, 0x29, 0x25,
	0x10, 0x11, 0x21, 0x25, 0x29, 0x61, 0x10, 0x10, 0x10, 0x00, 0x00, 0x00, 0x00, 0x00, 0x00, 0x00,
	0x00, 0x00, 0x00, 0x00, 0x00, 0x00, 0x00, 0x00, 0x00, 0x00, 0x00, 0x00, 0x00, 0x00, 0x00, 0x00,
	0x00, 0x00, 0x00, 0x00, 0x00, 0x00, 0x00, 0x00, 0x00, 0x00, 0x00, 0x00, 0x00, 0x00, 0x00, 0x10,
	0x21, 0x21, 0x21, 0x25, 0x25, 0x29, 0x29, 0x25, 0x10, 0x11, 0x10, 0x10, 0x10, 0x10, 0x10, 0x21,
	0x21, 0x10, 0x10, 0x10, 0x25, 0x11, 0x10, 0x29, 0x10, 0x10, 0x10, 0x10, 0x10, 0x00, 0x00, 0x00,
	0x00, 0x00, 0x00, 0x00, 0x00, 0x00, 0x00, 0x00, 0x00, 0x00, 0x00, 0x00, 0x00, 0x00, 0x00, 0x00,
	0x00, 0x00, 0x00, 0x00, 0x00, 0x00, 0x00, 0x00, 0x00, 0x00, 0x00, 0x00, 0x00, 0x00, 0x00, 0x00,
	0x00, 0x00, 0x00, 0x11, 0x21, 0x21, 0x25, 0x29, 0x25, 0x29, 0x25, 0x29, 0x10, 0x21, 0x21, 0x10,
	0x21, 0x21, 0x10, 0x10, 0x11, 0x11, 0x10, 0x10, 0x10, 0x10, 0x10, 0x10, 0x10, 0x11, 0x21, 0x67,
	0x10, 0x00, 0x00, 0x00, 0x00, 0x00, 0x00, 0x00, 0x00, 0x00, 0x00, 0x00, 0x00, 0x00, 0x00, 0x00,
	0x00, 0x00, 0x00, 0x00, 0x00, 0x00, 0x00, 0x00, 0x00, 0x00, 0x00, 0x00, 0x00, 0x00, 0x00, 0x00,
	0x00, 0x00, 0x00, 0x00, 0x00, 0x00, 0x00, 0x00, 0x10, 0x21, 0x29, 0x25, 0x25, 0x29, 0x25, 0x25,
	0x21, 0x21, 0x21, 0x10, 0x25, 0x67, 0x67, 0x67, 0x21, 0x21, 0x10, 0x11, 0x10, 0x10, 0x10, 0x10,
	0x10, 0x21, 0x67, 0xBB, 0x11, 0x10, 0x00, 0x00, 0x00, 0x00, 0x00, 0x00, 0x00, 0x00, 0x00, 0x00,
	0x00, 0x00, 0x00, 0x00, 0x00, 0x00, 0x00, 0x00, 0x00, 0x00, 0x00, 0x00, 0x00, 0x00, 0x00, 0x00,
	0x00, 0x00, 0x00, 0x00, 0x00, 0x00, 0x00, 0x00, 0x00, 0x00, 0x00, 0x00, 0x10, 0x21, 0x21, 0x29,
	0x25, 0x25, 0x25, 0x25, 0x25, 0x21, 0x21, 0x10, 0x25, 0xBB, 0xBB, 0xBB, 0xBB, 0xBB, 0xBB, 0x67,
	0x10, 0x10, 0x10, 0x21, 0x10, 0x67, 0xBB, 0x67, 0x10, 0x10, 0x00, 0x00, 0x00, 0x00, 0x00, 0x00,
	0x00, 0x00, 0x00, 0x00, 0x00, 0x00, 0x00, 0x00, 0x00, 0x00, 0x00, 0x00, 0x00, 0x00, 0x00, 0x00,
	0x00, 0x00, 0x00, 0x00, 0x00, 0x00, 0x00, 0x00, 0x00, 0x00, 0x00, 0x00, 0x00, 0x00, 0x00, 0x00,
	0x10, 0x21, 0x21, 0x25, 0x21, 0x25, 0x29, 0x29, 0x25, 0x29, 0x21, 0x21, 0x11, 0x67, 0xBB, 0xBB,
	0xBB, 0xBB, 0xBB, 0xBB, 0xBB, 0x67, 0x10, 0x21, 0x10, 0xBB, 0x10, 0x10, 0x21, 0x10, 0x00, 0x00,
	0x00, 0x00, 0x00, 0x00, 0x00, 0x00, 0x00, 0x00, 0x00, 0x00, 0x00, 0x00, 0x00, 0x00, 0x00, 0x00,
	0x00, 0x00, 0x00, 0x00, 0x00, 0x00, 0x00, 0x00, 0x00, 0x00, 0x00, 0x00, 0x00, 0x00, 0x00, 0x00,
	0x00, 0x00, 0x00, 0x10, 0x21, 0x29, 0x21, 0x25, 0x21, 0x29, 0x21, 0x11, 0x21, 0x25, 0x29, 0x29,
	0x21, 0x11, 0x10, 0x67, 0xBB, 0xBB, 0xBB, 0xBB, 0x10, 0x11, 0x10, 0x25, 0x10, 0x25, 0x11, 0x10,
	0x21, 0x10, 0x00, 0x00, 0x00, 0x00, 0x00, 0x00, 0x00, 0x00, 0x00, 0x00, 0x00, 0x00, 0x00, 0x00,
	0x00, 0x00, 0x00, 0x00, 0x00, 0x00, 0x00, 0x00, 0x00, 0x00, 0x00, 0x00, 0x00, 0x00, 0x00, 0x00,
	0x00, 0x00, 0x00, 0x00, 0x00, 0x00, 0x00, 0x10, 0x21, 0x25, 0x21, 0x21, 0x29, 0x29, 0x10, 0x21,
	0x61, 0x25, 0x11, 0x25, 0x25, 0x21, 0x21, 0x10, 0x10, 0x25, 0x67, 0x25, 0x10, 0x10, 0x10, 0x21,
	0x21, 0x10, 0x10, 0x21, 0x10, 0x10, 0x10, 0x00, 0x00, 0x00, 0x00, 0x00, 0x00, 0x00, 0x00, 0x00,
	0x00, 0x00, 0x00, 0x00, 0x00, 0x00, 0x00, 0x00, 0x00, 0x00, 0x00, 0x00, 0x00, 0x00, 0x00, 0x00,
	0x00, 0x00, 0x00, 0x00, 0x00, 0x00, 0x00, 0x00, 0x00, 0x00, 0x00, 0x10, 0x21, 0x25, 0x25, 0x21,
	0x29, 0x21, 0x10, 0x10, 0x10, 0x10, 0x21, 0x11, 0x25, 0x25, 0x25, 0x21, 0x21, 0x10, 0x11, 0x10,
	0x11, 0x11, 0x21, 0x29, 0x25, 0x25, 0x25, 0x10, 0x25, 0x21, 0x10, 0x00, 0x00, 0x00, 0x00, 0x00,
	0x00, 0x00, 0x00, 0x00, 0x00, 0x00, 0x00, 0x00, 0x00, 0x00, 0x00, 0x00, 0x00, 0x00, 0x00, 0x00,
	0x00, 0x00, 0x00, 0x00, 0x00, 0x00, 0x00, 0x00, 0x00, 0x00, 0x00, 0x00, 0x00, 0x00, 0x00, 0x10,
	0x21, 0x21, 0x29, 0x21, 0x25, 0x10, 0x21, 0x29, 0x25, 0x25, 0x21, 0x10, 0x21, 0x21, 0x11, 0x10,
	0x25, 0x25, 0x25, 0x29, 0x29, 0x25, 0x25, 0x10, 0x11, 0x10, 0x10, 0x21, 0x25, 0x21, 0x10, 0x00,
	0x00, 0x00, 0x00, 0x00, 0x00, 0x00, 0x00, 0x00, 0x00, 0x00, 0x00, 0x00, 0x00, 0x00, 0x00, 0x00,
	0x00, 0x00, 0x00, 0x00, 0x00, 0x00, 0x00, 0x00, 0x00, 0x00, 0x00, 0x00, 0x00, 0x00, 0x00, 0x00,
	0x00, 0x00, 0x00, 0x11, 0x21, 0x21, 0x25, 0x25, 0x25, 0x10, 0x21, 0x29, 0x25, 0x25, 0x25, 0x21,
	0x11, 0x10, 0x21, 0x21, 0x10, 0x10, 0x10, 0x10, 0x10, 0x11, 0x10, 0x21, 0x25, 0x25, 0x25, 0x25,
	0x21, 0x21, 0x11, 0x00, 0x00, 0x00, 0x00, 0x00, 0x00, 0x00, 0x00, 0x00, 0x00, 0x00, 0x00, 0x00,
	0x00, 0x00, 0x00, 0x00, 0x00, 0x00, 0x00, 0x00, 0x00, 0x00, 0x00, 0x00, 0x00, 0x00, 0x00, 0x00,
	0x00, 0x00, 0x00, 0x00, 0x00, 0x00, 0x00, 0x00, 0x10, 0x21, 0x25, 0x21, 0x29, 0x25, 0x21, 0x5D,
	0x25, 0x29, 0x25, 0x25, 0x29, 0x29, 0x25, 0x25, 0x29, 0x25, 0x29, 0x25, 0x29, 0x25, 0x25, 0x5D,
	0x29, 0x29, 0x29, 0x21, 0x21, 0x10, 0x00, 0x00, 0x00, 0x00, 0x00, 0x00, 0x00, 0x00, 0x00, 0x00,
	0x00, 0x00, 0x00, 0x00, 0x00, 0x00, 0x00, 0x00, 0x00, 0x00, 0x00, 0x00, 0x00, 0x00, 0x00, 0x00,
	0x00, 0x00, 0x00, 0x00, 0x00, 0x00, 0x00, 0x00, 0x00, 0x00, 0x00, 0x00, 0x10, 0x21, 0x25, 0x21,
	0x25, 0x25, 0x25, 0x25, 0x29, 0x29, 0x29, 0x25, 0x25, 0x25, 0x25, 0x25, 0x25, 0x21, 0x25, 0x25,
	0x25, 0x29, 0x29, 0x21, 0x25, 0x25, 0x5D, 0x25, 0x10, 0x00, 0x00, 0x00, 0x00, 0x00, 0x00, 0x00,
	0x00, 0x00, 0x00, 0x00, 0x00, 0x00, 0x00, 0x00, 0x00, 0x00, 0x00, 0x00, 0x00, 0x00, 0x00, 0x00,
	0x00, 0x00, 0x00, 0x00, 0x00, 0x00, 0x00, 0x00, 0x00, 0x00, 0x00, 0x00, 0x00, 0x00, 0x00, 0x00,
	0x10, 0x21, 0x25, 0x21, 0x25, 0x25, 0x29, 0x25, 0x29, 0x25, 0x25, 0x25, 0x25, 0x25, 0x29, 0x25,
	0x29, 0x21, 0x21, 0x21, 0x21, 0x21, 0x21, 0x21, 0x25, 0x25, 0x25, 0x25, 0x11, 0x00, 0x00, 0x00,
	0x00, 0x00, 0x00, 0x00, 0x00, 0x00, 0x00, 0x00, 0x00, 0x00, 0x00, 0x00, 0x00, 0x00, 0x00, 0x00,
	0x00, 0x00, 0x00, 0x00, 0x00, 0x00, 0x00, 0x00, 0x00, 0x00, 0x00, 0x00, 0x00, 0x00, 0x00, 0x00,
	0x00, 0x00, 0x00, 0x00, 0x11, 0x21, 0x25, 0x21, 0x25, 0x29, 0x25, 0x29, 0x25, 0x29, 0x29, 0x25,
	0x29, 0x25, 0x25, 0x10, 0x10, 0x10, 0x10, 0x10, 0x10, 0x10, 0x10, 0x21, 0x21, 0x21, 0x25, 0x25,
	0x25, 0x25, 0x25, 0x10, 0x10, 0x10, 0x10, 0x10, 0x10, 0x10, 0x10, 0x10, 0x10, 0x00, 0x00, 0x00,
	0x00, 0x00, 0x00, 0x00, 0x00, 0x00, 0x00, 0x00, 0x00, 0x00, 0x00, 0x00, 0x00, 0x00, 0x00, 0x00,
	0x00, 0x00, 0x00, 0x00, 0x00, 0x00, 0x00, 0x11, 0x21, 0x21, 0x21, 0x25, 0x29, 0x29, 0x25, 0x29,
	0x25, 0x25, 0x29, 0x25, 0x25, 0x25, 0x11, 0x21, 0x25, 0x25, 0x25, 0x29, 0x25, 0x25, 0x21, 0x11,
	0x11, 0x11, 0x21, 0x21, 0x29, 0x25, 0x29, 0x25, 0x25, 0x25, 0x25, 0x25, 0x25, 0x29, 0x25, 0x61,
	0x21, 0x10, 0x10, 0x00, 0x00, 0x00, 0x00, 0x00, 0x00, 0x00, 0x00, 0x00, 0x00, 0x00, 0x00, 0x00,
	0x00, 0x00, 0x00, 0x00, 0x00, 0x00, 0x00, 0x00, 0x00, 0x20, 0x10, 0x21, 0x25, 0x21, 0x25, 0x29,
	0x29, 0x25, 0x29, 0x25, 0x29, 0x29, 0x25, 0x29, 0x25, 0x21, 0x25, 0x29, 0x29, 0x29, 0x29, 0x25,
	0x29, 0x25, 0x29, 0x25, 0x25, 0x25, 0x11, 0x21, 0x21, 0x21, 0x25, 0x29, 0x29, 0x25, 0x25, 0x25,
	0x25, 0x25, 0x25, 0x25, 0x25, 0x25, 0x25, 0x10, 0x00, 0x00, 0x00, 0x00, 0x00, 0x00, 0x00, 0x00,
	0x00, 0x00, 0x00, 0x00, 0x00, 0x10, 0x10, 0x11, 0x11, 0x11, 0x10, 0x10, 0x11, 0x21, 0x25, 0x29,
	0x25, 0x25, 0x25, 0x25, 0x25, 0x29, 0x29, 0x29, 0x25, 0x29, 0x25, 0x25, 0x29, 0x25, 0x25, 0x25,
	0x25, 0x25, 0x21, 0x25, 0x25, 0x25, 0x25, 0x25, 0x61, 0x25, 0x25, 0x11, 0x21, 0x25, 0x25, 0x25,
	0x25, 0x25, 0x25, 0x25, 0x25, 0x25, 0x25, 0x25, 0x29, 0x29, 0x29, 0x29, 0x10, 0x00, 0x00, 0x00,
	0x00, 0x00, 0x00, 0x00, 0x00, 0x00, 0x00, 0x10, 0x10, 0x21, 0x21, 0x29, 0x25, 0x25, 0x25, 0x29,
	0x29, 0x29, 0x25, 0x25, 0x25, 0x29, 0x25, 0x29, 0x29, 0x25, 0x5D, 0x21, 0x25, 0x25, 0x25, 0x29,
	0x25, 0x29, 0x25, 0x25, 0x25, 0x11, 0x25, 0x29, 0x25, 0x25, 0x29, 0x25, 0x25, 0x25, 0x25, 0x21,
	0x11, 0x25, 0x21, 0x21, 0x29, 0x29, 0x21, 0x21, 0x25, 0x25, 0x25, 0x29, 0x29, 0x25, 0x25, 0x25,
	0x21, 0x10, 0x00, 0x00, 0x00, 0x00, 0x00, 0x00, 0x00, 0x00, 0x10, 0x21, 0x25, 0x29, 0x29, 0x25,
	0x25, 0x29, 0x29, 0x25, 0x25, 0x29, 0x29, 0x25, 0x29, 0x25, 0x29, 0x29, 0x25, 0x21, 0x21, 0x25,
	0x25, 0x25, 0x29, 0x29, 0x25, 0x29, 0x25, 0x25, 0x11, 0x25, 0x29, 0x25, 0x25, 0x29, 0x25, 0x29,
	0x29, 0x29, 0x25, 0x21, 0x10, 0x21, 0x25, 0x25, 0x25, 0x25, 0x25, 0x25, 0x25, 0x21, 0x29, 0x25,
	0x25, 0x25, 0x29, 0x25, 0x29, 0x10, 0x00, 0x00, 0x00, 0x00, 0x00, 0x00, 0x00, 0x00, 0x10, 0x29,
	0x29, 0x25, 0x25, 0x25, 0x25, 0x29, 0x29, 0x29, 0x29, 0x25, 0x25, 0x29, 0x29, 0x25, 0x21, 0x21,
	0x21, 0x25, 0x29, 0x25, 0x29, 0x29, 0x25, 0x25, 0x25, 0x21, 0x21, 0x11, 0x21, 0x61, 0x25, 0x25,
	0x29, 0x25, 0x25, 0x25, 0x25, 0x29, 0x21, 0x21, 0x11, 0x21, 0x29, 0x21, 0x21, 0x21, 0x21, 0x21,
	0x25, 0x25, 0x21, 0x21, 0x25, 0x29, 0x29, 0x25, 0x25, 0x10, 0x00, 0x00, 0x00, 0x00, 0x00, 0x00,
	0x00, 0x10, 0x21, 0x25, 0x21, 0x21, 0x25, 0x29, 0x25, 0x25, 0x25, 0x25, 0x25, 0x25, 0x25, 0x25,
	0x25, 0x29, 0x29, 0x25, 0x25, 0x29, 0x25, 0x25, 0x25, 0x25, 0x25, 0x21, 0x21, 0x21, 0x11, 0x21,
	0x25, 0x25, 0x25, 0x21, 0x25, 0x29, 0x29, 0x25, 0x29, 0x25, 0x21, 0x21, 0x10, 0x21, 0x21, 0x21,
	0x11, 0x11, 0x21, 0x21, 0x21, 0x25, 0x25, 0x21, 0x21, 0x5D, 0x25, 0x25, 0x25, 0x21, 0x10, 0x00,
	0x00, 0x00, 0x00, 0x00, 0x10, 0x21, 0x25, 0x10, 0x29, 0x29, 0x25, 0x25, 0x29, 0x25, 0x25, 0x25,
	0x25, 0x29, 0x29, 0x25, 0x29, 0x29, 0x25, 0x25, 0x25, 0x25, 0x25, 0x29, 0x25, 0x21, 0x21, 0x29,
	0x29, 0x25, 0x10, 0x21, 0x25, 0x25, 0x21, 0x25, 0x25, 0x25, 0x25, 0x29, 0x21, 0x21, 0x21, 0x21,
	0x10, 0x21, 0x10, 0x10, 0x21, 0x21, 0x21, 0x10, 0x21, 0x21, 0x25, 0x25, 0x21, 0x29, 0x61, 0x25,
	0x25, 0x21, 0x10, 0x00, 0x00, 0x00, 0x00, 0x00, 0x10, 0x21, 0x11, 0x25, 0x25, 0x29, 0x25, 0x29,
	0x5D, 0x29, 0x29, 0x25, 0x29, 0x25, 0x29, 0x25, 0x25, 0x29, 0x29, 0x21, 0x21, 0x21, 0x21, 0x21,
	0x25, 0x29, 0x29, 0x25, 0x5D, 0x11, 0x21, 0x21, 0x21, 0x21, 0x21, 0x25, 0x29, 0x25, 0x21, 0x21,
	0x21, 0x21, 0x21, 0x21, 0x10, 0x10, 0x21, 0x21, 0x10, 0x10, 0x10, 0x21, 0x10, 0x21, 0x21, 0x29,
	0x21, 0x21, 0x25, 0x21, 0x21, 0x21, 0x11, 0x00, 0x00, 0x00, 0x00, 0x10, 0x21, 0x21, 0x29, 0x25,
	0x29, 0x25, 0x25, 0x25, 0x21, 0x21, 0x21, 0x21, 0x21, 0x21, 0x21, 0x21, 0x25, 0x29, 0x25, 0x25,
	0x25, 0x25, 0x25, 0x21, 0x21, 0x21, 0x21, 0x21, 0x11, 0x10, 0x21, 0x21, 0x21, 0x21, 0x29, 0x25,
	0x21, 0x21, 0x21, 0x21, 0x10, 0x21, 0x21, 0x10, 0x21, 0x21, 0x21, 0x10, 0x00, 0x00, 0x20, 0x11,
	0x21, 0x21, 0x21, 0x21, 0x21, 0x21, 0x21, 0x21, 0x21, 0x10, 0x00, 0x00, 0x00, 0x00, 0x00, 0x10,
	0x29, 0x29, 0x25, 0x21, 0x25, 0x25, 0x21, 0x21, 0x21, 0x21, 0x21, 0x21, 0x21, 0x21, 0x10, 0x10,
	0x21, 0x21, 0x21, 0x29, 0x21, 0x21, 0x21, 0x21, 0x21, 0x21, 0x21, 0x10, 0x10, 0x10, 0x21, 0x21,
	0x21, 0x21, 0x21, 0x21, 0x21, 0x21, 0x21, 0x10, 0x21, 0x21, 0x10, 0x10, 0x21, 0x11, 0x10, 0x00,
	0x00, 0x00, 0x00, 0x10, 0x21, 0x21, 0x21, 0x10, 0x21, 0x21, 0x21, 0x21, 0x21, 0x10, 0x00, 0x00,
	0x00, 0x00, 0x00, 0x10, 0x21, 0x25, 0x21, 0x25, 0x25, 0x29, 0x21, 0x10, 0x10, 0x21, 0x10, 0x10,
	0x11, 0x21, 0x21, 0x21, 0x11, 0x11, 0x21, 0x21, 0x11, 0x10, 0x11, 0x11, 0x21, 0x10, 0x10, 0x10,
	0x10, 0x10, 0x10, 0x21, 0x11, 0x21, 0x21, 0x21, 0x21, 0x21, 0x10, 0x10, 0x21, 0x21, 0x10, 0x10,
	0x10, 0x10, 0x10, 0x00, 0x00, 0x00, 0x00, 0x00, 0x10, 0x10, 0x21, 0x21, 0x21, 0x21, 0x21, 0x10,
	0x10, 0x00, 0x00, 0x00, 0x00, 0x00, 0x00, 0x00, 0x11, 0x21, 0x25, 0x29, 0x25, 0x21, 0x10, 0x21,
	0x21, 0x10, 0x00, 0x00, 0x00, 0x10, 0x10, 0x21, 0x21, 0x21, 0x10, 0x10, 0x10, 0x10, 0x10, 0x21,
	0x21, 0x21, 0x10, 0x10, 0x10, 0x10, 0x10, 0x10, 0x21, 0x21, 0x21, 0x21, 0x10, 0x10, 0x10, 0x21,
	0x21, 0x10, 0x10, 0x10, 0x10, 0x11, 0x00, 0x00, 0x00, 0x00, 0x00, 0x00, 0x00, 0x00, 0x11, 0x10,
	0x10, 0x10, 0x10, 0x00, 0x00, 0x00, 0x00, 0x00, 0x00, 0x00, 0x00, 0x00, 0x00, 0x10, 0x25, 0x21,
	0x21, 0x10, 0x21, 0x21, 0x10, 0x00, 0x00, 0x00, 0x00, 0x00, 0x00, 0x10, 0x10, 0x21, 0x21, 0x21,
	0x21, 0x21, 0x10, 0x10, 0x10, 0x10, 0x10, 0x00, 0x00, 0x00, 0x00, 0x10, 0x10, 0x21, 0x11, 0x10,
	0x10, 0x10, 0x21, 0x21, 0x11, 0x00, 0x00, 0x00, 0x00, 0x00, 0x00, 0x00, 0x00, 0x00, 0x00, 0x00,
	0x00, 0x00, 0x00, 0x00, 0x00, 0x00, 0x00, 0x00, 0x00, 0x00, 0x00, 0x00, 0x00, 0x00, 0x00, 0x00,
	0x00, 0x00, 0x10, 0x10, 0x10, 0x10, 0x10, 0x11, 0x00, 0x00, 0x00, 0x00, 0x00, 0x00, 0x00, 0x00,
	0x00, 0x11, 0x10, 0x10, 0x10, 0x10, 0x10, 0x00, 0x00, 0x00, 0x00, 0x00, 0x00, 0x00, 0x00, 0x00,
	0x00, 0x10, 0x10, 0x10, 0x10, 0x10, 0x10, 0x10, 0x00, 0x00, 0x00, 0x00, 0x00, 0x00, 0x00, 0x00,
	0x00, 0x00, 0x00, 0x00, 0x00, 0x00, 0x00, 0x00, 0x00, 0x00, 0x00, 0x00, 0x00, 0x00, 0x00, 0x00,
};

const unsigned char bk_bub_tree4[] = {
	// Size: 2176
	// W:68 H:32
	// Colours: 256
	// icon-length: 2176
	//0x01, // colour mode, 1=256colours, 2=16 colours, 4=4 colours, 8=2 colours
	//0x00, 0x44, // WIDTH
	//0x00, 0x20, // HEIGHT
	//0x08, 0x80, // LENGTH
	0x00, 0x00, 0x00, 0x00, 0x00, 0x00, 0x00, 0x00, 0x00, 0x00, 0x00, 0x00, 0x00, 0x00, 0x00, 0x00,
	0x00, 0x00, 0x00, 0x00, 0x10, 0x21, 0x29, 0x25, 0x25, 0x25, 0x29, 0x21, 0x29, 0x25, 0x21, 0x21,
	0x29, 0x25, 0x25, 0x29, 0x21, 0x21, 0x21, 0x21, 0x29, 0x25, 0x21, 0x21, 0x21, 0x21, 0x25, 0x10,
	0x21, 0x10, 0x00, 0x00, 0x00, 0x00, 0x00, 0x00, 0x00, 0x00, 0x00, 0x00, 0x00, 0x00, 0x00, 0x00,
	0x00, 0x00, 0x00, 0x00, 0x00, 0x00, 0x00, 0x00, 0x00, 0x00, 0x00, 0x00, 0x00, 0x00, 0x00, 0x00,
	0x00, 0x00, 0x00, 0x00, 0x00, 0x00, 0x00, 0x00, 0x10, 0x29, 0x29, 0x21, 0x21, 0x25, 0x21, 0x25,
	0x25, 0x29, 0x25, 0x25, 0x25, 0x25, 0x29, 0x25, 0x29, 0x29, 0x21, 0x21, 0x10, 0x21, 0x21, 0x21,
	0x25, 0x25, 0x29, 0x29, 0x10, 0x10, 0x00, 0x00, 0x00, 0x00, 0x00, 0x00, 0x00, 0x00, 0x00, 0x00,
	0x00, 0x00, 0x00, 0x00, 0x00, 0x00, 0x00, 0x00, 0x00, 0x00, 0x00, 0x00, 0x00, 0x00, 0x00, 0x00,
	0x00, 0x00, 0x00, 0x00, 0x00, 0x00, 0x00, 0x00, 0x00, 0x00, 0x00, 0x10, 0x21, 0x29, 0x21, 0x25,
	0x21, 0x25, 0x21, 0x29, 0x25, 0x21, 0x10, 0x10, 0x10, 0x21, 0x21, 0x25, 0x25, 0x25, 0x29, 0x25,
	0x10, 0x10, 0x21, 0x29, 0x25, 0x25, 0x10, 0x10, 0x10, 0x00, 0x00, 0x00, 0x00, 0x00, 0x00, 0x00,
	0x00, 0x00, 0x00, 0x00, 0x00, 0x00, 0x00, 0x00, 0x00, 0x00, 0x00, 0x00, 0x00, 0x00, 0x00, 0x00,
	0x00, 0x00, 0x00, 0x00, 0x00, 0x00, 0x00, 0x00, 0x00, 0x00, 0x00, 0x00, 0x00, 0x00, 0x00, 0x10,
	0x21, 0x21, 0x21, 0x25, 0x21, 0x29, 0x29, 0x25, 0x10, 0x10, 0x10, 0x10, 0x10, 0x10, 0x10, 0x21,
	0x21, 0x10, 0x10, 0x10, 0x25, 0x10, 0x10, 0x25, 0x10, 0x10, 0x10, 0x10, 0x10, 0x00, 0x00, 0x00,
	0x00, 0x00, 0x00, 0x00, 0x00, 0x00, 0x00, 0x00, 0x00, 0x00, 0x00, 0x00, 0x00, 0x00, 0x00, 0x00,
	0x00, 0x00, 0x00, 0x00, 0x00, 0x00, 0x00, 0x00, 0x00, 0x00, 0x00, 0x00, 0x00, 0x00, 0x00, 0x00,
	0x00, 0x00, 0x00, 0x10, 0x21, 0x21, 0x25, 0x29, 0x29, 0x29, 0x25, 0x29, 0x10, 0x21, 0x21, 0x10,
	0x21, 0x21, 0x10, 0x10, 0x10, 0x10, 0x10, 0x10, 0x10, 0x10, 0x10, 0x10, 0x10, 0x10, 0x21, 0x67,
	0x10, 0x00, 0x00, 0x00, 0x00, 0x00, 0x00, 0x00, 0x00, 0x00, 0x00, 0x00, 0x00, 0x00, 0x00, 0x00,
	0x00, 0x00, 0x00, 0x00, 0x00, 0x00, 0x00, 0x00, 0x00, 0x00, 0x00, 0x00, 0x00, 0x00, 0x00, 0x00,
	0x00, 0x00, 0x00, 0x00, 0x00, 0x00, 0x00, 0x00, 0x10, 0x21, 0x25, 0x25, 0x25, 0x25, 0x25, 0x25,
	0x21, 0x21, 0x25, 0x10, 0x25, 0x67, 0x67, 0x67, 0x21, 0x21, 0x10, 0x10, 0x10, 0x10, 0x10, 0x10,
	0x10, 0x21, 0x67, 0xBB, 0x10, 0x10, 0x00, 0x00, 0x00, 0x00, 0x00, 0x00, 0x00, 0x00, 0x00, 0x00,
	0x00, 0x00, 0x00, 0x00, 0x00, 0x00, 0x00, 0x00, 0x00, 0x00, 0x00, 0x00, 0x00, 0x00, 0x00, 0x00,
	0x00, 0x00, 0x00, 0x00, 0x00, 0x00, 0x00, 0x00, 0x00, 0x00, 0x00, 0x00, 0x10, 0x21, 0x21, 0x29,
	0x25, 0x25, 0x25, 0x25, 0x25, 0x21, 0x21, 0x10, 0x25, 0xBB, 0xBB, 0xBB, 0xBB, 0xBB, 0xBB, 0x67,
	0x10, 0x10, 0x10, 0x21, 0x10, 0x67, 0xBB, 0x67, 0x10, 0x10, 0x00, 0x00, 0x00, 0x00, 0x00, 0x00,
	0x00, 0x00, 0x00, 0x00, 0x00, 0x00, 0x00, 0x00, 0x00, 0x00, 0x00, 0x00, 0x00, 0x00, 0x00, 0x00,
	0x00, 0x00, 0x00, 0x00, 0x00, 0x00, 0x00, 0x00, 0x00, 0x00, 0x00, 0x00, 0x00, 0x00, 0x00, 0x00,
	0x10, 0x21, 0x21, 0x25, 0x21, 0x25, 0x25, 0x29, 0x25, 0x29, 0x21, 0x21, 0x10, 0x67, 0xBB, 0xBB,
	0xBB, 0xBB, 0xBB, 0xBB, 0xBB, 0x67, 0x10, 0x21, 0x10, 0xBB, 0x10, 0x10, 0x21, 0x10, 0x00, 0x00,
	0x00, 0x00, 0x00, 0x00, 0x00, 0x00, 0x00, 0x00, 0x00, 0x00, 0x00, 0x00, 0x00, 0x00, 0x00, 0x00,
	0x00, 0x00, 0x00, 0x00, 0x00, 0x00, 0x00, 0x00, 0x00, 0x00, 0x00, 0x00, 0x00, 0x00, 0x00, 0x00,
	0x00, 0x00, 0x00, 0x10, 0x21, 0x29, 0x21, 0x25, 0x21, 0x29, 0x21, 0x10, 0x21, 0x25, 0x29, 0x25,
	0x21, 0x10, 0x10, 0x67, 0xBB, 0xBB, 0xBB, 0xBB, 0x10, 0x10, 0x10, 0x25, 0x10, 0x25, 0x10, 0x10,
	0x21, 0x10, 0x00, 0x00, 0x00, 0x00, 0x00, 0x00, 0x00, 0x00, 0x00, 0x00, 0x00, 0x00, 0x00, 0x00,
	0x00, 0x00, 0x00, 0x00, 0x00, 0x00, 0x00, 0x00, 0x00, 0x00, 0x00, 0x00, 0x00, 0x00, 0x00, 0x00,
	0x00, 0x00, 0x00, 0x00, 0x00, 0x00, 0x00, 0x10, 0x21, 0x25, 0x21, 0x21, 0x29, 0x29, 0x10, 0x21,
	0x25, 0x25, 0x10, 0x21, 0x25, 0x21, 0x21, 0x10, 0x10, 0x25, 0x67, 0x25, 0x10, 0x10, 0x10, 0x21,
	0x21, 0x10, 0x10, 0x21, 0x10, 0x10, 0x10, 0x00, 0x00, 0x00, 0x00, 0x00, 0x00, 0x00, 0x00, 0x00,
	0x00, 0x00, 0x00, 0x00, 0x00, 0x00, 0x00, 0x00, 0x00, 0x00, 0x00, 0x00, 0x00, 0x00, 0x00, 0x00,
	0x00, 0x00, 0x00, 0x00, 0x00, 0x00, 0x00, 0x00, 0x00, 0x00, 0x00, 0x10, 0x21, 0x25, 0x25, 0x21,
	0x29, 0x21, 0x10, 0x10, 0x10, 0x10, 0x21, 0x10, 0x21, 0x25, 0x25, 0x21, 0x21, 0x10, 0x10, 0x10,
	0x10, 0x10, 0x21, 0x29, 0x25, 0x25, 0x25, 0x10, 0x25, 0x21, 0x10, 0x00, 0x00, 0x00, 0x00, 0x00,
	0x00, 0x00, 0x00, 0x00, 0x00, 0x00, 0x00, 0x00, 0x00, 0x00, 0x00, 0x00, 0x00, 0x00, 0x00, 0x00,
	0x00, 0x00, 0x00, 0x00, 0x00, 0x00, 0x00, 0x00, 0x00, 0x00, 0x00, 0x00, 0x00, 0x00, 0x00, 0x10,
	0x21, 0x21, 0x29, 0x21, 0x25, 0x10, 0x21, 0x29, 0x25, 0x29, 0x21, 0x10, 0x21, 0x21, 0x10, 0x10,
	0x25, 0x25, 0x29, 0x29, 0x25, 0x25, 0x25, 0x10, 0x10, 0x10, 0x10, 0x21, 0x21, 0x21, 0x10, 0x00,
	0x00, 0x00, 0x00, 0x00, 0x00, 0x00, 0x00, 0x00, 0x00, 0x00, 0x00, 0x00, 0x00, 0x00, 0x00, 0x00,
	0x00, 0x00, 0x00, 0x00, 0x00, 0x00, 0x00, 0x00, 0x00, 0x00, 0x00, 0x00, 0x00, 0x00, 0x00, 0x00,
	0x00, 0x00, 0x00, 0x10, 0x21, 0x21, 0x25, 0x21, 0x29, 0x10, 0x21, 0x29, 0x29, 0x25, 0x25, 0x21,
	0x10, 0x10, 0x21, 0x21, 0x10, 0x10, 0x10, 0x10, 0x10, 0x10, 0x10, 0x21, 0x21, 0x25, 0x25, 0x25,
	0x21, 0x21, 0x10, 0x00, 0x00, 0x00, 0x00, 0x00, 0x00, 0x00, 0x00, 0x00, 0x00, 0x00, 0x00, 0x00,
	0x00, 0x00, 0x00, 0x00, 0x00, 0x00, 0x00, 0x00, 0x00, 0x00, 0x00, 0x00, 0x00, 0x00, 0x00, 0x00,
	0x00, 0x00, 0x00, 0x00, 0x00, 0x00, 0x00, 0x00, 0x10, 0x21, 0x25, 0x21, 0x29, 0x25, 0x21, 0x25,
	0x29, 0x25, 0x25, 0x25, 0x29, 0x29, 0x25, 0x29, 0x25, 0x25, 0x29, 0x25, 0x25, 0x25, 0x25, 0x21,
	0x29, 0x29, 0x29, 0x21, 0x21, 0x10, 0x00, 0x00, 0x00, 0x00, 0x00, 0x00, 0x00, 0x00, 0x00, 0x00,
	0x00, 0x00, 0x00, 0x00, 0x00, 0x00, 0x00, 0x00, 0x00, 0x00, 0x00, 0x00, 0x00, 0x00, 0x00, 0x00,
	0x00, 0x00, 0x00, 0x00, 0x00, 0x00, 0x00, 0x00, 0x00, 0x00, 0x00, 0x00, 0x10, 0x21, 0x25, 0x21,
	0x29, 0x25, 0x25, 0x25, 0x29, 0x29, 0x29, 0x25, 0x25, 0x25, 0x25, 0x25, 0x25, 0x21, 0x25, 0x25,
	0x25, 0x25, 0x25, 0x25, 0x25, 0x25, 0x25, 0x25, 0x10, 0x00, 0x00, 0x00, 0x00, 0x00, 0x00, 0x00,
	0x00, 0x00, 0x00, 0x00, 0x00, 0x00, 0x00, 0x00, 0x00, 0x00, 0x00, 0x00, 0x00, 0x00, 0x00, 0x00,
	0x00, 0x00, 0x00, 0x00, 0x00, 0x00, 0x00, 0x00, 0x00, 0x00, 0x00, 0x00, 0x00, 0x00, 0x00, 0x00,
	0x10, 0x21, 0x25, 0x21, 0x25, 0x25, 0x29, 0x25, 0x29, 0x25, 0x25, 0x29, 0x25, 0x25, 0x29, 0x25,
	0x25, 0x21, 0x21, 0x21, 0x21, 0x21, 0x21, 0x21, 0x29, 0x25, 0x29, 0x25, 0x10, 0x00, 0x00, 0x00,
	0x00, 0x00, 0x00, 0x00, 0x00, 0x00, 0x00, 0x00, 0x00, 0x00, 0x00, 0x00, 0x00, 0x00, 0x00, 0x00,
	0x00, 0x00, 0x00, 0x00, 0x00, 0x00, 0x00, 0x00, 0x00, 0x00, 0x00, 0x00, 0x00, 0x00, 0x00, 0x00,
	0x00, 0x00, 0x00, 0x00, 0x10, 0x21, 0x29, 0x21, 0x25, 0x25, 0x29, 0x29, 0x29, 0x21, 0x25, 0x25,
	0x29, 0x25, 0x25, 0x25, 0x29, 0x29, 0x25, 0x21, 0x21, 0x21, 0x25, 0x29, 0x25, 0x25, 0x25, 0x29,
	0x25, 0x10, 0x10, 0x10, 0x00, 0x00, 0x00, 0x00, 0x00, 0x00, 0x00, 0x00, 0x00, 0x00, 0x00, 0x00,
	0x00, 0x00, 0x00, 0x00, 0x00, 0x00, 0x00, 0x00, 0x00, 0x00, 0x00, 0x00, 0x00, 0x00, 0x00, 0x10,
	0x10, 0x10, 0x10, 0x10, 0x20, 0x00, 0x00, 0x00, 0x10, 0x21, 0x21, 0x29, 0x25, 0x25, 0x29, 0x25,
	0x21, 0x21, 0x21, 0x25, 0x25, 0x25, 0x29, 0x25, 0x25, 0x25, 0x29, 0x25, 0x21, 0x21, 0x21, 0x25,
	0x25, 0x29, 0x25, 0x25, 0x25, 0x25, 0x25, 0x29, 0x10, 0x00, 0x00, 0x00, 0x00, 0x00, 0x00, 0x00,
	0x00, 0x00, 0x00, 0x00, 0x00, 0x00, 0x00, 0x00, 0x00, 0x00, 0x00, 0x00, 0x00, 0x00, 0x00, 0x00,
	0x10, 0x10, 0x10, 0x21, 0x25, 0x29, 0x29, 0x25, 0x21, 0x10, 0x10, 0x20, 0x21, 0x29, 0x25, 0x25,
	0x29, 0x25, 0x25, 0x29, 0x21, 0x21, 0x21, 0x21, 0x10, 0x10, 0x10, 0x10, 0x10, 0x25, 0x25, 0x29,
	0x29, 0x25, 0x29, 0x25, 0x29, 0x29, 0x29, 0x29, 0x25, 0x25, 0x29, 0x25, 0x25, 0x10, 0x10, 0x10,
	0x00, 0x00, 0x00, 0x00, 0x00, 0x00, 0x00, 0x00, 0x00, 0x00, 0x00, 0x00, 0x00, 0x00, 0x00, 0x00,
	0x00, 0x00, 0x00, 0x10, 0x21, 0x29, 0x21, 0x29, 0x25, 0x25, 0x25, 0x25, 0x25, 0x29, 0x25, 0x25,
	0x21, 0x21, 0x25, 0x29, 0x25, 0x25, 0x29, 0x21, 0x21, 0x25, 0x10, 0x10, 0x21, 0x25, 0x25, 0x29,
	0x29, 0x10, 0x10, 0x10, 0x10, 0x21, 0x21, 0x21, 0x21, 0x25, 0x29, 0x29, 0x25, 0x25, 0x25, 0x25,
	0x29, 0x25, 0x25, 0x25, 0x10, 0x10, 0x00, 0x00, 0x00, 0x00, 0x00, 0x00, 0x00, 0x00, 0x00, 0x00,
	0x00, 0x00, 0x00, 0x00, 0x00, 0x00, 0x10, 0x21, 0x29, 0x25, 0x29, 0x25, 0x29, 0x29, 0x25, 0x29,
	0x25, 0x25, 0x25, 0x25, 0x29, 0x25, 0x25, 0x25, 0x29, 0x29, 0x21, 0x21, 0x25, 0x29, 0x25, 0x25,
	0x25, 0x25, 0x25, 0x25, 0x25, 0x29, 0x29, 0x25, 0x25, 0x10, 0x10, 0x10, 0x21, 0x21, 0x21, 0x21,
	0x21, 0x25, 0x21, 0x29, 0x29, 0x29, 0x29, 0x29, 0x25, 0x25, 0x10, 0x00, 0x00, 0x00, 0x00, 0x00,
	0x00, 0x00, 0x00, 0x00, 0x00, 0x00, 0x00, 0x00, 0x00, 0x10, 0x21, 0x25, 0x25, 0x25, 0x25, 0x25,
	0x29, 0x29, 0x29, 0x25, 0x25, 0x25, 0x29, 0x25, 0x29, 0x25, 0x29, 0x25, 0x21, 0x21, 0x29, 0x25,
	0x25, 0x29, 0x25, 0x29, 0x29, 0x25, 0x29, 0x25, 0x29, 0x25, 0x25, 0x29, 0x25, 0x29, 0x29, 0x21,
	0x10, 0x21, 0x21, 0x21, 0x21, 0x25, 0x25, 0x21, 0x21, 0x25, 0x29, 0x25, 0x25, 0x29, 0x25, 0x10,
	0x00, 0x00, 0x00, 0x00, 0x00, 0x00, 0x00, 0x00, 0x00, 0x00, 0x00, 0x00, 0x00, 0x10, 0x25, 0x25,
	0x29, 0x29, 0x29, 0x25, 0x25, 0x25, 0x29, 0x25, 0x29, 0x29, 0x25, 0x25, 0x29, 0x21, 0x21, 0x25,
	0x29, 0x25, 0x25, 0x25, 0x25, 0x29, 0x25, 0x25, 0x25, 0x29, 0x29, 0x29, 0x29, 0x25, 0x25, 0x29,
	0x25, 0x29, 0x25, 0x25, 0x21, 0x10, 0x21, 0x25, 0x29, 0x25, 0x25, 0x29, 0x29, 0x25, 0x25, 0x29,
	0x25, 0x25, 0x25, 0x25, 0x10, 0x00, 0x00, 0x00, 0x00, 0x00, 0x00, 0x00, 0x00, 0x00, 0x00, 0x00,
	0x10, 0x21, 0x21, 0x25, 0x25, 0x25, 0x25, 0x29, 0x29, 0x25, 0x25, 0x25, 0x25, 0x25, 0x29, 0x25,
	0x25, 0x25, 0x25, 0x25, 0x25, 0x29, 0x29, 0x21, 0x21, 0x25, 0x29, 0x21, 0x21, 0x25, 0x25, 0x29,
	0x21, 0x25, 0x29, 0x25, 0x29, 0x29, 0x25, 0x29, 0x25, 0x21, 0x10, 0x25, 0x29, 0x25, 0x21, 0x21,
	0x25, 0x29, 0x21, 0x21, 0x29, 0x29, 0x25, 0x25, 0x29, 0x10, 0x00, 0x00, 0x00, 0x00, 0x00, 0x00,
	0x00, 0x00, 0x00, 0x00, 0x10, 0x25, 0x21, 0x25, 0x21, 0x25, 0x29, 0x21, 0x25, 0x21, 0x21, 0x21,
	0x25, 0x25, 0x29, 0x29, 0x25, 0x25, 0x29, 0x25, 0x25, 0x25, 0x25, 0x25, 0x25, 0x21, 0x21, 0x21,
	0x25, 0x25, 0x29, 0x29, 0x29, 0x29, 0x25, 0x21, 0x29, 0x25, 0x25, 0x25, 0x29, 0x25, 0x21, 0x10,
	0x21, 0x21, 0x29, 0x25, 0x25, 0x25, 0x25, 0x25, 0x21, 0x21, 0x29, 0x29, 0x25, 0x25, 0x10, 0x00,
	0x00, 0x00, 0x00, 0x00, 0x00, 0x00, 0x00, 0x00, 0x10, 0x25, 0x25, 0x21, 0x29, 0x25, 0x21, 0x21,
	0x21, 0x10, 0x10, 0x10, 0x21, 0x21, 0x25, 0x25, 0x25, 0x29, 0x25, 0x21, 0x29, 0x21, 0x21, 0x21,
	0x21, 0x21, 0x29, 0x25, 0x10, 0x10, 0x21, 0x25, 0x25, 0x25, 0x25, 0x21, 0x21, 0x25, 0x29, 0x29,
	0x25, 0x25, 0x21, 0x10, 0x10, 0x10, 0x10, 0x21, 0x21, 0x21, 0x21, 0x25, 0x25, 0x29, 0x21, 0x29,
	0x25, 0x25, 0x29, 0x10, 0x00, 0x00, 0x00, 0x00, 0x00, 0x00, 0x00, 0x00, 0x10, 0x25, 0x29, 0x21,
	0x25, 0x21, 0x21, 0x10, 0x21, 0x21, 0x21, 0x21, 0x10, 0x21, 0x21, 0x25, 0x29, 0x29, 0x29, 0x29,
	0x25, 0x29, 0x25, 0x29, 0x25, 0x21, 0x21, 0x21, 0x10, 0x10, 0x10, 0x21, 0x29, 0x25, 0x25, 0x21,
	0x21, 0x25, 0x25, 0x25, 0x25, 0x29, 0x21, 0x10, 0x21, 0x21, 0x21, 0x10, 0x10, 0x10, 0x21, 0x21,
	0x29, 0x29, 0x29, 0x21, 0x25, 0x25, 0x25, 0x29, 0x10, 0x00, 0x00, 0x00, 0x00, 0x00, 0x00, 0x10,
	0x21, 0x25, 0x29, 0x21, 0x29, 0x21, 0x10, 0x21, 0x21, 0x10, 0x10, 0x21, 0x21, 0x21, 0x21, 0x21,
	0x21, 0x21, 0x21, 0x21, 0x21, 0x21, 0x21, 0x21, 0x21, 0x21, 0x10, 0x10, 0x21, 0x10, 0x10, 0x10,
	0x25, 0x25, 0x29, 0x21, 0x10, 0x29, 0x29, 0x25, 0x25, 0x21, 0x21, 0x10, 0x10, 0x10, 0x21, 0x21,
	0x21, 0x21, 0x10, 0x21, 0x21, 0x21, 0x25, 0x29, 0x21, 0x25, 0x25, 0x29, 0x25, 0x10, 0x00, 0x00,
	0x00, 0x00, 0x00, 0x10, 0x25, 0x25, 0x21, 0x25, 0x25, 0x21, 0x21, 0x21, 0x10, 0x00, 0x20, 0x10,
	0x10, 0x10, 0x21, 0x25, 0x21, 0x10, 0x10, 0x21, 0x21, 0x21, 0x10, 0x10, 0x10, 0x10, 0x10, 0x21,
	0x21, 0x10, 0x10, 0x10, 0x21, 0x29, 0x21, 0x10, 0x21, 0x25, 0x29, 0x29, 0x21, 0x21, 0x21, 0x10,
	0x10, 0x10, 0x10, 0x10, 0x10, 0x10, 0x21, 0x21, 0x21, 0x21, 0x21, 0x29, 0x25, 0x21, 0x21, 0x25,
	0x25, 0x10, 0x00, 0x00, 0x00, 0x00, 0x00, 0x10, 0x29, 0x25, 0x21, 0x29, 0x21, 0x21, 0x21, 0x10,
	0x00, 0x00, 0x00, 0x00, 0x00, 0x20, 0x10, 0x10, 0x10, 0x21, 0x21, 0x25, 0x21, 0x21, 0x21, 0x21,
	0x21, 0x21, 0x21, 0x10, 0x10, 0x10, 0x10, 0x21, 0x10, 0x21, 0x21, 0x10, 0x25, 0x21, 0x21, 0x21,
	0x10, 0x21, 0x10, 0x10, 0x10, 0x10, 0x00, 0x00, 0x00, 0x00, 0x10, 0x10, 0x21, 0x10, 0x10, 0x21,
	0x21, 0x21, 0x21, 0x25, 0x25, 0x21, 0x10, 0x00, 0x00, 0x00, 0x00, 0x10, 0x21, 0x21, 0x21, 0x21,
	0x25, 0x21, 0x21, 0x10, 0x00, 0x00, 0x00, 0x00, 0x00, 0x00, 0x00, 0x00, 0x20, 0x10, 0x10, 0x10,
	0x10, 0x10, 0x10, 0x10, 0x10, 0x10, 0x10, 0x00, 0x00, 0x00, 0x10, 0x10, 0x21, 0x21, 0x10, 0x21,
	0x21, 0x21, 0x10, 0x10, 0x21, 0x10, 0x00, 0x00, 0x00, 0x00, 0x00, 0x00, 0x00, 0x00, 0x00, 0x00,
	0x10, 0x21, 0x10, 0x10, 0x10, 0x21, 0x21, 0x21, 0x21, 0x21, 0x10, 0x00, 0x00, 0x00, 0x00, 0x00,
	0x10, 0x10, 0x10, 0x10, 0x10, 0x10, 0x10, 0x00, 0x00, 0x00, 0x00, 0x00, 0x00, 0x00, 0x00, 0x00,
	0x00, 0x00, 0x00, 0x00, 0x00, 0x00, 0x00, 0x00, 0x00, 0x00, 0x00, 0x00, 0x00, 0x00, 0x00, 0x10,
	0x10, 0x10, 0x10, 0x10, 0x10, 0x10, 0x10, 0x10, 0x10, 0x00, 0x00, 0x00, 0x00, 0x00, 0x00, 0x00,
	0x00, 0x00, 0x00, 0x00, 0x00, 0x10, 0x10, 0x10, 0x10, 0x10, 0x10, 0x10, 0x10, 0x10, 0x00, 0x00,
};

const unsigned char bk_bub_treehide[] = {
	// Size: 640
	// W:40 H:16
	// Colours: 256
	// icon-length: 640
	//0x01, // colour mode, 1=256colours, 2=16 colours, 4=4 colours, 8=2 colours
	//0x00, 0x28, // WIDTH
	//0x00, 0x10, // HEIGHT
	//0x02, 0x80, // LENGTH
	0x00, 0x00, 0x00, 0x00, 0x00, 0x10, 0x21, 0x29, 0x21, 0x25, 0x29, 0x29, 0x21, 0x25, 0x25, 0x21,
	0x21, 0x61, 0x25, 0x29, 0x29, 0x21, 0x21, 0x21, 0x21, 0x25, 0x29, 0x21, 0x21, 0x21, 0x21, 0x25,
	0x10, 0x21, 0x10, 0x00, 0x00, 0x00, 0x00, 0x00, 0x00, 0x00, 0x00, 0x00, 0x00, 0x10, 0x29, 0x29,
	0x21, 0x21, 0x25, 0x21, 0x29, 0x29, 0x25, 0x29, 0x25, 0x25, 0x29, 0x29, 0x25, 0x29, 0x29, 0x21,
	0x21, 0x10, 0x20, 0x21, 0x21, 0x21, 0x29, 0x25, 0x25, 0x10, 0x11, 0x00, 0x00, 0x00, 0x00, 0x00,
	0x00, 0x00, 0x00, 0x00, 0x11, 0x21, 0x29, 0x21, 0x25, 0x21, 0x25, 0x21, 0x29, 0x21, 0x21, 0x11,
	0x11, 0x10, 0x21, 0x21, 0x25, 0x25, 0x25, 0x25, 0x21, 0x10, 0x10, 0x21, 0x21, 0x29, 0x29, 0x10,
	0x10, 0x10, 0x00, 0x00, 0x00, 0x00, 0x00, 0x00, 0x00, 0x00, 0x00, 0x00, 0x10, 0x21, 0x21, 0x21,
	0x25, 0x25, 0x29, 0x29, 0x25, 0x10, 0x10, 0x10, 0x10, 0x10, 0x10, 0x10, 0x21, 0x21, 0x10, 0x11,
	0x10, 0x25, 0x11, 0x10, 0x29, 0x10, 0x11, 0x10, 0x10, 0x10, 0x00, 0x00, 0x00, 0x00, 0x00, 0x00,
	0x00, 0x00, 0x00, 0x00, 0x10, 0x59, 0x21, 0x25, 0x29, 0x25, 0x29, 0x25, 0x29, 0x10, 0x21, 0x21,
	0x10, 0x21, 0x21, 0x10, 0x11, 0x10, 0x10, 0x10, 0x10, 0x10, 0x10, 0x10, 0x10, 0x10, 0x10, 0x21,
	0x21, 0x10, 0x00, 0x00, 0x00, 0x00, 0x00, 0x00, 0x00, 0x00, 0x00, 0x00, 0x00, 0x10, 0x21, 0x29,
	0x25, 0x25, 0x29, 0x25, 0x25, 0x21, 0x21, 0x21, 0x11, 0x21, 0x21, 0x21, 0x21, 0x21, 0x21, 0x10,
	0x10, 0x10, 0x10, 0x10, 0x10, 0x10, 0x59, 0x25, 0x21, 0x10, 0x10, 0x00, 0x00, 0x00, 0x00, 0x00,
	0x00, 0x00, 0x00, 0x00, 0x00, 0x10, 0x21, 0x21, 0x25, 0x25, 0x25, 0x25, 0x25, 0x25, 0x21, 0x21,
	0x10, 0x21, 0x21, 0x21, 0x25, 0x21, 0x25, 0x21, 0x21, 0x20, 0x10, 0x10, 0x21, 0x10, 0x21, 0x29,
	0x21, 0x10, 0x10, 0x00, 0x00, 0x00, 0x00, 0x00, 0x00, 0x00, 0x00, 0x00, 0x00, 0x10, 0x21, 0x21,
	0x25, 0x21, 0x25, 0x29, 0x29, 0x25, 0x25, 0x10, 0x10, 0x10, 0x21, 0x21, 0x21, 0x21, 0x21, 0x25,
	0x25, 0x21, 0x21, 0x10, 0x21, 0x10, 0x21, 0x21, 0x10, 0x10, 0x10, 0x00, 0x00, 0x00, 0x00, 0x00,
	0x00, 0x00, 0x00, 0x00, 0x10, 0x21, 0x29, 0x21, 0x25, 0x21, 0x29, 0x21, 0x11, 0x21, 0x25, 0x29,
	0x29, 0x21, 0x10, 0x10, 0x10, 0x21, 0x21, 0x21, 0x21, 0x21, 0x21, 0x10, 0x29, 0x10, 0x10, 0x10,
	0x10, 0x21, 0x10, 0x00, 0x00, 0x00, 0x00, 0x00, 0x00, 0x00, 0x00, 0x00, 0x10, 0x21, 0x25, 0x21,
	0x21, 0x25, 0x29, 0x10, 0x21, 0x61, 0x25, 0x11, 0x21, 0x25, 0x21, 0x21, 0x10, 0x10, 0x10, 0x10,
	0x10, 0x10, 0x10, 0x10, 0x21, 0x21, 0x10, 0x10, 0x21, 0x10, 0x10, 0x10, 0x00, 0x00, 0x00, 0x00,
	0x00, 0x00, 0x00, 0x00, 0x10, 0x21, 0x25, 0x25, 0x21, 0x29, 0x21, 0x10, 0x10, 0x10, 0x10, 0x21,
	0x11, 0x21, 0x25, 0x25, 0x21, 0x21, 0x10, 0x10, 0x10, 0x10, 0x10, 0x21, 0x25, 0x21, 0x29, 0x29,
	0x10, 0x21, 0x21, 0x10, 0x00, 0x00, 0x00, 0x00, 0x00, 0x00, 0x00, 0x00, 0x10, 0x21, 0x21, 0x29,
	0x21, 0x25, 0x10, 0x21, 0x25, 0x25, 0x25, 0x21, 0x10, 0x21, 0x21, 0x10, 0x11, 0x25, 0x25, 0x25,
	0x25, 0x29, 0x25, 0x25, 0x10, 0x11, 0x10, 0x10, 0x21, 0x21, 0x21, 0x10, 0x00, 0x00, 0x00, 0x00,
	0x00, 0x00, 0x00, 0x00, 0x11, 0x21, 0x21, 0x25, 0x21, 0x29, 0x10, 0x21, 0x29, 0x29, 0x25, 0x25,
	0x21, 0x10, 0x10, 0x21, 0x21, 0x10, 0x10, 0x10, 0x10, 0x10, 0x10, 0x10, 0x21, 0x21, 0x25, 0x25,
	0x29, 0x21, 0x21, 0x10, 0x00, 0x00, 0x00, 0x00, 0x00, 0x00, 0x00, 0x00, 0x00, 0x10, 0x21, 0x25,
	0x21, 0x29, 0x61, 0x21, 0x25, 0x25, 0x25, 0x25, 0x25, 0x29, 0x29, 0x25, 0x25, 0x25, 0x29, 0x29,
	0x29, 0x29, 0x25, 0x25, 0x25, 0x29, 0x29, 0x61, 0x21, 0x21, 0x10, 0x00, 0x00, 0x00, 0x00, 0x00,
	0x00, 0x00, 0x00, 0x00, 0x00, 0x10, 0x21, 0x25, 0x21, 0x29, 0x25, 0x25, 0x25, 0x25, 0x25, 0x29,
	0x25, 0x25, 0x25, 0x25, 0x29, 0x29, 0x21, 0x25, 0x61, 0x25, 0x25, 0x25, 0x21, 0x25, 0x25, 0x61,
	0x25, 0x10, 0x00, 0x00, 0x00, 0x00, 0x00, 0x00, 0x00, 0x00, 0x00, 0x00, 0x00, 0x10, 0x21, 0x25,
	0x21, 0x25, 0x25, 0x29, 0x25, 0x29, 0x25, 0x25, 0x25, 0x25, 0x29, 0x29, 0x25, 0x25, 0x21, 0x21,
	0x21, 0x21, 0x21, 0x21, 0x21, 0x25, 0x29, 0x29, 0x29, 0x10, 0x00, 0x00, 0x00, 0x00, 0x00, 0x00,
};

const unsigned char gfx_bub_treehead[] = {
	// Size: 7168
	// W:64 H:112
	// Colours: 256
	// icon-length: 7168
	//0x01, // colour mode, 1=256colours, 2=16 colours, 4=4 colours, 8=2 colours
	//0x00, 0x40, // WIDTH
	//0x00, 0x70, // HEIGHT
	//0x1C, 0x00, // LENGTH
	0x00, 0x00, 0x00, 0x00, 0x00, 0x00, 0x00, 0x00, 0x00, 0x00, 0x00, 0x00, 0x00, 0x00, 0x00, 0x10,
	0x10, 0x10, 0x10, 0x10, 0x10, 0x10, 0x10, 0x00, 0x00, 0x00, 0x00, 0x00, 0x10, 0x90, 0x10, 0x00,
	0x00, 0x10, 0x10, 0x00, 0x00, 0x00, 0x00, 0x10, 0x10, 0x10, 0x10, 0x10, 0x10, 0x10, 0x10, 0x10,
	0x10, 0x00, 0x00, 0x00, 0x00, 0x00, 0x00, 0x00, 0x00, 0x00, 0x00, 0x00, 0x00, 0x00, 0x00, 0x00,
	0x00, 0x00, 0x00, 0x00, 0x00, 0x00, 0x00, 0x00, 0x00, 0x00, 0x00, 0x00, 0x00, 0x10, 0x10, 0x90,
	0x9C, 0xDC, 0xDC, 0xDC, 0xDC, 0xD4, 0x58, 0x10, 0x10, 0x10, 0x10, 0x00, 0x00, 0x10, 0xE0, 0x10,
	0x10, 0xDC, 0x10, 0x00, 0x10, 0x10, 0x10, 0x58, 0xDC, 0xDC, 0xDC, 0xDC, 0x58, 0x90, 0x10, 0x00,
	0x00, 0x00, 0x00, 0x00, 0x00, 0x00, 0x00, 0x00, 0x00, 0x00, 0x00, 0x00, 0x00, 0x00, 0x00, 0x00,
	0x00, 0x00, 0x00, 0x00, 0x00, 0x00, 0x00, 0x00, 0x00, 0x00, 0x00, 0x00, 0x00, 0x00, 0x00, 0x10,
	0x10, 0x10, 0x90, 0xD4, 0xDC, 0xD8, 0xD8, 0xD4, 0x90, 0x10, 0x58, 0x10, 0x10, 0x10, 0x58, 0xE8,
	0x10, 0xD8, 0x90, 0x10, 0x10, 0x58, 0xD8, 0xE0, 0xDC, 0xD8, 0x58, 0x58, 0x90, 0x10, 0x00, 0x00,
	0x00, 0x00, 0x10, 0x10, 0x10, 0x10, 0x00, 0x00, 0x00, 0x00, 0x00, 0x00, 0x00, 0x00, 0x00, 0x00,
	0x00, 0x00, 0x00, 0x00, 0x00, 0x00, 0x00, 0x00, 0x00, 0x00, 0x00, 0x00, 0x00, 0x10, 0x10, 0x90,
	0x58, 0x90, 0x90, 0x90, 0x58, 0x58, 0xDC, 0xDC, 0xD8, 0xDC, 0xE8, 0xDC, 0x90, 0x10, 0x10, 0xE8,
	0xDC, 0x58, 0x10, 0x58, 0xE8, 0xD4, 0xE0, 0x9C, 0xD8, 0x58, 0x90, 0x90, 0x10, 0x10, 0x10, 0x10,
	0x10, 0x58, 0x9C, 0xD4, 0xE0, 0x90, 0x10, 0x10, 0x00, 0x00, 0x00, 0x00, 0x00, 0x00, 0x00, 0x00,
	0x00, 0x00, 0x00, 0x00, 0x00, 0x00, 0x00, 0x00, 0x00, 0x00, 0x00, 0x00, 0x10, 0x90, 0xD8, 0xE8,
	0xDC, 0xDC, 0xDC, 0xDC, 0x58, 0x58, 0xDC, 0xDC, 0xE8, 0xDC, 0xDC, 0x9C, 0xDC, 0xE0, 0x90, 0xDC,
	0xDC, 0x90, 0xD4, 0xDC, 0xE0, 0xE8, 0xD8, 0x90, 0x90, 0x90, 0x90, 0x10, 0x58, 0x90, 0xD4, 0xD4,
	0xD4, 0x9C, 0x90, 0x10, 0x10, 0x10, 0x00, 0x00, 0x00, 0x00, 0x00, 0x00, 0x00, 0x00, 0x00, 0x00,
	0x00, 0x00, 0x00, 0x00, 0x00, 0x00, 0x00, 0x00, 0x00, 0x00, 0x00, 0x00, 0x00, 0x10, 0xDC, 0xD8,
	0xD8, 0xD8, 0xE8, 0xD8, 0xE0, 0xE0, 0x58, 0xE0, 0xD8, 0xDC, 0xDC, 0xE0, 0xDC, 0x9C, 0xDC, 0xD8,
	0xD8, 0xDC, 0xE0, 0x9C, 0xD8, 0xDC, 0x90, 0x90, 0x90, 0x58, 0x58, 0x58, 0xE0, 0xE0, 0xDC, 0x90,
	0x58, 0x10, 0x10, 0x00, 0x00, 0x00, 0x00, 0x00, 0x00, 0x00, 0x00, 0x00, 0x00, 0x00, 0x00, 0x00,
	0x00, 0x00, 0x00, 0x00, 0x00, 0x00, 0x00, 0x00, 0x00, 0x00, 0x10, 0x10, 0x10, 0x10, 0x90, 0x90,
	0xDC, 0xDC, 0xDC, 0xDC, 0xD4, 0xD4, 0xDC, 0xD8, 0xDC, 0xE0, 0xD8, 0x9C, 0xD4, 0xE0, 0xDC, 0x9C,
	0xDC, 0xD8, 0xE8, 0xDC, 0x9C, 0xDC, 0xDC, 0x9C, 0xDC, 0xDC, 0x90, 0xD8, 0x9C, 0x9C, 0x90, 0x90,
	0x10, 0x10, 0x10, 0x00, 0x00, 0x00, 0x00, 0x00, 0x00, 0x00, 0x00, 0x00, 0x00, 0x00, 0x00, 0x00,
	0x00, 0x00, 0x00, 0x00, 0x00, 0x00, 0x00, 0x00, 0x10, 0x58, 0x90, 0xE8, 0x58, 0x10, 0x10, 0x90,
	0x90, 0xDC, 0xDC, 0xD4, 0xE0, 0x9C, 0xE8, 0xDC, 0xDC, 0xE0, 0xD4, 0xE8, 0xE8, 0xDC, 0xD4, 0xDC,
	0xD8, 0x9C, 0xD4, 0xDC, 0xDC, 0xDC, 0xD4, 0xE8, 0xDC, 0xD4, 0xDC, 0xDC, 0xDC, 0x90, 0xDC, 0xDC,
	0x9C, 0xDC, 0x90, 0x10, 0x10, 0x10, 0x00, 0x00, 0x00, 0x00, 0x00, 0x00, 0x00, 0x00, 0x00, 0x00,
	0x00, 0x00, 0x00, 0x00, 0x00, 0x00, 0x00, 0x10, 0xD4, 0xDC, 0xDC, 0x9C, 0xDC, 0xDC, 0xD8, 0xDC,
	0xDC, 0xDC, 0xDC, 0xDC, 0xDC, 0xDC, 0xDC, 0xDC, 0xDC, 0xDC, 0xDC, 0xDC, 0xDC, 0xDC, 0xDC, 0xDC,
	0xDC, 0xD8, 0xDC, 0xDC, 0xD8, 0xDC, 0xDC, 0xDC, 0xD8, 0xDC, 0xE0, 0x9C, 0xDC, 0xDC, 0xDC, 0xDC,
	0xDC, 0xDC, 0xE8, 0xD8, 0xDC, 0x58, 0x10, 0x10, 0x00, 0x00, 0x00, 0x00, 0x00, 0x00, 0x00, 0x00,
	0x00, 0x00, 0x00, 0x00, 0x00, 0x00, 0x00, 0x00, 0x10, 0x58, 0xD4, 0xE0, 0xDC, 0xD8, 0xE0, 0xD8,
	0xDC, 0xDC, 0xDC, 0xDC, 0xDC, 0xDC, 0xDC, 0xDC, 0xDC, 0xDC, 0xDC, 0xDC, 0xDC, 0xDC, 0xDC, 0xDC,
	0xDC, 0xDC, 0xD8, 0xDC, 0xDC, 0xDC, 0xDC, 0xDC, 0xDC, 0x9C, 0xDC, 0xDC, 0xDC, 0xDC, 0xD8, 0xDC,
	0xDC, 0xD4, 0xD4, 0xE0, 0xDC, 0xDC, 0xE0, 0x90, 0x10, 0x10, 0x00, 0x00, 0x00, 0x00, 0x00, 0x00,
	0x00, 0x00, 0x00, 0x00, 0x00, 0x00, 0x00, 0x00, 0x10, 0x10, 0x58, 0x9C, 0xDC, 0xE0, 0x9C, 0xE8,
	0xDC, 0xDC, 0xDC, 0xDC, 0xDC, 0xDC, 0xDC, 0xDC, 0xDC, 0xDC, 0xDC, 0xDC, 0xDC, 0xDC, 0xDC, 0xDC,
	0xDC, 0xDC, 0xDC, 0xDC, 0xDC, 0xDC, 0xD8, 0xDC, 0xDC, 0xDC, 0xD8, 0xD8, 0xE0, 0xD8, 0x90, 0x90,
	0x90, 0x90, 0x90, 0x58, 0x90, 0x90, 0xD4, 0x90, 0x90, 0x90, 0x10, 0x00, 0x00, 0x00, 0x00, 0x00,
	0x00, 0x00, 0x00, 0x00, 0x00, 0x00, 0x10, 0x10, 0xDC, 0xE0, 0xDC, 0xE0, 0xDC, 0x9C, 0xDC, 0xD8,
	0xDC, 0xDC, 0xDC, 0xDC, 0xDC, 0xDC, 0xDC, 0xDC, 0xDC, 0xDC, 0xDC, 0xDC, 0xDC, 0xDC, 0xDC, 0xDC,
	0xD8, 0xDC, 0xDC, 0xD8, 0xDC, 0xDC, 0xDC, 0xDC, 0x90, 0x90, 0x90, 0x90, 0x58, 0x90, 0x90, 0x90,
	0x58, 0x90, 0x90, 0x90, 0x10, 0x10, 0x10, 0x58, 0x90, 0x90, 0x10, 0x00, 0x00, 0x00, 0x00, 0x00,
	0x00, 0x00, 0x00, 0x00, 0x00, 0x10, 0xE0, 0xD4, 0xD4, 0xD4, 0xD4, 0xD4, 0xDC, 0xDC, 0xE0, 0xD4,
	0xDC, 0xDC, 0xDC, 0xDC, 0xDC, 0xDC, 0xDC, 0xDC, 0xDC, 0xDC, 0xDC, 0xDC, 0xDC, 0xDC, 0xDC, 0xDC,
	0xD8, 0xDC, 0xDC, 0xDC, 0xDC, 0xDC, 0xDC, 0xDC, 0xDC, 0xDC, 0x90, 0x58, 0x90, 0x90, 0x58, 0x90,
	0x90, 0x58, 0x58, 0x10, 0x10, 0x00, 0x00, 0x00, 0x10, 0x58, 0x90, 0x10, 0x00, 0x00, 0x00, 0x00,
	0x00, 0x00, 0x00, 0x00, 0x10, 0xE8, 0x90, 0x10, 0x90, 0xDC, 0xDC, 0xDC, 0xDC, 0xDC, 0x9C, 0x9C,
	0xDC, 0xDC, 0xDC, 0xDC, 0xDC, 0xDC, 0xDC, 0xDC, 0xDC, 0xDC, 0xDC, 0xDC, 0xDC, 0xDC, 0xDC, 0xDC,
	0xDC, 0xD8, 0xDC, 0xDC, 0xDC, 0xDC, 0xDC, 0xDC, 0xD8, 0xD8, 0xDC, 0xDC, 0x90, 0x58, 0x90, 0x90,
	0x10, 0x10, 0x10, 0x10, 0x10, 0x10, 0x10, 0x00, 0x00, 0x10, 0x10, 0x10, 0x00, 0x00, 0x00, 0x00,
	0x00, 0x00, 0x00, 0x00, 0x00, 0x10, 0x10, 0x10, 0x00, 0x10, 0x58, 0xD4, 0xD4, 0xE0, 0xDC, 0xDC,
	0xDC, 0xDC, 0xDC, 0xDC, 0xDC, 0xDC, 0xDC, 0xDC, 0xDC, 0xDC, 0xDC, 0xDC, 0xDC, 0xDC, 0xDC, 0xDC,
	0xDC, 0x90, 0x9C, 0xDC, 0xDC, 0xD8, 0xDC, 0xDC, 0xDC, 0xDC, 0xDC, 0xDC, 0x9C, 0x90, 0x90, 0x90,
	0x90, 0x58, 0x90, 0x90, 0x90, 0x58, 0x58, 0x10, 0x10, 0x00, 0x00, 0x10, 0x00, 0x00, 0x00, 0x00,
	0x00, 0x00, 0x00, 0x00, 0x00, 0x10, 0x10, 0x10, 0x10, 0x90, 0x90, 0x90, 0xDC, 0x9C, 0xDC, 0xDC,
	0xDC, 0xDC, 0xDC, 0xDC, 0xDC, 0xDC, 0xDC, 0xDC, 0xDC, 0xDC, 0xDC, 0xDC, 0xDC, 0xDC, 0xDC, 0xDC,
	0xD8, 0x90, 0x90, 0xDC, 0xDC, 0xD8, 0xDC, 0xDC, 0xDC, 0xD8, 0xDC, 0xDC, 0xDC, 0x9C, 0xD8, 0x90,
	0x58, 0x90, 0x90, 0x90, 0x90, 0x58, 0x58, 0x90, 0x58, 0x10, 0x10, 0x00, 0x00, 0x00, 0x00, 0x00,
	0x00, 0x00, 0x00, 0x10, 0x10, 0x90, 0xD8, 0xDC, 0xDC, 0xDC, 0xDC, 0xD8, 0xD8, 0xD8, 0xDC, 0xDC,
	0xDC, 0xDC, 0xDC, 0xDC, 0xDC, 0xDC, 0xDC, 0xDC, 0xDC, 0xDC, 0xDC, 0xDC, 0xDC, 0xDC, 0xDC, 0xDC,
	0xDC, 0xDC, 0x90, 0xD8, 0xDC, 0xD8, 0xDC, 0xDC, 0xDC, 0xDC, 0xDC, 0xDC, 0xD8, 0xDC, 0xDC, 0x90,
	0x90, 0x90, 0x90, 0x90, 0x90, 0x90, 0x90, 0x90, 0x90, 0x58, 0x58, 0x10, 0x10, 0x00, 0x00, 0x00,
	0x00, 0x00, 0x10, 0xDC, 0xDC, 0xE8, 0xD8, 0xE8, 0x9C, 0xDC, 0xDC, 0xDC, 0xDC, 0xDC, 0xDC, 0xD8,
	0xDC, 0xDC, 0xDC, 0xDC, 0xDC, 0xDC, 0xDC, 0xDC, 0xDC, 0xDC, 0xDC, 0xDC, 0xDC, 0xDC, 0xDC, 0xDC,
	0xDC, 0xDC, 0x90, 0x90, 0x9C, 0xDC, 0xE0, 0xD8, 0xD8, 0xDC, 0xDC, 0xDC, 0xE0, 0xDC, 0xD8, 0xD8,
	0x90, 0x58, 0x90, 0x90, 0x90, 0x90, 0x90, 0x90, 0x90, 0x90, 0x90, 0x58, 0x90, 0x10, 0x00, 0x00,
	0x00, 0x10, 0x9C, 0xD4, 0x9C, 0xD8, 0x90, 0x90, 0x90, 0x9C, 0xD8, 0xD8, 0xD8, 0xDC, 0xDC, 0xD8,
	0xDC, 0xDC, 0xDC, 0xDC, 0xDC, 0xDC, 0xDC, 0xDC, 0xDC, 0xDC, 0xDC, 0xDC, 0xDC, 0xDC, 0xDC, 0xDC,
	0x9C, 0xDC, 0xD8, 0x9C, 0x90, 0x9C, 0xDC, 0xDC, 0xDC, 0xDC, 0x9C, 0xDC, 0x90, 0xD8, 0xDC, 0xDC,
	0x58, 0x90, 0x90, 0x58, 0x90, 0x90, 0x90, 0x90, 0x90, 0x90, 0x90, 0x90, 0x58, 0x10, 0x00, 0x00,
	0x10, 0x10, 0x10, 0x10, 0x10, 0x10, 0x10, 0x90, 0x9C, 0xDC, 0xDC, 0xDC, 0xD8, 0xDC, 0xDC, 0xD8,
	0xDC, 0xDC, 0xDC, 0xDC, 0xDC, 0xDC, 0xDC, 0xDC, 0xDC, 0xDC, 0xDC, 0xDC, 0xDC, 0xDC, 0xDC, 0xDC,
	0xDC, 0xDC, 0xDC, 0xE0, 0x9C, 0xDC, 0xDC, 0xDC, 0xDC, 0xDC, 0xDC, 0xDC, 0xDC, 0x90, 0x90, 0x9C,
	0x90, 0x90, 0x90, 0x90, 0x90, 0x58, 0x90, 0x90, 0x90, 0x90, 0x90, 0x90, 0x58, 0x10, 0x00, 0x00,
	0x10, 0x00, 0x00, 0x00, 0x10, 0x58, 0xDC, 0xD8, 0xDC, 0xDC, 0xDC, 0xDC, 0xDC, 0xDC, 0xD8, 0xDC,
	0xDC, 0xDC, 0xDC, 0xDC, 0xDC, 0xDC, 0xDC, 0xDC, 0xDC, 0xDC, 0xDC, 0xDC, 0xDC, 0xDC, 0xDC, 0xDC,
	0xDC, 0x9C, 0xD8, 0xDC, 0xD8, 0xDC, 0xDC, 0xDC, 0xDC, 0xDC, 0xDC, 0xDC, 0xD8, 0x90, 0x90, 0x90,
	0x90, 0x90, 0x90, 0x90, 0xD8, 0x90, 0x90, 0x90, 0x90, 0x90, 0x90, 0x90, 0x90, 0x10, 0x00, 0x00,
	0x00, 0x00, 0x00, 0x10, 0x90, 0xDC, 0xDC, 0xD4, 0xDC, 0x9C, 0x9C, 0xDC, 0xDC, 0xDC, 0xD8, 0xDC,
	0xDC, 0xDC, 0xDC, 0xDC, 0xDC, 0xDC, 0xDC, 0xDC, 0xDC, 0xDC, 0xDC, 0xDC, 0xDC, 0xDC, 0xDC, 0xDC,
	0xD8, 0xD8, 0xDC, 0xDC, 0x9C, 0xDC, 0xDC, 0xDC, 0xD8, 0xE0, 0xD8, 0xD8, 0x90, 0x90, 0x90, 0x90,
	0x90, 0x58, 0x90, 0x90, 0x90, 0xDC, 0x9C, 0x90, 0x90, 0x90, 0x90, 0x90, 0x90, 0x90, 0x10, 0x00,
	0x00, 0x00, 0x10, 0x90, 0xE8, 0xDC, 0xD8, 0xD8, 0xDC, 0xDC, 0xDC, 0xDC, 0xDC, 0xDC, 0xD8, 0xD8,
	0xDC, 0xDC, 0xDC, 0xDC, 0xDC, 0xDC, 0xDC, 0xDC, 0xDC, 0xDC, 0xDC, 0xDC, 0xDC, 0xDC, 0xDC, 0xDC,
	0xD8, 0xDC, 0xDC, 0xDC, 0xDC, 0xDC, 0xDC, 0xD8, 0xD8, 0xDC, 0xDC, 0xD8, 0xE0, 0x90, 0x58, 0x90,
	0x90, 0xE0, 0x90, 0x90, 0x58, 0x90, 0xE0, 0x90, 0x90, 0x90, 0x58, 0x58, 0x90, 0x90, 0x10, 0x00,
	0x00, 0x00, 0x10, 0xD8, 0xD4, 0xDC, 0xD8, 0xE8, 0xD8, 0xDC, 0xDC, 0xD8, 0xD8, 0xDC, 0xDC, 0xDC,
	0xDC, 0xDC, 0xDC, 0xDC, 0xDC, 0xDC, 0xDC, 0xDC, 0xDC, 0xDC, 0xDC, 0xDC, 0xDC, 0xDC, 0xDC, 0xDC,
	0xDC, 0xDC, 0xD8, 0xDC, 0xDC, 0xD8, 0xDC, 0xDC, 0xDC, 0xD8, 0xDC, 0xD8, 0xDC, 0x90, 0x90, 0x90,
	0x90, 0x90, 0xDC, 0x90, 0x90, 0x90, 0xDC, 0xD8, 0x90, 0x90, 0x90, 0x90, 0x90, 0x58, 0x10, 0x00,
	0x00, 0x10, 0x9C, 0xD4, 0xD4, 0x9C, 0xDC, 0xDC, 0xDC, 0xDC, 0xDC, 0xDC, 0xDC, 0xDC, 0xDC, 0xDC,
	0xDC, 0xDC, 0xDC, 0xDC, 0xDC, 0xDC, 0xDC, 0xDC, 0xDC, 0xDC, 0xDC, 0xDC, 0xDC, 0xDC, 0xDC, 0xDC,
	0xDC, 0xDC, 0xDC, 0xDC, 0xDC, 0xDC, 0xDC, 0xDC, 0xD8, 0xDC, 0xE0, 0xD8, 0xD8, 0x90, 0x90, 0x90,
	0x90, 0x90, 0x90, 0x90, 0x90, 0x90, 0x90, 0x90, 0x90, 0x90, 0x90, 0x58, 0x90, 0x90, 0x90, 0x10,
	0x10, 0xDC, 0xE8, 0x9C, 0x9C, 0xDC, 0xDC, 0xD8, 0xD8, 0xDC, 0xDC, 0xDC, 0xDC, 0xDC, 0xD8, 0xDC,
	0xDC, 0xDC, 0xDC, 0xDC, 0xDC, 0xDC, 0xDC, 0xDC, 0xDC, 0xDC, 0xDC, 0xDC, 0xDC, 0xDC, 0xDC, 0xDC,
	0xDC, 0xDC, 0xDC, 0xDC, 0xDC, 0xDC, 0xDC, 0xDC, 0xDC, 0xD8, 0xDC, 0xD8, 0xDC, 0x9C, 0x90, 0x90,
	0x90, 0x90, 0x90, 0x90, 0x90, 0x90, 0x90, 0x90, 0x90, 0x90, 0x90, 0x90, 0x90, 0x90, 0x90, 0x10,
	0x10, 0xDC, 0xD4, 0xDC, 0xDC, 0xD4, 0x9C, 0x9C, 0xDC, 0xDC, 0xDC, 0xDC, 0xDC, 0xDC, 0xDC, 0xDC,
	0xDC, 0xDC, 0xDC, 0xDC, 0xDC, 0xDC, 0xDC, 0xDC, 0xDC, 0xDC, 0xDC, 0xDC, 0xDC, 0xDC, 0xDC, 0xDC,
	0xDC, 0xDC, 0xDC, 0xDC, 0xDC, 0xDC, 0xDC, 0xDC, 0xDC, 0xDC, 0xDC, 0xDC, 0xDC, 0xD8, 0x90, 0x90,
	0x90, 0x90, 0x90, 0x90, 0x90, 0x90, 0x90, 0x90, 0x58, 0x90, 0x90, 0x58, 0x90, 0x58, 0x90, 0x10,
	0x10, 0xD4, 0xE8, 0x10, 0xD8, 0xDC, 0xDC, 0xDC, 0xDC, 0xD8, 0xD8, 0xDC, 0xDC, 0xDC, 0xDC, 0xDC,
	0xDC, 0xDC, 0xDC, 0xDC, 0xDC, 0xDC, 0xDC, 0xDC, 0xDC, 0xDC, 0xDC, 0xDC, 0xDC, 0xDC, 0xDC, 0xDC,
	0xDC, 0xDC, 0xDC, 0xDC, 0xDC, 0xDC, 0xDC, 0xDC, 0xDC, 0xDC, 0xDC, 0xDC, 0xD8, 0xD8, 0x90, 0x90,
	0x90, 0x90, 0x90, 0x90, 0x90, 0x90, 0x90, 0x90, 0x90, 0x90, 0x90, 0x90, 0x90, 0x58, 0x90, 0x10,
	0x10, 0x10, 0x10, 0x10, 0x10, 0x90, 0x9C, 0xDC, 0xDC, 0xDC, 0xDC, 0xDC, 0xDC, 0xDC, 0xDC, 0xDC,
	0xDC, 0xDC, 0xDC, 0xDC, 0xDC, 0xDC, 0xDC, 0xDC, 0xDC, 0xDC, 0xDC, 0xDC, 0xDC, 0xDC, 0xDC, 0xDC,
	0xDC, 0xDC, 0xDC, 0xDC, 0xDC, 0xDC, 0xDC, 0xDC, 0xDC, 0xDC, 0xD8, 0xDC, 0xDC, 0xDC, 0x90, 0x90,
	0x90, 0x90, 0x90, 0x90, 0x90, 0x90, 0x90, 0x90, 0x58, 0x90, 0x90, 0x58, 0x90, 0x90, 0x90, 0x10,
	0x00, 0x00, 0x10, 0xDC, 0x9C, 0xE0, 0xDC, 0xD8, 0xD8, 0xDC, 0xDC, 0xDC, 0xDC, 0xD8, 0xD8, 0xDC,
	0xDC, 0xDC, 0xDC, 0xDC, 0xDC, 0xDC, 0xDC, 0xDC, 0xDC, 0xDC, 0xDC, 0xDC, 0xDC, 0xDC, 0xDC, 0xDC,
	0xDC, 0xDC, 0xDC, 0xDC, 0xDC, 0xDC, 0xDC, 0xDC, 0xDC, 0xDC, 0xDC, 0xDC, 0xDC, 0x9C, 0x90, 0x90,
	0x90, 0x90, 0x90, 0x90, 0x90, 0x90, 0x90, 0x90, 0x58, 0x90, 0x90, 0x58, 0x90, 0x90, 0x90, 0x10,
	0x00, 0x10, 0xDC, 0xD8, 0xDC, 0x9C, 0xDC, 0xE0, 0xDC, 0xDC, 0x9C, 0x9C, 0xDC, 0xDC, 0xD8, 0xDC,
	0xDC, 0xDC, 0xDC, 0xDC, 0xDC, 0xDC, 0xDC, 0xDC, 0xDC, 0xDC, 0xDC, 0xDC, 0xDC, 0xDC, 0xDC, 0xDC,
	0xDC, 0xDC, 0xDC, 0xDC, 0xDC, 0xDC, 0xDC, 0xDC, 0xD8, 0xDC, 0xDC, 0xDC, 0xD8, 0x90, 0x90, 0x90,
	0x90, 0x58, 0x90, 0x90, 0x90, 0x58, 0x90, 0x90, 0x90, 0x90, 0x90, 0x90, 0x90, 0x90, 0x58, 0x10,
	0x00, 0x00, 0x10, 0x10, 0x10, 0xD8, 0x90, 0x58, 0xDC, 0xD8, 0x90, 0x90, 0xD8, 0xDC, 0xD8, 0xDC,
	0xDC, 0xDC, 0xDC, 0xDC, 0xDC, 0xDC, 0xDC, 0xDC, 0xDC, 0xDC, 0xDC, 0xDC, 0xDC, 0xDC, 0xDC, 0xDC,
	0xDC, 0xDC, 0xDC, 0xDC, 0xDC, 0xDC, 0xDC, 0xDC, 0xDC, 0xDC, 0xD8, 0xDC, 0xDC, 0x90, 0x90, 0x90,
	0x90, 0x90, 0x90, 0x9C, 0x90, 0x90, 0xD8, 0xDC, 0x90, 0x90, 0x58, 0x10, 0x90, 0x90, 0x10, 0x00,
	0x00, 0x00, 0x10, 0x58, 0x10, 0x90, 0x10, 0x90, 0xD8, 0x90, 0x58, 0x90, 0x9C, 0xE8, 0x90, 0x90,
	0x90, 0xD8, 0x90, 0xE8, 0xDC, 0xDC, 0xDC, 0x9C, 0xDC, 0xDC, 0x90, 0xD4, 0xD8, 0xE8, 0xDC, 0xDC,
	0xDC, 0xDC, 0xD8, 0xDC, 0xDC, 0x90, 0xDC, 0xD8, 0xE8, 0xD8, 0x90, 0xD8, 0xD8, 0x58, 0x10, 0x90,
	0x90, 0x90, 0x90, 0x90, 0x90, 0x90, 0x90, 0xDC, 0x58, 0x10, 0x90, 0x10, 0x90, 0x10, 0x00, 0x00,
	0x00, 0x00, 0x00, 0x10, 0x10, 0x90, 0x10, 0x58, 0xDC, 0x10, 0x10, 0x90, 0xD8, 0x90, 0x58, 0x90,
	0x10, 0x90, 0x90, 0x90, 0x90, 0x90, 0x9C, 0xE0, 0xDC, 0xD8, 0x90, 0xD8, 0xE0, 0xDC, 0xD8, 0xDC,
	0xDC, 0xDC, 0xD8, 0xDC, 0x90, 0x90, 0xDC, 0xE0, 0x58, 0xD4, 0x90, 0x90, 0x90, 0x58, 0x10, 0x10,
	0x90, 0x90, 0x58, 0x90, 0x90, 0x10, 0x10, 0xDC, 0x90, 0x10, 0x58, 0x10, 0x90, 0x10, 0x00, 0x00,
	0x00, 0x00, 0x00, 0x00, 0x10, 0x10, 0x90, 0x10, 0xDC, 0x10, 0x00, 0x10, 0xDC, 0x90, 0x10, 0x10,
	0x10, 0x10, 0x90, 0x90, 0x90, 0x90, 0x9C, 0x90, 0xD4, 0x90, 0x90, 0x90, 0x9C, 0x90, 0xE0, 0xDC,
	0x9C, 0xDC, 0x90, 0x90, 0x90, 0x10, 0x9C, 0x90, 0x90, 0x90, 0x10, 0x58, 0x58, 0x90, 0x10, 0x10,
	0x10, 0x10, 0x90, 0x90, 0x10, 0x00, 0x10, 0x90, 0x10, 0x90, 0x10, 0x10, 0x10, 0x00, 0x00, 0x00,
	0x00, 0x00, 0x00, 0x00, 0x00, 0x10, 0x90, 0x10, 0x58, 0x10, 0x00, 0x10, 0x90, 0x10, 0x10, 0x10,
	0x21, 0x10, 0x10, 0x90, 0x90, 0x58, 0x10, 0x10, 0xD4, 0x90, 0x58, 0x90, 0x90, 0x90, 0xDC, 0xD8,
	0x90, 0x58, 0x58, 0x58, 0x58, 0x10, 0x58, 0x58, 0x90, 0x10, 0x10, 0x10, 0x10, 0x10, 0x10, 0x10,
	0x10, 0x10, 0x90, 0x10, 0x10, 0x00, 0x10, 0x90, 0x10, 0x90, 0x10, 0x00, 0x00, 0x00, 0x00, 0x00,
	0x00, 0x00, 0x00, 0x00, 0x00, 0x00, 0x10, 0x10, 0x90, 0x10, 0x00, 0x00, 0x10, 0x10, 0x00, 0x10,
	0x21, 0x21, 0x10, 0x90, 0x90, 0x10, 0x90, 0x10, 0x90, 0x90, 0x10, 0x10, 0x90, 0x90, 0x90, 0x90,
	0x58, 0x10, 0x10, 0x10, 0x10, 0x10, 0x10, 0x10, 0x10, 0x21, 0x10, 0x10, 0x10, 0x10, 0x21, 0x10,
	0x10, 0x00, 0x10, 0x00, 0x00, 0x00, 0x00, 0x10, 0x10, 0x10, 0x00, 0x00, 0x00, 0x00, 0x00, 0x00,
	0x00, 0x00, 0x00, 0x00, 0x00, 0x00, 0x10, 0x00, 0x10, 0x10, 0x00, 0x00, 0x00, 0x10, 0x00, 0x00,
	0x10, 0x21, 0x21, 0x10, 0x10, 0x10, 0x90, 0x10, 0x58, 0x90, 0x10, 0x10, 0x10, 0x10, 0x10, 0x90,
	0x90, 0x90, 0x10, 0x10, 0x10, 0x10, 0x10, 0x10, 0x10, 0x21, 0x21, 0x21, 0x21, 0x25, 0x10, 0x10,
	0x00, 0x00, 0x00, 0x00, 0x00, 0x00, 0x00, 0x10, 0x00, 0x10, 0x00, 0x00, 0x00, 0x00, 0x00, 0x00,
	0x00, 0x00, 0x00, 0x00, 0x00, 0x00, 0x00, 0x00, 0x10, 0x10, 0x00, 0x00, 0x00, 0x00, 0x00, 0x00,
	0x10, 0x10, 0x21, 0x21, 0x21, 0x21, 0x10, 0x21, 0x10, 0x58, 0x10, 0x10, 0x21, 0x21, 0x10, 0x10,
	0x58, 0x58, 0x10, 0x10, 0x10, 0x21, 0x21, 0x25, 0x21, 0x21, 0x25, 0x25, 0x21, 0x21, 0x10, 0x10,
	0x00, 0x00, 0x00, 0x00, 0x00, 0x00, 0x00, 0x00, 0x00, 0x00, 0x00, 0x00, 0x00, 0x00, 0x00, 0x00,
	0x00, 0x00, 0x00, 0x00, 0x00, 0x00, 0x00, 0x00, 0x00, 0x00, 0x00, 0x00, 0x00, 0x00, 0x00, 0x00,
	0x00, 0x10, 0x21, 0x25, 0x21, 0x21, 0x21, 0x21, 0x21, 0x10, 0x10, 0x21, 0x25, 0x29, 0x21, 0x10,
	0x10, 0x10, 0x21, 0x21, 0x21, 0x21, 0x25, 0x25, 0x21, 0x25, 0x29, 0x21, 0x21, 0x21, 0x10, 0x00,
	0x00, 0x00, 0x00, 0x00, 0x00, 0x00, 0x00, 0x00, 0x00, 0x00, 0x00, 0x00, 0x00, 0x00, 0x00, 0x00,
	0x00, 0x00, 0x00, 0x00, 0x00, 0x00, 0x00, 0x00, 0x00, 0x00, 0x00, 0x00, 0x00, 0x00, 0x00, 0x00,
	0x10, 0x21, 0x21, 0x21, 0x29, 0x21, 0x25, 0x29, 0x25, 0x25, 0x25, 0x25, 0x25, 0x25, 0x25, 0x25,
	0x25, 0x25, 0x25, 0x25, 0x25, 0x21, 0x25, 0x25, 0x21, 0x21, 0x21, 0x21, 0x10, 0x25, 0x21, 0x10,
	0x00, 0x00, 0x00, 0x00, 0x00, 0x00, 0x00, 0x00, 0x00, 0x00, 0x00, 0x00, 0x00, 0x00, 0x00, 0x00,
	0x00, 0x00, 0x00, 0x00, 0x00, 0x00, 0x00, 0x00, 0x00, 0x00, 0x00, 0x00, 0x00, 0x00, 0x00, 0x00,
	0x00, 0x10, 0x21, 0x21, 0x25, 0x21, 0x25, 0x25, 0x25, 0x25, 0x25, 0x25, 0x25, 0x25, 0x25, 0x25,
	0x25, 0x25, 0x25, 0x25, 0x25, 0x21, 0x25, 0x21, 0x21, 0x21, 0x21, 0x10, 0x10, 0x29, 0x21, 0x10,
	0x00, 0x00, 0x00, 0x00, 0x00, 0x00, 0x00, 0x00, 0x00, 0x00, 0x00, 0x00, 0x00, 0x00, 0x00, 0x00,
	0x00, 0x00, 0x00, 0x00, 0x00, 0x00, 0x00, 0x00, 0x00, 0x00, 0x00, 0x00, 0x00, 0x00, 0x00, 0x00,
	0x00, 0x10, 0x25, 0x21, 0x25, 0x21, 0x25, 0x25, 0x25, 0x25, 0x25, 0x25, 0x25, 0x25, 0x25, 0x25,
	0x25, 0x25, 0x25, 0x25, 0x25, 0x21, 0x25, 0x21, 0x21, 0x21, 0x21, 0x10, 0x29, 0x21, 0x10, 0x00,
	0x00, 0x00, 0x00, 0x00, 0x00, 0x00, 0x00, 0x00, 0x00, 0x00, 0x00, 0x00, 0x00, 0x00, 0x00, 0x00,
	0x00, 0x00, 0x00, 0x00, 0x00, 0x00, 0x00, 0x00, 0x00, 0x00, 0x00, 0x00, 0x00, 0x00, 0x00, 0x00,
	0x10, 0x21, 0x29, 0x21, 0x25, 0x21, 0x25, 0x25, 0x25, 0x25, 0x25, 0x25, 0x25, 0x25, 0x25, 0x25,
	0x25, 0x25, 0x25, 0x25, 0x25, 0x21, 0x25, 0x21, 0x25, 0x21, 0x21, 0x10, 0x25, 0x21, 0x10, 0x00,
	0x00, 0x00, 0x00, 0x00, 0x00, 0x00, 0x00, 0x00, 0x00, 0x00, 0x00, 0x00, 0x00, 0x00, 0x00, 0x00,
	0x00, 0x00, 0x00, 0x00, 0x00, 0x00, 0x00, 0x00, 0x00, 0x00, 0x00, 0x00, 0x00, 0x00, 0x00, 0x00,
	0x10, 0x21, 0x25, 0x25, 0x25, 0x21, 0x25, 0x25, 0x25, 0x25, 0x25, 0x25, 0x25, 0x25, 0x25, 0x25,
	0x25, 0x25, 0x25, 0x25, 0x25, 0x21, 0x25, 0x21, 0x29, 0x25, 0x21, 0x21, 0x21, 0x21, 0x10, 0x00,
	0x00, 0x00, 0x00, 0x00, 0x00, 0x00, 0x00, 0x00, 0x00, 0x00, 0x00, 0x00, 0x00, 0x00, 0x00, 0x00,
	0x00, 0x00, 0x00, 0x00, 0x00, 0x00, 0x00, 0x00, 0x00, 0x00, 0x00, 0x00, 0x00, 0x00, 0x00, 0x00,
	0x00, 0x10, 0x21, 0x25, 0x25, 0x21, 0x25, 0x25, 0x25, 0x25, 0x25, 0x25, 0x25, 0x25, 0x25, 0x25,
	0x25, 0x25, 0x25, 0x25, 0x25, 0x21, 0x25, 0x25, 0x25, 0x25, 0x21, 0x21, 0x21, 0x21, 0x10, 0x00,
	0x00, 0x00, 0x00, 0x00, 0x00, 0x00, 0x00, 0x00, 0x00, 0x00, 0x00, 0x00, 0x00, 0x00, 0x00, 0x00,
	0x00, 0x00, 0x00, 0x00, 0x00, 0x00, 0x00, 0x00, 0x00, 0x00, 0x00, 0x00, 0x00, 0x00, 0x00, 0x00,
	0x00, 0x10, 0x21, 0x25, 0x25, 0x21, 0x25, 0x29, 0x25, 0x25, 0x25, 0x25, 0x25, 0x25, 0x25, 0x25,
	0x25, 0x25, 0x25, 0x25, 0x21, 0x25, 0x25, 0x25, 0x21, 0x25, 0x25, 0x21, 0x21, 0x10, 0x00, 0x00,
	0x00, 0x00, 0x00, 0x00, 0x00, 0x00, 0x00, 0x00, 0x00, 0x00, 0x00, 0x00, 0x00, 0x00, 0x00, 0x00,
	0x00, 0x00, 0x00, 0x00, 0x00, 0x00, 0x00, 0x00, 0x00, 0x00, 0x00, 0x00, 0x00, 0x00, 0x00, 0x00,
	0x00, 0x10, 0x21, 0x25, 0x29, 0x21, 0x25, 0x25, 0x25, 0x25, 0x25, 0x25, 0x25, 0x25, 0x25, 0x25,
	0x25, 0x25, 0x25, 0x25, 0x21, 0x25, 0x25, 0x25, 0x21, 0x25, 0x25, 0x21, 0x21, 0x10, 0x00, 0x00,
	0x00, 0x00, 0x00, 0x00, 0x00, 0x00, 0x00, 0x00, 0x00, 0x00, 0x00, 0x00, 0x00, 0x00, 0x00, 0x00,
	0x00, 0x00, 0x00, 0x00, 0x00, 0x00, 0x00, 0x00, 0x00, 0x00, 0x00, 0x00, 0x00, 0x00, 0x00, 0x00,
	0x00, 0x10, 0x25, 0x29, 0x29, 0x25, 0x29, 0x25, 0x25, 0x25, 0x25, 0x25, 0x25, 0x25, 0x25, 0x25,
	0x25, 0x25, 0x25, 0x25, 0x21, 0x25, 0x29, 0x25, 0x21, 0x25, 0x25, 0x21, 0x21, 0x21, 0x10, 0x00,
	0x00, 0x00, 0x00, 0x00, 0x00, 0x00, 0x00, 0x00, 0x00, 0x00, 0x00, 0x00, 0x00, 0x00, 0x00, 0x00,
	0x00, 0x00, 0x00, 0x00, 0x00, 0x00, 0x00, 0x00, 0x00, 0x00, 0x00, 0x00, 0x00, 0x00, 0x00, 0x00,
	0x00, 0x10, 0x21, 0x25, 0x25, 0x25, 0x25, 0x25, 0x25, 0x25, 0x25, 0x25, 0x25, 0x25, 0x25, 0x25,
	0x25, 0x25, 0x25, 0x25, 0x21, 0x25, 0x25, 0x21, 0x25, 0x25, 0x21, 0x21, 0x21, 0x21, 0x10, 0x00,
	0x00, 0x00, 0x00, 0x00, 0x00, 0x00, 0x00, 0x00, 0x00, 0x00, 0x00, 0x00, 0x00, 0x00, 0x00, 0x00,
	0x00, 0x00, 0x00, 0x00, 0x00, 0x00, 0x00, 0x00, 0x00, 0x00, 0x00, 0x00, 0x00, 0x00, 0x00, 0x00,
	0x10, 0x21, 0x21, 0x25, 0x29, 0x21, 0x25, 0x25, 0x25, 0x25, 0x25, 0x25, 0x25, 0x25, 0x25, 0x25,
	0x25, 0x25, 0x25, 0x25, 0x21, 0x25, 0x25, 0x21, 0x25, 0x25, 0x21, 0x21, 0x21, 0x21, 0x10, 0x00,
	0x00, 0x00, 0x00, 0x00, 0x00, 0x00, 0x00, 0x00, 0x00, 0x00, 0x00, 0x00, 0x00, 0x00, 0x00, 0x00,
	0x00, 0x00, 0x00, 0x00, 0x00, 0x00, 0x00, 0x00, 0x00, 0x00, 0x00, 0x00, 0x00, 0x00, 0x00, 0x00,
	0x00, 0x10, 0x21, 0x25, 0x25, 0x21, 0x25, 0x25, 0x25, 0x25, 0x25, 0x25, 0x25, 0x25, 0x25, 0x25,
	0x29, 0x25, 0x25, 0x25, 0x21, 0x25, 0x25, 0x21, 0x25, 0x25, 0x21, 0x21, 0x21, 0x21, 0x10, 0x00,
	0x00, 0x00, 0x00, 0x00, 0x00, 0x00, 0x00, 0x00, 0x00, 0x00, 0x00, 0x00, 0x00, 0x00, 0x00, 0x00,
	0x00, 0x00, 0x00, 0x00, 0x00, 0x00, 0x00, 0x00, 0x00, 0x00, 0x00, 0x00, 0x00, 0x00, 0x00, 0x00,
	0x00, 0x10, 0x21, 0x25, 0x25, 0x21, 0x29, 0x25, 0x25, 0x25, 0x25, 0x25, 0x25, 0x25, 0x25, 0x25,
	0x29, 0x25, 0x25, 0x25, 0x21, 0x25, 0x25, 0x21, 0x21, 0x25, 0x21, 0x21, 0x10, 0x21, 0x21, 0x10,
	0x00, 0x00, 0x00, 0x00, 0x00, 0x00, 0x00, 0x00, 0x00, 0x00, 0x00, 0x00, 0x00, 0x00, 0x00, 0x00,
	0x00, 0x00, 0x00, 0x00, 0x00, 0x00, 0x00, 0x00, 0x00, 0x00, 0x00, 0x00, 0x00, 0x00, 0x00, 0x00,
	0x10, 0x21, 0x29, 0x21, 0x25, 0x21, 0x21, 0x25, 0x25, 0x25, 0x25, 0x25, 0x25, 0x25, 0x25, 0x25,
	0x25, 0x25, 0x25, 0x25, 0x21, 0x21, 0x25, 0x21, 0x21, 0x29, 0x21, 0x21, 0x10, 0x21, 0x21, 0x10,
	0x00, 0x00, 0x00, 0x00, 0x00, 0x00, 0x00, 0x00, 0x00, 0x00, 0x00, 0x00, 0x00, 0x00, 0x00, 0x00,
	0x00, 0x00, 0x00, 0x00, 0x00, 0x00, 0x00, 0x00, 0x00, 0x00, 0x00, 0x00, 0x00, 0x00, 0x00, 0x00,
	0x10, 0x21, 0x25, 0x21, 0x25, 0x21, 0x21, 0x25, 0x25, 0x25, 0x25, 0x25, 0x25, 0x25, 0x25, 0x25,
	0x25, 0x25, 0x25, 0x25, 0x21, 0x21, 0x25, 0x21, 0x21, 0x25, 0x21, 0x21, 0x10, 0x25, 0x21, 0x10,
	0x00, 0x00, 0x00, 0x00, 0x00, 0x00, 0x00, 0x00, 0x00, 0x00, 0x00, 0x00, 0x00, 0x00, 0x00, 0x00,
	0x00, 0x00, 0x00, 0x00, 0x00, 0x00, 0x00, 0x00, 0x00, 0x00, 0x00, 0x00, 0x00, 0x00, 0x00, 0x00,
	0x10, 0x21, 0x25, 0x21, 0x25, 0x21, 0x21, 0x25, 0x25, 0x25, 0x25, 0x25, 0x25, 0x25, 0x25, 0x25,
	0x25, 0x25, 0x25, 0x25, 0x21, 0x21, 0x25, 0x25, 0x21, 0x25, 0x21, 0x21, 0x10, 0x25, 0x21, 0x10,
	0x00, 0x00, 0x00, 0x00, 0x00, 0x00, 0x00, 0x00, 0x00, 0x00, 0x00, 0x00, 0x00, 0x00, 0x00, 0x00,
	0x00, 0x00, 0x00, 0x00, 0x00, 0x00, 0x00, 0x00, 0x00, 0x00, 0x00, 0x00, 0x00, 0x00, 0x00, 0x00,
	0x10, 0x21, 0x21, 0x21, 0x25, 0x25, 0x21, 0x29, 0x25, 0x25, 0x25, 0x25, 0x25, 0x25, 0x25, 0x25,
	0x25, 0x25, 0x25, 0x25, 0x25, 0x21, 0x25, 0x25, 0x21, 0x25, 0x21, 0x21, 0x10, 0x25, 0x21, 0x10,
	0x00, 0x00, 0x00, 0x00, 0x00, 0x00, 0x00, 0x00, 0x00, 0x00, 0x00, 0x00, 0x00, 0x00, 0x00, 0x00,
	0x00, 0x00, 0x00, 0x00, 0x00, 0x00, 0x00, 0x00, 0x00, 0x00, 0x00, 0x00, 0x00, 0x00, 0x00, 0x00,
	0x00, 0x10, 0x21, 0x21, 0x25, 0x25, 0x21, 0x25, 0x25, 0x25, 0x25, 0x25, 0x25, 0x25, 0x25, 0x25,
	0x25, 0x25, 0x25, 0x25, 0x25, 0x21, 0x25, 0x21, 0x21, 0x29, 0x21, 0x10, 0x10, 0x25, 0x21, 0x10,
	0x00, 0x00, 0x00, 0x00, 0x00, 0x00, 0x00, 0x00, 0x00, 0x00, 0x00, 0x00, 0x00, 0x00, 0x00, 0x00,
	0x00, 0x00, 0x00, 0x00, 0x00, 0x00, 0x00, 0x00, 0x00, 0x00, 0x00, 0x00, 0x00, 0x00, 0x00, 0x00,
	0x00, 0x10, 0x25, 0x21, 0x25, 0x21, 0x21, 0x29, 0x25, 0x25, 0x25, 0x25, 0x25, 0x25, 0x25, 0x25,
	0x25, 0x25, 0x25, 0x25, 0x25, 0x25, 0x25, 0x21, 0x21, 0x25, 0x21, 0x10, 0x29, 0x21, 0x10, 0x00,
	0x00, 0x00, 0x00, 0x00, 0x00, 0x00, 0x00, 0x00, 0x00, 0x00, 0x00, 0x00, 0x00, 0x00, 0x00, 0x00,
	0x00, 0x00, 0x00, 0x00, 0x00, 0x00, 0x00, 0x00, 0x00, 0x00, 0x00, 0x00, 0x00, 0x00, 0x00, 0x00,
	0x10, 0x21, 0x25, 0x21, 0x29, 0x21, 0x21, 0x25, 0x25, 0x25, 0x25, 0x25, 0x25, 0x25, 0x25, 0x25,
	0x25, 0x25, 0x25, 0x25, 0x25, 0x21, 0x25, 0x21, 0x25, 0x25, 0x21, 0x10, 0x25, 0x21, 0x10, 0x00,
	0x00, 0x00, 0x00, 0x00, 0x00, 0x00, 0x00, 0x00, 0x00, 0x00, 0x00, 0x00, 0x00, 0x00, 0x00, 0x00,
	0x00, 0x00, 0x00, 0x00, 0x00, 0x00, 0x00, 0x00, 0x00, 0x00, 0x00, 0x00, 0x00, 0x00, 0x00, 0x00,
	0x10, 0x21, 0x25, 0x25, 0x25, 0x21, 0x25, 0x29, 0x25, 0x25, 0x25, 0x25, 0x25, 0x25, 0x25, 0x25,
	0x25, 0x25, 0x25, 0x25, 0x25, 0x21, 0x25, 0x21, 0x29, 0x25, 0x21, 0x21, 0x21, 0x21, 0x10, 0x00,
	0x00, 0x00, 0x00, 0x00, 0x00, 0x00, 0x00, 0x00, 0x00, 0x00, 0x00, 0x00, 0x00, 0x00, 0x00, 0x00,
	0x00, 0x00, 0x00, 0x00, 0x00, 0x00, 0x00, 0x00, 0x00, 0x00, 0x00, 0x00, 0x00, 0x00, 0x00, 0x00,
	0x00, 0x10, 0x21, 0x25, 0x21, 0x25, 0x29, 0x25, 0x25, 0x25, 0x25, 0x25, 0x25, 0x25, 0x25, 0x25,
	0x25, 0x25, 0x25, 0x29, 0x25, 0x25, 0x25, 0x25, 0x25, 0x25, 0x21, 0x21, 0x21, 0x21, 0x10, 0x00,
	0x00, 0x00, 0x00, 0x00, 0x00, 0x00, 0x00, 0x00, 0x00, 0x00, 0x00, 0x00, 0x00, 0x00, 0x00, 0x00,
	0x00, 0x00, 0x00, 0x00, 0x00, 0x00, 0x00, 0x00, 0x00, 0x00, 0x00, 0x00, 0x00, 0x00, 0x00, 0x00,
	0x00, 0x10, 0x21, 0x25, 0x21, 0x25, 0x29, 0x25, 0x25, 0x25, 0x25, 0x25, 0x25, 0x25, 0x25, 0x25,
	0x25, 0x25, 0x25, 0x25, 0x25, 0x25, 0x25, 0x25, 0x25, 0x25, 0x29, 0x21, 0x21, 0x21, 0x10, 0x00,
	0x00, 0x00, 0x00, 0x00, 0x00, 0x00, 0x00, 0x00, 0x00, 0x00, 0x00, 0x00, 0x00, 0x00, 0x00, 0x00,
	0x00, 0x00, 0x00, 0x00, 0x00, 0x00, 0x00, 0x00, 0x00, 0x00, 0x00, 0x00, 0x00, 0x00, 0x00, 0x00,
	0x00, 0x10, 0x21, 0x25, 0x21, 0x25, 0x29, 0x25, 0x25, 0x25, 0x25, 0x25, 0x25, 0x25, 0x25, 0x25,
	0x25, 0x25, 0x25, 0x25, 0x25, 0x25, 0x25, 0x25, 0x25, 0x21, 0x21, 0x21, 0x21, 0x10, 0x00, 0x00,
	0x00, 0x00, 0x00, 0x00, 0x00, 0x00, 0x00, 0x00, 0x00, 0x00, 0x00, 0x00, 0x00, 0x00, 0x00, 0x00,
	0x00, 0x00, 0x00, 0x00, 0x00, 0x00, 0x00, 0x00, 0x00, 0x00, 0x00, 0x00, 0x00, 0x00, 0x00, 0x00,
	0x10, 0x21, 0x21, 0x21, 0x29, 0x21, 0x25, 0x29, 0x25, 0x25, 0x25, 0x25, 0x25, 0x25, 0x25, 0x25,
	0x25, 0x25, 0x25, 0x25, 0x25, 0x21, 0x25, 0x25, 0x21, 0x21, 0x21, 0x21, 0x10, 0x25, 0x21, 0x10,
	0x00, 0x00, 0x00, 0x00, 0x00, 0x00, 0x00, 0x00, 0x00, 0x00, 0x00, 0x00, 0x00, 0x00, 0x00, 0x00,
	0x00, 0x00, 0x00, 0x00, 0x00, 0x00, 0x00, 0x00, 0x00, 0x00, 0x00, 0x00, 0x00, 0x00, 0x00, 0x00,
	0x00, 0x10, 0x21, 0x21, 0x25, 0x21, 0x25, 0x25, 0x25, 0x25, 0x25, 0x25, 0x25, 0x25, 0x25, 0x25,
	0x25, 0x25, 0x25, 0x25, 0x25, 0x21, 0x25, 0x21, 0x21, 0x21, 0x21, 0x10, 0x10, 0x29, 0x21, 0x10,
	0x00, 0x00, 0x00, 0x00, 0x00, 0x00, 0x00, 0x00, 0x00, 0x00, 0x00, 0x00, 0x00, 0x00, 0x00, 0x00,
	0x00, 0x00, 0x00, 0x00, 0x00, 0x00, 0x00, 0x00, 0x00, 0x00, 0x00, 0x00, 0x00, 0x00, 0x00, 0x00,
	0x00, 0x10, 0x25, 0x21, 0x25, 0x21, 0x25, 0x25, 0x25, 0x25, 0x25, 0x25, 0x25, 0x25, 0x25, 0x25,
	0x25, 0x25, 0x25, 0x25, 0x25, 0x21, 0x25, 0x21, 0x21, 0x21, 0x21, 0x10, 0x29, 0x21, 0x10, 0x00,
	0x00, 0x00, 0x00, 0x00, 0x00, 0x00, 0x00, 0x00, 0x00, 0x00, 0x00, 0x00, 0x00, 0x00, 0x00, 0x00,
	0x00, 0x00, 0x00, 0x00, 0x00, 0x00, 0x00, 0x00, 0x00, 0x00, 0x00, 0x00, 0x00, 0x00, 0x00, 0x00,
	0x10, 0x21, 0x29, 0x21, 0x25, 0x21, 0x25, 0x25, 0x25, 0x25, 0x25, 0x25, 0x25, 0x25, 0x25, 0x25,
	0x25, 0x25, 0x25, 0x25, 0x25, 0x21, 0x25, 0x21, 0x25, 0x21, 0x21, 0x10, 0x25, 0x21, 0x10, 0x00,
	0x00, 0x00, 0x00, 0x00, 0x00, 0x00, 0x00, 0x00, 0x00, 0x00, 0x00, 0x00, 0x00, 0x00, 0x00, 0x00,
	0x00, 0x00, 0x00, 0x00, 0x00, 0x00, 0x00, 0x00, 0x00, 0x00, 0x00, 0x00, 0x00, 0x00, 0x00, 0x00,
	0x10, 0x21, 0x25, 0x25, 0x25, 0x21, 0x25, 0x25, 0x25, 0x25, 0x25, 0x25, 0x25, 0x25, 0x25, 0x25,
	0x25, 0x25, 0x25, 0x25, 0x25, 0x21, 0x25, 0x21, 0x29, 0x25, 0x21, 0x21, 0x21, 0x21, 0x10, 0x00,
	0x00, 0x00, 0x00, 0x00, 0x00, 0x00, 0x00, 0x00, 0x00, 0x00, 0x00, 0x00, 0x00, 0x00, 0x00, 0x00,
	0x00, 0x00, 0x00, 0x00, 0x00, 0x00, 0x00, 0x00, 0x00, 0x00, 0x00, 0x00, 0x00, 0x00, 0x00, 0x00,
	0x00, 0x10, 0x21, 0x25, 0x25, 0x21, 0x25, 0x25, 0x25, 0x25, 0x25, 0x25, 0x25, 0x25, 0x25, 0x25,
	0x25, 0x25, 0x25, 0x25, 0x25, 0x21, 0x25, 0x25, 0x25, 0x25, 0x21, 0x21, 0x21, 0x21, 0x10, 0x00,
	0x00, 0x00, 0x00, 0x00, 0x00, 0x00, 0x00, 0x00, 0x00, 0x00, 0x00, 0x00, 0x00, 0x00, 0x00, 0x00,
	0x00, 0x00, 0x00, 0x00, 0x00, 0x00, 0x00, 0x00, 0x00, 0x00, 0x00, 0x00, 0x00, 0x00, 0x00, 0x00,
	0x00, 0x10, 0x21, 0x25, 0x25, 0x21, 0x25, 0x29, 0x25, 0x25, 0x25, 0x25, 0x25, 0x25, 0x25, 0x25,
	0x25, 0x25, 0x25, 0x25, 0x21, 0x25, 0x25, 0x25, 0x21, 0x25, 0x25, 0x21, 0x21, 0x10, 0x00, 0x00,
	0x00, 0x00, 0x00, 0x00, 0x00, 0x00, 0x00, 0x00, 0x00, 0x00, 0x00, 0x00, 0x00, 0x00, 0x00, 0x00,
	0x00, 0x00, 0x00, 0x00, 0x00, 0x00, 0x00, 0x00, 0x00, 0x00, 0x00, 0x00, 0x00, 0x00, 0x00, 0x00,
	0x00, 0x10, 0x21, 0x25, 0x29, 0x21, 0x25, 0x25, 0x25, 0x25, 0x25, 0x25, 0x25, 0x25, 0x25, 0x25,
	0x25, 0x25, 0x25, 0x25, 0x21, 0x25, 0x25, 0x25, 0x21, 0x25, 0x25, 0x21, 0x21, 0x10, 0x00, 0x00,
	0x00, 0x00, 0x00, 0x00, 0x00, 0x00, 0x00, 0x00, 0x00, 0x00, 0x00, 0x00, 0x00, 0x00, 0x00, 0x00,
	0x00, 0x00, 0x00, 0x00, 0x00, 0x00, 0x00, 0x00, 0x00, 0x00, 0x00, 0x00, 0x00, 0x00, 0x00, 0x00,
	0x00, 0x10, 0x25, 0x29, 0x29, 0x25, 0x29, 0x25, 0x25, 0x25, 0x25, 0x25, 0x25, 0x25, 0x25, 0x25,
	0x25, 0x25, 0x25, 0x25, 0x21, 0x25, 0x29, 0x25, 0x21, 0x25, 0x25, 0x21, 0x21, 0x21, 0x10, 0x00,
	0x00, 0x00, 0x00, 0x00, 0x00, 0x00, 0x00, 0x00, 0x00, 0x00, 0x00, 0x00, 0x00, 0x00, 0x00, 0x00,
	0x00, 0x00, 0x00, 0x00, 0x00, 0x00, 0x00, 0x00, 0x00, 0x00, 0x00, 0x00, 0x00, 0x00, 0x00, 0x00,
	0x00, 0x10, 0x21, 0x25, 0x25, 0x25, 0x25, 0x25, 0x25, 0x25, 0x25, 0x25, 0x25, 0x25, 0x25, 0x25,
	0x25, 0x25, 0x25, 0x25, 0x21, 0x25, 0x25, 0x21, 0x25, 0x25, 0x21, 0x21, 0x21, 0x21, 0x10, 0x00,
	0x00, 0x00, 0x00, 0x00, 0x00, 0x00, 0x00, 0x00, 0x00, 0x00, 0x00, 0x00, 0x00, 0x00, 0x00, 0x00,
	0x00, 0x00, 0x00, 0x00, 0x00, 0x00, 0x00, 0x00, 0x00, 0x00, 0x00, 0x00, 0x00, 0x00, 0x00, 0x00,
	0x10, 0x21, 0x21, 0x25, 0x29, 0x21, 0x25, 0x25, 0x25, 0x25, 0x25, 0x25, 0x25, 0x25, 0x25, 0x25,
	0x25, 0x25, 0x25, 0x25, 0x21, 0x25, 0x25, 0x21, 0x25, 0x25, 0x21, 0x21, 0x21, 0x21, 0x10, 0x00,
	0x00, 0x00, 0x00, 0x00, 0x00, 0x00, 0x00, 0x00, 0x00, 0x00, 0x00, 0x00, 0x00, 0x00, 0x00, 0x00,
	0x00, 0x00, 0x00, 0x00, 0x00, 0x00, 0x00, 0x00, 0x00, 0x00, 0x00, 0x00, 0x00, 0x00, 0x00, 0x00,
	0x00, 0x10, 0x21, 0x25, 0x25, 0x21, 0x25, 0x25, 0x25, 0x25, 0x25, 0x25, 0x25, 0x25, 0x25, 0x25,
	0x29, 0x25, 0x25, 0x25, 0x21, 0x25, 0x25, 0x21, 0x25, 0x25, 0x21, 0x21, 0x21, 0x21, 0x10, 0x00,
	0x00, 0x00, 0x00, 0x00, 0x00, 0x00, 0x00, 0x00, 0x00, 0x00, 0x00, 0x00, 0x00, 0x00, 0x00, 0x00,
	0x00, 0x00, 0x00, 0x00, 0x00, 0x00, 0x00, 0x00, 0x00, 0x00, 0x00, 0x00, 0x00, 0x00, 0x00, 0x00,
	0x00, 0x10, 0x21, 0x25, 0x25, 0x21, 0x29, 0x25, 0x25, 0x25, 0x25, 0x25, 0x25, 0x25, 0x25, 0x25,
	0x29, 0x25, 0x25, 0x25, 0x21, 0x25, 0x25, 0x21, 0x21, 0x25, 0x21, 0x21, 0x10, 0x21, 0x21, 0x10,
	0x00, 0x00, 0x00, 0x00, 0x00, 0x00, 0x00, 0x00, 0x00, 0x00, 0x00, 0x00, 0x00, 0x00, 0x00, 0x00,
	0x00, 0x00, 0x00, 0x00, 0x00, 0x00, 0x00, 0x00, 0x00, 0x00, 0x00, 0x00, 0x00, 0x00, 0x00, 0x00,
	0x10, 0x21, 0x29, 0x21, 0x25, 0x21, 0x21, 0x25, 0x25, 0x25, 0x25, 0x25, 0x25, 0x25, 0x25, 0x25,
	0x25, 0x25, 0x25, 0x25, 0x21, 0x21, 0x25, 0x21, 0x21, 0x29, 0x21, 0x21, 0x10, 0x21, 0x21, 0x10,
	0x00, 0x00, 0x00, 0x00, 0x00, 0x00, 0x00, 0x00, 0x00, 0x00, 0x00, 0x00, 0x00, 0x00, 0x00, 0x00,
	0x00, 0x00, 0x00, 0x00, 0x00, 0x00, 0x00, 0x00, 0x00, 0x00, 0x00, 0x00, 0x00, 0x00, 0x00, 0x00,
	0x10, 0x21, 0x25, 0x21, 0x25, 0x21, 0x21, 0x25, 0x25, 0x25, 0x25, 0x25, 0x25, 0x25, 0x25, 0x25,
	0x25, 0x25, 0x25, 0x25, 0x21, 0x21, 0x25, 0x21, 0x21, 0x25, 0x21, 0x21, 0x10, 0x25, 0x21, 0x10,
	0x00, 0x00, 0x00, 0x00, 0x00, 0x00, 0x00, 0x00, 0x00, 0x00, 0x00, 0x00, 0x00, 0x00, 0x00, 0x00,
	0x00, 0x00, 0x00, 0x00, 0x00, 0x00, 0x00, 0x00, 0x00, 0x00, 0x00, 0x00, 0x00, 0x00, 0x00, 0x00,
	0x10, 0x21, 0x25, 0x21, 0x25, 0x21, 0x21, 0x25, 0x25, 0x25, 0x25, 0x25, 0x25, 0x25, 0x25, 0x25,
	0x25, 0x25, 0x25, 0x25, 0x21, 0x21, 0x25, 0x25, 0x21, 0x25, 0x21, 0x21, 0x10, 0x25, 0x21, 0x10,
	0x00, 0x00, 0x00, 0x00, 0x00, 0x00, 0x00, 0x00, 0x00, 0x00, 0x00, 0x00, 0x00, 0x00, 0x00, 0x00,
	0x00, 0x00, 0x00, 0x00, 0x00, 0x00, 0x00, 0x00, 0x00, 0x00, 0x00, 0x00, 0x00, 0x00, 0x00, 0x00,
	0x10, 0x21, 0x21, 0x21, 0x25, 0x25, 0x21, 0x29, 0x25, 0x25, 0x25, 0x25, 0x25, 0x25, 0x25, 0x25,
	0x25, 0x25, 0x25, 0x25, 0x25, 0x21, 0x25, 0x25, 0x21, 0x25, 0x21, 0x21, 0x10, 0x25, 0x21, 0x10,
	0x00, 0x00, 0x00, 0x00, 0x00, 0x00, 0x00, 0x00, 0x00, 0x00, 0x00, 0x00, 0x00, 0x00, 0x00, 0x00,
	0x00, 0x00, 0x00, 0x00, 0x00, 0x00, 0x00, 0x00, 0x00, 0x00, 0x00, 0x00, 0x00, 0x00, 0x00, 0x00,
	0x00, 0x10, 0x21, 0x21, 0x25, 0x25, 0x21, 0x25, 0x25, 0x25, 0x25, 0x25, 0x25, 0x25, 0x25, 0x25,
	0x25, 0x25, 0x25, 0x25, 0x25, 0x21, 0x25, 0x21, 0x21, 0x29, 0x21, 0x10, 0x10, 0x25, 0x21, 0x10,
	0x00, 0x00, 0x00, 0x00, 0x00, 0x00, 0x00, 0x00, 0x00, 0x00, 0x00, 0x00, 0x00, 0x00, 0x00, 0x00,
	0x00, 0x00, 0x00, 0x00, 0x00, 0x00, 0x00, 0x00, 0x00, 0x00, 0x00, 0x00, 0x00, 0x00, 0x00, 0x00,
	0x00, 0x10, 0x25, 0x21, 0x25, 0x21, 0x21, 0x29, 0x25, 0x25, 0x25, 0x25, 0x25, 0x25, 0x25, 0x25,
	0x25, 0x25, 0x25, 0x25, 0x25, 0x25, 0x25, 0x21, 0x21, 0x25, 0x21, 0x10, 0x29, 0x21, 0x10, 0x00,
	0x00, 0x00, 0x00, 0x00, 0x00, 0x00, 0x00, 0x00, 0x00, 0x00, 0x00, 0x00, 0x00, 0x00, 0x00, 0x00,
	0x00, 0x00, 0x00, 0x00, 0x00, 0x00, 0x00, 0x00, 0x00, 0x00, 0x00, 0x00, 0x00, 0x00, 0x00, 0x00,
	0x10, 0x21, 0x25, 0x21, 0x29, 0x21, 0x21, 0x25, 0x25, 0x25, 0x25, 0x25, 0x25, 0x25, 0x25, 0x25,
	0x25, 0x25, 0x25, 0x25, 0x25, 0x21, 0x25, 0x21, 0x25, 0x25, 0x21, 0x10, 0x25, 0x21, 0x10, 0x00,
	0x00, 0x00, 0x00, 0x00, 0x00, 0x00, 0x00, 0x00, 0x00, 0x00, 0x00, 0x00, 0x00, 0x00, 0x00, 0x00,
	0x00, 0x00, 0x00, 0x00, 0x00, 0x00, 0x00, 0x00, 0x00, 0x00, 0x00, 0x00, 0x00, 0x00, 0x00, 0x00,
	0x10, 0x21, 0x25, 0x25, 0x25, 0x21, 0x25, 0x29, 0x25, 0x25, 0x25, 0x25, 0x25, 0x25, 0x25, 0x25,
	0x25, 0x25, 0x25, 0x25, 0x25, 0x21, 0x25, 0x21, 0x29, 0x25, 0x21, 0x21, 0x21, 0x21, 0x10, 0x00,
	0x00, 0x00, 0x00, 0x00, 0x00, 0x00, 0x00, 0x00, 0x00, 0x00, 0x00, 0x00, 0x00, 0x00, 0x00, 0x00,
	0x00, 0x00, 0x00, 0x00, 0x00, 0x00, 0x00, 0x00, 0x00, 0x00, 0x00, 0x00, 0x00, 0x00, 0x00, 0x00,
	0x00, 0x10, 0x21, 0x25, 0x21, 0x25, 0x29, 0x25, 0x25, 0x25, 0x25, 0x25, 0x25, 0x25, 0x25, 0x25,
	0x25, 0x25, 0x25, 0x29, 0x25, 0x25, 0x25, 0x25, 0x25, 0x25, 0x21, 0x21, 0x21, 0x21, 0x10, 0x00,
	0x00, 0x00, 0x00, 0x00, 0x00, 0x00, 0x00, 0x00, 0x00, 0x00, 0x00, 0x00, 0x00, 0x00, 0x00, 0x00,
	0x00, 0x00, 0x00, 0x00, 0x00, 0x00, 0x00, 0x00, 0x00, 0x00, 0x00, 0x00, 0x00, 0x00, 0x00, 0x00,
	0x00, 0x10, 0x21, 0x25, 0x21, 0x25, 0x29, 0x25, 0x25, 0x25, 0x25, 0x25, 0x25, 0x25, 0x25, 0x25,
	0x25, 0x25, 0x25, 0x25, 0x25, 0x25, 0x25, 0x25, 0x25, 0x25, 0x29, 0x21, 0x21, 0x21, 0x10, 0x00,
	0x00, 0x00, 0x00, 0x00, 0x00, 0x00, 0x00, 0x00, 0x00, 0x00, 0x00, 0x00, 0x00, 0x00, 0x00, 0x00,
	0x00, 0x00, 0x00, 0x00, 0x00, 0x00, 0x00, 0x00, 0x00, 0x00, 0x00, 0x00, 0x00, 0x00, 0x00, 0x00,
	0x00, 0x10, 0x21, 0x25, 0x21, 0x25, 0x29, 0x25, 0x25, 0x25, 0x25, 0x25, 0x25, 0x25, 0x25, 0x25,
	0x25, 0x25, 0x25, 0x25, 0x25, 0x25, 0x25, 0x25, 0x25, 0x21, 0x21, 0x21, 0x21, 0x10, 0x00, 0x00,
	0x00, 0x00, 0x00, 0x00, 0x00, 0x00, 0x00, 0x00, 0x00, 0x00, 0x00, 0x00, 0x00, 0x00, 0x00, 0x00,
	0x00, 0x00, 0x00, 0x00, 0x00, 0x00, 0x00, 0x00, 0x00, 0x00, 0x00, 0x00, 0x00, 0x00, 0x00, 0x00,
	0x10, 0x21, 0x21, 0x21, 0x29, 0x21, 0x25, 0x29, 0x25, 0x25, 0x25, 0x25, 0x25, 0x25, 0x25, 0x25,
	0x25, 0x25, 0x25, 0x25, 0x25, 0x21, 0x25, 0x25, 0x21, 0x21, 0x21, 0x21, 0x10, 0x25, 0x21, 0x10,
	0x00, 0x00, 0x00, 0x00, 0x00, 0x00, 0x00, 0x00, 0x00, 0x00, 0x00, 0x00, 0x00, 0x00, 0x00, 0x00,
	0x00, 0x00, 0x00, 0x00, 0x00, 0x00, 0x00, 0x00, 0x00, 0x00, 0x00, 0x00, 0x00, 0x00, 0x00, 0x00,
	0x00, 0x10, 0x21, 0x21, 0x25, 0x21, 0x25, 0x25, 0x25, 0x25, 0x25, 0x25, 0x25, 0x25, 0x25, 0x25,
	0x25, 0x25, 0x25, 0x25, 0x25, 0x21, 0x25, 0x21, 0x21, 0x21, 0x21, 0x10, 0x10, 0x29, 0x21, 0x10,
	0x00, 0x00, 0x00, 0x00, 0x00, 0x00, 0x00, 0x00, 0x00, 0x00, 0x00, 0x00, 0x00, 0x00, 0x00, 0x00,
	0x00, 0x00, 0x00, 0x00, 0x00, 0x00, 0x00, 0x00, 0x00, 0x00, 0x00, 0x00, 0x00, 0x00, 0x00, 0x00,
	0x00, 0x10, 0x25, 0x21, 0x25, 0x21, 0x25, 0x25, 0x25, 0x25, 0x25, 0x25, 0x25, 0x25, 0x25, 0x25,
	0x25, 0x25, 0x25, 0x25, 0x25, 0x21, 0x25, 0x21, 0x21, 0x21, 0x21, 0x10, 0x29, 0x21, 0x10, 0x00,
	0x00, 0x00, 0x00, 0x00, 0x00, 0x00, 0x00, 0x00, 0x00, 0x00, 0x00, 0x00, 0x00, 0x00, 0x00, 0x00,
	0x00, 0x00, 0x00, 0x00, 0x00, 0x00, 0x00, 0x00, 0x00, 0x00, 0x00, 0x00, 0x00, 0x00, 0x00, 0x00,
	0x10, 0x21, 0x29, 0x21, 0x25, 0x21, 0x25, 0x25, 0x25, 0x25, 0x25, 0x25, 0x25, 0x25, 0x25, 0x25,
	0x25, 0x25, 0x25, 0x25, 0x25, 0x21, 0x25, 0x21, 0x25, 0x21, 0x21, 0x10, 0x25, 0x21, 0x10, 0x00,
	0x00, 0x00, 0x00, 0x00, 0x00, 0x00, 0x00, 0x00, 0x00, 0x00, 0x00, 0x00, 0x00, 0x00, 0x00, 0x00,
	0x00, 0x00, 0x00, 0x00, 0x00, 0x00, 0x00, 0x00, 0x00, 0x00, 0x00, 0x00, 0x00, 0x00, 0x00, 0x00,
	0x10, 0x21, 0x25, 0x25, 0x25, 0x21, 0x25, 0x25, 0x25, 0x25, 0x25, 0x25, 0x25, 0x25, 0x25, 0x25,
	0x25, 0x25, 0x25, 0x25, 0x25, 0x21, 0x25, 0x21, 0x29, 0x25, 0x21, 0x21, 0x21, 0x21, 0x10, 0x00,
	0x00, 0x00, 0x00, 0x00, 0x00, 0x00, 0x00, 0x00, 0x00, 0x00, 0x00, 0x00, 0x00, 0x00, 0x00, 0x00,
	0x00, 0x00, 0x00, 0x00, 0x00, 0x00, 0x00, 0x00, 0x00, 0x00, 0x00, 0x00, 0x00, 0x00, 0x00, 0x00,
	0x00, 0x10, 0x21, 0x25, 0x25, 0x21, 0x25, 0x25, 0x25, 0x25, 0x25, 0x25, 0x25, 0x25, 0x25, 0x25,
	0x25, 0x25, 0x25, 0x25, 0x25, 0x21, 0x25, 0x25, 0x25, 0x25, 0x21, 0x21, 0x21, 0x21, 0x10, 0x00,
	0x00, 0x00, 0x00, 0x00, 0x00, 0x00, 0x00, 0x00, 0x00, 0x00, 0x00, 0x00, 0x00, 0x00, 0x00, 0x00,
	0x00, 0x00, 0x00, 0x00, 0x00, 0x00, 0x00, 0x00, 0x00, 0x00, 0x00, 0x00, 0x00, 0x00, 0x00, 0x00,
	0x00, 0x10, 0x21, 0x25, 0x25, 0x21, 0x25, 0x29, 0x25, 0x25, 0x25, 0x25, 0x25, 0x25, 0x25, 0x25,
	0x25, 0x25, 0x25, 0x25, 0x21, 0x25, 0x25, 0x25, 0x21, 0x25, 0x25, 0x21, 0x21, 0x10, 0x00, 0x00,
	0x00, 0x00, 0x00, 0x00, 0x00, 0x00, 0x00, 0x00, 0x00, 0x00, 0x00, 0x00, 0x00, 0x00, 0x00, 0x00,
	0x00, 0x00, 0x00, 0x00, 0x00, 0x00, 0x00, 0x00, 0x00, 0x00, 0x00, 0x00, 0x00, 0x00, 0x00, 0x00,
	0x00, 0x10, 0x21, 0x25, 0x29, 0x21, 0x25, 0x25, 0x25, 0x25, 0x25, 0x25, 0x25, 0x25, 0x25, 0x25,
	0x25, 0x25, 0x25, 0x25, 0x21, 0x25, 0x25, 0x25, 0x21, 0x25, 0x25, 0x21, 0x21, 0x10, 0x00, 0x00,
	0x00, 0x00, 0x00, 0x00, 0x00, 0x00, 0x00, 0x00, 0x00, 0x00, 0x00, 0x00, 0x00, 0x00, 0x00, 0x00,
	0x00, 0x00, 0x00, 0x00, 0x00, 0x00, 0x00, 0x00, 0x00, 0x00, 0x00, 0x00, 0x00, 0x00, 0x00, 0x00,
	0x00, 0x10, 0x25, 0x29, 0x29, 0x25, 0x29, 0x25, 0x25, 0x25, 0x25, 0x25, 0x25, 0x25, 0x25, 0x25,
	0x25, 0x25, 0x25, 0x25, 0x21, 0x25, 0x29, 0x25, 0x21, 0x25, 0x29, 0x21, 0x21, 0x21, 0x10, 0x00,
	0x00, 0x00, 0x00, 0x00, 0x00, 0x00, 0x00, 0x00, 0x00, 0x00, 0x00, 0x00, 0x00, 0x00, 0x00, 0x00,
	0x00, 0x00, 0x00, 0x00, 0x00, 0x00, 0x00, 0x00, 0x00, 0x00, 0x00, 0x00, 0x00, 0x00, 0x00, 0x00,
	0x00, 0x10, 0x21, 0x25, 0x25, 0x25, 0x25, 0x25, 0x25, 0x25, 0x25, 0x25, 0x25, 0x25, 0x25, 0x25,
	0x25, 0x25, 0x25, 0x25, 0x21, 0x25, 0x25, 0x21, 0x25, 0x25, 0x21, 0x21, 0x21, 0x21, 0x10, 0x00,
	0x00, 0x00, 0x00, 0x00, 0x00, 0x00, 0x00, 0x00, 0x00, 0x00, 0x00, 0x00, 0x00, 0x00, 0x00, 0x00,
	0x00, 0x00, 0x00, 0x00, 0x00, 0x00, 0x00, 0x00, 0x00, 0x00, 0x00, 0x00, 0x00, 0x00, 0x00, 0x00,
	0x10, 0x21, 0x21, 0x25, 0x29, 0x21, 0x25, 0x25, 0x25, 0x25, 0x25, 0x25, 0x25, 0x25, 0x25, 0x25,
	0x25, 0x25, 0x25, 0x25, 0x21, 0x25, 0x25, 0x21, 0x25, 0x29, 0x21, 0x21, 0x21, 0x21, 0x10, 0x00,
	0x00, 0x00, 0x00, 0x00, 0x00, 0x00, 0x00, 0x00, 0x00, 0x00, 0x00, 0x00, 0x00, 0x00, 0x00, 0x00,
	0x00, 0x00, 0x00, 0x00, 0x00, 0x00, 0x00, 0x00, 0x00, 0x00, 0x00, 0x00, 0x00, 0x00, 0x00, 0x00,
	0x00, 0x10, 0x21, 0x25, 0x25, 0x21, 0x25, 0x25, 0x25, 0x25, 0x25, 0x25, 0x25, 0x25, 0x25, 0x25,
	0x29, 0x25, 0x25, 0x25, 0x21, 0x25, 0x25, 0x21, 0x25, 0x25, 0x21, 0x21, 0x21, 0x21, 0x10, 0x00,
	0x00, 0x00, 0x00, 0x00, 0x00, 0x00, 0x00, 0x00, 0x00, 0x00, 0x00, 0x00, 0x00, 0x00, 0x00, 0x00,
	0x00, 0x00, 0x00, 0x00, 0x00, 0x00, 0x00, 0x00, 0x00, 0x00, 0x00, 0x00, 0x00, 0x00, 0x00, 0x00,
	0x00, 0x10, 0x21, 0x25, 0x25, 0x21, 0x29, 0x25, 0x25, 0x25, 0x25, 0x25, 0x25, 0x25, 0x25, 0x25,
	0x29, 0x25, 0x25, 0x25, 0x21, 0x25, 0x25, 0x21, 0x21, 0x25, 0x21, 0x21, 0x10, 0x21, 0x21, 0x10,
	0x00, 0x00, 0x00, 0x00, 0x00, 0x00, 0x00, 0x00, 0x00, 0x00, 0x00, 0x00, 0x00, 0x00, 0x00, 0x00,
	0x00, 0x00, 0x00, 0x00, 0x00, 0x00, 0x00, 0x00, 0x00, 0x00, 0x00, 0x00, 0x00, 0x00, 0x00, 0x00,
	0x10, 0x21, 0x29, 0x21, 0x25, 0x21, 0x21, 0x25, 0x25, 0x25, 0x25, 0x25, 0x25, 0x25, 0x25, 0x25,
	0x25, 0x25, 0x25, 0x25, 0x21, 0x21, 0x25, 0x21, 0x25, 0x21, 0x25, 0x25, 0x10, 0x21, 0x21, 0x10,
	0x00, 0x00, 0x00, 0x00, 0x00, 0x00, 0x00, 0x00, 0x00, 0x00, 0x00, 0x00, 0x00, 0x00, 0x00, 0x00,
	0x00, 0x00, 0x00, 0x00, 0x00, 0x00, 0x00, 0x00, 0x00, 0x00, 0x00, 0x00, 0x00, 0x00, 0x00, 0x00,
	0x10, 0x21, 0x25, 0x21, 0x25, 0x21, 0x21, 0x25, 0x25, 0x25, 0x25, 0x25, 0x25, 0x25, 0x25, 0x25,
	0x25, 0x25, 0x25, 0x25, 0x21, 0x21, 0x25, 0x21, 0x21, 0x25, 0x25, 0x10, 0x25, 0x21, 0x21, 0x10,
	0x00, 0x00, 0x00, 0x00, 0x00, 0x00, 0x00, 0x00, 0x00, 0x00, 0x00, 0x00, 0x00, 0x00, 0x00, 0x00,
	0x00, 0x00, 0x00, 0x00, 0x00, 0x00, 0x00, 0x00, 0x00, 0x00, 0x00, 0x00, 0x00, 0x00, 0x00, 0x00,
	0x10, 0x21, 0x25, 0x21, 0x25, 0x21, 0x21, 0x25, 0x25, 0x25, 0x25, 0x25, 0x25, 0x25, 0x25, 0x25,
	0x25, 0x25, 0x25, 0x25, 0x21, 0x21, 0x25, 0x25, 0x21, 0x25, 0x10, 0x10, 0x10, 0x25, 0x21, 0x10,
	0x00, 0x00, 0x00, 0x00, 0x00, 0x00, 0x00, 0x00, 0x00, 0x00, 0x00, 0x00, 0x00, 0x00, 0x00, 0x00,
	0x00, 0x00, 0x00, 0x00, 0x00, 0x00, 0x00, 0x00, 0x00, 0x00, 0x00, 0x00, 0x00, 0x00, 0x00, 0x00,
	0x10, 0x21, 0x21, 0x21, 0x25, 0x25, 0x21, 0x29, 0x25, 0x25, 0x25, 0x25, 0x25, 0x25, 0x25, 0x25,
	0x25, 0x25, 0x25, 0x25, 0x25, 0x21, 0x25, 0x25, 0x10, 0x25, 0x10, 0x10, 0x10, 0x25, 0x21, 0x10,
	0x00, 0x00, 0x00, 0x00, 0x00, 0x00, 0x00, 0x00, 0x00, 0x00, 0x00, 0x00, 0x00, 0x00, 0x00, 0x00,
	0x00, 0x00, 0x00, 0x00, 0x00, 0x00, 0x00, 0x00, 0x00, 0x00, 0x00, 0x00, 0x00, 0x00, 0x00, 0x00,
	0x00, 0x10, 0x21, 0x21, 0x25, 0x25, 0x21, 0x25, 0x25, 0x25, 0x25, 0x25, 0x25, 0x25, 0x25, 0x25,
	0x25, 0x25, 0x25, 0x25, 0x25, 0x21, 0x25, 0x21, 0x10, 0x25, 0x29, 0x10, 0x10, 0x25, 0x25, 0x10,
	0x00, 0x00, 0x00, 0x00, 0x00, 0x00, 0x00, 0x00, 0x00, 0x00, 0x00, 0x00, 0x00, 0x00, 0x00, 0x00,
	0x00, 0x00, 0x00, 0x00, 0x00, 0x00, 0x00, 0x00, 0x00, 0x00, 0x00, 0x00, 0x00, 0x00, 0x00, 0x00,
	0x00, 0x10, 0x25, 0x21, 0x25, 0x21, 0x21, 0x29, 0x25, 0x25, 0x25, 0x25, 0x25, 0x25, 0x25, 0x25,
	0x25, 0x25, 0x25, 0x25, 0x25, 0x25, 0x25, 0x21, 0x21, 0x10, 0x25, 0x25, 0x10, 0x21, 0x10, 0x00,
	0x00, 0x00, 0x00, 0x00, 0x00, 0x00, 0x00, 0x00, 0x00, 0x00, 0x00, 0x00, 0x00, 0x00, 0x00, 0x00,
	0x00, 0x00, 0x00, 0x00, 0x00, 0x00, 0x00, 0x00, 0x00, 0x00, 0x00, 0x00, 0x00, 0x00, 0x00, 0x00,
	0x10, 0x21, 0x25, 0x21, 0x29, 0x21, 0x21, 0x25, 0x25, 0x25, 0x25, 0x25, 0x25, 0x25, 0x25, 0x25,
	0x25, 0x25, 0x25, 0x25, 0x25, 0x21, 0x25, 0x21, 0x25, 0x21, 0x10, 0x10, 0x21, 0x21, 0x10, 0x00,
	0x00, 0x00, 0x00, 0x00, 0x00, 0x00, 0x00, 0x00, 0x00, 0x00, 0x00, 0x00, 0x00, 0x00, 0x00, 0x00,
	0x00, 0x00, 0x00, 0x00, 0x00, 0x00, 0x00, 0x00, 0x00, 0x00, 0x00, 0x00, 0x00, 0x00, 0x00, 0x00,
	0x10, 0x21, 0x25, 0x25, 0x25, 0x21, 0x25, 0x29, 0x25, 0x25, 0x25, 0x25, 0x25, 0x25, 0x25, 0x25,
	0x25, 0x25, 0x25, 0x25, 0x25, 0x21, 0x25, 0x21, 0x25, 0x21, 0x21, 0x10, 0x21, 0x21, 0x10, 0x00,
	0x00, 0x00, 0x00, 0x00, 0x00, 0x00, 0x00, 0x00, 0x00, 0x00, 0x00, 0x00, 0x00, 0x00, 0x00, 0x00,
	0x00, 0x00, 0x00, 0x00, 0x00, 0x00, 0x00, 0x00, 0x00, 0x00, 0x00, 0x00, 0x00, 0x00, 0x00, 0x00,
	0x00, 0x10, 0x21, 0x25, 0x21, 0x25, 0x29, 0x25, 0x25, 0x25, 0x25, 0x25, 0x25, 0x25, 0x25, 0x25,
	0x25, 0x25, 0x25, 0x29, 0x25, 0x25, 0x25, 0x25, 0x29, 0x25, 0x21, 0x21, 0x21, 0x21, 0x10, 0x00,
	0x00, 0x00, 0x00, 0x00, 0x00, 0x00, 0x00, 0x00, 0x00, 0x00, 0x00, 0x00, 0x00, 0x00, 0x00, 0x00,
	0x00, 0x00, 0x00, 0x00, 0x00, 0x00, 0x00, 0x00, 0x00, 0x00, 0x00, 0x00, 0x00, 0x00, 0x00, 0x00,
	0x00, 0x10, 0x21, 0x25, 0x21, 0x25, 0x29, 0x25, 0x25, 0x25, 0x25, 0x25, 0x25, 0x25, 0x25, 0x25,
	0x25, 0x25, 0x25, 0x25, 0x25, 0x25, 0x25, 0x25, 0x25, 0x25, 0x21, 0x21, 0x21, 0x21, 0x10, 0x00,
	0x00, 0x00, 0x00, 0x00, 0x00, 0x00, 0x00, 0x00, 0x00, 0x00, 0x00, 0x00, 0x00, 0x00, 0x00, 0x00,
	0x00, 0x00, 0x00, 0x00, 0x00, 0x00, 0x00, 0x00, 0x00, 0x00, 0x00, 0x00, 0x00, 0x00, 0x00, 0x00,
	0x00, 0x10, 0x21, 0x25, 0x21, 0x25, 0x29, 0x25, 0x25, 0x25, 0x25, 0x25, 0x25, 0x25, 0x25, 0x25,
	0x25, 0x25, 0x25, 0x25, 0x25, 0x25, 0x25, 0x25, 0x25, 0x21, 0x21, 0x21, 0x21, 0x10, 0x00, 0x00,
	0x00, 0x00, 0x00, 0x00, 0x00, 0x00, 0x00, 0x00, 0x00, 0x00, 0x00, 0x00, 0x00, 0x00, 0x00, 0x00,
};

const unsigned char gfx_bubguy1[] = {
		//0x01, // colour mode, 1=256colours, 2=16 colours, 4=4 colours, 8=2 colours
			//0x00, 0x1D, // WIDTH
			//0x00, 0x45, // HEIGHT
			//0x07, 0xD1, // LENGTH
			0x00, 0x00, 0x00, 0x00, 0x00, 0x00, 0x00, 0x00, 0x00, 0x00, 0x00, 0x00, 0x00, 0x00, 0x00, 0x00,
			0x00, 0x00, 0x00, 0x00, 0x00, 0x00, 0x00, 0x00, 0x00, 0x00, 0x00, 0x00, 0x00, 0x00, 0x00, 0x00,
			0x00, 0x00, 0x00, 0x00, 0x00, 0x00, 0x00, 0x00, 0x00, 0x00, 0x00, 0x00, 0x00, 0x00, 0x00, 0x00,
			0x00, 0x00, 0x00, 0x00, 0x00, 0x00, 0x00, 0x00, 0x00, 0x00, 0x00, 0x00, 0x00, 0x00, 0x00, 0x00,
			0x00, 0x00, 0x00, 0x00, 0x00, 0x00, 0x00, 0x00, 0x00, 0x00, 0x00, 0x00, 0x00, 0x00, 0x00, 0x00,
			0x00, 0x00, 0x00, 0x00, 0x00, 0x00, 0x00, 0x00, 0x00, 0x00, 0x00, 0x00, 0x00, 0x00, 0x00, 0x00,
			0x00, 0x00, 0x00, 0x00, 0x00, 0x00, 0x00, 0x00, 0x00, 0x00, 0x00, 0x00, 0x00, 0x00, 0x00, 0x00,
			0x00, 0x00, 0x00, 0x00, 0x00, 0x00, 0x00, 0x00, 0x00, 0x00, 0x00, 0x00, 0x00, 0x00, 0x00, 0x00,
			0x00, 0x00, 0x00, 0x00, 0x00, 0x00, 0x00, 0x00, 0x00, 0x00, 0x00, 0x00, 0x00, 0x00, 0x00, 0x00,
			0x00, 0x00, 0x00, 0x00, 0x00, 0x00, 0x00, 0x00, 0x00, 0x00, 0x00, 0x00, 0x00, 0x00, 0x00, 0x00,
			0x00, 0x00, 0x00, 0x00, 0x00, 0x00, 0x00, 0x00, 0x00, 0x00, 0x00, 0x00, 0x00, 0x00, 0x00, 0x00,
			0x00, 0x00, 0x00, 0x00, 0x00, 0x00, 0x00, 0x00, 0x00, 0x00, 0x00, 0x00, 0x00, 0x00, 0x00, 0x00,
			0x00, 0x00, 0x00, 0x00, 0x00, 0x00, 0x00, 0x00, 0x00, 0x00, 0x00, 0x00, 0x00, 0x00, 0x00, 0x00,
			0x00, 0x00, 0x00, 0x00, 0x00, 0x00, 0x00, 0x00, 0x00, 0x00, 0x10, 0x10, 0x00, 0x00, 0x00, 0x00,
			0x00, 0x00, 0x00, 0x00, 0x00, 0x00, 0x00, 0x00, 0x00, 0x00, 0x00, 0x00, 0x00, 0x00, 0x00, 0x00,
			0x00, 0x00, 0x00, 0x00, 0x10, 0x10, 0x10, 0x30, 0x34, 0x10, 0x00, 0x00, 0x00, 0x00, 0x00, 0x00,
			0x00, 0x00, 0x00, 0x00, 0x00, 0x00, 0x00, 0x00, 0x00, 0x00, 0x00, 0x00, 0x00, 0x00, 0x00, 0x10,
			0x11, 0x34, 0x34, 0x30, 0x30, 0x34, 0x10, 0x00, 0x00, 0x00, 0x70, 0x2D, 0xF4, 0xF4, 0x6C, 0x00,
			0x00, 0x00, 0x00, 0x00, 0x00, 0x00, 0x00, 0x00, 0x00, 0x00, 0x00, 0x10, 0x34, 0x34, 0x30, 0x30,
			0x30, 0x30, 0x30, 0x34, 0x11, 0xF4, 0x2D, 0x1D, 0x2D, 0x2D, 0x1D, 0x2D, 0x70, 0x00, 0x00, 0x00,
			0x00, 0x00, 0x00, 0x00, 0x00, 0x00, 0x00, 0x12, 0x34, 0x34, 0x30, 0x34, 0x30, 0x30, 0x30, 0x34,
			0x11, 0x70, 0x2D, 0xF4, 0x2D, 0xF4, 0x70, 0x6C, 0x2D, 0x1D, 0x00, 0x00, 0x00, 0x00, 0x00, 0x00,
			0x00, 0x00, 0x00, 0x00, 0x10, 0x34, 0x34, 0x34, 0x34, 0x30, 0x30, 0x30, 0x10, 0x70, 0x6C, 0x70,
			0x6C, 0x10, 0x70, 0x70, 0x00, 0x70, 0xF4, 0x00, 0x00, 0x00, 0x00, 0x00, 0x00, 0x00, 0x00, 0x00,
			0x00, 0x00, 0x10, 0x10, 0x34, 0x30, 0x34, 0x30, 0x30, 0x10, 0x11, 0x6C, 0x10, 0x11, 0x00, 0x00,
			0x70, 0x00, 0x00, 0xF4, 0x00, 0x00, 0x00, 0x00, 0x00, 0x00, 0x00, 0x00, 0x00, 0x00, 0x00, 0x10,
			0x34, 0x34, 0x34, 0x30, 0x34, 0x10, 0x10, 0x10, 0x7D, 0x11, 0x00, 0x00, 0x00, 0x00, 0x00, 0x00,
			0x00, 0x00, 0x00, 0x00, 0x00, 0x00, 0x00, 0x00, 0x00, 0x00, 0x00, 0x00, 0x10, 0x34, 0x30, 0x11,
			0x10, 0x10, 0x10, 0xBA, 0x1A, 0x10, 0x71, 0x10, 0x00, 0x00, 0x00, 0x00, 0x00, 0x00, 0x00, 0x00,
			0x00, 0x00, 0x00, 0x00, 0x00, 0x00, 0x00, 0x00, 0x10, 0x30, 0x10, 0x10, 0x70, 0x1D, 0x2D, 0x10,
			0x1A, 0xBF, 0x10, 0x10, 0x07, 0xBA, 0x1A, 0x10, 0x00, 0x00, 0x00, 0x00, 0x00, 0x00, 0x00, 0x00,
			0x00, 0x00, 0x00, 0x00, 0x11, 0x30, 0x10, 0x6C, 0x70, 0x58, 0x58, 0x70, 0x2D, 0x10, 0x1A, 0x1A,
			0x81, 0x7D, 0x7D, 0x7E, 0x11, 0x00, 0x00, 0x00, 0x00, 0x00, 0x00, 0x00, 0x00, 0x00, 0x00, 0x00,
			0x10, 0x30, 0x10, 0x10, 0x70, 0xF4, 0x82, 0xBA, 0x70, 0x6C, 0x11, 0x07, 0xBA, 0xBA, 0x7E, 0x10,
			0x00, 0x00, 0x00, 0x00, 0x00, 0x00, 0x00, 0x00, 0x00, 0x00, 0x00, 0x00, 0x10, 0x30, 0x10, 0x34,
			0x11, 0x1D, 0x70, 0x81, 0x75, 0x81, 0x10, 0x7D, 0x81, 0x7E, 0x7E, 0x81, 0x07, 0x07, 0x10, 0x00,
			0x00, 0x00, 0x00, 0x00, 0x00, 0x00, 0x00, 0x00, 0x10, 0x30, 0x34, 0x34, 0x11, 0x34, 0x10, 0x5C,
			0x58, 0x6D, 0x81, 0x7D, 0x81, 0x7D, 0x81, 0x81, 0x7D, 0x81, 0x81, 0x6D, 0x10, 0x00, 0x00, 0x00,
			0x00, 0x00, 0x00, 0x00, 0x00, 0x30, 0x34, 0x34, 0x34, 0x34, 0x10, 0x10, 0x5C, 0x58, 0x10, 0x71,
			0x79, 0x7D, 0x81, 0x71, 0x6D, 0x34, 0x34, 0x10, 0x11, 0x00, 0x00, 0x00, 0x00, 0x00, 0x00, 0x00,
			0x00, 0x00, 0x10, 0x11, 0x11, 0x10, 0x11, 0x00, 0x00, 0x11, 0x10, 0x11, 0x10, 0x71, 0x75, 0x81,
			0x75, 0x75, 0x11, 0x11, 0x00, 0x00, 0x00, 0x00, 0x00, 0x00, 0x00, 0x00, 0x00, 0x00, 0x00, 0x00,
			0x00, 0x00, 0x00, 0x00, 0x00, 0x00, 0x00, 0x00, 0x10, 0x10, 0x34, 0x75, 0x75, 0x79, 0x10, 0x00,
			0x00, 0x00, 0x00, 0x00, 0x00, 0x00, 0x00, 0x00, 0x00, 0x00, 0x00, 0x00, 0x00, 0x00, 0x00, 0x00,
			0x00, 0x00, 0x00, 0x00, 0x00, 0x00, 0x00, 0x10, 0x75, 0x75, 0x10, 0x00, 0x00, 0x00, 0x00, 0x00,
			0x00, 0x00, 0x00, 0x00, 0x00, 0x00, 0x00, 0x00, 0x00, 0x00, 0x00, 0x00, 0x00, 0x00, 0x00, 0x00,
			0x00, 0x00, 0x00, 0x00, 0x10, 0x75, 0x81, 0x10, 0x00, 0x00, 0x00, 0x00, 0x00, 0x00, 0x00, 0x00,
			0x00, 0x00, 0x00, 0x00, 0x00, 0x00, 0x00, 0x00, 0x00, 0x00, 0x00, 0x00, 0x00, 0x00, 0x00, 0x00,
			0x00, 0x10, 0x79, 0x7D, 0x81, 0x10, 0x00, 0x00, 0x00, 0x00, 0x00, 0x00, 0x00, 0x00, 0x00, 0x00,
			0x00, 0x00, 0x00, 0x00, 0x00, 0x00, 0x00, 0x00, 0x00, 0x00, 0x00, 0x00, 0x00, 0x00, 0x11, 0x75,
			0x81, 0x07, 0x10, 0x00, 0x00, 0x00, 0x00, 0x00, 0x00, 0x00, 0x00, 0x00, 0x00, 0x00, 0x00, 0x00,
			0x00, 0x00, 0x00, 0x00, 0x00, 0x00, 0x00, 0x00, 0x00, 0x00, 0x00, 0x10, 0x75, 0x81, 0x75, 0x11,
			0x00, 0x00, 0x00, 0x00, 0x00, 0x00, 0x00, 0x00, 0x00, 0x00, 0x00, 0x00, 0x00, 0x00, 0x00, 0x00,
			0x00, 0x00, 0x00, 0x00, 0x00, 0x00, 0x00, 0x00, 0x11, 0x75, 0x81, 0x10, 0x00, 0x00, 0x00, 0x00,
			0x00, 0x00, 0x00, 0x00, 0x00, 0x00, 0x00, 0x00, 0x00, 0x00, 0x00, 0x00, 0x00, 0x00, 0x00, 0x00,
			0x00, 0x00, 0x00, 0x00, 0x00, 0x10, 0x79, 0x7D, 0x10, 0x00, 0x00, 0x00, 0x00, 0x00, 0x00, 0x00,
			0x00, 0x00, 0x00, 0x00, 0x00, 0x00, 0x00, 0x00, 0x00, 0x00, 0x00, 0x00, 0x00, 0x00, 0x00, 0x00,
			0x00, 0x00, 0x10, 0x75, 0x7D, 0x75, 0x10, 0x00, 0x00, 0x00, 0x00, 0x00, 0x00, 0x00, 0x00, 0x00,
			0x00, 0x00, 0x00, 0x00, 0x00, 0x00, 0x00, 0x00, 0x00, 0x00, 0x00, 0x00, 0x00, 0x00, 0x00, 0x10,
			0x79, 0x81, 0xBA, 0x10, 0x00, 0x00, 0x00, 0x00, 0x00, 0x00, 0x00, 0x00, 0x00, 0x00, 0x00, 0x00,
			0x00, 0x00, 0x00, 0x00, 0x00, 0x00, 0x00, 0x00, 0x00, 0x00, 0x00, 0x00, 0x10, 0x79, 0x7D, 0x7D,
			0x10, 0x00, 0x00, 0x00, 0x00, 0x00, 0x00, 0x00, 0x00, 0x00, 0x00, 0x00, 0x00, 0x00, 0x00, 0x00,
			0x00, 0x00, 0x00, 0x00, 0x00, 0x00, 0x00, 0x00, 0x00, 0x10, 0x71, 0x7D, 0x7D, 0x7E, 0x12, 0x00,
			0x00, 0x00, 0x00, 0x00, 0x00, 0x00, 0x00, 0x00, 0x00, 0x00, 0x00, 0x00, 0x00, 0x00, 0x00, 0x00,
			0x00, 0x00, 0x00, 0x00, 0x00, 0x00, 0x10, 0x11, 0x10, 0x81, 0x7D, 0x10, 0x00, 0x00, 0x00, 0x00,
			0x00, 0x00, 0x00, 0x00, 0x00, 0x00, 0x00, 0x00, 0x00, 0x00, 0x00, 0x00, 0x00, 0x00, 0x00, 0x00,
			0x00, 0x00, 0x10, 0xA6, 0x22, 0xAC, 0x10, 0xBA, 0x71, 0x11, 0x00, 0x00, 0x00, 0x00, 0x00, 0x00,
			0x00, 0x00, 0x00, 0x00, 0x00, 0x00, 0x00, 0x00, 0x00, 0x00, 0x00, 0x00, 0x00, 0x00, 0x10, 0xA6,
			0x58, 0x71, 0x71, 0x22, 0x58, 0x71, 0x5C, 0x10, 0x00, 0x00, 0x00, 0x00, 0x00, 0x00, 0x00, 0x00,
			0x00, 0x00, 0x00, 0x00, 0x00, 0x00, 0x00, 0x00, 0x00, 0x00, 0x00, 0x11, 0x22, 0x71, 0x81, 0x7E,
			0x07, 0x11, 0x71, 0x71, 0x10, 0x00, 0x00, 0x00, 0x00, 0x00, 0x00, 0x00, 0x00, 0x00, 0x00, 0x00,
			0x00, 0x00, 0x00, 0x00, 0x00, 0x00, 0x00, 0x10, 0x17, 0xAC, 0x6D, 0x82, 0x7D, 0x1A, 0x11, 0x10,
			0x6D, 0xA6, 0x10, 0x00, 0x00, 0x00, 0x00, 0x00, 0x00, 0x00, 0x00, 0x00, 0x00, 0x00, 0x00, 0x00,
			0x00, 0x00, 0x00, 0x00, 0x10, 0x22, 0x5C, 0x81, 0x7D, 0x81, 0x7D, 0x07, 0x10, 0xAC, 0x18, 0x10,
			0x00, 0x00, 0x00, 0x00, 0x00, 0x00, 0x00, 0x00, 0x00, 0x00, 0x00, 0x00, 0x00, 0x00, 0x00, 0x00,
			0x00, 0x10, 0x22, 0x71, 0x7D, 0x71, 0x7D, 0x7D, 0x07, 0x10, 0x18, 0x18, 0x11, 0x00, 0x00, 0x00,
			0x00, 0x00, 0x00, 0x00, 0x00, 0x00, 0x00, 0x00, 0x00, 0x00, 0x00, 0x00, 0x00, 0x00, 0x11, 0xAC,
			0x6D, 0x81, 0x58, 0x5C, 0x7D, 0x07, 0x7E, 0x10, 0x18, 0x17, 0x10, 0x00, 0x00, 0x00, 0x00, 0x00,
			0x00, 0x00, 0x00, 0x00, 0x00, 0x00, 0x00, 0x00, 0x00, 0x00, 0x00, 0x10, 0x18, 0x71, 0x7D, 0x71,
			0x10, 0x71, 0x7D, 0x07, 0x10, 0x17, 0x10, 0x10, 0x00, 0x00, 0x00, 0x00, 0x00, 0x00, 0x00, 0x00,
			0x00, 0x00, 0x00, 0x00, 0x00, 0x00, 0x00, 0x00, 0x11, 0x17, 0x75, 0x75, 0x79, 0x10, 0x58, 0x81,
			0x81, 0x07, 0x10, 0x18, 0x10, 0x10, 0x00, 0x00, 0x00, 0x00, 0x00, 0x00, 0x00, 0x00, 0x00, 0x00,
			0x00, 0x00, 0x00, 0x00, 0x00, 0x10, 0x17, 0x6D, 0x75, 0x75, 0x5C, 0x10, 0x71, 0x7D, 0x07, 0x10,
			0x10, 0x18, 0x10, 0x00, 0x00, 0x00, 0x00, 0x00, 0x00, 0x00, 0x00, 0x00, 0x00, 0x00, 0x00, 0x00,
			0x00, 0x00, 0x10, 0x18, 0x58, 0x6D, 0x71, 0x5C, 0x17, 0x11, 0x75, 0x7D, 0x82, 0x11, 0x10, 0x10,
			0x10, 0x10, 0x00, 0x00, 0x00, 0x00, 0x00, 0x00, 0x00, 0x00, 0x00, 0x00, 0x00, 0x00, 0x00, 0x10,
			0x18, 0x10, 0x5C, 0x5C, 0x11, 0x18, 0x18, 0x58, 0x81, 0x7D, 0x7D, 0x81, 0x07, 0x7D, 0x71, 0x12,
			0x00, 0x00, 0x00, 0x00, 0x00, 0x00, 0x00, 0x00, 0x00, 0x00, 0x00, 0x00, 0x10, 0x18, 0x18, 0x18,
			0x17, 0x17, 0x18, 0x18, 0x10, 0x75, 0x81, 0x81, 0x07, 0x81, 0x07, 0x7D, 0x10, 0x00, 0x00, 0x00,
			0x00, 0x00, 0x00, 0x00, 0x00, 0x00, 0x00, 0x00, 0x00, 0x10, 0x18, 0x18, 0x17, 0x18, 0x17, 0x17,
			0x18, 0x18, 0x5C, 0x7D, 0x81, 0x7D, 0x07, 0x1A, 0x10, 0x10, 0x00, 0x00, 0x00, 0x00, 0x00, 0x00,
			0x00, 0x00, 0x00, 0x00, 0x00, 0x00, 0x10, 0x18, 0x17, 0x18, 0x17, 0x18, 0x18, 0x17, 0x17, 0x10,
			0x75, 0x81, 0x7D, 0xBF, 0x7E, 0x7D, 0x10, 0x00, 0x00, 0x00, 0x00, 0x00, 0x00, 0x00, 0x00, 0x00,
			0x00, 0x00, 0x00, 0x11, 0x17, 0x17, 0x18, 0x18, 0x18, 0x18, 0x18, 0x18, 0x10, 0x71, 0x7D, 0x82,
			0x1A, 0x6D, 0x71, 0x12, 0x00, 0x00, 0x00, 0x00, 0x00, 0x00, 0x00, 0x00, 0x00, 0x00, 0x00, 0x00,
			0x00, 0x11, 0x18, 0x17, 0x18, 0x18, 0x17, 0x17, 0x17, 0x18, 0x11, 0x81, 0xBA, 0x6D, 0x6D, 0x10,
			0x00, 0x00, 0x00, 0x00, 0x00, 0x00, 0x00, 0x00, 0x00, 0x00, 0x00, 0x00, 0x00, 0x00, 0x10, 0x18,
			0x17, 0x17, 0x18, 0x18, 0x17, 0x17, 0x18, 0x10, 0x6D, 0x71, 0x6D, 0x10, 0x10, 0x00, 0x00, 0x00,
			0x00, 0x00, 0x00, 0x00, 0x00, 0x00, 0x00, 0x00, 0x00, 0x00, 0x00, 0x00, 0x10, 0x10, 0x18, 0x18,
			0x18, 0x18, 0x18, 0x17, 0x18, 0x10, 0x10, 0x10, 0x18, 0x10, 0x00, 0x00, 0x00, 0x00, 0x00, 0x00,
			0x00, 0x00, 0x00, 0x00, 0x00, 0x00, 0x00, 0x00, 0x00, 0x11, 0x10, 0x10, 0x10, 0x17, 0x18, 0x17,
			0x18, 0x18, 0x18, 0x18, 0x18, 0xA6, 0x10, 0x00, 0x00, 0x00, 0x00, 0x00, 0x00, 0x00, 0x00, 0x00,
			0x00, 0x00, 0x00, 0x00, 0x00, 0x00, 0x10, 0x10, 0x11, 0x10, 0x10, 0x18, 0x17, 0x18, 0x17, 0x18,
			0xAC, 0x22, 0xA6, 0x10, 0x00, 0x00, 0x00, 0x00, 0x00, 0x00, 0x00, 0x00, 0x00, 0x00, 0x00, 0x00,
			0x00, 0x00, 0x00, 0x00, 0x10, 0x18, 0x18, 0x18, 0x18, 0x18, 0x17, 0x18, 0x17, 0x18, 0x22, 0x22,
			0x10, 0x00, 0x00, 0x00, 0x00, 0x00, 0x00, 0x00, 0x00, 0x00, 0x00, 0x00, 0x00, 0x00, 0x00, 0x10,
			0x10, 0x17, 0x17, 0x17, 0x18, 0x17, 0x17, 0x18, 0x17, 0x17, 0x18, 0xAC, 0x10, 0x00, 0x00, 0x00,
			0x00, 0x00, 0x00, 0x00, 0x00, 0x00, 0x00, 0x00, 0x00, 0x00, 0x00, 0x10, 0x58, 0x6D, 0x10, 0x18,
			0x17, 0x18, 0x18, 0x18, 0x17, 0x18, 0x18, 0x18, 0x18, 0x10, 0x00, 0x00, 0x00, 0x00, 0x00, 0x00,
			0x00, 0x00, 0x00, 0x00, 0x00, 0x00, 0x00, 0x00, 0x10, 0x6D, 0x81, 0x7D, 0x10, 0x18, 0x18, 0x18,
			0x17, 0x18, 0x18, 0x17, 0x17, 0x12, 0x00, 0x00, 0x00, 0x00, 0x00, 0x00, 0x00, 0x00, 0x00, 0x00,
			0x00, 0x00, 0x00, 0x00, 0x00, 0x10, 0x6D, 0x7D, 0x81, 0x7D, 0x11, 0x18, 0x18, 0x17, 0x18, 0x18,
			0x10, 0x10, 0x00, 0x00, 0x00, 0x00, 0x00, 0x00, 0x00, 0x00, 0x00, 0x00, 0x00, 0x00, 0x00, 0x00,
			0x00, 0x00, 0x00, 0x10, 0x81, 0x81, 0x7D, 0x1A, 0x10, 0x18, 0x18, 0x18, 0x11, 0x10, 0x00, 0x00,
			0x00, 0x00, 0x00, 0x00, 0x00, 0x00, 0x00, 0x00, 0x00, 0x00, 0x00, 0x00, 0x00, 0x00, 0x00, 0x00,
			0x10, 0x6D, 0x81, 0x7D, 0x1A, 0x7E, 0x10, 0x18, 0x11, 0x17, 0x10, 0x00, 0x00, 0x00, 0x00, 0x00,
			0x00, 0x00, 0x00, 0x00, 0x00, 0x00, 0x00, 0x00, 0x00, 0x00, 0x00, 0x00, 0x00, 0x10, 0x11, 0x7D,
			0x81, 0x7D, 0xF7, 0x7D, 0x11, 0x11, 0x10, 0x10, 0x00, 0x11, 0x10, 0x00, 0x00, 0x00, 0x00, 0x00,
			0x00, 0x00, 0x00, 0x00, 0x00, 0x00, 0x00, 0x00, 0x00, 0x00, 0x10, 0x10, 0x71, 0x81, 0x81, 0x7D,
			0x7D, 0x10, 0x5C, 0x6D, 0x10, 0x11, 0x7D, 0x82, 0x10, 0x00, 0x00, 0x00, 0x00, 0x00, 0x00, 0x00,
			0x00, 0x00, 0x00, 0x00, 0x00, 0x00, 0x00, 0x00, 0x10, 0x10, 0x7D, 0x7D, 0x81, 0x81, 0x7D, 0x10,
			0x71, 0x6D, 0x7D, 0x7D, 0x81, 0x7D, 0x10, 0x00, 0x00, 0x00, 0x00, 0x00, 0x00, 0x00, 0x00, 0x00,
			0x00, 0x00, 0x00, 0x00, 0x00, 0x10, 0x5C, 0x11, 0x71, 0x7D, 0x7D, 0x7D, 0x10, 0x5C, 0x5C, 0x71,
			0x71, 0x79, 0x75, 0x11, 0x00, 0x00, 0x00, 0x00, 0x00, 0x00, 0x00, 0x00, 0x00, 0x00, 0x00, 0x00,
			0x00, 0x00, 0x10, 0x10, 0x58, 0x10, 0x11, 0x10, 0x10, 0x11, 0x10, 0x10, 0x10, 0x10, 0x10, 0x11,
			0x00,

};

const unsigned char gfx_bubguy2[] = {
		//0x01, // colour mode, 1=256colours, 2=16 colours, 4=4 colours, 8=2 colours
			//0x00, 0x24, // WIDTH
			//0x00, 0x45, // HEIGHT
			//0x09, 0xB4, // LENGTH
			0x00, 0x00, 0x00, 0x00, 0x00, 0x00, 0x00, 0x00, 0x00, 0x00, 0x00, 0x00, 0x00, 0x00, 0x00, 0x00,
			0x00, 0x00, 0x00, 0x00, 0x00, 0x00, 0x00, 0x00, 0x00, 0x00, 0x00, 0x00, 0x00, 0x00, 0x00, 0x00,
			0x00, 0x00, 0x00, 0x00, 0x00, 0x00, 0x00, 0x00, 0x00, 0x00, 0x00, 0x00, 0x00, 0x00, 0x00, 0x00,
			0x00, 0x00, 0x00, 0x00, 0x00, 0x00, 0x00, 0x00, 0x00, 0x00, 0x00, 0x00, 0x00, 0x00, 0x00, 0x00,
			0x00, 0x00, 0x00, 0x00, 0x00, 0x00, 0x00, 0x00, 0x00, 0x00, 0x00, 0x00, 0x00, 0x00, 0x00, 0x00,
			0x00, 0x00, 0x00, 0x00, 0x00, 0x00, 0x00, 0x00, 0x00, 0x00, 0x00, 0x00, 0x00, 0x00, 0x00, 0x00,
			0x00, 0x00, 0x00, 0x00, 0x00, 0x00, 0x00, 0x00, 0x00, 0x00, 0x00, 0x00, 0x00, 0x00, 0x00, 0x00,
			0x00, 0x00, 0x00, 0x00, 0x00, 0x00, 0x00, 0x00, 0x00, 0x00, 0x00, 0x00, 0x00, 0x00, 0x00, 0x00,
			0x00, 0x00, 0x00, 0x00, 0x00, 0x00, 0x00, 0x00, 0x00, 0x00, 0x00, 0x00, 0x00, 0x00, 0x00, 0x00,
			0x00, 0x00, 0x00, 0x00, 0x00, 0x00, 0x00, 0x00, 0x00, 0x00, 0x00, 0x00, 0x00, 0x00, 0x00, 0x00,
			0x00, 0x00, 0x00, 0x00, 0x00, 0x00, 0x00, 0x00, 0x00, 0x00, 0x00, 0x00, 0x00, 0x00, 0x00, 0x00,
			0x00, 0x00, 0x00, 0x00, 0x00, 0x00, 0x00, 0x00, 0x00, 0x00, 0x00, 0x00, 0x00, 0x00, 0x00, 0x00,
			0x00, 0x00, 0x00, 0x11, 0x10, 0x00, 0x00, 0x00, 0x00, 0x00, 0x00, 0x00, 0x00, 0x00, 0x00, 0x00,
			0x00, 0x00, 0x00, 0x00, 0x00, 0x00, 0x00, 0x00, 0x00, 0x00, 0x00, 0x00, 0x00, 0x00, 0x00, 0x00,
			0x00, 0x00, 0x00, 0x00, 0x10, 0x10, 0x10, 0x30, 0x34, 0x10, 0x00, 0x00, 0x00, 0x00, 0x00, 0x00,
			0x00, 0x00, 0x00, 0x00, 0x00, 0x00, 0x00, 0x00, 0x00, 0x00, 0x00, 0x00, 0x00, 0x00, 0x00, 0x00,
			0x00, 0x00, 0x00, 0x00, 0x00, 0x00, 0x10, 0x10, 0x34, 0x34, 0x30, 0x30, 0x34, 0x10, 0x00, 0x00,
			0x00, 0x00, 0x00, 0x00, 0x00, 0x00, 0x00, 0x00, 0x00, 0x00, 0x00, 0x00, 0x00, 0x00, 0x00, 0x00,
			0x00, 0x00, 0x00, 0x00, 0x00, 0x00, 0x00, 0x00, 0x00, 0x11, 0x34, 0x34, 0x30, 0x30, 0x30, 0x30,
			0x30, 0x34, 0x10, 0xF4, 0x2D, 0x70, 0x2D, 0xF4, 0x2D, 0x70, 0x00, 0x00, 0x00, 0x00, 0x00, 0x00,
			0x00, 0x00, 0x00, 0x00, 0x00, 0x00, 0x00, 0x00, 0x00, 0x00, 0x00, 0x00, 0x10, 0x34, 0x34, 0x30,
			0x34, 0x30, 0x30, 0x30, 0x34, 0x11, 0x70, 0xF4, 0xF4, 0xF4, 0x2D, 0x2D, 0xF4, 0x2D, 0x70, 0x00,
			0x00, 0x00, 0x00, 0x00, 0x00, 0x00, 0x00, 0x00, 0x00, 0x00, 0x00, 0x00, 0x00, 0x00, 0x00, 0x00,
			0x10, 0x34, 0x34, 0x34, 0x34, 0x30, 0x30, 0x30, 0x10, 0x6C, 0x74, 0x6C, 0x6C, 0xF4, 0x2D, 0x6C,
			0x74, 0xF4, 0xF4, 0x00, 0x00, 0x00, 0x00, 0x00, 0x00, 0x00, 0x00, 0x00, 0x00, 0x00, 0x00, 0x00,
			0x00, 0x00, 0x00, 0x00, 0x00, 0x10, 0x10, 0x34, 0x30, 0x34, 0x30, 0x30, 0x10, 0x11, 0x6C, 0x10,
			0x10, 0x10, 0x74, 0x6C, 0x00, 0x70, 0x2D, 0x00, 0x00, 0x00, 0x00, 0x00, 0x00, 0x00, 0x00, 0x00,
			0x00, 0x00, 0x00, 0x00, 0x00, 0x00, 0x00, 0x00, 0x00, 0x10, 0x34, 0x34, 0x34, 0x30, 0x34, 0x10,
			0x10, 0x11, 0x81, 0x10, 0x00, 0x00, 0x00, 0x70, 0x00, 0x00, 0xF4, 0x00, 0x00, 0x00, 0x00, 0x00,
			0x00, 0x00, 0x00, 0x00, 0x00, 0x00, 0x00, 0x00, 0x00, 0x00, 0x00, 0x00, 0x00, 0x10, 0x34, 0x30,
			0x10, 0x10, 0x10, 0x10, 0xBE, 0x1A, 0x10, 0x6D, 0x10, 0x00, 0x00, 0x00, 0x00, 0x00, 0x00, 0x00,
			0x00, 0x00, 0x00, 0x00, 0x00, 0x00, 0x00, 0x00, 0x00, 0x00, 0x00, 0x00, 0x00, 0x00, 0x00, 0x00,
			0x10, 0x30, 0x10, 0x10, 0x70, 0xF4, 0x2D, 0x10, 0xBE, 0x1A, 0x10, 0x10, 0xBA, 0xBE, 0x1A, 0x10,
			0x00, 0x00, 0x00, 0x00, 0x00, 0x00, 0x00, 0x00, 0x00, 0x00, 0x00, 0x00, 0x00, 0x00, 0x00, 0x00,
			0x00, 0x00, 0x00, 0x10, 0x30, 0x11, 0x70, 0x6C, 0x58, 0x5C, 0x6C, 0xF4, 0x10, 0x1A, 0x1A, 0x7D,
			0x7D, 0x7D, 0x07, 0x10, 0x00, 0x00, 0x00, 0x00, 0x00, 0x00, 0x00, 0x00, 0x00, 0x00, 0x00, 0x00,
			0x00, 0x00, 0x00, 0x00, 0x00, 0x00, 0x11, 0x30, 0x10, 0x10, 0x6C, 0x2D, 0x82, 0x1A, 0x6C, 0x74,
			0x10, 0x07, 0xBE, 0xBE, 0xBA, 0x10, 0x00, 0x00, 0x00, 0x00, 0x00, 0x00, 0x00, 0x00, 0x00, 0x00,
			0x00, 0x00, 0x00, 0x00, 0x00, 0x00, 0x00, 0x00, 0x00, 0x10, 0x30, 0x10, 0x34, 0x11, 0x2D, 0x70,
			0x7D, 0x75, 0x7D, 0x11, 0x7D, 0x81, 0xBA, 0xBA, 0x7D, 0x07, 0x82, 0x10, 0x00, 0x00, 0x00, 0x00,
			0x00, 0x00, 0x00, 0x00, 0x00, 0x00, 0x00, 0x00, 0x00, 0x00, 0x00, 0x00, 0x11, 0x30, 0x34, 0x34,
			0x10, 0x34, 0x10, 0x5C, 0x5C, 0x6D, 0x81, 0x7D, 0x81, 0x7D, 0x7D, 0x7D, 0x81, 0x7D, 0x7D, 0x71,
			0x10, 0x00, 0x00, 0x00, 0x00, 0x00, 0x00, 0x00, 0x00, 0x00, 0x00, 0x00, 0x00, 0x00, 0x00, 0x00,
			0x30, 0x34, 0x34, 0x34, 0x34, 0x10, 0x10, 0x58, 0x58, 0x10, 0x6D, 0x79, 0x7D, 0x7D, 0x6D, 0x75,
			0x34, 0x34, 0x11, 0x10, 0x00, 0x00, 0x00, 0x00, 0x00, 0x00, 0x00, 0x00, 0x00, 0x00, 0x00, 0x00,
			0x00, 0x00, 0x00, 0x00, 0x10, 0x10, 0x10, 0x10, 0x10, 0x00, 0x00, 0x10, 0x10, 0x10, 0x10, 0x71,
			0x79, 0x7D, 0x75, 0x75, 0x10, 0x10, 0x00, 0x00, 0x00, 0x00, 0x00, 0x00, 0x00, 0x00, 0x00, 0x00,
			0x00, 0x00, 0x00, 0x00, 0x00, 0x00, 0x00, 0x00, 0x00, 0x00, 0x00, 0x00, 0x00, 0x00, 0x00, 0x00,
			0x00, 0x11, 0x10, 0x34, 0x75, 0x75, 0x75, 0x10, 0x00, 0x00, 0x00, 0x00, 0x00, 0x00, 0x00, 0x00,
			0x00, 0x00, 0x00, 0x00, 0x00, 0x00, 0x00, 0x00, 0x00, 0x00, 0x00, 0x00, 0x00, 0x00, 0x00, 0x00,
			0x00, 0x00, 0x00, 0x00, 0x00, 0x00, 0x00, 0x11, 0x79, 0x79, 0x10, 0x00, 0x00, 0x00, 0x00, 0x00,
			0x00, 0x00, 0x00, 0x00, 0x00, 0x00, 0x00, 0x00, 0x00, 0x00, 0x00, 0x00, 0x00, 0x00, 0x00, 0x00,
			0x00, 0x00, 0x00, 0x00, 0x00, 0x00, 0x00, 0x00, 0x00, 0x00, 0x00, 0x10, 0x75, 0x81, 0x10, 0x00,
			0x00, 0x00, 0x00, 0x00, 0x00, 0x00, 0x00, 0x00, 0x00, 0x00, 0x00, 0x00, 0x00, 0x00, 0x00, 0x00,
			0x00, 0x00, 0x00, 0x00, 0x00, 0x00, 0x00, 0x00, 0x00, 0x00, 0x00, 0x00, 0x00, 0x00, 0x00, 0x10,
			0x79, 0x7D, 0x81, 0x10, 0x00, 0x00, 0x00, 0x00, 0x00, 0x00, 0x00, 0x00, 0x00, 0x00, 0x00, 0x00,
			0x00, 0x00, 0x00, 0x00, 0x00, 0x00, 0x00, 0x00, 0x00, 0x00, 0x00, 0x00, 0x00, 0x00, 0x00, 0x00,
			0x00, 0x00, 0x00, 0x10, 0x75, 0x81, 0x7E, 0x10, 0x00, 0x00, 0x00, 0x00, 0x00, 0x00, 0x00, 0x00,
			0x00, 0x00, 0x00, 0x00, 0x00, 0x00, 0x00, 0x00, 0x00, 0x00, 0x00, 0x00, 0x00, 0x00, 0x00, 0x00,
			0x00, 0x00, 0x00, 0x00, 0x00, 0x00, 0x00, 0x11, 0x75, 0x79, 0x79, 0x10, 0x00, 0x00, 0x00, 0x00,
			0x00, 0x00, 0x00, 0x00, 0x00, 0x00, 0x00, 0x00, 0x00, 0x00, 0x00, 0x00, 0x00, 0x00, 0x00, 0x00,
			0x00, 0x00, 0x00, 0x00, 0x00, 0x00, 0x00, 0x00, 0x00, 0x00, 0x00, 0x10, 0x79, 0x81, 0x10, 0x00,
			0x00, 0x00, 0x00, 0x00, 0x00, 0x00, 0x00, 0x00, 0x00, 0x00, 0x00, 0x00, 0x00, 0x00, 0x00, 0x00,
			0x00, 0x00, 0x00, 0x00, 0x00, 0x00, 0x00, 0x00, 0x00, 0x00, 0x00, 0x00, 0x00, 0x00, 0x00, 0x11,
			0x75, 0x7D, 0x10, 0x00, 0x00, 0x00, 0x00, 0x00, 0x00, 0x00, 0x00, 0x00, 0x00, 0x00, 0x00, 0x00,
			0x00, 0x00, 0x00, 0x00, 0x00, 0x00, 0x00, 0x00, 0x00, 0x00, 0x00, 0x00, 0x00, 0x00, 0x00, 0x00,
			0x00, 0x00, 0x00, 0x10, 0x75, 0x7D, 0x75, 0x11, 0x00, 0x00, 0x00, 0x00, 0x00, 0x00, 0x00, 0x00,
			0x00, 0x00, 0x00, 0x00, 0x00, 0x00, 0x00, 0x00, 0x00, 0x00, 0x00, 0x00, 0x00, 0x00, 0x00, 0x00,
			0x00, 0x00, 0x00, 0x00, 0x00, 0x00, 0x00, 0x10, 0x75, 0x7D, 0x07, 0x10, 0x00, 0x00, 0x00, 0x00,
			0x00, 0x00, 0x00, 0x00, 0x00, 0x00, 0x00, 0x00, 0x00, 0x00, 0x00, 0x00, 0x00, 0x00, 0x00, 0x00,
			0x00, 0x00, 0x00, 0x00, 0x00, 0x00, 0x00, 0x00, 0x00, 0x00, 0x00, 0x10, 0x75, 0x7D, 0x81, 0x10,
			0x00, 0x00, 0x00, 0x00, 0x00, 0x00, 0x00, 0x00, 0x00, 0x00, 0x00, 0x00, 0x00, 0x00, 0x00, 0x00,
			0x00, 0x00, 0x00, 0x00, 0x00, 0x00, 0x00, 0x00, 0x00, 0x00, 0x00, 0x00, 0x00, 0x00, 0x00, 0x10,
			0x71, 0x81, 0x7D, 0xBA, 0x11, 0x00, 0x00, 0x00, 0x00, 0x00, 0x00, 0x00, 0x00, 0x00, 0x00, 0x00,
			0x00, 0x00, 0x00, 0x00, 0x00, 0x00, 0x00, 0x00, 0x00, 0x00, 0x00, 0x00, 0x00, 0x00, 0x00, 0x00,
			0x00, 0x00, 0x00, 0x11, 0x11, 0x11, 0x7D, 0x07, 0x10, 0x00, 0x00, 0x00, 0x00, 0x00, 0x00, 0x00,
			0x00, 0x00, 0x00, 0x00, 0x00, 0x00, 0x00, 0x00, 0x00, 0x00, 0x00, 0x00, 0x00, 0x00, 0x00, 0x00,
			0x00, 0x00, 0x00, 0x00, 0x00, 0x00, 0x10, 0x10, 0xA6, 0xA6, 0x10, 0x81, 0x7D, 0x11, 0x00, 0x00,
			0x00, 0x00, 0x00, 0x00, 0x00, 0x00, 0x00, 0x00, 0x00, 0x00, 0x00, 0x00, 0x00, 0x00, 0x00, 0x00,
			0x00, 0x00, 0x00, 0x00, 0x00, 0x00, 0x00, 0x00, 0x00, 0x00, 0x10, 0xA6, 0x10, 0xAC, 0xA6, 0x10,
			0x6D, 0x11, 0x00, 0x00, 0x00, 0x00, 0x00, 0x00, 0x00, 0x00, 0x00, 0x00, 0x00, 0x00, 0x00, 0x00,
			0x00, 0x00, 0x00, 0x00, 0x00, 0x00, 0x00, 0x00, 0x00, 0x00, 0x00, 0x00, 0x00, 0x10, 0xA6, 0x7D,
			0x82, 0x10, 0xA6, 0x10, 0x71, 0x10, 0x00, 0x00, 0x00, 0x00, 0x00, 0x00, 0x00, 0x00, 0x00, 0x00,
			0x00, 0x00, 0x00, 0x00, 0x00, 0x00, 0x00, 0x00, 0x00, 0x00, 0x00, 0x00, 0x00, 0x00, 0x00, 0x00,
			0x00, 0x10, 0x81, 0x82, 0x07, 0x07, 0x10, 0xA6, 0x10, 0x71, 0x10, 0x00, 0x00, 0x00, 0x00, 0x00,
			0x00, 0x00, 0x00, 0x00, 0x00, 0x00, 0x00, 0x00, 0x00, 0x00, 0x00, 0x00, 0x00, 0x00, 0x00, 0x00,
			0x00, 0x00, 0x00, 0x00, 0x00, 0x10, 0x7D, 0x1A, 0xBA, 0x07, 0x81, 0x10, 0xA6, 0x6D, 0x10, 0x00,
			0x00, 0x00, 0x00, 0x00, 0x00, 0x00, 0x00, 0x00, 0x00, 0x00, 0x00, 0x00, 0x00, 0x00, 0x00, 0x00,
			0x00, 0x00, 0x00, 0x00, 0x00, 0x00, 0x00, 0x00, 0x10, 0x18, 0x81, 0x1A, 0xBA, 0x6D, 0x81, 0x75,
			0x10, 0xAC, 0xAC, 0x10, 0x00, 0x00, 0x00, 0x00, 0x00, 0x00, 0x00, 0x00, 0x00, 0x00, 0x00, 0x00,
			0x00, 0x00, 0x00, 0x00, 0x00, 0x00, 0x00, 0x00, 0x00, 0x00, 0x00, 0x00, 0x10, 0x17, 0x7D, 0x81,
			0x7E, 0x6D, 0x79, 0x6D, 0x10, 0x17, 0x18, 0x10, 0x00, 0x00, 0x00, 0x00, 0x00, 0x00, 0x00, 0x00,
			0x00, 0x00, 0x00, 0x00, 0x00, 0x00, 0x00, 0x00, 0x00, 0x00, 0x00, 0x00, 0x00, 0x00, 0x00, 0x00,
			0x10, 0x18, 0x75, 0x7D, 0xBA, 0x6D, 0x75, 0x6D, 0x11, 0x18, 0x17, 0x10, 0x00, 0x00, 0x00, 0x00,
			0x00, 0x00, 0x00, 0x00, 0x00, 0x00, 0x00, 0x00, 0x00, 0x00, 0x00, 0x00, 0x00, 0x00, 0x00, 0x00,
			0x00, 0x00, 0x00, 0x00, 0x10, 0x6D, 0x75, 0x7D, 0xBA, 0x6D, 0x58, 0x71, 0x10, 0x18, 0x18, 0xAC,
			0x11, 0x00, 0x00, 0x00, 0x00, 0x00, 0x00, 0x00, 0x00, 0x00, 0x00, 0x00, 0x00, 0x00, 0x00, 0x00,
			0x00, 0x00, 0x00, 0x00, 0x00, 0x00, 0x00, 0x00, 0x10, 0x6D, 0x5C, 0x81, 0x82, 0x75, 0x5C, 0x6D,
			0x10, 0xAC, 0x18, 0x17, 0x10, 0x00, 0x00, 0x00, 0x00, 0x00, 0x00, 0x00, 0x00, 0x00, 0x00, 0x00,
			0x00, 0x00, 0x00, 0x00, 0x00, 0x00, 0x00, 0x00, 0x00, 0x00, 0x00, 0x00, 0x10, 0x6D, 0x5C, 0x6D,
			0x07, 0x7D, 0x58, 0x71, 0x10, 0x17, 0x18, 0x18, 0x10, 0x10, 0x00, 0x00, 0x00, 0x00, 0x00, 0x00,
			0x00, 0x00, 0x00, 0x00, 0x00, 0x00, 0x00, 0x00, 0x00, 0x00, 0x00, 0x00, 0x00, 0x00, 0x00, 0x00,
			0x10, 0x71, 0x6D, 0x5C, 0x07, 0x7D, 0x58, 0x71, 0x11, 0x17, 0x18, 0x17, 0x10, 0x10, 0x00, 0x00,
			0x00, 0x00, 0x00, 0x00, 0x00, 0x00, 0x00, 0x00, 0x00, 0x00, 0x00, 0x00, 0x00, 0x00, 0x00, 0x00,
			0x00, 0x00, 0x00, 0x00, 0x11, 0x58, 0x75, 0x10, 0x7E, 0xBA, 0x10, 0x10, 0x18, 0x17, 0x18, 0x17,
			0x11, 0x71, 0x11, 0x00, 0x00, 0x00, 0x00, 0x00, 0x00, 0x00, 0x00, 0x00, 0x00, 0x00, 0x00, 0x00,
			0x00, 0x00, 0x00, 0x00, 0x00, 0x00, 0x00, 0x00, 0x10, 0x11, 0x10, 0x10, 0xBA, 0x07, 0x11, 0x10,
			0x18, 0x22, 0x18, 0x18, 0x18, 0x10, 0x10, 0x00, 0x00, 0x00, 0x00, 0x00, 0x00, 0x00, 0x00, 0x00,
			0x00, 0x00, 0x00, 0x00, 0x00, 0x00, 0x00, 0x00, 0x00, 0x00, 0x00, 0x13, 0x17, 0x17, 0x18, 0x10,
			0x7E, 0xBA, 0x10, 0x18, 0x17, 0x18, 0x17, 0x18, 0xAC, 0x10, 0x10, 0x00, 0x00, 0x00, 0x00, 0x00,
			0x00, 0x00, 0x00, 0x00, 0x00, 0x00, 0x00, 0x00, 0x00, 0x00, 0x00, 0x00, 0x00, 0x00, 0x00, 0x10,
			0x18, 0x17, 0x17, 0x10, 0x81, 0x07, 0x10, 0x18, 0x18, 0x17, 0x17, 0x18, 0xAC, 0x18, 0x18, 0x10,
			0x10, 0x00, 0x00, 0x00, 0x00, 0x00, 0x00, 0x00, 0x00, 0x00, 0x00, 0x00, 0x00, 0x00, 0x00, 0x00,
			0x00, 0x00, 0x00, 0x10, 0x17, 0x18, 0x11, 0x07, 0x7D, 0x7D, 0x7D, 0x11, 0x17, 0x18, 0x17, 0x17,
			0x22, 0xA6, 0xAC, 0xA6, 0xA6, 0x10, 0x00, 0x00, 0x00, 0x00, 0x00, 0x00, 0x00, 0x00, 0x00, 0x00,
			0x00, 0x00, 0x00, 0x00, 0x00, 0x00, 0x00, 0x10, 0x18, 0x10, 0x7D, 0xBA, 0x7D, 0x7D, 0xBA, 0x10,
			0x17, 0x18, 0x18, 0x18, 0x17, 0x18, 0xA6, 0x22, 0xA6, 0xA6, 0x10, 0x00, 0x00, 0x00, 0x00, 0x00,
			0x00, 0x00, 0x00, 0x00, 0x00, 0x00, 0x00, 0x00, 0x00, 0x00, 0x00, 0x10, 0x18, 0x10, 0xBA, 0x07,
			0x07, 0x81, 0x7D, 0x07, 0x10, 0x18, 0x18, 0x17, 0x18, 0x18, 0xAC, 0xA6, 0x18, 0xA6, 0x10, 0x00,
			0x00, 0x00, 0x00, 0x00, 0x00, 0x00, 0x00, 0x00, 0x00, 0x00, 0x00, 0x00, 0x00, 0x00, 0x00, 0x10,
			0x17, 0x10, 0x1A, 0x7E, 0x7E, 0x7D, 0x7D, 0x7D, 0x10, 0x18, 0x17, 0x17, 0x17, 0x18, 0x18, 0x17,
			0xA6, 0xAC, 0xA6, 0x10, 0x00, 0x10, 0x11, 0x00, 0x00, 0x00, 0x00, 0x00, 0x00, 0x00, 0x00, 0x00,
			0x00, 0x00, 0x00, 0x11, 0x18, 0x10, 0x81, 0x1A, 0x1A, 0x81, 0x6D, 0x81, 0x10, 0x17, 0x18, 0x18,
			0x18, 0x17, 0x18, 0x18, 0x18, 0xA6, 0xAC, 0x11, 0x10, 0x1A, 0x81, 0x10, 0x00, 0x00, 0x00, 0x00,
			0x00, 0x00, 0x00, 0x00, 0x00, 0x00, 0x00, 0x10, 0x17, 0x10, 0x6D, 0x7D, 0xBA, 0x6D, 0x58, 0x11,
			0x10, 0x18, 0x18, 0x18, 0x17, 0x18, 0x18, 0x17, 0x17, 0x18, 0xAC, 0x17, 0x81, 0x6D, 0x58, 0x11,
			0x00, 0x00, 0x00, 0x00, 0x00, 0x00, 0x00, 0x00, 0x00, 0x00, 0x00, 0x10, 0x18, 0x18, 0x10, 0x11,
			0x7D, 0x6D, 0x10, 0x10, 0x10, 0x10, 0x17, 0x18, 0x17, 0x17, 0x18, 0x17, 0x18, 0x18, 0x18, 0x10,
			0x7D, 0xBA, 0x7D, 0x10, 0x00, 0x00, 0x00, 0x00, 0x00, 0x00, 0x00, 0x00, 0x00, 0x00, 0x10, 0x17,
			0x18, 0x17, 0x17, 0x17, 0x10, 0x10, 0x10, 0x17, 0x11, 0x11, 0x10, 0x10, 0x10, 0x18, 0x18, 0x17,
			0x17, 0x17, 0x18, 0x10, 0x07, 0x6D, 0x71, 0x10, 0x00, 0x00, 0x00, 0x00, 0x00, 0x00, 0x00, 0x00,
			0x00, 0x00, 0x10, 0x18, 0x18, 0x18, 0x18, 0x18, 0x18, 0x18, 0x18, 0x18, 0x10, 0x00, 0x00, 0x00,
			0x10, 0x10, 0x18, 0x18, 0x18, 0x18, 0x17, 0x7E, 0xBA, 0x07, 0x79, 0x10, 0x00, 0x00, 0x00, 0x00,
			0x00, 0x00, 0x00, 0x00, 0x00, 0x00, 0x10, 0x18, 0x18, 0x18, 0x17, 0x18, 0x18, 0x17, 0x17, 0x10,
			0x00, 0x00, 0x00, 0x00, 0x00, 0x10, 0x17, 0x18, 0x18, 0x17, 0x10, 0x7D, 0x82, 0x81, 0x71, 0x10,
			0x00, 0x00, 0x00, 0x00, 0x00, 0x00, 0x00, 0x00, 0x00, 0x10, 0x17, 0x18, 0x17, 0x18, 0x18, 0x17,
			0x18, 0x18, 0x18, 0x10, 0x00, 0x00, 0x00, 0x00, 0x00, 0x10, 0x18, 0x17, 0x18, 0x10, 0x7D, 0x7D,
			0x7D, 0x6D, 0x58, 0x10, 0x00, 0x00, 0x00, 0x00, 0x00, 0x00, 0x00, 0x00, 0x00, 0x10, 0x18, 0x18,
			0x18, 0x17, 0x18, 0x17, 0x18, 0x17, 0x10, 0x00, 0x00, 0x00, 0x00, 0x00, 0x00, 0x11, 0x18, 0x10,
			0x10, 0x81, 0x81, 0x7D, 0x7D, 0x6D, 0x10, 0x00, 0x00, 0x00, 0x00, 0x00, 0x00, 0x00, 0x00, 0x00,
			0x00, 0x11, 0x17, 0x17, 0x18, 0x17, 0x18, 0x18, 0x17, 0x18, 0x10, 0x00, 0x00, 0x00, 0x00, 0x00,
			0x00, 0x00, 0x10, 0x10, 0x7D, 0x7D, 0x7D, 0x7D, 0x6D, 0x10, 0x00, 0x00, 0x00, 0x00, 0x00, 0x00,
			0x00, 0x00, 0x00, 0x10, 0x11, 0x10, 0x10, 0x11, 0x10, 0x17, 0x18, 0x17, 0x18, 0x10, 0x00, 0x00,
			0x00, 0x00, 0x00, 0x00, 0x00, 0x00, 0x10, 0x81, 0x81, 0x7D, 0x7D, 0x71, 0x10, 0x00, 0x00, 0x00,
			0x00, 0x00, 0x00, 0x00, 0x00, 0x00, 0x00, 0x10, 0x81, 0x7D, 0x81, 0x5C, 0x5C, 0x10, 0x11, 0x10,
			0x11, 0x10, 0x00, 0x00, 0x00, 0x00, 0x00, 0x00, 0x00, 0x00, 0x10, 0x6D, 0x81, 0x6D, 0x6D, 0x10,
			0x00, 0x00, 0x00, 0x00, 0x00, 0x00, 0x00, 0x00, 0x00, 0x00, 0x10, 0x7D, 0x7D, 0x81, 0x81, 0x6D,
			0x81, 0x7D, 0x7D, 0x7D, 0x81, 0x07, 0x11, 0x00, 0x00, 0x00, 0x00, 0x00, 0x00, 0x00, 0x10, 0x58,
			0x71, 0x71, 0x5C, 0x10, 0x00, 0x00, 0x00, 0x00, 0x00, 0x00, 0x00, 0x00, 0x00, 0x10, 0x7D, 0x81,
			0x7D, 0x7D, 0x7D, 0x81, 0x7D, 0x7D, 0x7D, 0x7D, 0x81, 0x7D, 0x7D, 0x10, 0x00, 0x00, 0x00, 0x00,
			0x00, 0x00, 0x00, 0x10, 0x5C, 0x5C, 0x11, 0x00, 0x00, 0x00, 0x00, 0x00, 0x00, 0x00, 0x00, 0x00,
			0x00, 0x10, 0x79, 0x7D, 0x71, 0x6D, 0x71, 0x5C, 0x5C, 0x5C, 0x6D, 0x6D, 0x75, 0x7D, 0x7D, 0x10,
			0x00, 0x00, 0x00, 0x00, 0x00, 0x00, 0x00, 0x00, 0x10, 0x10, 0x00, 0x00, 0x00, 0x00, 0x00, 0x00,
			0x00, 0x00, 0x00, 0x00, 0x00, 0x10, 0x10, 0x10, 0x10, 0x10, 0x11, 0x10, 0x10, 0x10, 0x11, 0x10,
			0x10, 0x10, 0x10, 0x00, 0x00, 0x00, 0x00, 0x00, 0x00, 0x00, 0x00, 0x00, 0x00, 0x00, 0x00, 0x00,
			0x00, 0x00, 0x00, 0x00,
};

const unsigned char gfx_bubguy3[] = {
		// Size: 2484
			// W:36 H:69
			// Colours: 256
			// icon-length: 2484
			//0x01, // colour mode, 1=256colours, 2=16 colours, 4=4 colours, 8=2 colours
			//0x00, 0x24, // WIDTH
			//0x00, 0x45, // HEIGHT
			//0x09, 0xB4, // LENGTH
			0x00, 0x00, 0x00, 0x00, 0x00, 0x00, 0x00, 0x00, 0x00, 0x00, 0x00, 0x00, 0x00, 0x00, 0x00, 0x00,
			0x00, 0x00, 0x00, 0x00, 0x00, 0x00, 0x00, 0x00, 0x00, 0x00, 0x00, 0x00, 0x00, 0x00, 0x00, 0x00,
			0x00, 0x00, 0x00, 0x00, 0x00, 0x00, 0x00, 0x00, 0x00, 0x00, 0x00, 0x00, 0x00, 0x00, 0x00, 0x00,
			0x00, 0x00, 0x00, 0x00, 0x00, 0x00, 0x00, 0x00, 0x00, 0x00, 0x00, 0x00, 0x00, 0x00, 0x00, 0x00,
			0x00, 0x00, 0x00, 0x00, 0x00, 0x00, 0x00, 0x00, 0x00, 0x00, 0x00, 0x00, 0x00, 0x00, 0x00, 0x00,
			0x00, 0x00, 0x00, 0x00, 0x00, 0x00, 0x00, 0x00, 0x00, 0x00, 0x00, 0x00, 0x00, 0x00, 0x00, 0x00,
			0x00, 0x00, 0x00, 0x00, 0x00, 0x00, 0x00, 0x00, 0x00, 0x00, 0x00, 0x00, 0x00, 0x00, 0x00, 0x00,
			0x00, 0x00, 0x00, 0x00, 0x00, 0x00, 0x00, 0x00, 0x00, 0x00, 0x00, 0x00, 0x00, 0x00, 0x00, 0x00,
			0x00, 0x00, 0x00, 0x00, 0x00, 0x00, 0x00, 0x00, 0x00, 0x00, 0x00, 0x00, 0x00, 0x00, 0x00, 0x00,
			0x00, 0x00, 0x00, 0x00, 0x00, 0x00, 0x00, 0x00, 0x00, 0x00, 0x00, 0x00, 0x00, 0x00, 0x00, 0x00,
			0x00, 0x00, 0x00, 0x00, 0x00, 0x00, 0x00, 0x00, 0x00, 0x00, 0x00, 0x00, 0x00, 0x00, 0x00, 0x00,
			0x00, 0x00, 0x00, 0x00, 0x00, 0x00, 0x00, 0x00, 0x00, 0x00, 0x00, 0x00, 0x00, 0x00, 0x00, 0x00,
			0x00, 0x00, 0x00, 0x00, 0x00, 0x00, 0x00, 0x00, 0x00, 0x00, 0x00, 0x00, 0x00, 0x00, 0x00, 0x00,
			0x00, 0x00, 0x00, 0x00, 0x00, 0x00, 0x00, 0x00, 0x00, 0x00, 0x00, 0x00, 0x00, 0x00, 0x00, 0x00,
			0x00, 0x00, 0x00, 0x00, 0x00, 0x00, 0x00, 0x00, 0x00, 0x00, 0x00, 0x00, 0x00, 0x00, 0x00, 0x00,
			0x00, 0x00, 0x00, 0x00, 0x00, 0x00, 0x00, 0x00, 0x00, 0x00, 0x00, 0x00, 0x00, 0x00, 0x00, 0x00,
			0x00, 0x00, 0x00, 0x00, 0x00, 0x00, 0x00, 0x00, 0x00, 0x00, 0x00, 0x10, 0x10, 0x00, 0x00, 0x00,
			0x00, 0x00, 0x00, 0x00, 0x00, 0x00, 0x00, 0x00, 0x00, 0x00, 0x00, 0x00, 0x00, 0x00, 0x00, 0x00,
			0x00, 0x00, 0x00, 0x00, 0x00, 0x00, 0x00, 0x00, 0x00, 0x00, 0x00, 0x00, 0x10, 0x10, 0x10, 0x30,
			0x34, 0x10, 0x00, 0x00, 0x00, 0x00, 0x00, 0x00, 0x00, 0x00, 0x00, 0x00, 0x00, 0x00, 0x00, 0x00,
			0x00, 0x00, 0x00, 0x00, 0x00, 0x00, 0x00, 0x00, 0x00, 0x00, 0x00, 0x00, 0x00, 0x00, 0x11, 0x11,
			0x34, 0x34, 0x30, 0x30, 0x34, 0x10, 0x00, 0x00, 0x00, 0x70, 0x2D, 0xF4, 0xF4, 0x70, 0x00, 0x00,
			0x00, 0x00, 0x00, 0x00, 0x00, 0x00, 0x00, 0x00, 0x00, 0x00, 0x00, 0x00, 0x00, 0x00, 0x00, 0x00,
			0x00, 0x10, 0x34, 0x34, 0x30, 0x30, 0x30, 0x30, 0x30, 0x34, 0x11, 0xF4, 0x2D, 0x1D, 0x2D, 0x2D,
			0x1D, 0x2D, 0x70, 0x00, 0x00, 0x00, 0x00, 0x00, 0x00, 0x00, 0x00, 0x00, 0x00, 0x00, 0x00, 0x00,
			0x00, 0x00, 0x00, 0x00, 0x11, 0x34, 0x34, 0x30, 0x34, 0x30, 0x30, 0x30, 0x34, 0x11, 0x70, 0x2D,
			0xF4, 0x2D, 0xF4, 0x70, 0x70, 0x2D, 0x1D, 0x00, 0x00, 0x00, 0x00, 0x00, 0x00, 0x00, 0x00, 0x00,
			0x00, 0x00, 0x00, 0x00, 0x00, 0x00, 0x00, 0x00, 0x10, 0x34, 0x34, 0x34, 0x34, 0x30, 0x30, 0x30,
			0x10, 0x70, 0x70, 0x70, 0x70, 0x10, 0x70, 0x70, 0x00, 0x70, 0xF4, 0x00, 0x00, 0x00, 0x00, 0x00,
			0x00, 0x00, 0x00, 0x00, 0x00, 0x00, 0x00, 0x00, 0x00, 0x00, 0x00, 0x00, 0x00, 0x10, 0x10, 0x34,
			0x30, 0x34, 0x30, 0x30, 0x10, 0x11, 0x70, 0x10, 0x11, 0x00, 0x00, 0x70, 0x00, 0x00, 0xF4, 0x00,
			0x00, 0x00, 0x00, 0x00, 0x00, 0x00, 0x00, 0x00, 0x00, 0x00, 0x00, 0x00, 0x00, 0x00, 0x00, 0x00,
			0x00, 0x10, 0x34, 0x34, 0x34, 0x30, 0x34, 0x10, 0x10, 0x10, 0x7D, 0x11, 0x00, 0x00, 0x00, 0x00,
			0x00, 0x00, 0x00, 0x00, 0x00, 0x00, 0x00, 0x00, 0x00, 0x00, 0x00, 0x00, 0x00, 0x00, 0x00, 0x00,
			0x00, 0x00, 0x00, 0x00, 0x00, 0x10, 0x34, 0x30, 0x11, 0x10, 0x10, 0x10, 0xBA, 0x1A, 0x10, 0x75,
			0x10, 0x00, 0x00, 0x00, 0x00, 0x00, 0x00, 0x00, 0x00, 0x00, 0x00, 0x00, 0x00, 0x00, 0x00, 0x00,
			0x00, 0x00, 0x00, 0x00, 0x00, 0x00, 0x00, 0x00, 0x10, 0x30, 0x10, 0x10, 0x70, 0x1D, 0x2D, 0x10,
			0x1A, 0xBF, 0x10, 0x10, 0x07, 0x1A, 0xBF, 0x11, 0x00, 0x00, 0x00, 0x00, 0x00, 0x00, 0x00, 0x00,
			0x00, 0x00, 0x00, 0x00, 0x00, 0x00, 0x00, 0x00, 0x00, 0x00, 0x00, 0x11, 0x30, 0x10, 0x70, 0x70,
			0x58, 0x58, 0x70, 0x2D, 0x10, 0x1A, 0x1A, 0x81, 0x7D, 0x81, 0x7E, 0x11, 0x00, 0x00, 0x00, 0x00,
			0x00, 0x00, 0x00, 0x00, 0x00, 0x00, 0x00, 0x00, 0x00, 0x00, 0x00, 0x00, 0x00, 0x00, 0x10, 0x30,
			0x10, 0x10, 0x70, 0xF4, 0xBE, 0xBA, 0x70, 0x70, 0x11, 0x07, 0x1A, 0xBA, 0x7E, 0x10, 0x00, 0x00,
			0x00, 0x00, 0x00, 0x00, 0x00, 0x00, 0x00, 0x00, 0x00, 0x00, 0x00, 0x00, 0x00, 0x00, 0x00, 0x00,
			0x00, 0x10, 0x30, 0x10, 0x34, 0x11, 0x1D, 0x70, 0x81, 0x71, 0x7D, 0x10, 0x7D, 0x81, 0x7E, 0x7E,
			0x81, 0x07, 0x07, 0x10, 0x00, 0x00, 0x00, 0x00, 0x00, 0x00, 0x00, 0x00, 0x00, 0x00, 0x00, 0x00,
			0x00, 0x00, 0x00, 0x00, 0x10, 0x30, 0x34, 0x34, 0x11, 0x34, 0x10, 0x5C, 0x58, 0x6D, 0x7D, 0x7D,
			0x81, 0x7D, 0x81, 0x7D, 0x7D, 0x7D, 0x81, 0x6D, 0x10, 0x00, 0x00, 0x00, 0x00, 0x00, 0x00, 0x00,
			0x00, 0x00, 0x00, 0x00, 0x00, 0x00, 0x00, 0x00, 0x30, 0x34, 0x34, 0x34, 0x34, 0x10, 0x10, 0x5C,
			0x58, 0x10, 0x71, 0x79, 0x7D, 0x81, 0x71, 0x6D, 0x34, 0x34, 0x10, 0x11, 0x00, 0x00, 0x00, 0x00,
			0x00, 0x00, 0x00, 0x00, 0x00, 0x00, 0x00, 0x00, 0x00, 0x00, 0x00, 0x00, 0x10, 0x11, 0x11, 0x11,
			0x11, 0x00, 0x00, 0x11, 0x10, 0x11, 0x10, 0x6D, 0x79, 0x81, 0x79, 0x79, 0x11, 0x11, 0x00, 0x00,
			0x00, 0x00, 0x00, 0x00, 0x00, 0x00, 0x00, 0x00, 0x00, 0x00, 0x00, 0x00, 0x00, 0x00, 0x00, 0x00,
			0x00, 0x00, 0x00, 0x00, 0x00, 0x00, 0x00, 0x00, 0x00, 0x10, 0x10, 0x34, 0x79, 0x75, 0x79, 0x10,
			0x00, 0x00, 0x00, 0x00, 0x00, 0x00, 0x00, 0x00, 0x00, 0x00, 0x00, 0x00, 0x00, 0x00, 0x00, 0x00,
			0x00, 0x00, 0x00, 0x00, 0x00, 0x00, 0x00, 0x00, 0x00, 0x00, 0x00, 0x00, 0x00, 0x00, 0x00, 0x10,
			0x79, 0x75, 0x10, 0x00, 0x00, 0x00, 0x00, 0x00, 0x00, 0x00, 0x00, 0x00, 0x00, 0x00, 0x00, 0x00,
			0x00, 0x00, 0x00, 0x00, 0x00, 0x00, 0x00, 0x00, 0x00, 0x00, 0x00, 0x00, 0x00, 0x00, 0x00, 0x00,
			0x00, 0x00, 0x00, 0x10, 0x79, 0x7D, 0x10, 0x00, 0x00, 0x00, 0x00, 0x00, 0x00, 0x00, 0x00, 0x00,
			0x00, 0x00, 0x00, 0x00, 0x00, 0x00, 0x00, 0x00, 0x00, 0x00, 0x00, 0x00, 0x00, 0x00, 0x00, 0x00,
			0x00, 0x00, 0x00, 0x00, 0x00, 0x00, 0x00, 0x10, 0x79, 0x7D, 0x7D, 0x10, 0x00, 0x00, 0x00, 0x00,
			0x00, 0x00, 0x00, 0x00, 0x00, 0x00, 0x00, 0x00, 0x00, 0x00, 0x00, 0x00, 0x00, 0x00, 0x00, 0x00,
			0x00, 0x00, 0x00, 0x00, 0x00, 0x00, 0x00, 0x00, 0x00, 0x00, 0x00, 0x11, 0x79, 0x81, 0x07, 0x10,
			0x00, 0x00, 0x00, 0x00, 0x00, 0x00, 0x00, 0x00, 0x00, 0x00, 0x00, 0x00, 0x00, 0x00, 0x00, 0x00,
			0x00, 0x00, 0x00, 0x00, 0x00, 0x00, 0x00, 0x00, 0x00, 0x00, 0x00, 0x00, 0x00, 0x00, 0x00, 0x10,
			0x79, 0x81, 0x79, 0x11, 0x00, 0x00, 0x00, 0x00, 0x00, 0x00, 0x00, 0x00, 0x00, 0x00, 0x00, 0x00,
			0x00, 0x00, 0x00, 0x00, 0x00, 0x00, 0x00, 0x00, 0x00, 0x00, 0x00, 0x00, 0x00, 0x00, 0x00, 0x00,
			0x00, 0x00, 0x00, 0x10, 0x79, 0x81, 0x10, 0x00, 0x00, 0x00, 0x00, 0x00, 0x00, 0x00, 0x00, 0x00,
			0x00, 0x00, 0x00, 0x00, 0x00, 0x00, 0x00, 0x00, 0x00, 0x00, 0x00, 0x00, 0x00, 0x00, 0x00, 0x00,
			0x00, 0x00, 0x00, 0x00, 0x00, 0x00, 0x00, 0x11, 0x79, 0x7D, 0x10, 0x00, 0x00, 0x00, 0x00, 0x00,
			0x00, 0x00, 0x00, 0x00, 0x00, 0x00, 0x00, 0x00, 0x00, 0x00, 0x00, 0x00, 0x00, 0x00, 0x00, 0x00,
			0x00, 0x00, 0x00, 0x00, 0x00, 0x00, 0x00, 0x00, 0x00, 0x00, 0x00, 0x10, 0x79, 0x7D, 0x79, 0x10,
			0x00, 0x00, 0x00, 0x00, 0x00, 0x00, 0x00, 0x00, 0x00, 0x00, 0x00, 0x00, 0x00, 0x00, 0x00, 0x00,
			0x00, 0x00, 0x00, 0x00, 0x00, 0x00, 0x00, 0x00, 0x00, 0x00, 0x00, 0x00, 0x00, 0x00, 0x00, 0x10,
			0x79, 0x7D, 0x07, 0x10, 0x00, 0x00, 0x00, 0x00, 0x00, 0x00, 0x00, 0x00, 0x00, 0x00, 0x00, 0x00,
			0x00, 0x00, 0x00, 0x00, 0x00, 0x00, 0x00, 0x00, 0x00, 0x00, 0x00, 0x00, 0x00, 0x00, 0x00, 0x00,
			0x00, 0x00, 0x00, 0x10, 0x71, 0x81, 0x7D, 0x10, 0x00, 0x00, 0x00, 0x00, 0x00, 0x00, 0x00, 0x00,
			0x00, 0x00, 0x00, 0x00, 0x00, 0x00, 0x00, 0x00, 0x00, 0x00, 0x00, 0x00, 0x00, 0x00, 0x00, 0x00,
			0x00, 0x00, 0x00, 0x00, 0x00, 0x00, 0x00, 0x11, 0x71, 0x7D, 0x7D, 0x07, 0x13, 0x00, 0x00, 0x00,
			0x00, 0x00, 0x00, 0x00, 0x00, 0x00, 0x00, 0x00, 0x00, 0x00, 0x00, 0x00, 0x00, 0x00, 0x00, 0x00,
			0x00, 0x00, 0x00, 0x00, 0x00, 0x00, 0x00, 0x00, 0x00, 0x00, 0x00, 0x11, 0x71, 0x7D, 0x81, 0x82,
			0x10, 0x00, 0x00, 0x00, 0x00, 0x00, 0x00, 0x00, 0x00, 0x00, 0x00, 0x00, 0x00, 0x00, 0x00, 0x00,
			0x00, 0x00, 0x00, 0x00, 0x00, 0x00, 0x00, 0x00, 0x00, 0x00, 0x00, 0x00, 0x00, 0x00, 0x10, 0x11,
			0x10, 0x81, 0x7D, 0x7D, 0x10, 0x00, 0x00, 0x00, 0x00, 0x00, 0x00, 0x00, 0x00, 0x00, 0x00, 0x00,
			0x00, 0x00, 0x00, 0x00, 0x00, 0x00, 0x00, 0x00, 0x00, 0x00, 0x00, 0x00, 0x00, 0x00, 0x00, 0x00,
			0x00, 0x00, 0x10, 0xA6, 0xA6, 0x10, 0x7D, 0x7D, 0xBA, 0x10, 0x00, 0x00, 0x00, 0x00, 0x00, 0x00,
			0x00, 0x00, 0x00, 0x00, 0x00, 0x00, 0x00, 0x00, 0x00, 0x00, 0x00, 0x00, 0x00, 0x00, 0x00, 0x00,
			0x00, 0x00, 0x00, 0x00, 0x00, 0x10, 0x5E, 0x11, 0x10, 0xA6, 0x10, 0x81, 0x81, 0x10, 0x10, 0x00,
			0x00, 0x00, 0x00, 0x00, 0x00, 0x00, 0x00, 0x00, 0x00, 0x00, 0x00, 0x00, 0x00, 0x00, 0x00, 0x00,
			0x00, 0x00, 0x00, 0x00, 0x00, 0x00, 0x00, 0x00, 0x00, 0x10, 0x7E, 0x07, 0xBA, 0x11, 0x10, 0x7D,
			0x81, 0x71, 0x11, 0x11, 0x00, 0x00, 0x00, 0x00, 0x00, 0x00, 0x00, 0x00, 0x00, 0x00, 0x00, 0x00,
			0x00, 0x00, 0x00, 0x00, 0x00, 0x00, 0x00, 0x00, 0x00, 0x00, 0x00, 0x00, 0x00, 0x10, 0x7E, 0xFB,
			0x7D, 0x07, 0xAC, 0x11, 0x71, 0x6D, 0x10, 0x10, 0x00, 0x00, 0x00, 0x00, 0x00, 0x00, 0x00, 0x00,
			0x00, 0x00, 0x00, 0x00, 0x00, 0x00, 0x00, 0x00, 0x00, 0x00, 0x00, 0x00, 0x00, 0x00, 0x00, 0x00,
			0x11, 0x10, 0xF7, 0x81, 0x7D, 0x71, 0x11, 0xAC, 0x10, 0x10, 0x18, 0x18, 0x11, 0x00, 0x00, 0x00,
			0x00, 0x00, 0x00, 0x00, 0x00, 0x00, 0x00, 0x00, 0x00, 0x00, 0x00, 0x00, 0x00, 0x00, 0x00, 0x00,
			0x00, 0x00, 0x00, 0x00, 0x10, 0x81, 0x7E, 0x7D, 0x7D, 0x71, 0x10, 0x17, 0x18, 0x18, 0x18, 0x18,
			0x10, 0x00, 0x00, 0x00, 0x00, 0x00, 0x00, 0x00, 0x00, 0x00, 0x00, 0x00, 0x00, 0x00, 0x00, 0x00,
			0x00, 0x00, 0x00, 0x00, 0x00, 0x00, 0x00, 0x00, 0x10, 0x07, 0x07, 0x7D, 0x5C, 0x6D, 0x5C, 0x11,
			0x18, 0x17, 0x18, 0x17, 0x10, 0x00, 0x00, 0x00, 0x00, 0x00, 0x00, 0x00, 0x00, 0x00, 0x00, 0x00,
			0x00, 0x00, 0x00, 0x00, 0x00, 0x00, 0x00, 0x00, 0x00, 0x00, 0x00, 0x13, 0x7D, 0x7E, 0x7D, 0x79,
			0x5C, 0x7D, 0x58, 0x10, 0x18, 0x18, 0x18, 0x22, 0x18, 0x11, 0x00, 0x00, 0x00, 0x00, 0x00, 0x00,
			0x00, 0x00, 0x00, 0x00, 0x00, 0x00, 0x00, 0x00, 0x00, 0x00, 0x00, 0x00, 0x00, 0x00, 0x00, 0x10,
			0x7E, 0xBA, 0x79, 0x10, 0x7D, 0x7D, 0x10, 0x17, 0x18, 0xAC, 0xAC, 0x18, 0x18, 0x10, 0x11, 0x10,
			0x7D, 0x58, 0x00, 0x00, 0x00, 0x00, 0x00, 0x00, 0x00, 0x00, 0x00, 0x00, 0x00, 0x00, 0x00, 0x00,
			0x00, 0x00, 0x10, 0x7D, 0xBE, 0x7D, 0x10, 0x58, 0x71, 0x5C, 0x10, 0x18, 0x17, 0x18, 0x18, 0x17,
			0x18, 0x10, 0x6D, 0x7D, 0x7E, 0x07, 0x1A, 0x10, 0x00, 0x00, 0x00, 0x00, 0x00, 0x00, 0x00, 0x00,
			0x00, 0x00, 0x00, 0x00, 0x00, 0x00, 0x11, 0x82, 0x7E, 0x79, 0x10, 0x79, 0x79, 0x10, 0x18, 0x17,
			0x18, 0x18, 0x18, 0x17, 0x18, 0x10, 0x58, 0x10, 0x10, 0x10, 0x7E, 0x11, 0x00, 0x00, 0x00, 0x00,
			0x00, 0x00, 0x00, 0x00, 0x00, 0x00, 0x00, 0x10, 0x10, 0x10, 0xBA, 0x7D, 0x79, 0x10, 0x5C, 0x71,
			0x58, 0x11, 0x17, 0x18, 0x18, 0x22, 0x17, 0x18, 0x18, 0x10, 0x5C, 0x71, 0x11, 0x7D, 0xBE, 0x10,
			0x10, 0x00, 0x00, 0x00, 0x00, 0x00, 0x00, 0x00, 0x00, 0x00, 0x10, 0x7D, 0x81, 0x7D, 0x7D, 0x79,
			0x10, 0x10, 0x10, 0x10, 0x10, 0x18, 0x17, 0x18, 0x18, 0x18, 0x18, 0x18, 0x18, 0x11, 0x10, 0x58,
			0x10, 0x10, 0x10, 0x7E, 0x10, 0x00, 0x00, 0x00, 0x00, 0x00, 0x00, 0x00, 0x00, 0x10, 0x81, 0x7E,
			0x7E, 0x7E, 0x7D, 0x10, 0x11, 0x18, 0x11, 0x17, 0x18, 0x18, 0x17, 0x18, 0x17, 0x17, 0x17, 0x10,
			0x10, 0x10, 0x10, 0x5C, 0x10, 0x10, 0x71, 0x10, 0x00, 0x00, 0x00, 0x00, 0x00, 0x00, 0x00, 0x00,
			0x00, 0x10, 0x81, 0x1A, 0x07, 0x7E, 0x82, 0x81, 0x10, 0x10, 0x18, 0x17, 0x18, 0x18, 0x18, 0x17,
			0x18, 0x18, 0x18, 0x18, 0x17, 0x10, 0x11, 0x10, 0x5C, 0x6D, 0x10, 0x00, 0x00, 0x00, 0x00, 0x00,
			0x00, 0x00, 0x00, 0x00, 0x00, 0x11, 0x6D, 0x81, 0x1A, 0x07, 0x10, 0x75, 0x58, 0x11, 0x17, 0x17,
			0x17, 0x17, 0x18, 0x17, 0x17, 0x18, 0x18, 0x18, 0x18, 0x10, 0x00, 0x00, 0x10, 0x11, 0x00, 0x00,
			0x00, 0x00, 0x00, 0x00, 0x00, 0x00, 0x00, 0x00, 0x00, 0x00, 0x10, 0x71, 0x7D, 0x81, 0x10, 0x58,
			0x10, 0x10, 0x18, 0x18, 0x18, 0x17, 0x18, 0x17, 0x17, 0x18, 0x17, 0x17, 0x18, 0x18, 0x10, 0x00,
			0x00, 0x00, 0x00, 0x00, 0x00, 0x00, 0x00, 0x00, 0x00, 0x00, 0x00, 0x00, 0x00, 0x00, 0x00, 0x10,
			0x75, 0x71, 0x58, 0x10, 0x11, 0x17, 0x18, 0x18, 0x17, 0x17, 0x18, 0x18, 0x18, 0x18, 0x18, 0x17,
			0x18, 0x17, 0x10, 0x00, 0x00, 0x00, 0x00, 0x00, 0x00, 0x00, 0x00, 0x00, 0x00, 0x00, 0x00, 0x00,
			0x00, 0x00, 0x00, 0x00, 0x11, 0x58, 0x5C, 0x10, 0x18, 0x18, 0x18, 0x17, 0x17, 0x17, 0x17, 0x17,
			0x18, 0x17, 0x18, 0x18, 0x18, 0xAC, 0xA6, 0x11, 0x00, 0x00, 0x00, 0x00, 0x00, 0x00, 0x00, 0x00,
			0x00, 0x00, 0x00, 0x00, 0x00, 0x00, 0x00, 0x00, 0x00, 0x00, 0x11, 0x18, 0x18, 0x17, 0x17, 0x18,
			0x18, 0x18, 0x17, 0x17, 0x18, 0x17, 0x17, 0x17, 0x17, 0x18, 0x22, 0x17, 0x10, 0x00, 0x00, 0x00,
			0x10, 0x11, 0x00, 0x00, 0x00, 0x00, 0x00, 0x00, 0x00, 0x00, 0x00, 0x00, 0x00, 0x10, 0xAC, 0x18,
			0x18, 0x17, 0x17, 0x18, 0x18, 0x10, 0x18, 0x18, 0x17, 0x18, 0x17, 0x18, 0x18, 0x18, 0x5E, 0xA6,
			0x11, 0x00, 0x00, 0x10, 0xFB, 0x7D, 0x10, 0x00, 0x00, 0x00, 0x00, 0x00, 0x00, 0x00, 0x00, 0x00,
			0x10, 0xAC, 0x18, 0x17, 0x18, 0x17, 0x17, 0x17, 0x18, 0x10, 0x10, 0x17, 0x18, 0x17, 0x17, 0x17,
			0x18, 0x17, 0x22, 0xA6, 0xA6, 0x10, 0x00, 0x11, 0x7D, 0x6D, 0x11, 0x00, 0x00, 0x00, 0x00, 0x00,
			0x00, 0x00, 0x11, 0x10, 0x22, 0xAC, 0x17, 0x18, 0x17, 0x18, 0x18, 0x18, 0x17, 0x10, 0x10, 0x10,
			0x10, 0x18, 0x18, 0x18, 0x18, 0x17, 0x18, 0xAC, 0xA6, 0x22, 0x10, 0x07, 0x7D, 0x07, 0x81, 0x11,
			0x00, 0x00, 0x00, 0x00, 0x00, 0x10, 0x81, 0x71, 0x11, 0xAC, 0x18, 0x17, 0x18, 0x17, 0x17, 0x18,
			0x10, 0x11, 0x00, 0x00, 0x10, 0x10, 0x18, 0x17, 0x18, 0x17, 0x18, 0x18, 0x17, 0x18, 0x11, 0x7E,
			0x07, 0x71, 0x6D, 0x10, 0x00, 0x00, 0x00, 0x00, 0x00, 0x11, 0x7D, 0x7D, 0x58, 0x10, 0x17, 0x18,
			0x17, 0x17, 0x18, 0x17, 0x10, 0x00, 0x00, 0x00, 0x00, 0x10, 0x10, 0x17, 0x17, 0x18, 0x17, 0x18,
			0x17, 0x18, 0x10, 0x82, 0xBE, 0x07, 0x7D, 0x10, 0x00, 0x00, 0x00, 0x00, 0x00, 0x11, 0x7D, 0x81,
			0x71, 0x58, 0x10, 0x18, 0x18, 0x18, 0x18, 0x10, 0x00, 0x00, 0x00, 0x00, 0x00, 0x00, 0x11, 0x18,
			0x17, 0x17, 0x18, 0x18, 0x18, 0x11, 0x07, 0xBE, 0x7E, 0x7D, 0x71, 0x10, 0x00, 0x00, 0x00, 0x00,
			0x00, 0x10, 0x7D, 0x7D, 0x81, 0x5C, 0x10, 0x17, 0x17, 0x18, 0x10, 0x00, 0x00, 0x00, 0x00, 0x00,
			0x00, 0x00, 0x00, 0x10, 0x18, 0x18, 0x18, 0x17, 0x10, 0x10, 0xBE, 0x7E, 0x7D, 0x75, 0x58, 0x11,
			0x00, 0x00, 0x00, 0x00, 0x00, 0x10, 0x71, 0x7D, 0x7D, 0x6D, 0x5C, 0x10, 0x11, 0x10, 0x00, 0x00,
			0x00, 0x00, 0x00, 0x00, 0x00, 0x00, 0x00, 0x00, 0x10, 0x17, 0x17, 0x10, 0x11, 0x75, 0x7E, 0x7D,
			0x71, 0x58, 0x11, 0x00, 0x00, 0x00, 0x00, 0x00, 0x00, 0x10, 0x6D, 0x7D, 0x81, 0x81, 0x81, 0xBA,
			0x07, 0x7D, 0x11, 0x00, 0x00, 0x00, 0x00, 0x00, 0x00, 0x00, 0x00, 0x00, 0x11, 0x17, 0x11, 0x18,
			0x10, 0x81, 0x71, 0x58, 0x5C, 0x10, 0x00, 0x00, 0x00, 0x00, 0x00, 0x00, 0x00, 0x11, 0x58, 0x6D,
			0x6D, 0x7D, 0x7D, 0x7D, 0x7D, 0x81, 0x6D, 0x11, 0x00, 0x00, 0x00, 0x00, 0x00, 0x00, 0x00, 0x00,
			0x00, 0x10, 0x10, 0x81, 0x81, 0x6D, 0x58, 0x5C, 0x10, 0x00, 0x00, 0x00, 0x00, 0x00, 0x00, 0x00,
			0x00, 0x00, 0x10, 0x58, 0x58, 0x6D, 0x6D, 0x71, 0x6D, 0x71, 0x5C, 0x10, 0x00, 0x00, 0x00, 0x00,
			0x00, 0x00, 0x00, 0x00, 0x00, 0x00, 0x10, 0x58, 0x6D, 0x58, 0x5C, 0x11, 0x00, 0x00, 0x00, 0x00,
			0x00, 0x00, 0x00, 0x00, 0x00, 0x00, 0x00, 0x10, 0x10, 0x10, 0x11, 0x10, 0x11, 0x11, 0x10, 0x00,
			0x00, 0x00, 0x00, 0x00, 0x00, 0x00, 0x00, 0x00, 0x00, 0x00, 0x10, 0x10, 0x10, 0x10, 0x10, 0x00,
			0x00, 0x00, 0x00, 0x00,
};

const unsigned char gfx_bubguy4[] = {
		// Size: 2484
			// W:36 H:69
			// Colours: 256
			// icon-length: 2484
			//0x01, // colour mode, 1=256colours, 2=16 colours, 4=4 colours, 8=2 colours
			//0x00, 0x24, // WIDTH
			//0x00, 0x45, // HEIGHT
			//0x09, 0xB4, // LENGTH
			0x00, 0x00, 0x00, 0x00, 0x00, 0x00, 0x00, 0x00, 0x00, 0x00, 0x00, 0x00, 0x00, 0x00, 0x00, 0x00,
			0x00, 0x00, 0x00, 0x00, 0x00, 0x00, 0x00, 0x00, 0x00, 0x00, 0x00, 0x00, 0x00, 0x00, 0x00, 0x00,
			0x00, 0x00, 0x00, 0x00, 0x00, 0x00, 0x00, 0x00, 0x00, 0x00, 0x00, 0x00, 0x00, 0x00, 0x00, 0x00,
			0x00, 0x00, 0x00, 0x00, 0x00, 0x00, 0x00, 0x00, 0x00, 0x00, 0x00, 0x00, 0x00, 0x00, 0x00, 0x00,
			0x00, 0x00, 0x00, 0x00, 0x00, 0x00, 0x00, 0x00, 0x00, 0x00, 0x00, 0x00, 0x00, 0x00, 0x00, 0x00,
			0x00, 0x00, 0x00, 0x00, 0x00, 0x00, 0x00, 0x00, 0x00, 0x00, 0x00, 0x00, 0x00, 0x00, 0x00, 0x00,
			0x00, 0x00, 0x00, 0x00, 0x00, 0x00, 0x00, 0x00, 0x00, 0x00, 0x00, 0x00, 0x00, 0x00, 0x00, 0x00,
			0x00, 0x00, 0x00, 0x00, 0x00, 0x00, 0x00, 0x00, 0x00, 0x00, 0x00, 0x00, 0x00, 0x00, 0x00, 0x00,
			0x00, 0x00, 0x00, 0x00, 0x00, 0x00, 0x00, 0x00, 0x00, 0x00, 0x00, 0x00, 0x00, 0x00, 0x00, 0x00,
			0x00, 0x00, 0x00, 0x00, 0x00, 0x00, 0x00, 0x00, 0x00, 0x00, 0x00, 0x00, 0x00, 0x00, 0x00, 0x00,
			0x00, 0x00, 0x00, 0x00, 0x00, 0x00, 0x00, 0x00, 0x00, 0x00, 0x00, 0x00, 0x00, 0x00, 0x00, 0x00,
			0x00, 0x00, 0x00, 0x00, 0x00, 0x00, 0x00, 0x00, 0x00, 0x00, 0x00, 0x00, 0x00, 0x00, 0x00, 0x00,
			0x00, 0x00, 0x00, 0x00, 0x00, 0x00, 0x00, 0x00, 0x00, 0x00, 0x00, 0x00, 0x00, 0x00, 0x00, 0x00,
			0x00, 0x00, 0x00, 0x00, 0x00, 0x00, 0x00, 0x00, 0x00, 0x00, 0x00, 0x00, 0x00, 0x00, 0x00, 0x00,
			0x00, 0x00, 0x00, 0x00, 0x00, 0x00, 0x00, 0x00, 0x00, 0x00, 0x00, 0x00, 0x00, 0x00, 0x00, 0x00,
			0x00, 0x00, 0x00, 0x00, 0x00, 0x00, 0x00, 0x00, 0x00, 0x00, 0x00, 0x00, 0x00, 0x00, 0x00, 0x00,
			0x00, 0x00, 0x00, 0x00, 0x00, 0x00, 0x00, 0x00, 0x00, 0x00, 0x00, 0x00, 0x00, 0x00, 0x00, 0x00,
			0x00, 0x00, 0x00, 0x00, 0x00, 0x00, 0x00, 0x00, 0x00, 0x00, 0x00, 0x00, 0x00, 0x00, 0x00, 0x00,
			0x00, 0x00, 0x00, 0x00, 0x00, 0x00, 0x00, 0x00, 0x00, 0x00, 0x00, 0x00, 0x00, 0x00, 0x00, 0x12,
			0x10, 0x00, 0x00, 0x00, 0x00, 0x00, 0x00, 0x00, 0x00, 0x00, 0x00, 0x00, 0x00, 0x00, 0x00, 0x00,
			0x00, 0x00, 0x00, 0x00, 0x00, 0x00, 0x00, 0x00, 0x00, 0x00, 0x00, 0x00, 0x00, 0x00, 0x00, 0x00,
			0x10, 0x10, 0x10, 0x30, 0x34, 0x10, 0x00, 0x00, 0x00, 0x70, 0xF4, 0x2D, 0xF4, 0x70, 0x00, 0x00,
			0x00, 0x00, 0x00, 0x00, 0x00, 0x00, 0x00, 0x00, 0x00, 0x00, 0x00, 0x00, 0x00, 0x00, 0x00, 0x00,
			0x00, 0x00, 0x11, 0x10, 0x34, 0x34, 0x30, 0x30, 0x34, 0x10, 0x00, 0x00, 0x70, 0x70, 0x2D, 0x1D,
			0x2D, 0x1D, 0x1D, 0x00, 0x00, 0x00, 0x00, 0x00, 0x00, 0x00, 0x00, 0x00, 0x00, 0x00, 0x00, 0x00,
			0x00, 0x00, 0x00, 0x00, 0x00, 0x11, 0x34, 0x34, 0x30, 0x30, 0x30, 0x30, 0x30, 0x34, 0x10, 0xF4,
			0x1D, 0xF4, 0x1D, 0x70, 0x70, 0xF4, 0x2D, 0x00, 0x00, 0x00, 0x00, 0x00, 0x00, 0x00, 0x00, 0x00,
			0x00, 0x00, 0x00, 0x00, 0x00, 0x00, 0x00, 0x00, 0x10, 0x34, 0x34, 0x30, 0x34, 0x30, 0x30, 0x30,
			0x34, 0x10, 0x70, 0xBC, 0x2D, 0x1D, 0x70, 0x70, 0x00, 0x00, 0x1D, 0x00, 0x00, 0x00, 0x00, 0x00,
			0x00, 0x00, 0x00, 0x00, 0x00, 0x00, 0x00, 0x00, 0x00, 0x00, 0x00, 0x00, 0x10, 0x34, 0x34, 0x34,
			0x34, 0x30, 0x30, 0x30, 0x10, 0x70, 0x70, 0x70, 0x70, 0x10, 0x00, 0x70, 0x00, 0x00, 0x00, 0x00,
			0x00, 0x00, 0x00, 0x00, 0x00, 0x00, 0x00, 0x00, 0x00, 0x00, 0x00, 0x00, 0x00, 0x00, 0x00, 0x00,
			0x00, 0x10, 0x10, 0x34, 0x30, 0x34, 0x30, 0x30, 0x10, 0x10, 0x70, 0x10, 0x10, 0x00, 0x00, 0x00,
			0x00, 0x00, 0x00, 0x00, 0x00, 0x00, 0x00, 0x00, 0x00, 0x00, 0x00, 0x00, 0x00, 0x00, 0x00, 0x00,
			0x00, 0x00, 0x00, 0x00, 0x00, 0x10, 0x34, 0x34, 0x34, 0x30, 0x34, 0x10, 0x10, 0x10, 0x7D, 0x10,
			0x00, 0x00, 0x00, 0x00, 0x00, 0x00, 0x00, 0x00, 0x00, 0x00, 0x00, 0x00, 0x00, 0x00, 0x00, 0x00,
			0x00, 0x00, 0x00, 0x00, 0x00, 0x00, 0x00, 0x00, 0x00, 0x11, 0x34, 0x30, 0x10, 0x12, 0x10, 0x11,
			0x1A, 0x1A, 0x10, 0x6D, 0x11, 0x00, 0x00, 0x00, 0x00, 0x00, 0x00, 0x00, 0x00, 0x00, 0x00, 0x00,
			0x00, 0x00, 0x00, 0x00, 0x00, 0x00, 0x00, 0x00, 0x00, 0x00, 0x00, 0x00, 0x10, 0x30, 0x10, 0x10,
			0x70, 0xBC, 0x1D, 0x10, 0x1A, 0xBF, 0x10, 0x11, 0x07, 0xBA, 0x1A, 0x10, 0x00, 0x00, 0x00, 0x00,
			0x00, 0x00, 0x00, 0x00, 0x00, 0x00, 0x00, 0x00, 0x00, 0x00, 0x00, 0x00, 0x00, 0x00, 0x00, 0x11,
			0x30, 0x10, 0x70, 0x70, 0x58, 0x5C, 0x70, 0x1D, 0x10, 0x1A, 0x1A, 0x7D, 0x7D, 0x81, 0x07, 0x10,
			0x00, 0x00, 0x00, 0x00, 0x00, 0x00, 0x00, 0x00, 0x00, 0x00, 0x00, 0x00, 0x00, 0x00, 0x00, 0x00,
			0x00, 0x00, 0x10, 0x30, 0x10, 0x10, 0x70, 0xBC, 0x07, 0x1A, 0x70, 0x70, 0x11, 0x7E, 0x1A, 0xBA,
			0x82, 0x10, 0x00, 0x00, 0x00, 0x00, 0x00, 0x00, 0x00, 0x00, 0x00, 0x00, 0x00, 0x00, 0x00, 0x00,
			0x00, 0x00, 0x00, 0x00, 0x00, 0x10, 0x30, 0x10, 0x34, 0x10, 0x2D, 0x70, 0x81, 0x71, 0x81, 0x10,
			0x7D, 0x81, 0x07, 0x07, 0x81, 0x7E, 0x07, 0x11, 0x00, 0x00, 0x00, 0x00, 0x00, 0x00, 0x00, 0x00,
			0x00, 0x00, 0x00, 0x00, 0x00, 0x00, 0x00, 0x00, 0x10, 0x30, 0x34, 0x34, 0x10, 0x34, 0x10, 0x5C,
			0x58, 0x6D, 0x81, 0x81, 0x81, 0x7D, 0x81, 0x81, 0x81, 0x7D, 0x81, 0x6D, 0x11, 0x00, 0x00, 0x00,
			0x00, 0x00, 0x00, 0x00, 0x00, 0x00, 0x00, 0x00, 0x00, 0x00, 0x00, 0x00, 0x30, 0x34, 0x34, 0x34,
			0x34, 0x11, 0x11, 0x58, 0x5C, 0x10, 0x6D, 0x79, 0x7D, 0x81, 0x6D, 0x71, 0x34, 0x34, 0x10, 0x12,
			0x00, 0x00, 0x00, 0x00, 0x00, 0x00, 0x00, 0x00, 0x00, 0x00, 0x00, 0x00, 0x00, 0x00, 0x00, 0x00,
			0x10, 0x11, 0x10, 0x11, 0x10, 0x00, 0x00, 0x10, 0x11, 0x10, 0x10, 0x6D, 0x79, 0x7D, 0x79, 0x75,
			0x10, 0x12, 0x00, 0x00, 0x00, 0x00, 0x00, 0x00, 0x00, 0x00, 0x00, 0x00, 0x00, 0x00, 0x00, 0x00,
			0x00, 0x00, 0x00, 0x00, 0x00, 0x00, 0x00, 0x00, 0x00, 0x00, 0x00, 0x00, 0x00, 0x11, 0x11, 0x34,
			0x75, 0x75, 0x75, 0x11, 0x00, 0x00, 0x00, 0x00, 0x00, 0x00, 0x00, 0x00, 0x00, 0x00, 0x00, 0x00,
			0x00, 0x00, 0x00, 0x00, 0x00, 0x00, 0x00, 0x00, 0x00, 0x00, 0x00, 0x00, 0x00, 0x00, 0x00, 0x00,
			0x00, 0x00, 0x00, 0x10, 0x79, 0x75, 0x10, 0x00, 0x00, 0x00, 0x00, 0x00, 0x00, 0x00, 0x00, 0x00,
			0x00, 0x00, 0x00, 0x00, 0x00, 0x00, 0x00, 0x00, 0x00, 0x00, 0x00, 0x00, 0x00, 0x00, 0x00, 0x00,
			0x00, 0x00, 0x00, 0x00, 0x00, 0x00, 0x00, 0x10, 0x75, 0x7D, 0x10, 0x00, 0x00, 0x00, 0x00, 0x00,
			0x00, 0x00, 0x00, 0x00, 0x00, 0x00, 0x00, 0x00, 0x00, 0x00, 0x00, 0x00, 0x00, 0x00, 0x00, 0x00,
			0x00, 0x00, 0x00, 0x00, 0x00, 0x00, 0x00, 0x00, 0x00, 0x00, 0x00, 0x10, 0x79, 0x81, 0x7D, 0x11,
			0x00, 0x00, 0x00, 0x00, 0x00, 0x00, 0x00, 0x00, 0x00, 0x00, 0x00, 0x00, 0x00, 0x00, 0x00, 0x00,
			0x00, 0x00, 0x00, 0x00, 0x00, 0x00, 0x00, 0x00, 0x00, 0x00, 0x00, 0x00, 0x00, 0x00, 0x00, 0x10,
			0x79, 0x81, 0x07, 0x10, 0x00, 0x00, 0x00, 0x00, 0x00, 0x00, 0x00, 0x00, 0x00, 0x00, 0x00, 0x00,
			0x00, 0x00, 0x00, 0x00, 0x00, 0x00, 0x00, 0x00, 0x00, 0x00, 0x00, 0x00, 0x00, 0x00, 0x00, 0x00,
			0x00, 0x00, 0x00, 0x11, 0x79, 0x81, 0x75, 0x10, 0x00, 0x00, 0x00, 0x00, 0x00, 0x00, 0x00, 0x00,
			0x00, 0x00, 0x00, 0x00, 0x00, 0x00, 0x00, 0x00, 0x00, 0x00, 0x00, 0x00, 0x00, 0x00, 0x00, 0x00,
			0x00, 0x00, 0x00, 0x00, 0x00, 0x00, 0x00, 0x10, 0x79, 0x81, 0x12, 0x00, 0x00, 0x00, 0x00, 0x00,
			0x00, 0x00, 0x00, 0x00, 0x00, 0x00, 0x00, 0x00, 0x00, 0x00, 0x00, 0x00, 0x00, 0x00, 0x00, 0x00,
			0x00, 0x00, 0x00, 0x00, 0x00, 0x00, 0x00, 0x00, 0x00, 0x00, 0x00, 0x10, 0x75, 0x81, 0x10, 0x00,
			0x00, 0x00, 0x00, 0x00, 0x00, 0x00, 0x00, 0x00, 0x00, 0x00, 0x00, 0x00, 0x00, 0x00, 0x00, 0x00,
			0x00, 0x00, 0x00, 0x00, 0x00, 0x00, 0x00, 0x00, 0x00, 0x00, 0x00, 0x00, 0x00, 0x00, 0x00, 0x10,
			0x75, 0x81, 0x75, 0x10, 0x00, 0x00, 0x00, 0x00, 0x00, 0x00, 0x00, 0x00, 0x00, 0x00, 0x00, 0x00,
			0x00, 0x00, 0x00, 0x00, 0x00, 0x00, 0x00, 0x00, 0x00, 0x00, 0x00, 0x00, 0x00, 0x00, 0x00, 0x00,
			0x00, 0x00, 0x00, 0x10, 0x79, 0x81, 0x07, 0x10, 0x00, 0x00, 0x00, 0x00, 0x00, 0x00, 0x00, 0x00,
			0x00, 0x00, 0x00, 0x00, 0x00, 0x00, 0x00, 0x00, 0x00, 0x00, 0x00, 0x00, 0x00, 0x00, 0x00, 0x00,
			0x00, 0x00, 0x00, 0x00, 0x00, 0x00, 0x00, 0x11, 0x75, 0x81, 0x7D, 0x10, 0x00, 0x00, 0x00, 0x00,
			0x00, 0x00, 0x00, 0x00, 0x00, 0x00, 0x00, 0x00, 0x00, 0x00, 0x00, 0x00, 0x00, 0x00, 0x00, 0x00,
			0x00, 0x00, 0x00, 0x00, 0x00, 0x00, 0x00, 0x00, 0x00, 0x00, 0x00, 0x11, 0x6D, 0x7D, 0x81, 0x07,
			0x11, 0x00, 0x00, 0x00, 0x00, 0x00, 0x00, 0x00, 0x00, 0x00, 0x00, 0x00, 0x00, 0x00, 0x00, 0x00,
			0x00, 0x00, 0x00, 0x00, 0x00, 0x00, 0x00, 0x00, 0x00, 0x00, 0x00, 0x00, 0x00, 0x00, 0x00, 0x10,
			0x71, 0x81, 0x7D, 0x07, 0x10, 0x00, 0x00, 0x00, 0x00, 0x00, 0x00, 0x00, 0x00, 0x00, 0x00, 0x00,
			0x00, 0x00, 0x00, 0x00, 0x00, 0x00, 0x00, 0x00, 0x00, 0x00, 0x00, 0x00, 0x00, 0x00, 0x00, 0x00,
			0x00, 0x00, 0x10, 0x10, 0x11, 0x81, 0x7D, 0x81, 0x11, 0x00, 0x00, 0x00, 0x00, 0x00, 0x00, 0x00,
			0x00, 0x00, 0x00, 0x00, 0x00, 0x00, 0x00, 0x00, 0x00, 0x00, 0x00, 0x00, 0x00, 0x00, 0x00, 0x00,
			0x00, 0x00, 0x00, 0x00, 0x00, 0x00, 0x12, 0xA6, 0xA6, 0x11, 0x7D, 0x81, 0x07, 0x10, 0x00, 0x00,
			0x00, 0x00, 0x00, 0x00, 0x00, 0x00, 0x00, 0x00, 0x00, 0x00, 0x00, 0x00, 0x00, 0x00, 0x00, 0x00,
			0x00, 0x00, 0x00, 0x00, 0x00, 0x00, 0x00, 0x00, 0x00, 0x10, 0xAC, 0x18, 0x10, 0xA6, 0x11, 0x7D,
			0x81, 0x12, 0x10, 0x00, 0x00, 0x00, 0x00, 0x00, 0x00, 0x00, 0x00, 0x00, 0x00, 0x00, 0x00, 0x00,
			0x00, 0x00, 0x00, 0x00, 0x00, 0x00, 0x00, 0x00, 0x00, 0x00, 0x00, 0x00, 0x00, 0x10, 0x1A, 0x82,
			0x81, 0x22, 0x10, 0x81, 0x7D, 0x71, 0x10, 0x11, 0x00, 0x00, 0x00, 0x00, 0x00, 0x00, 0x00, 0x00,
			0x00, 0x00, 0x00, 0x00, 0x00, 0x00, 0x00, 0x00, 0x00, 0x00, 0x00, 0x00, 0x00, 0x00, 0x00, 0x00,
			0x10, 0x10, 0x1A, 0x82, 0x7D, 0x10, 0xAC, 0x11, 0x6D, 0x71, 0x10, 0x10, 0x00, 0x00, 0x00, 0x00,
			0x00, 0x00, 0x00, 0x00, 0x00, 0x00, 0x00, 0x00, 0x00, 0x00, 0x00, 0x00, 0x00, 0x00, 0x00, 0x00,
			0x00, 0x00, 0x00, 0x00, 0x10, 0xBA, 0x7E, 0x81, 0x7D, 0x75, 0x10, 0xAC, 0x10, 0x11, 0x17, 0x18,
			0x11, 0x00, 0x00, 0x00, 0x00, 0x00, 0x00, 0x00, 0x00, 0x00, 0x00, 0x00, 0x00, 0x00, 0x00, 0x00,
			0x00, 0x00, 0x00, 0x00, 0x00, 0x00, 0x00, 0x11, 0x10, 0x82, 0x81, 0x7D, 0x6D, 0x6D, 0x10, 0x17,
			0x18, 0x17, 0x17, 0x17, 0x10, 0x00, 0x00, 0x00, 0x00, 0x00, 0x00, 0x00, 0x00, 0x00, 0x00, 0x00,
			0x00, 0x00, 0x00, 0x00, 0x00, 0x00, 0x00, 0x00, 0x00, 0x00, 0x00, 0x10, 0x07, 0x81, 0x81, 0x6D,
			0x58, 0x6D, 0x58, 0x11, 0x18, 0x17, 0x18, 0x18, 0x11, 0x00, 0x00, 0x00, 0x00, 0x00, 0x00, 0x00,
			0x00, 0x00, 0x00, 0x00, 0x00, 0x00, 0x00, 0x00, 0x00, 0x00, 0x00, 0x00, 0x00, 0x00, 0x10, 0x11,
			0x7D, 0x7D, 0x71, 0x10, 0x58, 0x7D, 0x71, 0x10, 0x17, 0x18, 0x18, 0x22, 0x22, 0x10, 0x00, 0x00,
			0x00, 0x00, 0x00, 0x00, 0x00, 0x00, 0x00, 0x00, 0x00, 0x00, 0x00, 0x00, 0x00, 0x00, 0x00, 0x00,
			0x00, 0x00, 0x11, 0x07, 0x81, 0x71, 0x10, 0x58, 0x75, 0x7D, 0x5C, 0x11, 0x17, 0xAC, 0xAC, 0x17,
			0x18, 0x11, 0x00, 0x10, 0x10, 0x81, 0x81, 0x00, 0x00, 0x00, 0x00, 0x00, 0x00, 0x00, 0x00, 0x00,
			0x00, 0x00, 0x00, 0x00, 0x00, 0x11, 0x82, 0x7D, 0x71, 0x10, 0x5C, 0x75, 0x81, 0x7D, 0x10, 0x17,
			0x18, 0x17, 0x17, 0x18, 0x17, 0x10, 0x11, 0x6D, 0x7D, 0x81, 0x82, 0x1A, 0x11, 0x00, 0x00, 0x00,
			0x00, 0x00, 0x00, 0x00, 0x00, 0x00, 0x10, 0x10, 0x10, 0x81, 0x81, 0x6D, 0x10, 0x10, 0x58, 0x79,
			0x81, 0x58, 0x10, 0x18, 0x18, 0x17, 0x18, 0x18, 0x17, 0x10, 0x58, 0x5C, 0x11, 0x10, 0x7D, 0x81,
			0x10, 0x00, 0x00, 0x00, 0x00, 0x00, 0x00, 0x00, 0x00, 0x11, 0x7D, 0x7D, 0x7D, 0x81, 0x81, 0x10,
			0x11, 0x11, 0x12, 0x58, 0x5C, 0x10, 0x18, 0x18, 0x18, 0xAC, 0x17, 0x18, 0x18, 0x10, 0x5C, 0x58,
			0x6D, 0x10, 0x7D, 0x81, 0x11, 0x10, 0x00, 0x00, 0x00, 0x00, 0x00, 0x00, 0x10, 0x7D, 0x1A, 0x7E,
			0x81, 0x81, 0x11, 0x00, 0x10, 0x18, 0x10, 0x11, 0x10, 0x18, 0x17, 0x17, 0x18, 0x18, 0xAC, 0x18,
			0x18, 0x17, 0x10, 0x5C, 0x10, 0x7D, 0x81, 0x10, 0x7D, 0x10, 0x00, 0x00, 0x00, 0x00, 0x00, 0x00,
			0x11, 0x81, 0x82, 0xBF, 0x1A, 0x81, 0x75, 0x10, 0x10, 0x17, 0x18, 0x17, 0x18, 0x17, 0x18, 0x18,
			0x18, 0x17, 0x18, 0x18, 0x18, 0xAC, 0x10, 0x10, 0x5C, 0x10, 0x10, 0x75, 0x10, 0x00, 0x00, 0x00,
			0x00, 0x00, 0x00, 0x00, 0x10, 0x75, 0x7D, 0xBA, 0x07, 0x7D, 0x81, 0x10, 0x11, 0x17, 0x17, 0x17,
			0x18, 0x17, 0x18, 0x18, 0x18, 0x18, 0x17, 0x17, 0xAC, 0xAC, 0x10, 0x10, 0x10, 0x58, 0x6D, 0x10,
			0x00, 0x00, 0x00, 0x00, 0x00, 0x00, 0x00, 0x00, 0x00, 0x10, 0x6D, 0x81, 0x7D, 0x10, 0x71, 0x11,
			0x10, 0x18, 0x17, 0x18, 0x17, 0x18, 0x18, 0x17, 0x18, 0x17, 0x17, 0x17, 0xAC, 0xA6, 0xA6, 0x11,
			0x00, 0x10, 0x10, 0x00, 0x00, 0x00, 0x00, 0x00, 0x00, 0x00, 0x00, 0x00, 0x00, 0x00, 0x10, 0x6D,
			0x81, 0x71, 0x10, 0x00, 0x10, 0x18, 0x18, 0x17, 0x18, 0x17, 0x18, 0x18, 0x17, 0x18, 0x18, 0x18,
			0x18, 0xAC, 0xA6, 0xA6, 0x10, 0x00, 0x00, 0x00, 0x00, 0x00, 0x00, 0x00, 0x00, 0x00, 0x00, 0x00,
			0x00, 0x00, 0x00, 0x10, 0x10, 0x10, 0x00, 0x10, 0x17, 0x18, 0x17, 0x17, 0x18, 0x17, 0x18, 0x18,
			0x18, 0x18, 0x17, 0x18, 0x17, 0x18, 0xAC, 0xA6, 0xA6, 0x10, 0x00, 0x00, 0x00, 0x00, 0x00, 0x00,
			0x00, 0x00, 0x00, 0x00, 0x00, 0x00, 0x10, 0x00, 0x00, 0x10, 0x11, 0xAC, 0x18, 0x18, 0x17, 0x10,
			0x17, 0x17, 0x17, 0x17, 0x17, 0x17, 0x18, 0x17, 0x17, 0x17, 0x18, 0xAC, 0xA6, 0x11, 0x00, 0x00,
			0x00, 0x00, 0x00, 0x00, 0x00, 0x00, 0x00, 0x00, 0x00, 0x11, 0x6D, 0x7D, 0x10, 0xAC, 0xAC, 0x17,
			0x17, 0x18, 0x18, 0x18, 0x12, 0x10, 0x17, 0x18, 0x17, 0x18, 0x18, 0x18, 0x18, 0x17, 0x17, 0xAC,
			0xA6, 0xA6, 0x10, 0x00, 0x00, 0x00, 0x00, 0x00, 0x00, 0x00, 0x00, 0x00, 0x00, 0x10, 0x81, 0x81,
			0x6D, 0x10, 0x18, 0x17, 0x17, 0x17, 0x18, 0x18, 0x17, 0x10, 0x10, 0x10, 0x18, 0x18, 0x18, 0x17,
			0x17, 0x17, 0x18, 0x18, 0xAC, 0x22, 0x11, 0x00, 0x00, 0x00, 0x00, 0x00, 0x00, 0x00, 0x00, 0x00,
			0x00, 0x10, 0x81, 0x7D, 0x75, 0x10, 0x17, 0x18, 0x18, 0x17, 0x18, 0x18, 0x17, 0x10, 0x11, 0x11,
			0x10, 0x10, 0x18, 0x18, 0x18, 0x18, 0x17, 0x17, 0x18, 0xAC, 0x11, 0x00, 0x00, 0x00, 0x00, 0x00,
			0x00, 0x00, 0x00, 0x00, 0x00, 0x10, 0x81, 0x81, 0x7D, 0x10, 0x18, 0x17, 0x18, 0x18, 0x17, 0x18,
			0x18, 0x11, 0x10, 0x10, 0x10, 0x10, 0x10, 0x17, 0x17, 0x17, 0x18, 0x18, 0x17, 0xAC, 0x10, 0x00,
			0x00, 0x00, 0x00, 0x00, 0x00, 0x00, 0x00, 0x00, 0x00, 0x10, 0x7D, 0x81, 0x7D, 0x6D, 0x10, 0x18,
			0x17, 0x18, 0x17, 0x17, 0x10, 0x10, 0x10, 0x00, 0x00, 0x10, 0x10, 0x18, 0x17, 0x18, 0x18, 0x17,
			0x17, 0xAC, 0x11, 0x00, 0x00, 0x00, 0x00, 0x00, 0x00, 0x00, 0x00, 0x00, 0x00, 0x10, 0x79, 0x81,
			0x81, 0x75, 0x10, 0x17, 0x18, 0x18, 0x12, 0x10, 0x10, 0x00, 0x00, 0x00, 0x00, 0x00, 0x10, 0x18,
			0x17, 0x18, 0x17, 0x18, 0x18, 0x18, 0x10, 0x00, 0x00, 0x00, 0x00, 0x00, 0x00, 0x00, 0x00, 0x00,
			0x00, 0x10, 0x6D, 0x81, 0x7D, 0x81, 0x10, 0x11, 0x10, 0x10, 0x10, 0x00, 0x00, 0x00, 0x00, 0x00,
			0x00, 0x10, 0x18, 0x17, 0x18, 0x17, 0x17, 0x18, 0x18, 0x10, 0x10, 0x00, 0x00, 0x10, 0x10, 0x00,
			0x00, 0x00, 0x00, 0x00, 0x00, 0x11, 0x6D, 0x7D, 0x81, 0x81, 0x10, 0x00, 0x00, 0x00, 0x00, 0x00,
			0x00, 0x00, 0x00, 0x00, 0x00, 0x10, 0x10, 0x10, 0x10, 0x10, 0x11, 0x11, 0x11, 0x10, 0x11, 0x10,
			0x10, 0x07, 0x1A, 0x10, 0x00, 0x00, 0x00, 0x00, 0x00, 0x11, 0x6D, 0x75, 0x81, 0x7D, 0x10, 0x00,
			0x00, 0x00, 0x00, 0x00, 0x00, 0x00, 0x00, 0x00, 0x00, 0x10, 0x6D, 0x07, 0xBA, 0x7D, 0x7D, 0x07,
			0x07, 0xBA, 0x07, 0xBA, 0x7D, 0x81, 0x7D, 0x11, 0x00, 0x00, 0x00, 0x00, 0x00, 0x10, 0x6D, 0x6D,
			0x79, 0x7D, 0x81, 0x10, 0x00, 0x00, 0x00, 0x00, 0x00, 0x00, 0x00, 0x00, 0x10, 0x75, 0x81, 0x07,
			0x7D, 0x7D, 0x82, 0xBA, 0x07, 0x81, 0x07, 0x7D, 0x7D, 0x71, 0x71, 0x10, 0x00, 0x00, 0x00, 0x00,
			0x00, 0x00, 0x12, 0x6D, 0x6D, 0x71, 0x6D, 0x10, 0x00, 0x00, 0x00, 0x00, 0x00, 0x00, 0x00, 0x00,
			0x11, 0x5C, 0x79, 0x79, 0x75, 0x79, 0x75, 0x75, 0x81, 0xBA, 0x71, 0xBA, 0x6D, 0x1A, 0x5C, 0x11,
			0x00, 0x00, 0x00, 0x00, 0x00, 0x00, 0x00, 0x10, 0x10, 0x11, 0x11, 0x00, 0x00, 0x00, 0x00, 0x00,
			0x00, 0x00, 0x00, 0x00, 0x10, 0x10, 0x10, 0x10, 0x10, 0x10, 0x12, 0x10, 0x10, 0x10, 0x10, 0x10,
			0x10, 0x10, 0x10, 0x00,
};

const unsigned char gfx_bubguy5[] = {
		// Size: 2484
			// W:36 H:69
			// Colours: 256
			// icon-length: 2484
			//0x01, // colour mode, 1=256colours, 2=16 colours, 4=4 colours, 8=2 colours
			//0x00, 0x24, // WIDTH
			//0x00, 0x45, // HEIGHT
			//0x09, 0xB4, // LENGTH
			0x00, 0x00, 0x00, 0x00, 0x00, 0x00, 0x00, 0x00, 0x00, 0x00, 0x00, 0x00, 0x00, 0x00, 0x00, 0x00,
			0x00, 0x00, 0x00, 0x00, 0x00, 0x00, 0x00, 0x00, 0x00, 0x00, 0x00, 0x00, 0x00, 0x00, 0x00, 0x00,
			0x00, 0x00, 0x00, 0x00, 0x00, 0x00, 0x00, 0x00, 0x00, 0x00, 0x00, 0x00, 0x00, 0x00, 0x00, 0x00,
			0x00, 0x00, 0x00, 0x00, 0x00, 0x00, 0x00, 0x00, 0x00, 0x00, 0x00, 0x00, 0x00, 0x00, 0x00, 0x00,
			0x00, 0x00, 0x00, 0x00, 0x00, 0x00, 0x00, 0x00, 0x00, 0x00, 0x00, 0x00, 0x00, 0x00, 0x00, 0x00,
			0x00, 0x00, 0x00, 0x00, 0x00, 0x00, 0x00, 0x00, 0x00, 0x00, 0x00, 0x00, 0x00, 0x00, 0x00, 0x00,
			0x00, 0x00, 0x00, 0x00, 0x00, 0x00, 0x00, 0x00, 0x00, 0x00, 0x00, 0x00, 0x00, 0x00, 0x00, 0x00,
			0x00, 0x00, 0x00, 0x00, 0x00, 0x00, 0x00, 0x00, 0x00, 0x00, 0x00, 0x00, 0x00, 0x00, 0x00, 0x00,
			0x00, 0x00, 0x00, 0x00, 0x00, 0x00, 0x00, 0x00, 0x00, 0x00, 0x00, 0x00, 0x00, 0x00, 0x00, 0x00,
			0x00, 0x00, 0x00, 0x00, 0x00, 0x00, 0x00, 0x00, 0x00, 0x00, 0x00, 0x00, 0x00, 0x00, 0x00, 0x00,
			0x00, 0x00, 0x00, 0x00, 0x00, 0x00, 0x00, 0x00, 0x00, 0x00, 0x00, 0x00, 0x00, 0x00, 0x00, 0x00,
			0x00, 0x00, 0x00, 0x00, 0x00, 0x00, 0x00, 0x00, 0x00, 0x00, 0x00, 0x00, 0x00, 0x00, 0x00, 0x00,
			0x00, 0x00, 0x00, 0x00, 0x00, 0x00, 0x00, 0x00, 0x00, 0x00, 0x00, 0x00, 0x00, 0x00, 0x00, 0x00,
			0x00, 0x00, 0x00, 0x00, 0x00, 0x00, 0x00, 0x00, 0x00, 0x00, 0x00, 0x00, 0x00, 0x00, 0x00, 0x00,
			0x00, 0x00, 0x00, 0x00, 0x00, 0x00, 0x00, 0x00, 0x00, 0x00, 0x00, 0x00, 0x00, 0x00, 0x00, 0x00,
			0x00, 0x00, 0x00, 0x00, 0x00, 0x00, 0x00, 0x00, 0x00, 0x00, 0x00, 0x00, 0x00, 0x00, 0x00, 0x00,
			0x00, 0x00, 0x00, 0x00, 0x00, 0x00, 0x00, 0x00, 0x00, 0x00, 0x00, 0x10, 0x10, 0x00, 0x00, 0x00,
			0x00, 0x00, 0x00, 0x00, 0x00, 0x00, 0x00, 0x00, 0x00, 0x00, 0x00, 0x00, 0x00, 0x00, 0x00, 0x00,
			0x00, 0x00, 0x00, 0x00, 0x00, 0x00, 0x00, 0x00, 0x00, 0x00, 0x00, 0x00, 0x10, 0x10, 0x10, 0x30,
			0x34, 0x10, 0x00, 0x00, 0x00, 0x00, 0x00, 0x00, 0x00, 0x00, 0x00, 0x00, 0x00, 0x00, 0x00, 0x00,
			0x00, 0x00, 0x00, 0x00, 0x00, 0x00, 0x00, 0x00, 0x00, 0x00, 0x00, 0x00, 0x00, 0x00, 0x11, 0x11,
			0x34, 0x34, 0x30, 0x30, 0x34, 0x10, 0x00, 0x00, 0x00, 0x70, 0x2D, 0xF4, 0xF4, 0x6C, 0x00, 0x00,
			0x00, 0x00, 0x00, 0x00, 0x00, 0x00, 0x00, 0x00, 0x00, 0x00, 0x00, 0x00, 0x00, 0x00, 0x00, 0x00,
			0x00, 0x10, 0x34, 0x34, 0x30, 0x30, 0x30, 0x30, 0x30, 0x34, 0x11, 0xF4, 0x2D, 0x1D, 0x2D, 0x2D,
			0x1D, 0x2D, 0x70, 0x00, 0x00, 0x00, 0x00, 0x00, 0x00, 0x00, 0x00, 0x00, 0x00, 0x00, 0x00, 0x00,
			0x00, 0x00, 0x00, 0x00, 0x11, 0x34, 0x34, 0x30, 0x34, 0x30, 0x30, 0x30, 0x34, 0x11, 0x70, 0x2D,
			0xF4, 0x2D, 0xF4, 0x70, 0x6C, 0x2D, 0x1D, 0x00, 0x00, 0x00, 0x00, 0x00, 0x00, 0x00, 0x00, 0x00,
			0x00, 0x00, 0x00, 0x00, 0x00, 0x00, 0x00, 0x00, 0x10, 0x34, 0x34, 0x34, 0x34, 0x30, 0x30, 0x30,
			0x11, 0x70, 0x6C, 0x70, 0x6C, 0x10, 0x70, 0x70, 0x00, 0x70, 0xF4, 0x00, 0x00, 0x00, 0x00, 0x00,
			0x00, 0x00, 0x00, 0x00, 0x00, 0x00, 0x00, 0x00, 0x00, 0x00, 0x00, 0x00, 0x00, 0x10, 0x10, 0x34,
			0x30, 0x34, 0x30, 0x30, 0x10, 0x11, 0x6C, 0x10, 0x11, 0x00, 0x00, 0x70, 0x00, 0x00, 0xF4, 0x00,
			0x00, 0x00, 0x00, 0x00, 0x00, 0x00, 0x00, 0x00, 0x00, 0x00, 0x00, 0x00, 0x00, 0x00, 0x00, 0x00,
			0x00, 0x10, 0x34, 0x34, 0x34, 0x30, 0x34, 0x10, 0x10, 0x10, 0x7D, 0x11, 0x00, 0x00, 0x00, 0x00,
			0x00, 0x00, 0x00, 0x00, 0x00, 0x00, 0x00, 0x00, 0x00, 0x00, 0x00, 0x00, 0x00, 0x00, 0x00, 0x00,
			0x00, 0x00, 0x00, 0x00, 0x00, 0x10, 0x34, 0x30, 0x11, 0x10, 0x10, 0x10, 0xBA, 0x1A, 0x10, 0x71,
			0x10, 0x00, 0x00, 0x00, 0x00, 0x00, 0x00, 0x00, 0x00, 0x00, 0x00, 0x00, 0x00, 0x00, 0x00, 0x00,
			0x00, 0x00, 0x00, 0x00, 0x00, 0x00, 0x00, 0x00, 0x10, 0x30, 0x10, 0x10, 0x70, 0x1D, 0x2D, 0x10,
			0x1A, 0xBF, 0x10, 0x10, 0x07, 0xBA, 0x1A, 0x11, 0x00, 0x00, 0x00, 0x00, 0x00, 0x00, 0x00, 0x00,
			0x00, 0x00, 0x00, 0x00, 0x00, 0x00, 0x00, 0x00, 0x00, 0x00, 0x00, 0x11, 0x30, 0x10, 0x6C, 0x70,
			0x58, 0x58, 0x70, 0x2D, 0x10, 0x1A, 0x1A, 0x7D, 0x7D, 0x7D, 0x82, 0x11, 0x00, 0x00, 0x00, 0x00,
			0x00, 0x00, 0x00, 0x00, 0x00, 0x00, 0x00, 0x00, 0x00, 0x00, 0x00, 0x00, 0x00, 0x00, 0x10, 0x30,
			0x10, 0x10, 0x70, 0xF4, 0xBA, 0x1A, 0x70, 0x6C, 0x11, 0x07, 0xBA, 0xBA, 0x07, 0x10, 0x00, 0x00,
			0x00, 0x00, 0x00, 0x00, 0x00, 0x00, 0x00, 0x00, 0x00, 0x00, 0x00, 0x00, 0x00, 0x00, 0x00, 0x00,
			0x00, 0x10, 0x30, 0x10, 0x34, 0x11, 0x1D, 0x70, 0x81, 0x71, 0x7D, 0x10, 0x7D, 0x7D, 0x7E, 0x82,
			0x81, 0x07, 0x07, 0x10, 0x00, 0x00, 0x00, 0x00, 0x00, 0x00, 0x00, 0x00, 0x00, 0x00, 0x00, 0x00,
			0x00, 0x00, 0x00, 0x00, 0x10, 0x30, 0x34, 0x34, 0x11, 0x34, 0x10, 0x5C, 0x58, 0x6D, 0x7D, 0x7D,
			0x7D, 0x7D, 0x7D, 0x7D, 0x7D, 0x7D, 0x81, 0x6D, 0x10, 0x00, 0x00, 0x00, 0x00, 0x00, 0x00, 0x00,
			0x00, 0x00, 0x00, 0x00, 0x00, 0x00, 0x00, 0x00, 0x30, 0x34, 0x34, 0x34, 0x34, 0x10, 0x10, 0x5C,
			0x5C, 0x10, 0x71, 0x79, 0x7D, 0x7D, 0x71, 0x6D, 0x34, 0x34, 0x10, 0x11, 0x00, 0x00, 0x00, 0x00,
			0x00, 0x00, 0x00, 0x00, 0x00, 0x00, 0x00, 0x00, 0x00, 0x00, 0x00, 0x00, 0x10, 0x11, 0x11, 0x11,
			0x11, 0x00, 0x00, 0x11, 0x10, 0x11, 0x10, 0x6D, 0x79, 0x7D, 0x75, 0x79, 0x11, 0x11, 0x00, 0x00,
			0x00, 0x00, 0x00, 0x00, 0x00, 0x00, 0x00, 0x00, 0x00, 0x00, 0x00, 0x00, 0x00, 0x00, 0x00, 0x00,
			0x00, 0x00, 0x00, 0x00, 0x00, 0x00, 0x00, 0x00, 0x00, 0x10, 0x10, 0x34, 0x75, 0x75, 0x79, 0x10,
			0x00, 0x00, 0x00, 0x00, 0x00, 0x00, 0x00, 0x00, 0x00, 0x00, 0x00, 0x00, 0x00, 0x00, 0x00, 0x00,
			0x00, 0x00, 0x00, 0x00, 0x00, 0x00, 0x00, 0x00, 0x00, 0x00, 0x00, 0x00, 0x00, 0x00, 0x00, 0x10,
			0x79, 0x75, 0x10, 0x00, 0x00, 0x00, 0x00, 0x00, 0x00, 0x00, 0x00, 0x00, 0x00, 0x00, 0x00, 0x00,
			0x00, 0x00, 0x00, 0x00, 0x00, 0x00, 0x00, 0x00, 0x00, 0x00, 0x00, 0x00, 0x00, 0x00, 0x00, 0x00,
			0x00, 0x00, 0x00, 0x10, 0x75, 0x7D, 0x10, 0x00, 0x00, 0x00, 0x00, 0x00, 0x00, 0x00, 0x00, 0x00,
			0x00, 0x00, 0x00, 0x00, 0x00, 0x00, 0x00, 0x00, 0x00, 0x00, 0x00, 0x00, 0x00, 0x00, 0x00, 0x00,
			0x00, 0x00, 0x00, 0x00, 0x00, 0x00, 0x00, 0x10, 0x79, 0x7D, 0x7D, 0x10, 0x00, 0x00, 0x00, 0x00,
			0x00, 0x00, 0x00, 0x00, 0x00, 0x00, 0x00, 0x00, 0x00, 0x00, 0x00, 0x00, 0x00, 0x00, 0x00, 0x00,
			0x00, 0x00, 0x00, 0x00, 0x00, 0x00, 0x00, 0x00, 0x00, 0x00, 0x00, 0x11, 0x75, 0x81, 0x07, 0x10,
			0x00, 0x00, 0x00, 0x00, 0x00, 0x00, 0x00, 0x00, 0x00, 0x00, 0x00, 0x00, 0x00, 0x00, 0x00, 0x00,
			0x00, 0x00, 0x00, 0x00, 0x00, 0x00, 0x00, 0x00, 0x00, 0x00, 0x00, 0x00, 0x00, 0x00, 0x00, 0x10,
			0x75, 0x7D, 0x79, 0x11, 0x00, 0x00, 0x00, 0x00, 0x00, 0x00, 0x00, 0x00, 0x00, 0x00, 0x00, 0x00,
			0x00, 0x00, 0x00, 0x00, 0x00, 0x00, 0x00, 0x00, 0x00, 0x00, 0x00, 0x00, 0x00, 0x00, 0x00, 0x00,
			0x00, 0x00, 0x00, 0x10, 0x79, 0x7D, 0x10, 0x00, 0x00, 0x00, 0x00, 0x00, 0x00, 0x00, 0x00, 0x00,
			0x00, 0x00, 0x00, 0x00, 0x00, 0x00, 0x00, 0x00, 0x00, 0x00, 0x00, 0x00, 0x00, 0x00, 0x00, 0x00,
			0x00, 0x00, 0x00, 0x00, 0x00, 0x00, 0x00, 0x10, 0x79, 0x7D, 0x10, 0x00, 0x00, 0x00, 0x00, 0x00,
			0x00, 0x00, 0x00, 0x00, 0x00, 0x00, 0x00, 0x00, 0x00, 0x00, 0x00, 0x00, 0x00, 0x00, 0x00, 0x00,
			0x00, 0x00, 0x00, 0x00, 0x00, 0x00, 0x00, 0x00, 0x00, 0x00, 0x00, 0x10, 0x71, 0x81, 0x75, 0x10,
			0x00, 0x00, 0x00, 0x00, 0x00, 0x00, 0x00, 0x00, 0x00, 0x00, 0x00, 0x00, 0x00, 0x00, 0x00, 0x00,
			0x00, 0x00, 0x00, 0x00, 0x00, 0x00, 0x00, 0x00, 0x00, 0x00, 0x00, 0x00, 0x00, 0x00, 0x00, 0x10,
			0x79, 0x7D, 0xBA, 0x11, 0x00, 0x00, 0x00, 0x00, 0x00, 0x00, 0x00, 0x00, 0x00, 0x00, 0x00, 0x00,
			0x00, 0x00, 0x00, 0x00, 0x00, 0x00, 0x00, 0x00, 0x00, 0x00, 0x00, 0x00, 0x00, 0x00, 0x00, 0x00,
			0x00, 0x00, 0x00, 0x10, 0x79, 0x7D, 0x7D, 0x10, 0x00, 0x00, 0x00, 0x00, 0x00, 0x00, 0x00, 0x00,
			0x00, 0x00, 0x00, 0x00, 0x00, 0x00, 0x00, 0x00, 0x00, 0x00, 0x00, 0x00, 0x00, 0x00, 0x00, 0x00,
			0x00, 0x00, 0x00, 0x00, 0x00, 0x00, 0x00, 0x11, 0x6D, 0x7D, 0x81, 0x82, 0x11, 0x00, 0x00, 0x00,
			0x00, 0x00, 0x00, 0x00, 0x00, 0x00, 0x00, 0x00, 0x00, 0x00, 0x00, 0x00, 0x00, 0x00, 0x00, 0x00,
			0x00, 0x00, 0x00, 0x00, 0x00, 0x00, 0x00, 0x00, 0x00, 0x00, 0x00, 0x11, 0xA6, 0x10, 0x7D, 0x7D,
			0x7E, 0x10, 0x00, 0x00, 0x00, 0x00, 0x00, 0x00, 0x00, 0x00, 0x00, 0x00, 0x00, 0x00, 0x00, 0x00,
			0x00, 0x00, 0x00, 0x00, 0x00, 0x00, 0x00, 0x00, 0x00, 0x00, 0x00, 0x00, 0x00, 0x00, 0x10, 0xA6,
			0xA6, 0xA6, 0x10, 0x7D, 0x7D, 0x10, 0x11, 0x00, 0x00, 0x00, 0x00, 0x00, 0x00, 0x00, 0x00, 0x00,
			0x00, 0x00, 0x00, 0x00, 0x00, 0x00, 0x00, 0x00, 0x00, 0x00, 0x00, 0x00, 0x00, 0x00, 0x00, 0x00,
			0x00, 0x10, 0xA6, 0x11, 0x10, 0xAC, 0x10, 0x7D, 0x7D, 0x6D, 0x11, 0x10, 0x00, 0x00, 0x00, 0x00,
			0x00, 0x00, 0x00, 0x00, 0x00, 0x00, 0x00, 0x00, 0x00, 0x00, 0x00, 0x00, 0x00, 0x00, 0x00, 0x00,
			0x00, 0x00, 0x00, 0x00, 0x00, 0x10, 0x10, 0x1A, 0x82, 0x10, 0x22, 0x11, 0x71, 0x6D, 0x10, 0x10,
			0x00, 0x00, 0x00, 0x00, 0x00, 0x00, 0x00, 0x00, 0x00, 0x00, 0x00, 0x00, 0x00, 0x00, 0x00, 0x00,
			0x00, 0x00, 0x00, 0x00, 0x00, 0x00, 0x00, 0x00, 0x10, 0x10, 0x6D, 0x1A, 0x7D, 0x71, 0x10, 0x22,
			0x10, 0x10, 0x17, 0x17, 0x10, 0x00, 0x00, 0x00, 0x00, 0x00, 0x00, 0x00, 0x00, 0x00, 0x00, 0x00,
			0x00, 0x00, 0x00, 0x00, 0x00, 0x00, 0x00, 0x00, 0x00, 0x00, 0x00, 0x00, 0x11, 0x5C, 0x7D, 0x07,
			0x81, 0x71, 0x10, 0x17, 0x17, 0x17, 0x17, 0x18, 0x11, 0x00, 0x00, 0x00, 0x00, 0x00, 0x00, 0x00,
			0x00, 0x00, 0x00, 0x00, 0x00, 0x00, 0x00, 0x00, 0x00, 0x00, 0x00, 0x00, 0x00, 0x00, 0x00, 0x00,
			0x10, 0x71, 0x81, 0x1A, 0x7D, 0x7D, 0x5C, 0x11, 0x18, 0x17, 0x18, 0x18, 0x11, 0x00, 0x00, 0x00,
			0x00, 0x00, 0x00, 0x00, 0x00, 0x00, 0x00, 0x00, 0x00, 0x00, 0x00, 0x00, 0x00, 0x00, 0x00, 0x00,
			0x00, 0x00, 0x00, 0x00, 0x10, 0x6D, 0x6D, 0xBA, 0x7D, 0x7D, 0x5C, 0x10, 0x18, 0xAA, 0xAC, 0xA6,
			0xA6, 0x10, 0x00, 0x00, 0x00, 0x00, 0x00, 0x00, 0x00, 0x00, 0x00, 0x00, 0x00, 0x00, 0x00, 0x00,
			0x00, 0x00, 0x00, 0x00, 0x00, 0x00, 0x00, 0x00, 0x10, 0x6D, 0x5C, 0x7E, 0x7D, 0x71, 0x11, 0x17,
			0x18, 0x17, 0x18, 0x17, 0x17, 0x10, 0x00, 0x00, 0x00, 0x00, 0x00, 0x00, 0x00, 0x00, 0x00, 0x00,
			0x00, 0x00, 0x00, 0x00, 0x00, 0x00, 0x00, 0x00, 0x00, 0x00, 0x00, 0x00, 0x10, 0x5C, 0x5C, 0x7E,
			0x7D, 0x5C, 0x11, 0x17, 0x17, 0x17, 0x18, 0x17, 0x17, 0x10, 0x00, 0x00, 0x00, 0x00, 0x00, 0x00,
			0x00, 0x00, 0x00, 0x00, 0x00, 0x00, 0x00, 0x00, 0x00, 0x00, 0x00, 0x00, 0x00, 0x00, 0x00, 0x00,
			0x10, 0x5C, 0x10, 0x7E, 0x7D, 0x10, 0x17, 0x17, 0x17, 0x18, 0x18, 0x17, 0x17, 0x11, 0x00, 0x00,
			0x00, 0x00, 0x00, 0x00, 0x00, 0x00, 0x00, 0x00, 0x00, 0x00, 0x00, 0x00, 0x00, 0x00, 0x00, 0x00,
			0x00, 0x00, 0x00, 0x00, 0x11, 0x10, 0x10, 0x7D, 0x7D, 0x18, 0x18, 0x18, 0x18, 0xAC, 0x17, 0x18,
			0x17, 0x10, 0x00, 0x00, 0x00, 0x00, 0x00, 0x00, 0x00, 0x00, 0x00, 0x00, 0x00, 0x00, 0x00, 0x00,
			0x00, 0x00, 0x00, 0x00, 0x00, 0x00, 0x00, 0x10, 0x17, 0x18, 0x10, 0x7D, 0x7D, 0x17, 0x17, 0x18,
			0x17, 0x18, 0x18, 0x18, 0x18, 0x7D, 0x00, 0x00, 0x00, 0x00, 0x00, 0x00, 0x00, 0x00, 0x00, 0x00,
			0x00, 0x00, 0x00, 0x00, 0x00, 0x00, 0x00, 0x00, 0x00, 0x00, 0x00, 0x13, 0x18, 0x17, 0x10, 0x81,
			0x7D, 0x10, 0x17, 0x18, 0x18, 0x17, 0x18, 0xAC, 0x18, 0x82, 0xFB, 0x10, 0x00, 0x00, 0x00, 0x00,
			0x00, 0x00, 0x00, 0x00, 0x00, 0x00, 0x00, 0x00, 0x00, 0x00, 0x00, 0x00, 0x00, 0x00, 0x00, 0x11,
			0x18, 0x10, 0x10, 0x7D, 0x7D, 0x10, 0x18, 0x18, 0x18, 0x17, 0x17, 0x22, 0x22, 0x7D, 0x7D, 0x10,
			0x00, 0x00, 0x00, 0x00, 0x00, 0x00, 0x00, 0x00, 0x00, 0x00, 0x00, 0x00, 0x00, 0x00, 0x00, 0x00,
			0x00, 0x00, 0x00, 0x00, 0x10, 0x71, 0x07, 0x7D, 0x81, 0x10, 0x18, 0x17, 0x17, 0x18, 0x17, 0x18,
			0xAC, 0x11, 0x10, 0x10, 0x10, 0x00, 0x00, 0x00, 0x00, 0x00, 0x00, 0x00, 0x00, 0x00, 0x00, 0x00,
			0x00, 0x00, 0x00, 0x00, 0x00, 0x00, 0x00, 0x11, 0x1A, 0x82, 0x81, 0x82, 0x7E, 0xFB, 0x10, 0x18,
			0x18, 0x18, 0x18, 0xAC, 0xAC, 0x10, 0x17, 0x11, 0x11, 0x00, 0x00, 0x00, 0x00, 0x00, 0x00, 0x00,
			0x00, 0x00, 0x00, 0x00, 0x00, 0x00, 0x00, 0x00, 0x00, 0x00, 0x00, 0x10, 0x7D, 0xBA, 0x7D, 0x07,
			0x07, 0x7E, 0x10, 0x18, 0x18, 0x18, 0x17, 0x18, 0xAC, 0x17, 0x11, 0x10, 0x00, 0x00, 0x00, 0x00,
			0x00, 0x00, 0x00, 0x00, 0x00, 0x00, 0x00, 0x00, 0x00, 0x00, 0x00, 0x00, 0x00, 0x00, 0x00, 0x10,
			0x71, 0x7D, 0x7D, 0x7D, 0x81, 0x6D, 0x11, 0x18, 0x18, 0x18, 0x17, 0x17, 0x18, 0x22, 0x10, 0x10,
			0x00, 0x00, 0x00, 0x00, 0x00, 0x00, 0x00, 0x00, 0x00, 0x00, 0x00, 0x00, 0x00, 0x00, 0x00, 0x00,
			0x00, 0x00, 0x00, 0x00, 0x11, 0x6D, 0x6D, 0x81, 0x6D, 0x10, 0x18, 0x18, 0x17, 0x18, 0x17, 0x17,
			0x18, 0xA6, 0x10, 0x10, 0x00, 0x00, 0x00, 0x00, 0x00, 0x00, 0x00, 0x00, 0x00, 0x00, 0x00, 0x00,
			0x00, 0x00, 0x00, 0x00, 0x00, 0x00, 0x00, 0x00, 0x00, 0x10, 0x71, 0x71, 0x11, 0x11, 0x18, 0x17,
			0x17, 0x17, 0x18, 0x17, 0xAC, 0xA6, 0x10, 0x10, 0x00, 0x00, 0x00, 0x00, 0x00, 0x00, 0x00, 0x00,
			0x00, 0x00, 0x00, 0x00, 0x00, 0x00, 0x00, 0x00, 0x00, 0x00, 0x00, 0x00, 0x00, 0x00, 0x11, 0x10,
			0x10, 0x17, 0x18, 0x17, 0x17, 0x17, 0x18, 0x18, 0xAC, 0x18, 0x11, 0x10, 0x00, 0x00, 0x00, 0x00,
			0x00, 0x00, 0x00, 0x00, 0x00, 0x00, 0x00, 0x00, 0x00, 0x00, 0x00, 0x00, 0x00, 0x00, 0x00, 0x00,
			0x11, 0x10, 0x11, 0x17, 0x10, 0x17, 0x18, 0x18, 0x17, 0x17, 0x17, 0x17, 0x18, 0xAC, 0x11, 0x11,
			0x00, 0x00, 0x00, 0x00, 0x00, 0x00, 0x00, 0x00, 0x00, 0x00, 0x00, 0x00, 0x00, 0x00, 0x00, 0x00,
			0x00, 0x00, 0x00, 0x11, 0x1A, 0x6D, 0x5C, 0x10, 0x10, 0x18, 0x17, 0x17, 0x18, 0x18, 0x17, 0x17,
			0x18, 0xAC, 0x10, 0x00, 0x00, 0x00, 0x00, 0x00, 0x00, 0x00, 0x00, 0x00, 0x00, 0x00, 0x00, 0x00,
			0x00, 0x00, 0x00, 0x00, 0x00, 0x00, 0x00, 0x10, 0xBA, 0x7D, 0x71, 0x10, 0x10, 0x17, 0x18, 0x17,
			0x18, 0x18, 0x17, 0x18, 0x22, 0x17, 0x10, 0x00, 0x00, 0x00, 0x00, 0x00, 0x00, 0x00, 0x00, 0x00,
			0x00, 0x00, 0x00, 0x00, 0x00, 0x00, 0x00, 0x00, 0x00, 0x00, 0x00, 0x00, 0x10, 0x81, 0x6D, 0x10,
			0x18, 0x18, 0x18, 0x17, 0x17, 0x17, 0x18, 0x22, 0x18, 0x11, 0x00, 0x00, 0x00, 0x00, 0x00, 0x00,
			0x00, 0x00, 0x00, 0x00, 0x00, 0x00, 0x00, 0x00, 0x00, 0x00, 0x00, 0x00, 0x00, 0x00, 0x00, 0x00,
			0x00, 0x10, 0x7D, 0x10, 0x18, 0x18, 0x17, 0x18, 0x17, 0x17, 0x18, 0xAC, 0x10, 0x00, 0x00, 0x00,
			0x00, 0x00, 0x00, 0x00, 0x00, 0x00, 0x00, 0x00, 0x00, 0x00, 0x00, 0x00, 0x00, 0x00, 0x00, 0x00,
			0x00, 0x00, 0x00, 0x00, 0x00, 0x00, 0x10, 0x18, 0x18, 0x17, 0x17, 0x18, 0x18, 0x17, 0x18, 0x18,
			0x10, 0x10, 0x00, 0x00, 0x00, 0x00, 0x00, 0x00, 0x00, 0x00, 0x00, 0x00, 0x00, 0x00, 0x00, 0x00,
			0x00, 0x00, 0x00, 0x00, 0x00, 0x00, 0x00, 0x00, 0x00, 0x00, 0x10, 0x18, 0x17, 0x18, 0x18, 0x18,
			0x17, 0x17, 0x17, 0x10, 0x10, 0x11, 0x10, 0x00, 0x00, 0x00, 0x00, 0x00, 0x00, 0x00, 0x00, 0x00,
			0x00, 0x00, 0x00, 0x00, 0x00, 0x00, 0x00, 0x00, 0x00, 0x00, 0x00, 0x00, 0x00, 0x00, 0x10, 0x10,
			0x10, 0x11, 0x11, 0x10, 0x10, 0x11, 0x11, 0x10, 0x11, 0xBA, 0x1A, 0x10, 0x00, 0x00, 0x00, 0x00,
			0x00, 0x00, 0x00, 0x00, 0x00, 0x00, 0x00, 0x00, 0x00, 0x00, 0x00, 0x00, 0x00, 0x00, 0x00, 0x00,
			0x00, 0x10, 0x6D, 0x82, 0xBA, 0x7D, 0x7D, 0x07, 0x7E, 0x82, 0x07, 0x07, 0x7D, 0x7D, 0x7D, 0x10,
			0x00, 0x00, 0x00, 0x00, 0x00, 0x00, 0x00, 0x00, 0x00, 0x00, 0x00, 0x00, 0x00, 0x00, 0x00, 0x00,
			0x00, 0x00, 0x00, 0x00, 0x10, 0x75, 0x7D, 0x07, 0x7D, 0x7D, 0xBA, 0x7E, 0x07, 0x7D, 0x07, 0x7D,
			0x7D, 0x6D, 0x71, 0x10, 0x00, 0x00, 0x00, 0x00, 0x00, 0x00, 0x00, 0x00, 0x00, 0x00, 0x00, 0x00,
			0x00, 0x00, 0x00, 0x00, 0x00, 0x00, 0x00, 0x00, 0x10, 0x5C, 0x79, 0x79, 0x75, 0x75, 0x79, 0x75,
			0x7D, 0xBA, 0x6D, 0xBA, 0x71, 0xBA, 0x5C, 0x10, 0x00, 0x00, 0x00, 0x00, 0x00, 0x00, 0x00, 0x00,
			0x00, 0x00, 0x00, 0x00, 0x00, 0x00, 0x00, 0x00, 0x00, 0x00, 0x00, 0x00, 0x11, 0x10, 0x10, 0x10,
			0x11, 0x10, 0x10, 0x11, 0x10, 0x10, 0x11, 0x10, 0x10, 0x10, 0x10, 0x00, 0x00, 0x00, 0x00, 0x00,
			0x00, 0x00, 0x00, 0x00,
};

const unsigned char gfx_bubguy6[] = {
		// Size: 2484
			// W:36 H:69
			// Colours: 256
			// icon-length: 2484
			//0x01, // colour mode, 1=256colours, 2=16 colours, 4=4 colours, 8=2 colours
			//0x00, 0x24, // WIDTH
			//0x00, 0x45, // HEIGHT
			//0x09, 0xB4, // LENGTH
			0x00, 0x00, 0x00, 0x00, 0x00, 0x00, 0x00, 0x00, 0x00, 0x00, 0x00, 0x00, 0x00, 0x00, 0x00, 0x00,
			0x00, 0x00, 0x00, 0x00, 0x00, 0x00, 0x00, 0x00, 0x00, 0x00, 0x00, 0x00, 0x00, 0x00, 0x00, 0x00,
			0x00, 0x00, 0x00, 0x00, 0x00, 0x00, 0x00, 0x00, 0x00, 0x00, 0x00, 0x00, 0x00, 0x00, 0x00, 0x00,
			0x00, 0x00, 0x00, 0x00, 0x00, 0x00, 0x00, 0x00, 0x00, 0x00, 0x00, 0x00, 0x00, 0x00, 0x00, 0x00,
			0x00, 0x00, 0x00, 0x00, 0x00, 0x00, 0x00, 0x00, 0x00, 0x00, 0x00, 0x00, 0x00, 0x00, 0x00, 0x00,
			0x00, 0x00, 0x00, 0x00, 0x00, 0x00, 0x00, 0x00, 0x00, 0x00, 0x00, 0x00, 0x00, 0x00, 0x00, 0x00,
			0x00, 0x00, 0x00, 0x00, 0x00, 0x00, 0x00, 0x00, 0x00, 0x00, 0x00, 0x00, 0x00, 0x00, 0x00, 0x00,
			0x00, 0x00, 0x00, 0x00, 0x00, 0x00, 0x00, 0x00, 0x00, 0x00, 0x00, 0x00, 0x00, 0x00, 0x00, 0x00,
			0x00, 0x00, 0x00, 0x00, 0x00, 0x00, 0x00, 0x00, 0x00, 0x00, 0x00, 0x00, 0x00, 0x00, 0x00, 0x00,
			0x00, 0x00, 0x00, 0x00, 0x00, 0x00, 0x00, 0x00, 0x00, 0x00, 0x00, 0x00, 0x00, 0x00, 0x00, 0x00,
			0x00, 0x00, 0x00, 0x00, 0x00, 0x00, 0x00, 0x00, 0x00, 0x00, 0x00, 0x00, 0x00, 0x00, 0x00, 0x00,
			0x00, 0x00, 0x00, 0x00, 0x00, 0x00, 0x00, 0x00, 0x00, 0x00, 0x00, 0x00, 0x00, 0x00, 0x00, 0x00,
			0x00, 0x00, 0x00, 0x11, 0x10, 0x00, 0x00, 0x00, 0x00, 0x00, 0x00, 0x00, 0x00, 0x00, 0x00, 0x00,
			0x00, 0x00, 0x00, 0x00, 0x00, 0x00, 0x00, 0x00, 0x00, 0x00, 0x00, 0x00, 0x00, 0x00, 0x00, 0x00,
			0x00, 0x00, 0x00, 0x00, 0x10, 0x10, 0x10, 0x30, 0x34, 0x10, 0x00, 0x00, 0x00, 0x00, 0x00, 0x00,
			0x00, 0x00, 0x00, 0x00, 0x00, 0x00, 0x00, 0x00, 0x00, 0x00, 0x00, 0x00, 0x00, 0x00, 0x00, 0x00,
			0x00, 0x00, 0x00, 0x00, 0x00, 0x00, 0x10, 0x10, 0x34, 0x34, 0x30, 0x30, 0x34, 0x10, 0x00, 0x00,
			0x00, 0x00, 0x00, 0x00, 0x00, 0x00, 0x00, 0x00, 0x00, 0x00, 0x00, 0x00, 0x00, 0x00, 0x00, 0x00,
			0x00, 0x00, 0x00, 0x00, 0x00, 0x00, 0x00, 0x00, 0x00, 0x11, 0x34, 0x34, 0x30, 0x30, 0x30, 0x30,
			0x30, 0x34, 0x10, 0xF4, 0x2D, 0x70, 0x2D, 0xF4, 0x2D, 0x70, 0x00, 0x00, 0x00, 0x00, 0x00, 0x00,
			0x00, 0x00, 0x00, 0x00, 0x00, 0x00, 0x00, 0x00, 0x00, 0x00, 0x00, 0x00, 0x11, 0x34, 0x34, 0x30,
			0x34, 0x30, 0x30, 0x30, 0x34, 0x11, 0x70, 0xF4, 0xF4, 0xF4, 0x2D, 0x2D, 0xF4, 0x2D, 0x70, 0x00,
			0x00, 0x00, 0x00, 0x00, 0x00, 0x00, 0x00, 0x00, 0x00, 0x00, 0x00, 0x00, 0x00, 0x00, 0x00, 0x00,
			0x10, 0x34, 0x34, 0x34, 0x34, 0x30, 0x30, 0x30, 0x10, 0x6C, 0x74, 0x70, 0x70, 0xF4, 0x2D, 0x6C,
			0x74, 0xF4, 0xF4, 0x00, 0x00, 0x00, 0x00, 0x00, 0x00, 0x00, 0x00, 0x00, 0x00, 0x00, 0x00, 0x00,
			0x00, 0x00, 0x00, 0x00, 0x00, 0x10, 0x10, 0x34, 0x30, 0x34, 0x30, 0x30, 0x10, 0x11, 0x6C, 0x10,
			0x10, 0x10, 0x74, 0x6C, 0x00, 0x70, 0x2D, 0x00, 0x00, 0x00, 0x00, 0x00, 0x00, 0x00, 0x00, 0x00,
			0x00, 0x00, 0x00, 0x00, 0x00, 0x00, 0x00, 0x00, 0x00, 0x10, 0x34, 0x34, 0x34, 0x30, 0x34, 0x10,
			0x10, 0x11, 0x7D, 0x10, 0x00, 0x00, 0x00, 0x70, 0x00, 0x00, 0xF4, 0x00, 0x00, 0x00, 0x00, 0x00,
			0x00, 0x00, 0x00, 0x00, 0x00, 0x00, 0x00, 0x00, 0x00, 0x00, 0x00, 0x00, 0x00, 0x10, 0x34, 0x30,
			0x10, 0x10, 0x10, 0x10, 0xBA, 0xFB, 0x10, 0x6D, 0x10, 0x00, 0x00, 0x00, 0x00, 0x00, 0x00, 0x00,
			0x00, 0x00, 0x00, 0x00, 0x00, 0x00, 0x00, 0x00, 0x00, 0x00, 0x00, 0x00, 0x00, 0x00, 0x00, 0x00,
			0x10, 0x30, 0x10, 0x10, 0x70, 0xF4, 0x2D, 0x11, 0xBE, 0x1A, 0x10, 0x10, 0x82, 0xBE, 0xBF, 0x10,
			0x00, 0x00, 0x00, 0x00, 0x00, 0x00, 0x00, 0x00, 0x00, 0x00, 0x00, 0x00, 0x00, 0x00, 0x00, 0x00,
			0x00, 0x00, 0x00, 0x10, 0x30, 0x11, 0x70, 0x6C, 0x58, 0x5C, 0x6C, 0xF4, 0x10, 0xBF, 0x1A, 0x7D,
			0x7D, 0x7D, 0x07, 0x10, 0x00, 0x00, 0x00, 0x00, 0x00, 0x00, 0x00, 0x00, 0x00, 0x00, 0x00, 0x00,
			0x00, 0x00, 0x00, 0x00, 0x00, 0x00, 0x11, 0x30, 0x10, 0x10, 0x6C, 0x2D, 0x82, 0x1A, 0x6C, 0x74,
			0x10, 0x07, 0xBA, 0xBE, 0x07, 0x10, 0x00, 0x00, 0x00, 0x00, 0x00, 0x00, 0x00, 0x00, 0x00, 0x00,
			0x00, 0x00, 0x00, 0x00, 0x00, 0x00, 0x00, 0x00, 0x00, 0x10, 0x30, 0x10, 0x34, 0x11, 0x2D, 0x70,
			0x7D, 0x71, 0x7D, 0x11, 0x7D, 0x81, 0x7E, 0x7E, 0x7D, 0x7E, 0x82, 0x10, 0x00, 0x00, 0x00, 0x00,
			0x00, 0x00, 0x00, 0x00, 0x00, 0x00, 0x00, 0x00, 0x00, 0x00, 0x00, 0x00, 0x11, 0x30, 0x34, 0x34,
			0x10, 0x34, 0x10, 0x5C, 0x5C, 0x6D, 0x81, 0x7D, 0x81, 0x7D, 0x7D, 0x7D, 0x81, 0x7D, 0x7D, 0x71,
			0x10, 0x00, 0x00, 0x00, 0x00, 0x00, 0x00, 0x00, 0x00, 0x00, 0x00, 0x00, 0x00, 0x00, 0x00, 0x00,
			0x30, 0x34, 0x34, 0x34, 0x34, 0x10, 0x10, 0x58, 0x58, 0x11, 0x6D, 0x79, 0x7D, 0x7D, 0x6D, 0x71,
			0x34, 0x34, 0x11, 0x10, 0x00, 0x00, 0x00, 0x00, 0x00, 0x00, 0x00, 0x00, 0x00, 0x00, 0x00, 0x00,
			0x00, 0x00, 0x00, 0x00, 0x11, 0x10, 0x10, 0x10, 0x10, 0x00, 0x00, 0x10, 0x10, 0x10, 0x10, 0x75,
			0x79, 0x7D, 0x79, 0x75, 0x10, 0x10, 0x00, 0x00, 0x00, 0x00, 0x00, 0x00, 0x00, 0x00, 0x00, 0x00,
			0x00, 0x00, 0x00, 0x00, 0x00, 0x00, 0x00, 0x00, 0x00, 0x00, 0x00, 0x00, 0x00, 0x00, 0x00, 0x00,
			0x00, 0x11, 0x10, 0x34, 0x79, 0x75, 0x79, 0x10, 0x00, 0x00, 0x00, 0x00, 0x00, 0x00, 0x00, 0x00,
			0x00, 0x00, 0x00, 0x00, 0x00, 0x00, 0x00, 0x00, 0x00, 0x00, 0x00, 0x00, 0x00, 0x00, 0x00, 0x00,
			0x00, 0x00, 0x00, 0x00, 0x00, 0x00, 0x00, 0x11, 0x79, 0x79, 0x10, 0x00, 0x00, 0x00, 0x00, 0x00,
			0x00, 0x00, 0x00, 0x00, 0x00, 0x00, 0x00, 0x00, 0x00, 0x00, 0x00, 0x00, 0x00, 0x00, 0x00, 0x00,
			0x00, 0x00, 0x00, 0x00, 0x00, 0x00, 0x00, 0x00, 0x00, 0x00, 0x00, 0x10, 0x75, 0x81, 0x10, 0x00,
			0x00, 0x00, 0x00, 0x00, 0x00, 0x00, 0x00, 0x00, 0x00, 0x00, 0x00, 0x00, 0x00, 0x00, 0x00, 0x00,
			0x00, 0x00, 0x00, 0x00, 0x00, 0x00, 0x00, 0x00, 0x00, 0x00, 0x00, 0x00, 0x00, 0x00, 0x00, 0x10,
			0x79, 0x7D, 0x81, 0x10, 0x00, 0x00, 0x00, 0x00, 0x00, 0x00, 0x00, 0x00, 0x00, 0x00, 0x00, 0x00,
			0x00, 0x00, 0x00, 0x00, 0x00, 0x00, 0x00, 0x00, 0x00, 0x00, 0x00, 0x00, 0x00, 0x00, 0x00, 0x00,
			0x00, 0x00, 0x00, 0x10, 0x79, 0x81, 0x07, 0x10, 0x00, 0x00, 0x00, 0x00, 0x00, 0x00, 0x00, 0x00,
			0x00, 0x00, 0x00, 0x00, 0x00, 0x00, 0x00, 0x00, 0x00, 0x00, 0x00, 0x00, 0x00, 0x00, 0x00, 0x00,
			0x00, 0x00, 0x00, 0x00, 0x00, 0x00, 0x00, 0x10, 0x79, 0x7D, 0x79, 0x10, 0x00, 0x00, 0x00, 0x00,
			0x00, 0x00, 0x00, 0x00, 0x00, 0x00, 0x00, 0x00, 0x00, 0x00, 0x00, 0x00, 0x00, 0x00, 0x00, 0x00,
			0x00, 0x00, 0x00, 0x00, 0x00, 0x00, 0x00, 0x00, 0x00, 0x00, 0x00, 0x10, 0x79, 0x81, 0x10, 0x00,
			0x00, 0x00, 0x00, 0x00, 0x00, 0x00, 0x00, 0x00, 0x00, 0x00, 0x00, 0x00, 0x00, 0x00, 0x00, 0x00,
			0x00, 0x00, 0x00, 0x00, 0x00, 0x00, 0x00, 0x00, 0x00, 0x00, 0x00, 0x00, 0x00, 0x00, 0x00, 0x11,
			0x79, 0x81, 0x10, 0x00, 0x00, 0x00, 0x00, 0x00, 0x00, 0x00, 0x00, 0x00, 0x00, 0x00, 0x00, 0x00,
			0x00, 0x00, 0x00, 0x00, 0x00, 0x00, 0x00, 0x00, 0x00, 0x00, 0x00, 0x00, 0x00, 0x00, 0x00, 0x00,
			0x00, 0x00, 0x00, 0x10, 0x75, 0x81, 0x75, 0x11, 0x00, 0x00, 0x00, 0x00, 0x00, 0x00, 0x00, 0x00,
			0x00, 0x00, 0x00, 0x00, 0x00, 0x00, 0x00, 0x00, 0x00, 0x00, 0x00, 0x00, 0x00, 0x00, 0x00, 0x00,
			0x00, 0x00, 0x00, 0x00, 0x00, 0x00, 0x00, 0x10, 0x79, 0x81, 0x82, 0x10, 0x00, 0x00, 0x00, 0x00,
			0x00, 0x00, 0x00, 0x00, 0x00, 0x00, 0x00, 0x00, 0x00, 0x00, 0x00, 0x00, 0x00, 0x00, 0x00, 0x00,
			0x00, 0x00, 0x00, 0x00, 0x00, 0x00, 0x00, 0x00, 0x00, 0x00, 0x00, 0x10, 0x79, 0x7D, 0x7D, 0x10,
			0x00, 0x00, 0x00, 0x00, 0x00, 0x00, 0x00, 0x00, 0x00, 0x00, 0x00, 0x00, 0x00, 0x00, 0x00, 0x00,
			0x00, 0x00, 0x00, 0x00, 0x00, 0x00, 0x00, 0x00, 0x00, 0x00, 0x00, 0x00, 0x00, 0x00, 0x00, 0x10,
			0x6D, 0x81, 0x81, 0x7E, 0x11, 0x00, 0x00, 0x00, 0x00, 0x00, 0x00, 0x00, 0x00, 0x00, 0x00, 0x00,
			0x00, 0x00, 0x00, 0x00, 0x00, 0x00, 0x00, 0x00, 0x00, 0x00, 0x00, 0x00, 0x00, 0x00, 0x00, 0x00,
			0x00, 0x00, 0x00, 0x10, 0x6D, 0x81, 0x7D, 0x07, 0x10, 0x00, 0x00, 0x00, 0x00, 0x00, 0x00, 0x00,
			0x00, 0x00, 0x00, 0x00, 0x00, 0x00, 0x00, 0x00, 0x00, 0x00, 0x00, 0x00, 0x00, 0x00, 0x00, 0x00,
			0x00, 0x00, 0x00, 0x00, 0x00, 0x00, 0x00, 0x10, 0x10, 0x10, 0x7D, 0x7E, 0x7D, 0x11, 0x00, 0x00,
			0x00, 0x00, 0x00, 0x00, 0x00, 0x00, 0x00, 0x00, 0x00, 0x00, 0x00, 0x00, 0x00, 0x00, 0x00, 0x00,
			0x00, 0x00, 0x00, 0x00, 0x00, 0x00, 0x00, 0x00, 0x00, 0x00, 0x11, 0xA6, 0xA6, 0xA6, 0x11, 0x7D,
			0x6D, 0x10, 0x00, 0x00, 0x00, 0x00, 0x00, 0x00, 0x00, 0x00, 0x00, 0x00, 0x00, 0x00, 0x00, 0x00,
			0x00, 0x00, 0x00, 0x00, 0x00, 0x00, 0x00, 0x00, 0x00, 0x00, 0x00, 0x00, 0x00, 0x10, 0xA6, 0xAC,
			0x11, 0x10, 0x18, 0x10, 0x71, 0x71, 0x11, 0x00, 0x00, 0x00, 0x00, 0x00, 0x00, 0x00, 0x00, 0x00,
			0x00, 0x00, 0x00, 0x00, 0x00, 0x00, 0x00, 0x00, 0x00, 0x00, 0x00, 0x00, 0x00, 0x00, 0x00, 0x00,
			0x00, 0x10, 0xA6, 0x10, 0x7D, 0x7D, 0x10, 0xA6, 0x11, 0x6D, 0x10, 0x10, 0x00, 0x00, 0x00, 0x00,
			0x00, 0x00, 0x00, 0x00, 0x00, 0x00, 0x00, 0x00, 0x00, 0x00, 0x00, 0x00, 0x00, 0x00, 0x00, 0x00,
			0x00, 0x00, 0x00, 0x00, 0x00, 0x11, 0x10, 0x10, 0x82, 0x7E, 0x11, 0xA6, 0x10, 0x10, 0x17, 0x11,
			0x00, 0x00, 0x00, 0x00, 0x00, 0x00, 0x00, 0x00, 0x00, 0x00, 0x00, 0x00, 0x00, 0x00, 0x00, 0x00,
			0x00, 0x00, 0x00, 0x00, 0x00, 0x00, 0x00, 0x00, 0x10, 0x18, 0x11, 0x81, 0x82, 0xBF, 0x81, 0xAC,
			0x10, 0x17, 0x17, 0x17, 0x11, 0x00, 0x00, 0x00, 0x00, 0x00, 0x00, 0x00, 0x00, 0x00, 0x00, 0x00,
			0x00, 0x00, 0x00, 0x00, 0x00, 0x00, 0x00, 0x00, 0x00, 0x00, 0x00, 0x00, 0x10, 0x17, 0x58, 0x81,
			0x7D, 0x07, 0x1A, 0xAC, 0x11, 0x18, 0xAC, 0x18, 0x10, 0x00, 0x00, 0x00, 0x00, 0x00, 0x00, 0x00,
			0x00, 0x00, 0x00, 0x00, 0x00, 0x00, 0x00, 0x00, 0x00, 0x00, 0x00, 0x00, 0x00, 0x00, 0x00, 0x00,
			0x10, 0x18, 0x71, 0x7D, 0x7D, 0x81, 0x1A, 0x7D, 0x10, 0x17, 0x17, 0x18, 0x10, 0x00, 0x00, 0x00,
			0x00, 0x00, 0x00, 0x00, 0x00, 0x00, 0x00, 0x00, 0x00, 0x00, 0x00, 0x00, 0x00, 0x00, 0x00, 0x00,
			0x00, 0x00, 0x00, 0x00, 0x10, 0x17, 0x6D, 0x81, 0x71, 0x7D, 0x82, 0xFB, 0x7D, 0x18, 0x18, 0x17,
			0x17, 0x10, 0x00, 0x00, 0x00, 0x00, 0x00, 0x00, 0x00, 0x00, 0x00, 0x00, 0x00, 0x00, 0x00, 0x00,
			0x00, 0x00, 0x00, 0x00, 0x00, 0x00, 0x00, 0x00, 0x10, 0x18, 0x71, 0x7D, 0x11, 0x71, 0x7D, 0x82,
			0x07, 0x10, 0x18, 0x17, 0x18, 0x10, 0x00, 0x00, 0x00, 0x00, 0x00, 0x00, 0x00, 0x00, 0x00, 0x00,
			0x00, 0x00, 0x00, 0x00, 0x00, 0x00, 0x00, 0x00, 0x00, 0x00, 0x00, 0x00, 0x11, 0x10, 0x6D, 0x6D,
			0x6D, 0x11, 0x75, 0x7D, 0x82, 0x7D, 0x10, 0x17, 0x18, 0x10, 0x00, 0x00, 0x00, 0x00, 0x00, 0x00,
			0x00, 0x00, 0x00, 0x00, 0x00, 0x00, 0x00, 0x00, 0x00, 0x00, 0x00, 0x00, 0x00, 0x00, 0x00, 0x00,
			0x10, 0x10, 0x5C, 0x6D, 0x20, 0x10, 0x10, 0x7D, 0x81, 0x7E, 0x11, 0x10, 0x18, 0x10, 0x00, 0x00,
			0x00, 0x00, 0x00, 0x00, 0x00, 0x00, 0x00, 0x00, 0x00, 0x00, 0x00, 0x00, 0x00, 0x00, 0x00, 0x00,
			0x00, 0x00, 0x00, 0x00, 0x10, 0x17, 0x11, 0x10, 0x10, 0x17, 0x18, 0x10, 0x7D, 0x7D, 0x7D, 0x11,
			0x11, 0x10, 0x10, 0x00, 0x00, 0x00, 0x00, 0x00, 0x00, 0x00, 0x00, 0x00, 0x00, 0x00, 0x00, 0x00,
			0x00, 0x00, 0x00, 0x00, 0x00, 0x00, 0x00, 0x00, 0x11, 0x18, 0x17, 0x18, 0x17, 0x17, 0x18, 0x17,
			0x10, 0x7D, 0x7D, 0x81, 0x7D, 0x7D, 0x10, 0x10, 0x10, 0x00, 0x00, 0x00, 0x00, 0x00, 0x00, 0x00,
			0x00, 0x00, 0x00, 0x00, 0x00, 0x00, 0x00, 0x00, 0x00, 0x00, 0x00, 0x00, 0x11, 0x18, 0x18, 0x17,
			0x18, 0x18, 0x17, 0x18, 0x18, 0x11, 0x7D, 0x7D, 0x81, 0x81, 0x7D, 0x10, 0x18, 0x10, 0x00, 0x00,
			0x00, 0x00, 0x00, 0x00, 0x00, 0x00, 0x00, 0x00, 0x00, 0x00, 0x00, 0x00, 0x00, 0x00, 0x00, 0x00,
			0x10, 0x18, 0x17, 0x17, 0x18, 0x18, 0x18, 0x18, 0x17, 0x17, 0x10, 0x7D, 0x81, 0x81, 0x81, 0x81,
			0x10, 0xA6, 0x10, 0x00, 0x00, 0x00, 0x00, 0x00, 0x00, 0x00, 0x00, 0x00, 0x00, 0x00, 0x00, 0x00,
			0x00, 0x00, 0x00, 0x00, 0x10, 0x17, 0x18, 0x18, 0x17, 0x18, 0x18, 0x17, 0x18, 0x11, 0x81, 0x7D,
			0x7D, 0x7E, 0x07, 0xBF, 0x10, 0x18, 0xA6, 0x10, 0x00, 0x00, 0x00, 0x00, 0x00, 0x00, 0x00, 0x00,
			0x00, 0x00, 0x00, 0x00, 0x00, 0x00, 0x00, 0x11, 0x17, 0x17, 0x18, 0x17, 0x18, 0x17, 0x18, 0x18,
			0x18, 0x10, 0x10, 0x81, 0x82, 0x1A, 0x7E, 0x6D, 0x11, 0x18, 0xA6, 0x11, 0x00, 0x00, 0x00, 0x00,
			0x00, 0x00, 0x00, 0x00, 0x00, 0x00, 0x00, 0x00, 0x00, 0x00, 0x00, 0x10, 0x18, 0x18, 0x17, 0x18,
			0x17, 0x17, 0x18, 0x17, 0x17, 0x10, 0x58, 0x81, 0x81, 0x7D, 0x75, 0x11, 0x17, 0x17, 0x18, 0x10,
			0x00, 0x00, 0x00, 0x00, 0x00, 0x00, 0x00, 0x00, 0x00, 0x00, 0x00, 0x00, 0x00, 0x00, 0x10, 0x18,
			0x18, 0x18, 0x17, 0x18, 0x18, 0x18, 0x17, 0x18, 0x18, 0x17, 0x10, 0x5C, 0x71, 0x58, 0x10, 0x18,
			0x17, 0x18, 0x17, 0x10, 0x00, 0x00, 0x00, 0x00, 0x00, 0x00, 0x00, 0x00, 0x00, 0x00, 0x00, 0x00,
			0x00, 0x00, 0x10, 0x18, 0x18, 0x18, 0x18, 0x17, 0x18, 0x17, 0x17, 0x18, 0x18, 0x18, 0x18, 0x11,
			0x10, 0x10, 0x11, 0x17, 0x18, 0x18, 0x18, 0x11, 0x10, 0x10, 0x10, 0x00, 0x00, 0x00, 0x00, 0x00,
			0x00, 0x00, 0x00, 0x00, 0x00, 0x00, 0x10, 0x18, 0x17, 0x18, 0x17, 0x17, 0x18, 0x18, 0x18, 0x18,
			0x18, 0x18, 0x18, 0x18, 0x10, 0x10, 0x18, 0x17, 0x18, 0x17, 0x18, 0x11, 0x1A, 0x7E, 0x11, 0x00,
			0x00, 0x00, 0x00, 0x00, 0x00, 0x00, 0x00, 0x00, 0x00, 0x00, 0x10, 0x18, 0x18, 0x17, 0x17, 0x18,
			0x18, 0x18, 0x18, 0x18, 0x18, 0x10, 0x10, 0x10, 0x18, 0x18, 0x18, 0x18, 0x18, 0x18, 0x10, 0x71,
			0x82, 0x81, 0x11, 0x00, 0x00, 0x00, 0x00, 0x00, 0x00, 0x00, 0x00, 0x00, 0x00, 0x10, 0x18, 0x17,
			0x18, 0x18, 0x18, 0x18, 0x18, 0x17, 0x17, 0x18, 0x17, 0x10, 0x10, 0x11, 0x10, 0x18, 0x18, 0x17,
			0x17, 0x10, 0x6D, 0x7D, 0x7D, 0x7D, 0x10, 0x00, 0x00, 0x00, 0x00, 0x00, 0x00, 0x00, 0x00, 0x00,
			0x00, 0x10, 0x18, 0x18, 0x18, 0x17, 0x18, 0x18, 0x17, 0x17, 0x18, 0x18, 0x10, 0x00, 0x00, 0x11,
			0x10, 0x18, 0x18, 0x17, 0x10, 0x71, 0x81, 0x81, 0x81, 0x6D, 0x10, 0x00, 0x00, 0x00, 0x00, 0x00,
			0x00, 0x00, 0x00, 0x00, 0x10, 0x17, 0x17, 0x18, 0x17, 0x17, 0x18, 0x18, 0x17, 0x18, 0x18, 0x17,
			0x10, 0x00, 0x00, 0x00, 0x10, 0x17, 0x18, 0x18, 0x10, 0x7D, 0x7D, 0x7D, 0x81, 0x5C, 0x10, 0x00,
			0x00, 0x00, 0x00, 0x00, 0x00, 0x00, 0x00, 0x00, 0x11, 0x17, 0x18, 0x18, 0x18, 0x18, 0x18, 0x18,
			0x18, 0x18, 0x17, 0x11, 0x00, 0x00, 0x00, 0x00, 0x10, 0x17, 0x18, 0x11, 0x81, 0x7D, 0x7D, 0x71,
			0x5C, 0x11, 0x00, 0x00, 0x00, 0x00, 0x00, 0x00, 0x00, 0x00, 0x00, 0x00, 0x11, 0x17, 0x18, 0x18,
			0x18, 0x18, 0x18, 0x17, 0x17, 0x10, 0x10, 0x00, 0x00, 0x00, 0x00, 0x00, 0x10, 0x18, 0x10, 0x7D,
			0x7D, 0x7D, 0x71, 0x58, 0x10, 0x00, 0x00, 0x00, 0x00, 0x00, 0x00, 0x00, 0x00, 0x00, 0x00, 0x11,
			0x18, 0x17, 0x18, 0x18, 0x17, 0x17, 0x18, 0x18, 0x17, 0x10, 0x00, 0x00, 0x00, 0x00, 0x00, 0x00,
			0x11, 0x10, 0x71, 0x81, 0x7D, 0x71, 0x71, 0x10, 0x00, 0x00, 0x00, 0x00, 0x00, 0x00, 0x00, 0x00,
			0x00, 0x00, 0x00, 0x10, 0x18, 0x17, 0x18, 0x18, 0x17, 0x18, 0x17, 0x18, 0x11, 0x10, 0x10, 0x10,
			0x00, 0x00, 0x00, 0x00, 0x00, 0x11, 0x81, 0x7D, 0x81, 0x6D, 0x10, 0x00, 0x00, 0x00, 0x00, 0x00,
			0x00, 0x00, 0x00, 0x00, 0x00, 0x00, 0x10, 0x10, 0x10, 0x10, 0x10, 0x10, 0x11, 0x10, 0x10, 0x10,
			0x10, 0x10, 0x82, 0x1A, 0x11, 0x00, 0x00, 0x00, 0x00, 0x10, 0x71, 0x7D, 0x71, 0x5C, 0x11, 0x00,
			0x00, 0x00, 0x00, 0x00, 0x00, 0x00, 0x00, 0x00, 0x00, 0x00, 0x10, 0x6D, 0x7E, 0x7E, 0x81, 0x7D,
			0x7E, 0x82, 0x82, 0x07, 0x82, 0x7D, 0x81, 0x7D, 0x10, 0x00, 0x00, 0x00, 0x00, 0x10, 0x5C, 0x71,
			0x20, 0x10, 0x00, 0x00, 0x00, 0x00, 0x00, 0x00, 0x00, 0x00, 0x00, 0x00, 0x00, 0x10, 0x75, 0x7D,
			0x7E, 0x81, 0x7D, 0x07, 0x7E, 0x7E, 0x81, 0x07, 0x7D, 0x81, 0x6D, 0x71, 0x10, 0x00, 0x00, 0x00,
			0x00, 0x00, 0x11, 0x10, 0x10, 0x00, 0x00, 0x00, 0x00, 0x00, 0x00, 0x00, 0x00, 0x00, 0x00, 0x00,
			0x00, 0x10, 0x58, 0x79, 0x79, 0x75, 0x79, 0x75, 0x79, 0x7D, 0xBA, 0x71, 0x1A, 0x6D, 0xBA, 0x5C,
			0x10, 0x00, 0x00, 0x00, 0x00, 0x00, 0x00, 0x00, 0x00, 0x00, 0x00, 0x00, 0x00, 0x00, 0x00, 0x00,
			0x00, 0x00, 0x00, 0x00, 0x00, 0x10, 0x11, 0x10, 0x10, 0x10, 0x10, 0x10, 0x10, 0x11, 0x10, 0x10,
			0x11, 0x11, 0x11, 0x10, 0x00, 0x00, 0x00, 0x00, 0x00, 0x00, 0x00, 0x00, 0x00, 0x00, 0x00, 0x00,
			0x00, 0x00, 0x00, 0x00,
};

const unsigned char gfx_bubguy7[] = {
		// Size: 2484
			// W:36 H:69
			// Colours: 256
			// icon-length: 2484
			//0x01, // colour mode, 1=256colours, 2=16 colours, 4=4 colours, 8=2 colours
			//0x00, 0x24, // WIDTH
			//0x00, 0x45, // HEIGHT
			//0x09, 0xB4, // LENGTH
			0x00, 0x00, 0x00, 0x00, 0x00, 0x00, 0x00, 0x00, 0x00, 0x00, 0x00, 0x00, 0x00, 0x00, 0x00, 0x00,
			0x00, 0x00, 0x00, 0x00, 0x00, 0x00, 0x00, 0x00, 0x00, 0x00, 0x00, 0x00, 0x00, 0x00, 0x00, 0x00,
			0x00, 0x00, 0x00, 0x00, 0x00, 0x00, 0x00, 0x00, 0x00, 0x00, 0x00, 0x00, 0x00, 0x00, 0x00, 0x00,
			0x00, 0x00, 0x00, 0x00, 0x00, 0x00, 0x00, 0x00, 0x00, 0x00, 0x00, 0x00, 0x00, 0x00, 0x00, 0x00,
			0x00, 0x00, 0x00, 0x00, 0x00, 0x00, 0x00, 0x00, 0x00, 0x00, 0x00, 0x00, 0x00, 0x00, 0x00, 0x00,
			0x00, 0x00, 0x00, 0x00, 0x00, 0x00, 0x00, 0x00, 0x00, 0x00, 0x00, 0x00, 0x00, 0x00, 0x00, 0x00,
			0x00, 0x00, 0x00, 0x00, 0x00, 0x00, 0x00, 0x00, 0x00, 0x00, 0x00, 0x00, 0x00, 0x00, 0x00, 0x00,
			0x00, 0x00, 0x00, 0x00, 0x00, 0x00, 0x00, 0x00, 0x00, 0x00, 0x00, 0x00, 0x00, 0x00, 0x00, 0x00,
			0x00, 0x00, 0x00, 0x00, 0x00, 0x00, 0x00, 0x00, 0x00, 0x00, 0x00, 0x00, 0x00, 0x00, 0x00, 0x00,
			0x00, 0x00, 0x00, 0x00, 0x00, 0x00, 0x00, 0x00, 0x00, 0x00, 0x00, 0x00, 0x00, 0x00, 0x00, 0x00,
			0x00, 0x00, 0x00, 0x00, 0x00, 0x00, 0x00, 0x00, 0x00, 0x00, 0x00, 0x00, 0x00, 0x00, 0x00, 0x00,
			0x00, 0x00, 0x00, 0x00, 0x00, 0x00, 0x00, 0x00, 0x00, 0x00, 0x00, 0x00, 0x00, 0x00, 0x00, 0x00,
			0x00, 0x00, 0x00, 0x00, 0x00, 0x00, 0x00, 0x00, 0x00, 0x00, 0x00, 0x00, 0x00, 0x00, 0x00, 0x00,
			0x00, 0x00, 0x00, 0x00, 0x00, 0x00, 0x00, 0x00, 0x00, 0x00, 0x00, 0x00, 0x00, 0x00, 0x00, 0x00,
			0x00, 0x00, 0x00, 0x00, 0x00, 0x00, 0x00, 0x00, 0x00, 0x00, 0x00, 0x00, 0x00, 0x00, 0x00, 0x00,
			0x00, 0x00, 0x00, 0x00, 0x00, 0x00, 0x00, 0x00, 0x00, 0x00, 0x00, 0x00, 0x00, 0x00, 0x00, 0x00,
			0x00, 0x00, 0x00, 0x00, 0x00, 0x00, 0x00, 0x00, 0x00, 0x00, 0x00, 0x10, 0x10, 0x00, 0x00, 0x00,
			0x00, 0x00, 0x00, 0x00, 0x00, 0x00, 0x00, 0x00, 0x00, 0x00, 0x00, 0x00, 0x00, 0x00, 0x00, 0x00,
			0x00, 0x00, 0x00, 0x00, 0x00, 0x00, 0x00, 0x00, 0x00, 0x00, 0x00, 0x00, 0x10, 0x10, 0x10, 0x30,
			0x34, 0x10, 0x00, 0x00, 0x00, 0x00, 0x00, 0x00, 0x00, 0x00, 0x00, 0x00, 0x00, 0x00, 0x00, 0x00,
			0x00, 0x00, 0x00, 0x00, 0x00, 0x00, 0x00, 0x00, 0x00, 0x00, 0x00, 0x00, 0x00, 0x00, 0x11, 0x11,
			0x34, 0x34, 0x30, 0x30, 0x34, 0x10, 0x00, 0x00, 0x00, 0x70, 0x2D, 0xF4, 0xF4, 0x6C, 0x00, 0x00,
			0x00, 0x00, 0x00, 0x00, 0x00, 0x00, 0x00, 0x00, 0x00, 0x00, 0x00, 0x00, 0x00, 0x00, 0x00, 0x00,
			0x00, 0x10, 0x34, 0x34, 0x30, 0x30, 0x30, 0x30, 0x30, 0x34, 0x11, 0xF4, 0x2D, 0x1D, 0x2D, 0x2D,
			0x1D, 0x2D, 0x70, 0x00, 0x00, 0x00, 0x00, 0x00, 0x00, 0x00, 0x00, 0x00, 0x00, 0x00, 0x00, 0x00,
			0x00, 0x00, 0x00, 0x00, 0x12, 0x34, 0x34, 0x30, 0x34, 0x30, 0x30, 0x30, 0x34, 0x11, 0x70, 0x2D,
			0xF4, 0x2D, 0xF4, 0x70, 0x6C, 0x2D, 0x1D, 0x00, 0x00, 0x00, 0x00, 0x00, 0x00, 0x00, 0x00, 0x00,
			0x00, 0x00, 0x00, 0x00, 0x00, 0x00, 0x00, 0x00, 0x10, 0x34, 0x34, 0x34, 0x34, 0x30, 0x30, 0x30,
			0x10, 0x70, 0x6C, 0x70, 0x6C, 0x10, 0x70, 0x70, 0x00, 0x70, 0xF4, 0x00, 0x00, 0x00, 0x00, 0x00,
			0x00, 0x00, 0x00, 0x00, 0x00, 0x00, 0x00, 0x00, 0x00, 0x00, 0x00, 0x00, 0x00, 0x10, 0x10, 0x34,
			0x30, 0x34, 0x30, 0x30, 0x10, 0x12, 0x6C, 0x10, 0x11, 0x00, 0x00, 0x70, 0x00, 0x00, 0xF4, 0x00,
			0x00, 0x00, 0x00, 0x00, 0x00, 0x00, 0x00, 0x00, 0x00, 0x00, 0x00, 0x00, 0x00, 0x00, 0x00, 0x00,
			0x00, 0x10, 0x34, 0x34, 0x34, 0x30, 0x34, 0x10, 0x10, 0x10, 0x7D, 0x11, 0x00, 0x00, 0x00, 0x00,
			0x00, 0x00, 0x00, 0x00, 0x00, 0x00, 0x00, 0x00, 0x00, 0x00, 0x00, 0x00, 0x00, 0x00, 0x00, 0x00,
			0x00, 0x00, 0x00, 0x00, 0x00, 0x10, 0x34, 0x30, 0x11, 0x10, 0x10, 0x10, 0xBA, 0x1A, 0x10, 0x71,
			0x10, 0x00, 0x00, 0x00, 0x00, 0x00, 0x00, 0x00, 0x00, 0x00, 0x00, 0x00, 0x00, 0x00, 0x00, 0x00,
			0x00, 0x00, 0x00, 0x00, 0x00, 0x00, 0x00, 0x00, 0x10, 0x30, 0x10, 0x10, 0x70, 0x1D, 0x2D, 0x10,
			0x1A, 0xBF, 0x10, 0x10, 0xBA, 0x1A, 0x1A, 0x11, 0x00, 0x00, 0x00, 0x00, 0x00, 0x00, 0x00, 0x00,
			0x00, 0x00, 0x00, 0x00, 0x00, 0x00, 0x00, 0x00, 0x00, 0x00, 0x00, 0x11, 0x30, 0x10, 0x6C, 0x70,
			0x58, 0x58, 0x70, 0x2D, 0x10, 0x1A, 0x1A, 0x81, 0x7D, 0x7D, 0x82, 0x11, 0x00, 0x00, 0x00, 0x00,
			0x00, 0x00, 0x00, 0x00, 0x00, 0x00, 0x00, 0x00, 0x00, 0x00, 0x00, 0x00, 0x00, 0x00, 0x10, 0x30,
			0x10, 0x10, 0x70, 0xF4, 0xBA, 0xBA, 0x70, 0x6C, 0x11, 0x07, 0x1A, 0xBA, 0xBA, 0x10, 0x00, 0x00,
			0x00, 0x00, 0x00, 0x00, 0x00, 0x00, 0x00, 0x00, 0x00, 0x00, 0x00, 0x00, 0x00, 0x00, 0x00, 0x00,
			0x00, 0x10, 0x30, 0x10, 0x34, 0x11, 0x1D, 0x70, 0x81, 0x71, 0x81, 0x10, 0x7D, 0x81, 0xBA, 0x82,
			0x81, 0x07, 0x7E, 0x10, 0x00, 0x00, 0x00, 0x00, 0x00, 0x00, 0x00, 0x00, 0x00, 0x00, 0x00, 0x00,
			0x00, 0x00, 0x00, 0x00, 0x10, 0x30, 0x34, 0x34, 0x11, 0x34, 0x10, 0x5C, 0x58, 0x6D, 0x7D, 0x7D,
			0x81, 0x7D, 0x81, 0x81, 0x7D, 0x7D, 0x81, 0x6D, 0x10, 0x00, 0x00, 0x00, 0x00, 0x00, 0x00, 0x00,
			0x00, 0x00, 0x00, 0x00, 0x00, 0x00, 0x00, 0x00, 0x30, 0x34, 0x34, 0x34, 0x34, 0x10, 0x10, 0x5C,
			0x5C, 0x10, 0x71, 0x79, 0x7D, 0x7D, 0x71, 0x6D, 0x34, 0x34, 0x10, 0x11, 0x00, 0x00, 0x00, 0x00,
			0x00, 0x00, 0x00, 0x00, 0x00, 0x00, 0x00, 0x00, 0x00, 0x00, 0x00, 0x00, 0x10, 0x11, 0x11, 0x11,
			0x12, 0x00, 0x00, 0x11, 0x10, 0x11, 0x10, 0x71, 0x75, 0x81, 0x79, 0x75, 0x11, 0x11, 0x00, 0x00,
			0x00, 0x00, 0x00, 0x00, 0x00, 0x00, 0x00, 0x00, 0x00, 0x00, 0x00, 0x00, 0x00, 0x00, 0x00, 0x00,
			0x00, 0x00, 0x00, 0x00, 0x00, 0x00, 0x00, 0x00, 0x00, 0x10, 0x10, 0x34, 0x75, 0x75, 0x75, 0x10,
			0x00, 0x00, 0x00, 0x00, 0x00, 0x00, 0x00, 0x00, 0x00, 0x00, 0x00, 0x00, 0x00, 0x00, 0x00, 0x00,
			0x00, 0x00, 0x00, 0x00, 0x00, 0x00, 0x00, 0x00, 0x00, 0x00, 0x00, 0x00, 0x00, 0x00, 0x00, 0x10,
			0x75, 0x75, 0x10, 0x00, 0x00, 0x00, 0x00, 0x00, 0x00, 0x00, 0x00, 0x00, 0x00, 0x00, 0x00, 0x00,
			0x00, 0x00, 0x00, 0x00, 0x00, 0x00, 0x00, 0x00, 0x00, 0x00, 0x00, 0x00, 0x00, 0x00, 0x00, 0x00,
			0x00, 0x00, 0x00, 0x10, 0x75, 0x7D, 0x10, 0x00, 0x00, 0x00, 0x00, 0x00, 0x00, 0x00, 0x00, 0x00,
			0x00, 0x00, 0x00, 0x00, 0x00, 0x00, 0x00, 0x00, 0x00, 0x00, 0x00, 0x00, 0x00, 0x00, 0x00, 0x00,
			0x00, 0x00, 0x00, 0x00, 0x00, 0x00, 0x00, 0x10, 0x79, 0x7D, 0x7D, 0x10, 0x00, 0x00, 0x00, 0x00,
			0x00, 0x00, 0x00, 0x00, 0x00, 0x00, 0x00, 0x00, 0x00, 0x00, 0x00, 0x00, 0x00, 0x00, 0x00, 0x00,
			0x00, 0x00, 0x00, 0x00, 0x00, 0x00, 0x00, 0x00, 0x00, 0x00, 0x00, 0x11, 0x75, 0x81, 0x7E, 0x11,
			0x00, 0x00, 0x00, 0x00, 0x00, 0x00, 0x00, 0x00, 0x00, 0x00, 0x00, 0x00, 0x00, 0x00, 0x00, 0x00,
			0x00, 0x00, 0x00, 0x00, 0x00, 0x00, 0x00, 0x00, 0x00, 0x00, 0x00, 0x00, 0x00, 0x00, 0x00, 0x10,
			0x75, 0x81, 0x75, 0x11, 0x00, 0x00, 0x00, 0x00, 0x00, 0x00, 0x00, 0x00, 0x00, 0x00, 0x00, 0x00,
			0x00, 0x00, 0x00, 0x00, 0x00, 0x00, 0x00, 0x00, 0x00, 0x00, 0x00, 0x00, 0x00, 0x00, 0x00, 0x00,
			0x00, 0x00, 0x00, 0x10, 0x75, 0x81, 0x10, 0x00, 0x00, 0x00, 0x00, 0x00, 0x00, 0x00, 0x00, 0x00,
			0x00, 0x00, 0x00, 0x00, 0x00, 0x00, 0x00, 0x00, 0x00, 0x00, 0x00, 0x00, 0x00, 0x00, 0x00, 0x00,
			0x00, 0x00, 0x00, 0x00, 0x00, 0x00, 0x00, 0x10, 0x75, 0x81, 0x10, 0x00, 0x00, 0x00, 0x00, 0x00,
			0x00, 0x00, 0x00, 0x00, 0x00, 0x00, 0x00, 0x00, 0x00, 0x00, 0x00, 0x00, 0x00, 0x00, 0x00, 0x00,
			0x00, 0x00, 0x00, 0x00, 0x00, 0x00, 0x00, 0x00, 0x00, 0x00, 0x00, 0x10, 0x79, 0x7D, 0x79, 0x10,
			0x00, 0x00, 0x00, 0x00, 0x00, 0x00, 0x00, 0x00, 0x00, 0x00, 0x00, 0x00, 0x00, 0x00, 0x00, 0x00,
			0x00, 0x00, 0x00, 0x00, 0x00, 0x00, 0x00, 0x00, 0x00, 0x00, 0x00, 0x00, 0x00, 0x00, 0x00, 0x10,
			0x75, 0x7D, 0x07, 0x10, 0x00, 0x00, 0x00, 0x00, 0x00, 0x00, 0x00, 0x00, 0x00, 0x00, 0x00, 0x00,
			0x00, 0x00, 0x00, 0x00, 0x00, 0x00, 0x00, 0x00, 0x00, 0x00, 0x00, 0x00, 0x00, 0x00, 0x00, 0x00,
			0x00, 0x00, 0x00, 0x10, 0x75, 0x7D, 0x7D, 0x10, 0x00, 0x00, 0x00, 0x00, 0x00, 0x00, 0x00, 0x00,
			0x00, 0x00, 0x00, 0x00, 0x00, 0x00, 0x00, 0x00, 0x00, 0x00, 0x00, 0x00, 0x00, 0x00, 0x00, 0x00,
			0x00, 0x00, 0x00, 0x00, 0x00, 0x00, 0x00, 0x10, 0x6D, 0x81, 0x7D, 0x7E, 0x12, 0x00, 0x00, 0x00,
			0x00, 0x00, 0x00, 0x00, 0x00, 0x00, 0x00, 0x00, 0x00, 0x00, 0x00, 0x00, 0x00, 0x00, 0x00, 0x00,
			0x00, 0x00, 0x00, 0x00, 0x00, 0x00, 0x00, 0x00, 0x00, 0x00, 0x00, 0x10, 0x10, 0x10, 0x81, 0x07,
			0x10, 0x00, 0x00, 0x00, 0x00, 0x00, 0x00, 0x00, 0x00, 0x00, 0x00, 0x00, 0x00, 0x00, 0x00, 0x00,
			0x00, 0x00, 0x00, 0x00, 0x00, 0x00, 0x00, 0x00, 0x00, 0x00, 0x00, 0x00, 0x00, 0x00, 0x10, 0x11,
			0xA6, 0xA6, 0x10, 0x81, 0x6D, 0x12, 0x00, 0x00, 0x00, 0x00, 0x00, 0x00, 0x00, 0x00, 0x00, 0x00,
			0x00, 0x00, 0x00, 0x00, 0x00, 0x00, 0x00, 0x00, 0x00, 0x00, 0x00, 0x00, 0x00, 0x00, 0x00, 0x00,
			0x00, 0x00, 0x10, 0xA6, 0x71, 0x1A, 0xAC, 0x10, 0x71, 0x10, 0x00, 0x00, 0x00, 0x00, 0x00, 0x00,
			0x00, 0x00, 0x00, 0x00, 0x00, 0x00, 0x00, 0x00, 0x00, 0x00, 0x00, 0x00, 0x00, 0x00, 0x00, 0x00,
			0x00, 0x00, 0x00, 0x00, 0x00, 0x00, 0x10, 0x5C, 0x7D, 0xBA, 0x1A, 0xAC, 0x10, 0x71, 0x10, 0x00,
			0x00, 0x00, 0x00, 0x00, 0x00, 0x00, 0x00, 0x00, 0x00, 0x00, 0x00, 0x00, 0x00, 0x00, 0x00, 0x00,
			0x00, 0x00, 0x00, 0x00, 0x00, 0x00, 0x00, 0x00, 0x00, 0x10, 0xA6, 0x5C, 0x81, 0x7D, 0x82, 0xBF,
			0x10, 0x71, 0x10, 0x00, 0x00, 0x00, 0x00, 0x00, 0x00, 0x00, 0x00, 0x00, 0x00, 0x00, 0x00, 0x00,
			0x00, 0x00, 0x00, 0x00, 0x00, 0x00, 0x00, 0x00, 0x00, 0x00, 0x00, 0x00, 0x00, 0x10, 0xAC, 0x6D,
			0x7D, 0x81, 0x7D, 0xBA, 0x1A, 0x10, 0x10, 0x11, 0x00, 0x00, 0x00, 0x00, 0x00, 0x00, 0x00, 0x00,
			0x00, 0x00, 0x00, 0x00, 0x00, 0x00, 0x00, 0x00, 0x00, 0x00, 0x00, 0x00, 0x00, 0x00, 0x00, 0x00,
			0x10, 0x22, 0x10, 0x7D, 0x7D, 0x7D, 0x81, 0x7D, 0x07, 0xBA, 0x82, 0x10, 0x00, 0x00, 0x00, 0x00,
			0x00, 0x00, 0x00, 0x00, 0x00, 0x00, 0x00, 0x00, 0x00, 0x00, 0x00, 0x00, 0x00, 0x00, 0x00, 0x00,
			0x00, 0x00, 0x00, 0x00, 0x10, 0x18, 0x10, 0x81, 0x81, 0x58, 0x6D, 0x81, 0x7D, 0x7D, 0x07, 0x07,
			0x10, 0x11, 0x00, 0x00, 0x00, 0x00, 0x00, 0x00, 0x00, 0x00, 0x00, 0x00, 0x00, 0x00, 0x00, 0x00,
			0x00, 0x00, 0x00, 0x00, 0x00, 0x00, 0x00, 0x00, 0x10, 0x18, 0x10, 0x7D, 0x7D, 0x81, 0x58, 0x10,
			0x6D, 0x7D, 0x7D, 0x7D, 0x82, 0x7E, 0x11, 0x11, 0x11, 0x10, 0x11, 0x12, 0x00, 0x00, 0x00, 0x00,
			0x00, 0x00, 0x00, 0x00, 0x00, 0x00, 0x00, 0x00, 0x00, 0x00, 0x00, 0x00, 0x11, 0x18, 0x10, 0x7D,
			0x81, 0x71, 0x71, 0x5C, 0x10, 0x10, 0x71, 0x7D, 0x7D, 0x81, 0x07, 0xBA, 0xBA, 0x07, 0x07, 0x82,
			0x12, 0x00, 0x00, 0x00, 0x00, 0x00, 0x00, 0x00, 0x00, 0x00, 0x00, 0x00, 0x00, 0x00, 0x00, 0x10,
			0x10, 0x17, 0x11, 0x71, 0x71, 0x6D, 0x5C, 0x10, 0x17, 0x10, 0x10, 0x11, 0x71, 0x7D, 0x81, 0x7D,
			0x81, 0x82, 0xBA, 0x1A, 0x07, 0x10, 0x00, 0x00, 0x00, 0x00, 0x00, 0x00, 0x00, 0x00, 0x00, 0x00,
			0x00, 0x00, 0x11, 0x7D, 0x10, 0x18, 0x11, 0x5C, 0x71, 0x5C, 0x11, 0x18, 0x18, 0x17, 0x18, 0x18,
			0x10, 0x10, 0x6D, 0x7D, 0x81, 0xBA, 0xBA, 0xBF, 0x7E, 0x81, 0x11, 0x00, 0x00, 0x00, 0x00, 0x00,
			0x00, 0x00, 0x00, 0x00, 0x00, 0x10, 0x6D, 0x6D, 0x10, 0x18, 0x18, 0x10, 0x11, 0x10, 0x18, 0x17,
			0x17, 0x18, 0x18, 0x17, 0x11, 0x00, 0x10, 0x7D, 0x81, 0x82, 0x1A, 0xBA, 0x7D, 0x7D, 0x10, 0x00,
			0x00, 0x00, 0x00, 0x00, 0x00, 0x00, 0x00, 0x00, 0x00, 0x10, 0x71, 0x5C, 0x12, 0x18, 0x17, 0x18,
			0x18, 0x18, 0x18, 0x17, 0x18, 0x18, 0x17, 0x17, 0x18, 0x11, 0x00, 0x10, 0x6D, 0x7D, 0x82, 0x7D,
			0x7D, 0x6D, 0x10, 0x00, 0x00, 0x00, 0x00, 0x00, 0x00, 0x00, 0x00, 0x00, 0x00, 0x10, 0x71, 0x5C,
			0x10, 0x17, 0x18, 0x18, 0x17, 0x18, 0x18, 0x18, 0x18, 0x17, 0x18, 0x18, 0x18, 0x10, 0x00, 0x10,
			0x71, 0x71, 0x81, 0x7D, 0x6D, 0x10, 0x00, 0x00, 0x00, 0x00, 0x00, 0x00, 0x00, 0x00, 0x00, 0x00,
			0x00, 0x11, 0x6D, 0x10, 0x17, 0x18, 0x18, 0x18, 0x18, 0x17, 0x18, 0x18, 0x17, 0x18, 0x18, 0x17,
			0x18, 0x18, 0x10, 0x00, 0x11, 0x71, 0x71, 0x6D, 0x10, 0x00, 0x00, 0x00, 0x00, 0x00, 0x00, 0x00,
			0x00, 0x00, 0x00, 0x00, 0x00, 0x00, 0x10, 0x10, 0x18, 0x18, 0x18, 0x18, 0x18, 0x17, 0x18, 0x18,
			0x18, 0x18, 0x17, 0x18, 0x18, 0x17, 0x10, 0x00, 0x00, 0x10, 0x10, 0x12, 0x00, 0x00, 0x00, 0x00,
			0x00, 0x00, 0x00, 0x00, 0x00, 0x00, 0x00, 0x00, 0x00, 0x00, 0x00, 0x10, 0x17, 0x18, 0x18, 0x18,
			0x18, 0x18, 0x18, 0x17, 0x18, 0x17, 0x18, 0x18, 0x18, 0x17, 0xAC, 0x10, 0x00, 0x00, 0x00, 0x00,
			0x00, 0x00, 0x00, 0x00, 0x00, 0x00, 0x00, 0x00, 0x00, 0x00, 0x00, 0x00, 0x00, 0x00, 0x00, 0x10,
			0x18, 0x18, 0x18, 0x18, 0x18, 0x18, 0x18, 0x17, 0x17, 0x18, 0x17, 0x18, 0x18, 0x17, 0x22, 0x11,
			0x00, 0x00, 0x00, 0x00, 0x00, 0x00, 0x00, 0x00, 0x00, 0x00, 0x00, 0x00, 0x00, 0x00, 0x00, 0x00,
			0x00, 0x00, 0x00, 0x11, 0x17, 0x18, 0x18, 0x17, 0x18, 0x18, 0x18, 0x18, 0x18, 0x17, 0x17, 0x18,
			0x17, 0x17, 0x18, 0xA6, 0x12, 0x00, 0x00, 0x00, 0x00, 0x00, 0x00, 0x00, 0x00, 0x00, 0x00, 0x00,
			0x00, 0x00, 0x00, 0x00, 0x00, 0x00, 0x11, 0x10, 0x11, 0x18, 0x17, 0x18, 0x17, 0x17, 0x18, 0x18,
			0x17, 0x17, 0x18, 0x18, 0x17, 0x18, 0x17, 0xAC, 0xA6, 0x10, 0x00, 0x00, 0x00, 0x00, 0x00, 0x00,
			0x00, 0x00, 0x00, 0x00, 0x00, 0x00, 0x00, 0x00, 0x00, 0x10, 0x11, 0x11, 0x17, 0x17, 0x17, 0x18,
			0x18, 0x18, 0x18, 0x18, 0x18, 0x17, 0x17, 0x18, 0x17, 0x17, 0x18, 0xAC, 0xA6, 0x11, 0x00, 0x00,
			0x00, 0x00, 0x00, 0x00, 0x00, 0x00, 0x00, 0x00, 0x00, 0x00, 0x00, 0x10, 0x10, 0xA6, 0x22, 0x17,
			0x18, 0x17, 0x18, 0x17, 0x17, 0x17, 0x18, 0x17, 0x10, 0x18, 0x18, 0x18, 0x18, 0x17, 0x18, 0x18,
			0x22, 0x10, 0x00, 0x00, 0x00, 0x00, 0x00, 0x00, 0x00, 0x00, 0x00, 0x00, 0x00, 0x00, 0x10, 0x22,
			0xA6, 0x17, 0x18, 0x18, 0x17, 0x17, 0x18, 0x18, 0x17, 0x18, 0x18, 0x18, 0x10, 0x11, 0x17, 0x17,
			0x18, 0x18, 0x18, 0x18, 0xAC, 0x10, 0x00, 0x00, 0x00, 0x11, 0x10, 0x00, 0x00, 0x00, 0x00, 0x00,
			0x00, 0x00, 0x11, 0x18, 0x18, 0x17, 0x18, 0x17, 0x18, 0x17, 0x18, 0x17, 0x18, 0x18, 0x17, 0x10,
			0x10, 0x10, 0x18, 0x18, 0x17, 0x18, 0x18, 0x18, 0x17, 0x18, 0x10, 0x00, 0x10, 0x1A, 0x81, 0x10,
			0x00, 0x00, 0x00, 0x00, 0x00, 0x00, 0x10, 0x10, 0x17, 0x18, 0x18, 0x17, 0x18, 0x17, 0x18, 0x17,
			0x17, 0x17, 0x12, 0x00, 0x12, 0x10, 0x10, 0x18, 0x18, 0x18, 0x17, 0x18, 0x17, 0x18, 0x10, 0x00,
			0x10, 0x7D, 0x7D, 0x10, 0x00, 0x00, 0x00, 0x00, 0x00, 0x10, 0x81, 0x7D, 0x10, 0x18, 0x18, 0x18,
			0x17, 0x18, 0x17, 0x18, 0x17, 0x10, 0x00, 0x00, 0x00, 0x10, 0x11, 0x17, 0x18, 0x18, 0x18, 0x18,
			0x18, 0x17, 0x18, 0x11, 0x71, 0x7D, 0x7D, 0x5C, 0x00, 0x00, 0x00, 0x00, 0x00, 0x10, 0x81, 0x81,
			0x10, 0x17, 0x18, 0x17, 0x18, 0x18, 0x18, 0x10, 0x11, 0x00, 0x00, 0x00, 0x00, 0x00, 0x10, 0x18,
			0x18, 0x18, 0x17, 0x18, 0x18, 0x18, 0x18, 0x10, 0x71, 0x81, 0x81, 0x71, 0x00, 0x00, 0x00, 0x00,
			0x00, 0x10, 0x7D, 0x81, 0x7D, 0x10, 0x18, 0x18, 0x18, 0x18, 0x10, 0x00, 0x00, 0x00, 0x00, 0x00,
			0x00, 0x00, 0x10, 0x10, 0x18, 0x18, 0x18, 0x18, 0x18, 0x18, 0x10, 0x7D, 0x7D, 0x7D, 0x7D, 0x71,
			0x00, 0x00, 0x00, 0x00, 0x00, 0x10, 0x81, 0x81, 0x7D, 0x71, 0x10, 0x10, 0x10, 0x10, 0x10, 0x10,
			0x00, 0x00, 0x00, 0x00, 0x00, 0x00, 0x00, 0x11, 0x17, 0x18, 0x18, 0x18, 0x18, 0x10, 0x7D, 0x81,
			0x7D, 0x81, 0x71, 0x5C, 0x00, 0x00, 0x00, 0x00, 0x00, 0x10, 0x81, 0x7D, 0x7D, 0x81, 0x7D, 0x81,
			0x82, 0x81, 0x7D, 0x11, 0x00, 0x00, 0x00, 0x00, 0x00, 0x00, 0x00, 0x11, 0x10, 0x18, 0x10, 0x10,
			0x11, 0x7D, 0x7D, 0x81, 0x7D, 0x71, 0x5C, 0x11, 0x00, 0x00, 0x00, 0x00, 0x00, 0x00, 0x10, 0x81,
			0x81, 0x7D, 0xBA, 0x7D, 0x7D, 0x71, 0x6D, 0x11, 0x00, 0x00, 0x00, 0x00, 0x00, 0x00, 0x00, 0x00,
			0x10, 0x10, 0x11, 0x5C, 0x7D, 0x7D, 0x81, 0x7D, 0x71, 0x58, 0x10, 0x00, 0x00, 0x00, 0x00, 0x00,
			0x00, 0x00, 0x10, 0x5C, 0x81, 0x7E, 0x6D, 0x07, 0x71, 0x7E, 0x5C, 0x10, 0x00, 0x00, 0x00, 0x00,
			0x00, 0x00, 0x00, 0x00, 0x00, 0x00, 0x10, 0x81, 0x81, 0x81, 0x6D, 0x5C, 0x10, 0x10, 0x00, 0x00,
			0x00, 0x00, 0x00, 0x00, 0x00, 0x00, 0x00, 0x10, 0x5C, 0x10, 0x10, 0x10, 0x10, 0x10, 0x10, 0x00,
			0x00, 0x00, 0x00, 0x00, 0x00, 0x00, 0x00, 0x00, 0x00, 0x00, 0x10, 0x10, 0x10, 0x10, 0x10, 0x10,
			0x00, 0x00, 0x00, 0x00,
};

const unsigned char gfx_bubguy8[] = {
		// Size: 2484
			// W:36 H:69
			// Colours: 256
			// icon-length: 2484
			//0x01, // colour mode, 1=256colours, 2=16 colours, 4=4 colours, 8=2 colours
			//0x00, 0x24, // WIDTH
			//0x00, 0x45, // HEIGHT
			//0x09, 0xB4, // LENGTH
			0x00, 0x00, 0x00, 0x00, 0x00, 0x00, 0x00, 0x00, 0x00, 0x00, 0x00, 0x00, 0x00, 0x00, 0x00, 0x00,
			0x00, 0x00, 0x00, 0x00, 0x00, 0x00, 0x00, 0x00, 0x00, 0x00, 0x00, 0x00, 0x00, 0x00, 0x00, 0x00,
			0x00, 0x00, 0x00, 0x00, 0x00, 0x00, 0x00, 0x00, 0x00, 0x00, 0x00, 0x00, 0x00, 0x00, 0x00, 0x00,
			0x00, 0x00, 0x00, 0x00, 0x00, 0x00, 0x00, 0x00, 0x00, 0x00, 0x00, 0x00, 0x00, 0x00, 0x00, 0x00,
			0x00, 0x00, 0x00, 0x00, 0x00, 0x00, 0x00, 0x00, 0x00, 0x00, 0x00, 0x00, 0x00, 0x00, 0x00, 0x00,
			0x00, 0x00, 0x00, 0x00, 0x00, 0x00, 0x00, 0x00, 0x00, 0x00, 0x00, 0x00, 0x00, 0x00, 0x00, 0x00,
			0x00, 0x00, 0x00, 0x00, 0x00, 0x00, 0x00, 0x00, 0x00, 0x00, 0x00, 0x00, 0x00, 0x00, 0x00, 0x00,
			0x00, 0x00, 0x00, 0x00, 0x00, 0x00, 0x00, 0x00, 0x00, 0x00, 0x00, 0x00, 0x00, 0x00, 0x00, 0x00,
			0x00, 0x00, 0x00, 0x00, 0x00, 0x00, 0x00, 0x00, 0x00, 0x00, 0x00, 0x00, 0x00, 0x00, 0x00, 0x00,
			0x00, 0x00, 0x00, 0x00, 0x00, 0x00, 0x00, 0x00, 0x00, 0x00, 0x00, 0x00, 0x00, 0x00, 0x00, 0x00,
			0x00, 0x00, 0x00, 0x00, 0x00, 0x00, 0x00, 0x00, 0x00, 0x00, 0x00, 0x00, 0x00, 0x00, 0x00, 0x00,
			0x00, 0x00, 0x00, 0x00, 0x00, 0x00, 0x00, 0x00, 0x00, 0x00, 0x00, 0x00, 0x00, 0x00, 0x00, 0x00,
			0x00, 0x00, 0x00, 0x00, 0x00, 0x00, 0x00, 0x00, 0x00, 0x00, 0x00, 0x00, 0x00, 0x00, 0x00, 0x00,
			0x00, 0x00, 0x00, 0x00, 0x00, 0x00, 0x00, 0x00, 0x00, 0x00, 0x00, 0x00, 0x00, 0x00, 0x00, 0x00,
			0x00, 0x00, 0x00, 0x00, 0x00, 0x00, 0x00, 0x00, 0x00, 0x00, 0x00, 0x00, 0x00, 0x00, 0x00, 0x00,
			0x00, 0x00, 0x00, 0x00, 0x00, 0x00, 0x00, 0x00, 0x00, 0x00, 0x00, 0x00, 0x00, 0x00, 0x00, 0x00,
			0x00, 0x00, 0x00, 0x00, 0x00, 0x00, 0x00, 0x00, 0x00, 0x00, 0x00, 0x00, 0x00, 0x00, 0x00, 0x00,
			0x00, 0x00, 0x00, 0x00, 0x00, 0x00, 0x00, 0x00, 0x00, 0x00, 0x00, 0x00, 0x00, 0x00, 0x00, 0x00,
			0x00, 0x00, 0x00, 0x00, 0x00, 0x00, 0x00, 0x00, 0x00, 0x00, 0x00, 0x00, 0x00, 0x00, 0x00, 0x11,
			0x10, 0x00, 0x00, 0x00, 0x00, 0x00, 0x00, 0x00, 0x00, 0x00, 0x00, 0x00, 0x00, 0x00, 0x00, 0x00,
			0x00, 0x00, 0x00, 0x00, 0x00, 0x00, 0x00, 0x00, 0x00, 0x00, 0x00, 0x00, 0x00, 0x00, 0x00, 0x00,
			0x10, 0x10, 0x10, 0x30, 0x34, 0x10, 0x00, 0x00, 0x00, 0x70, 0xF4, 0x2D, 0xF4, 0x70, 0x00, 0x00,
			0x00, 0x00, 0x00, 0x00, 0x00, 0x00, 0x00, 0x00, 0x00, 0x00, 0x00, 0x00, 0x00, 0x00, 0x00, 0x00,
			0x00, 0x00, 0x11, 0x10, 0x34, 0x34, 0x30, 0x30, 0x34, 0x10, 0x00, 0x00, 0x70, 0x70, 0x2D, 0x1D,
			0x2D, 0x1D, 0x1D, 0x00, 0x00, 0x00, 0x00, 0x00, 0x00, 0x00, 0x00, 0x00, 0x00, 0x00, 0x00, 0x00,
			0x00, 0x00, 0x00, 0x00, 0x00, 0x11, 0x34, 0x34, 0x30, 0x30, 0x30, 0x30, 0x30, 0x34, 0x10, 0xF4,
			0x1D, 0xF4, 0x1D, 0x70, 0x70, 0xF4, 0x2D, 0x00, 0x00, 0x00, 0x00, 0x00, 0x00, 0x00, 0x00, 0x00,
			0x00, 0x00, 0x00, 0x00, 0x00, 0x00, 0x00, 0x00, 0x10, 0x34, 0x34, 0x30, 0x34, 0x30, 0x30, 0x30,
			0x34, 0x10, 0x70, 0xBC, 0x2D, 0x1D, 0x70, 0x70, 0x00, 0x00, 0x1D, 0x00, 0x00, 0x00, 0x00, 0x00,
			0x00, 0x00, 0x00, 0x00, 0x00, 0x00, 0x00, 0x00, 0x00, 0x00, 0x00, 0x00, 0x10, 0x34, 0x34, 0x34,
			0x34, 0x30, 0x30, 0x30, 0x10, 0x70, 0x70, 0x70, 0x70, 0x10, 0x00, 0x70, 0x00, 0x00, 0x00, 0x00,
			0x00, 0x00, 0x00, 0x00, 0x00, 0x00, 0x00, 0x00, 0x00, 0x00, 0x00, 0x00, 0x00, 0x00, 0x00, 0x00,
			0x00, 0x10, 0x10, 0x34, 0x30, 0x34, 0x30, 0x30, 0x10, 0x10, 0x70, 0x10, 0x10, 0x00, 0x00, 0x00,
			0x00, 0x00, 0x00, 0x00, 0x00, 0x00, 0x00, 0x00, 0x00, 0x00, 0x00, 0x00, 0x00, 0x00, 0x00, 0x00,
			0x00, 0x00, 0x00, 0x00, 0x00, 0x10, 0x34, 0x34, 0x34, 0x30, 0x34, 0x11, 0x10, 0x10, 0x7D, 0x10,
			0x00, 0x00, 0x00, 0x00, 0x00, 0x00, 0x00, 0x00, 0x00, 0x00, 0x00, 0x00, 0x00, 0x00, 0x00, 0x00,
			0x00, 0x00, 0x00, 0x00, 0x00, 0x00, 0x00, 0x00, 0x00, 0x11, 0x34, 0x30, 0x10, 0x10, 0x10, 0x11,
			0xBA, 0x1A, 0x10, 0x6D, 0x11, 0x00, 0x00, 0x00, 0x00, 0x00, 0x00, 0x00, 0x00, 0x00, 0x00, 0x00,
			0x00, 0x00, 0x00, 0x00, 0x00, 0x00, 0x00, 0x00, 0x00, 0x00, 0x00, 0x00, 0x10, 0x30, 0x10, 0x10,
			0x70, 0xBC, 0x1D, 0x10, 0xBA, 0x1A, 0x10, 0x11, 0x07, 0xBA, 0x1A, 0x10, 0x00, 0x00, 0x00, 0x00,
			0x00, 0x00, 0x00, 0x00, 0x00, 0x00, 0x00, 0x00, 0x00, 0x00, 0x00, 0x00, 0x00, 0x00, 0x00, 0x11,
			0x30, 0x10, 0x70, 0x70, 0x58, 0x58, 0x70, 0x1D, 0x10, 0x1A, 0x1A, 0x7D, 0x7D, 0x81, 0x07, 0x10,
			0x00, 0x00, 0x00, 0x00, 0x00, 0x00, 0x00, 0x00, 0x00, 0x00, 0x00, 0x00, 0x00, 0x00, 0x00, 0x00,
			0x00, 0x00, 0x10, 0x30, 0x10, 0x10, 0x70, 0xBC, 0x07, 0x1A, 0x70, 0x70, 0x10, 0x82, 0x1A, 0xBA,
			0x82, 0x10, 0x00, 0x00, 0x00, 0x00, 0x00, 0x00, 0x00, 0x00, 0x00, 0x00, 0x00, 0x00, 0x00, 0x00,
			0x00, 0x00, 0x00, 0x00, 0x00, 0x10, 0x30, 0x10, 0x34, 0x10, 0x2D, 0x70, 0x81, 0x71, 0x81, 0x10,
			0x7D, 0x81, 0x07, 0x07, 0x81, 0x7E, 0x07, 0x11, 0x00, 0x00, 0x00, 0x00, 0x00, 0x00, 0x00, 0x00,
			0x00, 0x00, 0x00, 0x00, 0x00, 0x00, 0x00, 0x00, 0x10, 0x30, 0x34, 0x34, 0x10, 0x34, 0x10, 0x58,
			0x58, 0x6D, 0x81, 0x81, 0x81, 0x7D, 0x81, 0x7D, 0x7D, 0x7D, 0x81, 0x6D, 0x11, 0x00, 0x00, 0x00,
			0x00, 0x00, 0x00, 0x00, 0x00, 0x00, 0x00, 0x00, 0x00, 0x00, 0x00, 0x00, 0x30, 0x34, 0x34, 0x34,
			0x34, 0x10, 0x11, 0x58, 0x5C, 0x10, 0x71, 0x79, 0x7D, 0x81, 0x6D, 0x71, 0x34, 0x34, 0x10, 0x11,
			0x00, 0x00, 0x00, 0x00, 0x00, 0x00, 0x00, 0x00, 0x00, 0x00, 0x00, 0x00, 0x00, 0x00, 0x00, 0x00,
			0x10, 0x11, 0x10, 0x11, 0x10, 0x00, 0x00, 0x10, 0x11, 0x10, 0x10, 0x6D, 0x79, 0x7D, 0x79, 0x79,
			0x11, 0x11, 0x00, 0x00, 0x00, 0x00, 0x00, 0x00, 0x00, 0x00, 0x00, 0x00, 0x00, 0x00, 0x00, 0x00,
			0x00, 0x00, 0x00, 0x00, 0x00, 0x00, 0x00, 0x00, 0x00, 0x00, 0x00, 0x00, 0x00, 0x11, 0x11, 0x34,
			0x79, 0x75, 0x75, 0x11, 0x00, 0x00, 0x00, 0x00, 0x00, 0x00, 0x00, 0x00, 0x00, 0x00, 0x00, 0x00,
			0x00, 0x00, 0x00, 0x00, 0x00, 0x00, 0x00, 0x00, 0x00, 0x00, 0x00, 0x00, 0x00, 0x00, 0x00, 0x00,
			0x00, 0x00, 0x00, 0x10, 0x79, 0x79, 0x10, 0x00, 0x00, 0x00, 0x00, 0x00, 0x00, 0x00, 0x00, 0x00,
			0x00, 0x00, 0x00, 0x00, 0x00, 0x00, 0x00, 0x00, 0x00, 0x00, 0x00, 0x00, 0x00, 0x00, 0x00, 0x00,
			0x00, 0x00, 0x00, 0x00, 0x00, 0x00, 0x00, 0x10, 0x75, 0x7D, 0x10, 0x00, 0x00, 0x00, 0x00, 0x00,
			0x00, 0x00, 0x00, 0x00, 0x00, 0x00, 0x00, 0x00, 0x00, 0x00, 0x00, 0x00, 0x00, 0x00, 0x00, 0x00,
			0x00, 0x00, 0x00, 0x00, 0x00, 0x00, 0x00, 0x00, 0x00, 0x00, 0x00, 0x10, 0x79, 0x81, 0x7D, 0x10,
			0x00, 0x00, 0x00, 0x00, 0x00, 0x00, 0x00, 0x00, 0x00, 0x00, 0x00, 0x00, 0x00, 0x00, 0x00, 0x00,
			0x00, 0x00, 0x00, 0x00, 0x00, 0x00, 0x00, 0x00, 0x00, 0x00, 0x00, 0x00, 0x00, 0x00, 0x00, 0x10,
			0x79, 0x81, 0x07, 0x10, 0x00, 0x00, 0x00, 0x00, 0x00, 0x00, 0x00, 0x00, 0x00, 0x00, 0x00, 0x00,
			0x00, 0x00, 0x00, 0x00, 0x00, 0x00, 0x00, 0x00, 0x00, 0x00, 0x00, 0x00, 0x00, 0x00, 0x00, 0x00,
			0x00, 0x00, 0x00, 0x10, 0x79, 0x7D, 0x75, 0x10, 0x00, 0x00, 0x00, 0x00, 0x00, 0x00, 0x00, 0x00,
			0x00, 0x00, 0x00, 0x00, 0x00, 0x00, 0x00, 0x00, 0x00, 0x00, 0x00, 0x00, 0x00, 0x00, 0x00, 0x00,
			0x00, 0x00, 0x00, 0x00, 0x00, 0x00, 0x00, 0x10, 0x79, 0x7D, 0x10, 0x00, 0x00, 0x00, 0x00, 0x00,
			0x00, 0x00, 0x00, 0x00, 0x00, 0x00, 0x00, 0x00, 0x00, 0x00, 0x00, 0x00, 0x00, 0x00, 0x00, 0x00,
			0x00, 0x00, 0x00, 0x00, 0x00, 0x00, 0x00, 0x00, 0x00, 0x00, 0x00, 0x10, 0x75, 0x81, 0x10, 0x00,
			0x00, 0x00, 0x00, 0x00, 0x00, 0x00, 0x00, 0x00, 0x00, 0x00, 0x00, 0x00, 0x00, 0x00, 0x00, 0x00,
			0x00, 0x00, 0x00, 0x00, 0x00, 0x00, 0x00, 0x00, 0x00, 0x00, 0x00, 0x00, 0x00, 0x00, 0x00, 0x10,
			0x79, 0x7D, 0x75, 0x10, 0x00, 0x00, 0x00, 0x00, 0x00, 0x00, 0x00, 0x00, 0x00, 0x00, 0x00, 0x00,
			0x00, 0x00, 0x00, 0x00, 0x00, 0x00, 0x00, 0x00, 0x00, 0x00, 0x00, 0x00, 0x00, 0x00, 0x00, 0x00,
			0x00, 0x00, 0x00, 0x10, 0x79, 0x7D, 0x07, 0x11, 0x00, 0x00, 0x00, 0x00, 0x00, 0x00, 0x00, 0x00,
			0x00, 0x00, 0x00, 0x00, 0x00, 0x00, 0x00, 0x00, 0x00, 0x00, 0x00, 0x00, 0x00, 0x00, 0x00, 0x00,
			0x00, 0x00, 0x00, 0x00, 0x00, 0x00, 0x00, 0x11, 0x79, 0x7D, 0x7D, 0x10, 0x00, 0x00, 0x00, 0x00,
			0x00, 0x00, 0x00, 0x00, 0x00, 0x00, 0x00, 0x00, 0x00, 0x00, 0x00, 0x00, 0x00, 0x00, 0x00, 0x00,
			0x00, 0x00, 0x00, 0x00, 0x00, 0x00, 0x00, 0x00, 0x00, 0x00, 0x00, 0x10, 0x6D, 0x81, 0x7D, 0xBA,
			0x10, 0x00, 0x00, 0x00, 0x00, 0x00, 0x00, 0x00, 0x00, 0x00, 0x00, 0x00, 0x00, 0x00, 0x00, 0x00,
			0x00, 0x00, 0x00, 0x00, 0x00, 0x00, 0x00, 0x00, 0x00, 0x00, 0x00, 0x00, 0x00, 0x00, 0x10, 0x10,
			0xAC, 0xAC, 0x10, 0x81, 0x6D, 0x10, 0x00, 0x00, 0x00, 0x00, 0x00, 0x00, 0x00, 0x00, 0x00, 0x00,
			0x00, 0x00, 0x00, 0x00, 0x00, 0x00, 0x00, 0x00, 0x00, 0x00, 0x00, 0x00, 0x00, 0x00, 0x00, 0x00,
			0x00, 0x00, 0x11, 0xAC, 0x6D, 0x7D, 0x22, 0x10, 0x71, 0x10, 0x00, 0x00, 0x00, 0x00, 0x00, 0x00,
			0x00, 0x00, 0x00, 0x00, 0x00, 0x00, 0x00, 0x00, 0x00, 0x00, 0x00, 0x00, 0x00, 0x00, 0x00, 0x00,
			0x00, 0x00, 0x00, 0x00, 0x00, 0x00, 0x10, 0x58, 0xBA, 0x1A, 0x11, 0x22, 0x10, 0x71, 0x10, 0x00,
			0x00, 0x00, 0x00, 0x00, 0x00, 0x00, 0x00, 0x00, 0x00, 0x00, 0x00, 0x00, 0x00, 0x00, 0x00, 0x00,
			0x00, 0x00, 0x00, 0x00, 0x00, 0x00, 0x00, 0x00, 0x00, 0x10, 0xAC, 0x5C, 0x7D, 0x07, 0x1A, 0x10,
			0x11, 0x11, 0x10, 0x00, 0x00, 0x00, 0x00, 0x00, 0x00, 0x00, 0x00, 0x00, 0x00, 0x00, 0x00, 0x00,
			0x00, 0x00, 0x00, 0x00, 0x00, 0x00, 0x00, 0x00, 0x00, 0x00, 0x00, 0x00, 0x00, 0x10, 0x18, 0x71,
			0x81, 0x81, 0x07, 0xBF, 0x07, 0x10, 0x10, 0x10, 0x00, 0x00, 0x00, 0x00, 0x00, 0x00, 0x00, 0x00,
			0x00, 0x00, 0x00, 0x00, 0x00, 0x00, 0x00, 0x00, 0x00, 0x00, 0x00, 0x00, 0x00, 0x00, 0x00, 0x00,
			0x00, 0x11, 0x18, 0x6D, 0x81, 0x7D, 0x7D, 0x07, 0xBA, 0x07, 0x11, 0x10, 0x00, 0x00, 0x00, 0x00,
			0x00, 0x00, 0x00, 0x00, 0x00, 0x00, 0x00, 0x00, 0x00, 0x00, 0x00, 0x00, 0x00, 0x00, 0x00, 0x00,
			0x00, 0x00, 0x00, 0x00, 0x10, 0xAC, 0x10, 0x7D, 0x81, 0x58, 0x6D, 0x79, 0x7D, 0xBA, 0xBA, 0x7D,
			0x58, 0x10, 0x11, 0x00, 0x00, 0x00, 0x10, 0x10, 0x11, 0x10, 0x00, 0x00, 0x00, 0x00, 0x00, 0x00,
			0x00, 0x00, 0x00, 0x00, 0x00, 0x00, 0x00, 0x00, 0x10, 0x18, 0x10, 0x79, 0x81, 0x6D, 0x58, 0x11,
			0x71, 0x7D, 0x81, 0x7D, 0x07, 0x07, 0x07, 0x82, 0x82, 0xBA, 0x81, 0x81, 0x7D, 0x7D, 0x10, 0x00,
			0x00, 0x00, 0x00, 0x00, 0x00, 0x00, 0x00, 0x00, 0x00, 0x00, 0x00, 0x00, 0x10, 0x18, 0x11, 0x81,
			0x81, 0x7D, 0x75, 0x58, 0x10, 0x10, 0x10, 0x6D, 0x81, 0x7D, 0x7D, 0x81, 0x81, 0x7D, 0x7D, 0x81,
			0x1A, 0x1A, 0x10, 0x00, 0x00, 0x00, 0x00, 0x00, 0x00, 0x00, 0x00, 0x00, 0x00, 0x00, 0x10, 0x11,
			0x10, 0x18, 0x11, 0x6D, 0x7D, 0x7D, 0x6D, 0x10, 0x18, 0x11, 0x18, 0x10, 0x10, 0x10, 0x71, 0x7D,
			0x7D, 0x7D, 0x81, 0x07, 0x1A, 0xBA, 0x81, 0x10, 0x00, 0x00, 0x00, 0x00, 0x00, 0x00, 0x00, 0x00,
			0x00, 0x10, 0x7D, 0x6D, 0x10, 0x18, 0x10, 0x6D, 0x75, 0x6D, 0x5C, 0x11, 0x18, 0x18, 0x18, 0x17,
			0x10, 0x00, 0x10, 0x10, 0x10, 0x71, 0x7D, 0xBA, 0x82, 0x7D, 0x7D, 0x10, 0x00, 0x00, 0x00, 0x00,
			0x00, 0x00, 0x00, 0x00, 0x10, 0x71, 0x71, 0x71, 0x10, 0x18, 0x10, 0x5C, 0x5C, 0x58, 0x11, 0x17,
			0x18, 0x17, 0x17, 0x18, 0x18, 0x10, 0x00, 0x00, 0x11, 0x10, 0x7D, 0x7D, 0x81, 0x7D, 0x71, 0x10,
			0x00, 0x00, 0x00, 0x00, 0x00, 0x00, 0x00, 0x00, 0x10, 0x6D, 0x5C, 0x71, 0x10, 0x17, 0x17, 0x10,
			0x10, 0x10, 0x17, 0x18, 0x17, 0x18, 0x18, 0x17, 0x18, 0x10, 0x00, 0x00, 0x00, 0x10, 0x6D, 0x81,
			0x7D, 0x71, 0x11, 0x00, 0x00, 0x00, 0x00, 0x00, 0x00, 0x00, 0x00, 0x00, 0x10, 0x71, 0x58, 0x10,
			0x18, 0x18, 0x17, 0x18, 0x18, 0x18, 0x18, 0x17, 0x18, 0x18, 0x18, 0x18, 0x17, 0x17, 0x11, 0x00,
			0x00, 0x10, 0x58, 0x71, 0x58, 0x10, 0x00, 0x00, 0x00, 0x00, 0x00, 0x00, 0x00, 0x00, 0x00, 0x00,
			0x11, 0x6D, 0x10, 0x10, 0x18, 0x17, 0x17, 0x18, 0x18, 0x17, 0x18, 0x18, 0x17, 0x17, 0x17, 0x18,
			0x18, 0x17, 0xAC, 0x10, 0x00, 0x00, 0x10, 0x10, 0x10, 0x00, 0x00, 0x00, 0x00, 0x00, 0x00, 0x00,
			0x00, 0x00, 0x00, 0x00, 0x00, 0x10, 0x10, 0x17, 0x17, 0x17, 0x18, 0x17, 0x17, 0x17, 0x18, 0x18,
			0x18, 0x17, 0x18, 0x18, 0x17, 0x18, 0xA6, 0x11, 0x00, 0x00, 0x00, 0x00, 0x00, 0x00, 0x00, 0x00,
			0x00, 0x00, 0x00, 0x00, 0x00, 0x00, 0x00, 0x00, 0x00, 0x00, 0x11, 0x18, 0x18, 0x18, 0x18, 0x18,
			0x18, 0x18, 0x17, 0x17, 0x18, 0x18, 0x17, 0x18, 0x18, 0x18, 0x17, 0xAC, 0x11, 0x00, 0x00, 0x00,
			0x00, 0x00, 0x00, 0x00, 0x00, 0x00, 0x00, 0x00, 0x00, 0x00, 0x00, 0x00, 0x00, 0x10, 0x10, 0x18,
			0x18, 0x18, 0x17, 0x18, 0x17, 0x18, 0x17, 0x17, 0x18, 0x18, 0x17, 0x18, 0x18, 0x18, 0x17, 0xAC,
			0x10, 0x00, 0x00, 0x00, 0x00, 0x00, 0x00, 0x00, 0x00, 0x00, 0x00, 0x00, 0x00, 0x00, 0x00, 0x10,
			0x10, 0xA6, 0x18, 0x18, 0x18, 0x18, 0x18, 0x18, 0x17, 0x18, 0x18, 0x18, 0x17, 0x10, 0x17, 0x17,
			0x17, 0x18, 0x17, 0xAC, 0xAC, 0x11, 0x00, 0x00, 0x00, 0x00, 0x00, 0x00, 0x00, 0x00, 0x00, 0x00,
			0x00, 0x00, 0x10, 0x22, 0xA6, 0x18, 0x18, 0x17, 0x18, 0x17, 0x17, 0x17, 0x17, 0x18, 0x17, 0x18,
			0x11, 0x17, 0x18, 0x18, 0x17, 0x18, 0x18, 0x18, 0xAC, 0x10, 0x00, 0x00, 0x00, 0x00, 0x00, 0x00,
			0x00, 0x00, 0x00, 0x00, 0x00, 0x10, 0x10, 0xAC, 0x18, 0x18, 0x18, 0x17, 0x17, 0x18, 0x18, 0x18,
			0x17, 0x18, 0x18, 0x18, 0x10, 0x18, 0x18, 0x18, 0x18, 0x17, 0x17, 0x17, 0xAC, 0x11, 0x00, 0x00,
			0x00, 0x00, 0x00, 0x00, 0x00, 0x00, 0x00, 0x00, 0x10, 0x6D, 0x7D, 0x10, 0x17, 0x18, 0x18, 0x17,
			0x17, 0x17, 0x18, 0x17, 0x18, 0x18, 0x17, 0x10, 0x11, 0x10, 0x17, 0x17, 0x18, 0x17, 0x17, 0x17,
			0x17, 0x10, 0x00, 0x00, 0x00, 0x00, 0x00, 0x00, 0x00, 0x00, 0x00, 0x00, 0x10, 0x81, 0xBA, 0x10,
			0x18, 0x18, 0x18, 0x18, 0x18, 0x17, 0x18, 0x17, 0x18, 0x18, 0x10, 0x10, 0x10, 0x10, 0x17, 0x18,
			0x17, 0x18, 0x18, 0x18, 0x10, 0x10, 0x00, 0x00, 0x00, 0x00, 0x00, 0x00, 0x00, 0x00, 0x00, 0x00,
			0x11, 0x07, 0x82, 0x7D, 0x10, 0x17, 0x17, 0x18, 0x18, 0x18, 0x17, 0x18, 0x17, 0x11, 0x00, 0x00,
			0x11, 0x10, 0x18, 0x18, 0x18, 0x18, 0x18, 0x18, 0x10, 0x00, 0x00, 0x00, 0x00, 0x00, 0x00, 0x00,
			0x00, 0x00, 0x00, 0x00, 0x10, 0x07, 0xBA, 0x81, 0x10, 0x18, 0x17, 0x18, 0x17, 0x18, 0x17, 0x10,
			0x10, 0x00, 0x00, 0x00, 0x11, 0x10, 0x18, 0x17, 0x17, 0x17, 0x17, 0x18, 0x11, 0x00, 0x00, 0x00,
			0x00, 0x00, 0x00, 0x00, 0x00, 0x00, 0x00, 0x00, 0x10, 0x81, 0x81, 0x7D, 0x10, 0x10, 0x18, 0x18,
			0x10, 0x10, 0x11, 0x00, 0x00, 0x00, 0x00, 0x00, 0x00, 0x10, 0x18, 0x18, 0x17, 0x17, 0x18, 0x17,
			0x10, 0x00, 0x00, 0x00, 0x00, 0x00, 0x00, 0x00, 0x00, 0x00, 0x00, 0x00, 0x11, 0x81, 0x81, 0x7D,
			0x10, 0x10, 0x11, 0x10, 0x11, 0x00, 0x00, 0x00, 0x00, 0x00, 0x00, 0x00, 0x00, 0x10, 0x17, 0x17,
			0x18, 0x18, 0x18, 0x18, 0x10, 0x00, 0x00, 0x00, 0x00, 0x00, 0x00, 0x00, 0x00, 0x00, 0x00, 0x00,
			0x10, 0x81, 0x7D, 0x81, 0x7D, 0x10, 0x00, 0x00, 0x00, 0x00, 0x00, 0x00, 0x00, 0x00, 0x00, 0x00,
			0x10, 0x18, 0x18, 0x17, 0x17, 0x18, 0x18, 0x18, 0x11, 0x10, 0x10, 0x11, 0x10, 0x00, 0x00, 0x00,
			0x00, 0x00, 0x00, 0x00, 0x10, 0x81, 0x7D, 0x7D, 0x7D, 0x10, 0x00, 0x00, 0x00, 0x00, 0x00, 0x00,
			0x00, 0x00, 0x00, 0x00, 0x10, 0x17, 0x17, 0x11, 0x11, 0x10, 0x10, 0x10, 0x10, 0x10, 0x7D, 0x81,
			0x07, 0x10, 0x00, 0x00, 0x00, 0x00, 0x00, 0x00, 0x10, 0x81, 0x7D, 0x7D, 0x81, 0x11, 0x00, 0x00,
			0x00, 0x00, 0x00, 0x00, 0x00, 0x00, 0x00, 0x00, 0x10, 0x10, 0x10, 0x7D, 0x81, 0x7D, 0x7D, 0x7D,
			0x7D, 0x7D, 0x7D, 0x81, 0x6D, 0x10, 0x00, 0x00, 0x00, 0x00, 0x00, 0x00, 0x10, 0x6D, 0x7D, 0x81,
			0x7D, 0x81, 0x10, 0x00, 0x00, 0x00, 0x00, 0x00, 0x00, 0x00, 0x00, 0x00, 0x11, 0x7D, 0x81, 0x81,
			0x7D, 0x7D, 0x81, 0x7D, 0x81, 0x7D, 0x7D, 0x6D, 0x5C, 0x11, 0x00, 0x00, 0x00, 0x00, 0x00, 0x00,
			0x00, 0x11, 0x71, 0x81, 0x81, 0x7D, 0x11, 0x00, 0x00, 0x00, 0x00, 0x00, 0x00, 0x00, 0x00, 0x00,
			0x10, 0x58, 0x7D, 0x81, 0x71, 0x6D, 0x58, 0x58, 0x6D, 0x71, 0x6D, 0x5C, 0x10, 0x00, 0x00, 0x00,
			0x00, 0x00, 0x00, 0x00, 0x00, 0x00, 0x10, 0x11, 0x10, 0x11, 0x00, 0x00, 0x00, 0x00, 0x00, 0x00,
			0x00, 0x00, 0x00, 0x00, 0x10, 0x11, 0x10, 0x11, 0x10, 0x11, 0x10, 0x10, 0x10, 0x11, 0x10, 0x10,
			0x00, 0x00, 0x00, 0x00,
};

const unsigned char gfx_bubgutwut[] = {
	// Size: 1536
	// W:24 H:64
	// Colours: 256
	// icon-length: 1536
		//0x01, // colour mode, 1=256colours, 2=16 colours, 4=4 colours, 8=2 colours
			//0x00, 0x18, // WIDTH
			//0x00, 0x45, // HEIGHT
			//0x06, 0x78, // LENGTH
			0x00, 0x00, 0x00, 0x00, 0x00, 0x00, 0x00, 0x00, 0x00, 0x00, 0x00, 0x00, 0x00, 0x00, 0x00, 0x00,
			0x00, 0x00, 0x00, 0x00, 0x00, 0x00, 0x00, 0x00, 0x00, 0x00, 0x00, 0x00, 0x00, 0x00, 0x00, 0x00,
			0x00, 0x00, 0x00, 0x00, 0x00, 0x00, 0x00, 0x00, 0x00, 0x00, 0x00, 0x00, 0x00, 0x00, 0x00, 0x00,
			0x00, 0x00, 0x00, 0x00, 0x00, 0x00, 0x00, 0x00, 0x00, 0x00, 0x00, 0x00, 0x00, 0x00, 0x00, 0x00,
			0x00, 0x00, 0x00, 0x00, 0x00, 0x00, 0x00, 0x00, 0x00, 0x00, 0x00, 0x00, 0x00, 0x00, 0x00, 0x00,
			0x00, 0x00, 0x00, 0x00, 0x00, 0x00, 0x00, 0x00, 0x00, 0x00, 0x00, 0x00, 0x00, 0x00, 0x00, 0x00,
			0x00, 0x00, 0x00, 0x00, 0x00, 0x00, 0x00, 0x00, 0x00, 0x00, 0x00, 0x00, 0x00, 0x00, 0x00, 0x00,
			0x00, 0x00, 0x00, 0x00, 0x00, 0x00, 0x00, 0x00, 0x00, 0x00, 0x00, 0x00, 0x00, 0x00, 0x00, 0x00,
			0x00, 0x00, 0x00, 0x11, 0x11, 0x00, 0x00, 0x00, 0x00, 0x00, 0x00, 0x00, 0x00, 0x00, 0x00, 0x00,
			0x00, 0x00, 0x00, 0x00, 0x00, 0x00, 0x00, 0x00, 0x00, 0x00, 0x11, 0x34, 0x30, 0x10, 0x11, 0x10,
			0x00, 0x00, 0x00, 0x00, 0x00, 0x00, 0x00, 0x00, 0x00, 0x00, 0x70, 0x2D, 0xF4, 0xF4, 0x70, 0x00,
			0x00, 0x00, 0x10, 0x34, 0x30, 0x30, 0x34, 0x34, 0x10, 0x11, 0x00, 0x00, 0x00, 0x00, 0x00, 0x00,
			0x00, 0x70, 0x2D, 0xF4, 0x1D, 0x2D, 0xF4, 0x2D, 0x2D, 0x10, 0x34, 0x30, 0x30, 0x30, 0x30, 0x30,
			0x34, 0x34, 0x11, 0x00, 0x00, 0x00, 0x00, 0x00, 0x00, 0x2D, 0x2D, 0x70, 0x70, 0xF4, 0x2D, 0x1D,
			0xF4, 0x0A, 0x11, 0x34, 0x30, 0x30, 0x30, 0x34, 0x30, 0x34, 0x34, 0x10, 0x00, 0x00, 0x00, 0x00,
			0x00, 0xF4, 0x70, 0x00, 0x74, 0x70, 0x10, 0x70, 0x70, 0x70, 0x70, 0x11, 0x30, 0x30, 0x30, 0x34,
			0x34, 0x34, 0x34, 0x11, 0x00, 0x00, 0x00, 0x00, 0x00, 0x2D, 0x00, 0x00, 0x70, 0x00, 0x00, 0x11,
			0x11, 0x70, 0x10, 0x10, 0x30, 0x30, 0x34, 0x30, 0x34, 0x10, 0x11, 0x00, 0x00, 0x00, 0x00, 0x00,
			0x00, 0x00, 0x00, 0x00, 0x00, 0x00, 0x00, 0x00, 0x10, 0x81, 0x11, 0x11, 0x11, 0x34, 0x30, 0x34,
			0x34, 0x34, 0x10, 0x00, 0x00, 0x00, 0x00, 0x00, 0x00, 0x00, 0x00, 0x00, 0x00, 0x00, 0x00, 0x10,
			0x71, 0x11, 0xF7, 0xBA, 0x10, 0x11, 0x10, 0x10, 0x30, 0x34, 0x11, 0x00, 0x00, 0x00, 0x00, 0x00,
			0x00, 0x00, 0x00, 0x00, 0x11, 0xBF, 0xBE, 0x07, 0x11, 0x10, 0x1A, 0xBE, 0x10, 0x2D, 0xF4, 0x70,
			0x10, 0x10, 0x30, 0x10, 0x00, 0x00, 0x00, 0x00, 0x00, 0x00, 0x00, 0x00, 0x10, 0xBA, 0x7D, 0x7D,
			0x7D, 0x1A, 0x1A, 0x11, 0xF4, 0x74, 0x58, 0x5C, 0x70, 0x70, 0x10, 0x30, 0x10, 0x00, 0x00, 0x00,
			0x00, 0x00, 0x00, 0x00, 0x00, 0x00, 0x10, 0xBA, 0xBA, 0xBA, 0xBE, 0x10, 0x70, 0x70, 0xF7, 0x7E,
			0x2D, 0x70, 0x11, 0x10, 0x30, 0x10, 0x00, 0x00, 0x00, 0x00, 0x00, 0x00, 0x11, 0x07, 0x07, 0x7D,
			0x07, 0xBA, 0x7D, 0x79, 0x10, 0x81, 0x6D, 0x81, 0x70, 0x1D, 0x11, 0x34, 0x10, 0x30, 0x10, 0x00,
			0x00, 0x00, 0x00, 0x10, 0x6D, 0x7D, 0x81, 0x7D, 0x7D, 0x7D, 0x81, 0x7D, 0x81, 0x7D, 0x75, 0x5C,
			0x58, 0x10, 0x34, 0x11, 0x34, 0x34, 0x30, 0x11, 0x00, 0x00, 0x00, 0x00, 0x11, 0x10, 0x34, 0x34,
			0x71, 0x6D, 0x7D, 0x81, 0x79, 0x71, 0x10, 0x5C, 0x5C, 0x10, 0x11, 0x34, 0x34, 0x34, 0x34, 0x30,
			0x00, 0x00, 0x00, 0x00, 0x00, 0x00, 0x10, 0x10, 0x79, 0x79, 0x7D, 0x79, 0x6D, 0x10, 0x11, 0x11,
			0x10, 0x00, 0x00, 0x10, 0x11, 0x10, 0x10, 0x11, 0x00, 0x00, 0x00, 0x00, 0x00, 0x00, 0x00, 0x00,
			0x10, 0x79, 0x79, 0x75, 0x58, 0x10, 0x11, 0x00, 0x00, 0x00, 0x00, 0x00, 0x00, 0x00, 0x00, 0x00,
			0x00, 0x00, 0x00, 0x00, 0x00, 0x00, 0x00, 0x00, 0x00, 0x10, 0x79, 0x75, 0x10, 0x00, 0x00, 0x00,
			0x00, 0x00, 0x00, 0x00, 0x00, 0x00, 0x00, 0x00, 0x00, 0x00, 0x00, 0x00, 0x00, 0x00, 0x00, 0x00,
			0x00, 0x11, 0x7D, 0x79, 0x10, 0x00, 0x00, 0x00, 0x00, 0x00, 0x00, 0x00, 0x00, 0x00, 0x00, 0x00,
			0x00, 0x00, 0x00, 0x00, 0x00, 0x00, 0x00, 0x00, 0x12, 0x7D, 0x7D, 0x79, 0x11, 0x00, 0x00, 0x00,
			0x00, 0x00, 0x00, 0x00, 0x00, 0x00, 0x00, 0x00, 0x00, 0x00, 0x00, 0x00, 0x00, 0x00, 0x00, 0x00,
			0x10, 0x07, 0x7D, 0x75, 0x10, 0x00, 0x00, 0x00, 0x00, 0x00, 0x00, 0x00, 0x00, 0x00, 0x00, 0x00,
			0x00, 0x00, 0x00, 0x00, 0x00, 0x00, 0x00, 0x00, 0x12, 0x75, 0x85, 0x75, 0x10, 0x00, 0x00, 0x00,
			0x00, 0x00, 0x00, 0x00, 0x00, 0x00, 0x00, 0x00, 0x00, 0x00, 0x00, 0x00, 0x00, 0x00, 0x00, 0x00,
			0x00, 0x10, 0x7D, 0x75, 0x11, 0x00, 0x00, 0x00, 0x00, 0x00, 0x00, 0x00, 0x00, 0x00, 0x00, 0x00,
			0x00, 0x00, 0x00, 0x00, 0x00, 0x00, 0x00, 0x00, 0x00, 0x10, 0x81, 0x75, 0x10, 0x00, 0x00, 0x00,
			0x00, 0x00, 0x00, 0x00, 0x00, 0x00, 0x00, 0x00, 0x00, 0x00, 0x00, 0x00, 0x00, 0x00, 0x00, 0x00,
			0x10, 0x79, 0x81, 0x79, 0x10, 0x00, 0x00, 0x00, 0x00, 0x00, 0x00, 0x00, 0x00, 0x00, 0x00, 0x00,
			0x00, 0x00, 0x00, 0x00, 0x00, 0x00, 0x00, 0x00, 0x10, 0x07, 0x81, 0x71, 0x10, 0x00, 0x00, 0x00,
			0x00, 0x00, 0x00, 0x00, 0x00, 0x00, 0x00, 0x00, 0x00, 0x00, 0x00, 0x00, 0x00, 0x00, 0x00, 0x00,
			0x11, 0x81, 0x7D, 0x79, 0x11, 0x00, 0x00, 0x00, 0x00, 0x00, 0x00, 0x00, 0x00, 0x00, 0x00, 0x00,
			0x00, 0x00, 0x00, 0x00, 0x00, 0x00, 0x00, 0x10, 0x7E, 0x81, 0x7D, 0x71, 0x10, 0x00, 0x00, 0x00,
			0x00, 0x00, 0x00, 0x00, 0x00, 0x00, 0x00, 0x00, 0x00, 0x00, 0x00, 0x00, 0x00, 0x00, 0x11, 0xBA,
			0x7D, 0x7D, 0x11, 0xA6, 0x10, 0x00, 0x00, 0x00, 0x00, 0x00, 0x00, 0x00, 0x00, 0x00, 0x00, 0x00,
			0x00, 0x00, 0x00, 0x00, 0x00, 0x11, 0x11, 0x7D, 0x81, 0x10, 0xA6, 0xA6, 0xA6, 0x10, 0x00, 0x00,
			0x00, 0x00, 0x00, 0x00, 0x00, 0x00, 0x00, 0x00, 0x00, 0x00, 0x00, 0x00, 0x11, 0x11, 0x71, 0x04,
			0x7D, 0x10, 0x22, 0x10, 0x10, 0xA6, 0x10, 0x00, 0x00, 0x00, 0x00, 0x00, 0x00, 0x00, 0x00, 0x00,
			0x00, 0x00, 0x00, 0x00, 0x11, 0x10, 0x6D, 0x71, 0x10, 0x18, 0x11, 0x82, 0x1A, 0x10, 0x10, 0x00,
			0x00, 0x00, 0x00, 0x00, 0x00, 0x00, 0x00, 0x00, 0x00, 0x00, 0x00, 0x10, 0x18, 0x18, 0x10, 0x11,
			0xAC, 0x10, 0x6D, 0x7D, 0xBF, 0x6D, 0x17, 0x10, 0x00, 0x00, 0x00, 0x00, 0x00, 0x00, 0x00, 0x00,
			0x00, 0x00, 0x00, 0x10, 0x18, 0x18, 0x17, 0x18, 0x18, 0x11, 0x71, 0x7D, 0x07, 0x81, 0x18, 0x11,
			0x00, 0x00, 0x00, 0x00, 0x00, 0x00, 0x00, 0x00, 0x00, 0x00, 0x00, 0x11, 0xA6, 0x18, 0x17, 0x18,
			0x11, 0x5C, 0x7D, 0x81, 0x1A, 0x7D, 0x71, 0x10, 0x00, 0x00, 0x00, 0x00, 0x00, 0x00, 0x00, 0x00,
			0x00, 0x00, 0x10, 0x18, 0xAC, 0xA6, 0x18, 0x18, 0x11, 0x58, 0x7D, 0x7D, 0xBA, 0x71, 0x6D, 0x11,
			0x00, 0x00, 0x00, 0x00, 0x00, 0x00, 0x00, 0x00, 0x00, 0x00, 0x10, 0xAC, 0x18, 0x18, 0x18, 0x18,
			0x18, 0x10, 0x71, 0x79, 0x1A, 0x5C, 0x71, 0x10, 0x00, 0x00, 0x00, 0x00, 0x00, 0x00, 0x00, 0x00,
			0x00, 0x00, 0x10, 0x18, 0x18, 0x17, 0xA6, 0x18, 0x18, 0x10, 0x5C, 0x81, 0xBA, 0x58, 0x5C, 0x11,
			0x00, 0x00, 0x00, 0x00, 0x00, 0x00, 0x00, 0x00, 0x00, 0x00, 0x10, 0x18, 0x18, 0x18, 0xA6, 0x17,
			0x18, 0x17, 0x11, 0x7D, 0xBA, 0x10, 0x58, 0x10, 0x11, 0x00, 0x00, 0x00, 0x00, 0x00, 0x00, 0x00,
			0x00, 0x00, 0x10, 0xAC, 0x17, 0x18, 0xA6, 0x18, 0x18, 0x18, 0x17, 0x81, 0x7D, 0x10, 0x10, 0x18,
			0x10, 0x00, 0x00, 0x00, 0x00, 0x00, 0x00, 0x00, 0x00, 0x00, 0x10, 0x10, 0x18, 0x18, 0xAC, 0x18,
			0x17, 0x18, 0x18, 0x7D, 0x7D, 0x11, 0x18, 0x18, 0x10, 0x00, 0x00, 0x00, 0x00, 0x00, 0x00, 0x00,
			0x00, 0x00, 0x11, 0x10, 0x10, 0x17, 0x18, 0x18, 0x18, 0x18, 0x11, 0x7D, 0x7D, 0x10, 0x18, 0x18,
			0x11, 0x00, 0x00, 0x00, 0x00, 0x00, 0x00, 0x00, 0x00, 0x00, 0x10, 0xAC, 0x18, 0x18, 0x18, 0x18,
			0x18, 0x17, 0x11, 0x81, 0x7D, 0x11, 0x10, 0x18, 0x10, 0x00, 0x00, 0x00, 0x00, 0x00, 0x00, 0x00,
			0x00, 0x00, 0x11, 0xAC, 0x17, 0x18, 0x18, 0x17, 0x17, 0x17, 0x10, 0x81, 0x81, 0xBA, 0x71, 0x10,
			0x10, 0x00, 0x00, 0x00, 0x00, 0x00, 0x00, 0x00, 0x00, 0x00, 0x11, 0x18, 0x17, 0x18, 0x17, 0x18,
			0x18, 0x10, 0xBF, 0x7E, 0x07, 0x81, 0xBA, 0xBF, 0x11, 0x00, 0x00, 0x00, 0x00, 0x00, 0x00, 0x00,
			0x00, 0x00, 0x10, 0xAC, 0x18, 0x18, 0x17, 0x18, 0x18, 0x10, 0xBF, 0xBA, 0x07, 0x82, 0x07, 0x81,
			0x10, 0x00, 0x00, 0x00, 0x00, 0x00, 0x00, 0x00, 0x00, 0x00, 0x10, 0x18, 0x22, 0x18, 0x17, 0x17,
			0x17, 0x11, 0x75, 0x79, 0xBA, 0x81, 0x7D, 0x71, 0x10, 0x00, 0x00, 0x00, 0x00, 0x00, 0x00, 0x00,
			0x00, 0x00, 0x10, 0xAC, 0x11, 0xAC, 0x22, 0x18, 0x18, 0x17, 0x10, 0x71, 0x81, 0x71, 0x75, 0x58,
			0x10, 0x00, 0x00, 0x00, 0x00, 0x00, 0x00, 0x00, 0x00, 0x00, 0x11, 0xAC, 0x18, 0x10, 0x22, 0xAC,
			0x18, 0x17, 0x18, 0x10, 0x5C, 0x5C, 0x11, 0x10, 0x10, 0x00, 0x00, 0x00, 0x00, 0x00, 0x00, 0x00,
			0x00, 0x00, 0x10, 0xA6, 0x18, 0x11, 0xA6, 0x17, 0x18, 0x18, 0x18, 0x17, 0x10, 0x10, 0x10, 0x11,
			0x25, 0x00, 0x00, 0x00, 0x00, 0x00, 0x00, 0x00, 0x00, 0x00, 0x10, 0xA6, 0x18, 0x10, 0xA6, 0x18,
			0x18, 0x18, 0x18, 0x18, 0x17, 0x17, 0x18, 0x10, 0x00, 0x00, 0x00, 0x00, 0x00, 0x00, 0x00, 0x00,
			0x00, 0x00, 0x10, 0x18, 0x18, 0x10, 0xAC, 0x18, 0x18, 0x18, 0x18, 0x18, 0x18, 0x18, 0x17, 0x11,
			0x00, 0x00, 0x00, 0x00, 0x00, 0x00, 0x00, 0x00, 0x00, 0x00, 0x11, 0x18, 0x18, 0x11, 0xAC, 0x17,
			0x18, 0x18, 0x17, 0x17, 0x17, 0x18, 0x17, 0x11, 0x00, 0x00, 0x00, 0x00, 0x00, 0x00, 0x00, 0x00,
			0x00, 0x00, 0x10, 0xAC, 0x18, 0x17, 0x10, 0xAC, 0x18, 0x18, 0x18, 0x17, 0x18, 0x17, 0x18, 0x11,
			0x00, 0x00, 0x00, 0x00, 0x00, 0x00, 0x00, 0x00, 0x00, 0x00, 0x00, 0x11, 0x18, 0x18, 0x11, 0xAC,
			0x18, 0x18, 0x17, 0x18, 0x18, 0x18, 0x18, 0x10, 0x00, 0x00, 0x00, 0x00, 0x00, 0x00, 0x00, 0x00,
			0x00, 0x00, 0x00, 0x10, 0x17, 0x18, 0x10, 0xAC, 0x18, 0x18, 0x18, 0x17, 0x18, 0x18, 0x17, 0x10,
			0x00, 0x00, 0x00, 0x00, 0x00, 0x00, 0x00, 0x00, 0x00, 0x00, 0x11, 0x11, 0xAC, 0x17, 0x10, 0xAC,
			0x18, 0x18, 0x18, 0x18, 0x17, 0x18, 0x18, 0x10, 0x00, 0x00, 0x00, 0x00, 0x00, 0x00, 0x00, 0x00,
			0x00, 0x10, 0x10, 0x10, 0x11, 0x10, 0x18, 0xAC, 0x17, 0x17, 0x18, 0x17, 0x18, 0x18, 0x18, 0x18,
			0x10, 0x00, 0x00, 0x00, 0x00, 0x00, 0x00, 0x00, 0x11, 0xBF, 0x86, 0x10, 0x10, 0x10, 0x11, 0x22,
			0x18, 0x18, 0x17, 0x18, 0x18, 0x17, 0x17, 0x18, 0x10, 0x00, 0x00, 0x00, 0x00, 0x00, 0x00, 0x00,
			0x10, 0x7D, 0x11, 0xBF, 0xBA, 0x11, 0x10, 0x11, 0x10, 0x11, 0x10, 0x10, 0x11, 0x11, 0x10, 0x10,
			0x11, 0x00, 0x00, 0x00, 0x00, 0x00, 0x00, 0x00, 0x10, 0x6D, 0x11, 0x79, 0x7D, 0x7D, 0x82, 0x82,
			0x7D, 0xBA, 0x82, 0x7D, 0x7D, 0x07, 0x82, 0x71, 0x10, 0x25, 0x00, 0x00, 0x00, 0x00, 0x00, 0x00,
			0x11, 0x58, 0x10, 0x6D, 0x6D, 0x7D, 0x81, 0x07, 0xBE, 0x82, 0x07, 0xBA, 0x81, 0x7D, 0x7E, 0x81,
			0x79, 0x13, 0x00, 0x00, 0x00, 0x00, 0x00, 0x00, 0x00, 0x10, 0x10, 0x5C, 0xBE, 0x71, 0xBE, 0x6D,
			0x11, 0x79, 0x79, 0x79, 0x75, 0x79, 0x79, 0x75, 0x58, 0x11, 0x00, 0x00, 0x00, 0x00, 0x00, 0x00,
			0x00, 0x00, 0x00, 0x11, 0x10, 0x10, 0x11, 0x11, 0x00, 0x10, 0x11, 0x10, 0x10, 0x10, 0x10, 0x11,
			0x10, 0x10, 0x00, 0x00, 0x00, 0x00, 0x00, 0x00,
};

const unsigned char gfx_tree_hide[] = {
	// Size: 640
	// W:40 H:16
	// Colours: 256
	// icon-length: 640
	//0x01, // colour mode, 1=256colours, 2=16 colours, 4=4 colours, 8=2 colours
	//0x00, 0x28, // WIDTH
	//0x00, 0x10, // HEIGHT
	//0x02, 0x80, // LENGTH
	0x00, 0x00, 0x00, 0x00, 0x00, 0x10, 0x21, 0x29, 0x21, 0x25, 0x29, 0x29, 0x21, 0x25, 0x25, 0x21,
	0x21, 0x61, 0x25, 0x29, 0x29, 0x21, 0x21, 0x21, 0x21, 0x25, 0x29, 0x21, 0x21, 0x21, 0x21, 0x25,
	0x11, 0x21, 0x10, 0x00, 0x00, 0x00, 0x00, 0x00, 0x00, 0x00, 0x00, 0x00, 0x00, 0x10, 0x29, 0x29,
	0x21, 0x21, 0x25, 0x21, 0x29, 0x29, 0x25, 0x29, 0x25, 0x25, 0x29, 0x29, 0x25, 0x29, 0x29, 0x21,
	0x21, 0x11, 0x13, 0x21, 0x21, 0x21, 0x29, 0x25, 0x25, 0x10, 0x11, 0x00, 0x00, 0x00, 0x00, 0x00,
	0x00, 0x00, 0x00, 0x00, 0x11, 0x21, 0x29, 0x21, 0x25, 0x21, 0x25, 0x21, 0x29, 0x21, 0x21, 0x11,
	0x11, 0x11, 0x21, 0x21, 0x25, 0x25, 0x25, 0x25, 0x21, 0x10, 0x10, 0x21, 0x21, 0x29, 0x29, 0x10,
	0x11, 0x10, 0x00, 0x00, 0x00, 0x00, 0x00, 0x00, 0x00, 0x00, 0x00, 0x00, 0x10, 0x21, 0x21, 0x21,
	0x25, 0x25, 0x29, 0x29, 0x25, 0x11, 0x11, 0x10, 0x10, 0x10, 0x10, 0x11, 0x21, 0x21, 0x10, 0x11,
	0x11, 0x25, 0x11, 0x11, 0x29, 0x10, 0x11, 0x11, 0x10, 0x10, 0x00, 0x00, 0x00, 0x00, 0x00, 0x00,
	0x00, 0x00, 0x00, 0x00, 0x11, 0x59, 0x21, 0x25, 0x29, 0x25, 0x29, 0x25, 0x29, 0x11, 0x21, 0x21,
	0x10, 0x21, 0x21, 0x11, 0x11, 0x10, 0x10, 0x10, 0x10, 0x11, 0x11, 0x10, 0x10, 0x10, 0x11, 0x21,
	0x21, 0x10, 0x00, 0x00, 0x00, 0x00, 0x00, 0x00, 0x00, 0x00, 0x00, 0x00, 0x00, 0x11, 0x21, 0x29,
	0x25, 0x25, 0x29, 0x25, 0x25, 0x21, 0x21, 0x21, 0x11, 0x21, 0x21, 0x21, 0x21, 0x21, 0x21, 0x11,
	0x10, 0x10, 0x10, 0x10, 0x11, 0x10, 0x59, 0x25, 0x21, 0x10, 0x11, 0x00, 0x00, 0x00, 0x00, 0x00,
	0x00, 0x00, 0x00, 0x00, 0x00, 0x10, 0x21, 0x21, 0x25, 0x25, 0x25, 0x25, 0x25, 0x25, 0x21, 0x21,
	0x11, 0x21, 0x21, 0x21, 0x25, 0x21, 0x25, 0x21, 0x21, 0x13, 0x10, 0x10, 0x21, 0x11, 0x21, 0x29,
	0x21, 0x10, 0x10, 0x00, 0x00, 0x00, 0x00, 0x00, 0x00, 0x00, 0x00, 0x00, 0x00, 0x10, 0x21, 0x21,
	0x25, 0x21, 0x25, 0x29, 0x29, 0x25, 0x25, 0x10, 0x10, 0x11, 0x21, 0x21, 0x21, 0x21, 0x21, 0x25,
	0x25, 0x21, 0x21, 0x11, 0x21, 0x10, 0x21, 0x21, 0x11, 0x10, 0x11, 0x00, 0x00, 0x00, 0x00, 0x00,
	0x00, 0x00, 0x00, 0x00, 0x10, 0x21, 0x29, 0x21, 0x25, 0x21, 0x29, 0x21, 0x11, 0x21, 0x25, 0x29,
	0x29, 0x21, 0x11, 0x11, 0x11, 0x21, 0x21, 0x21, 0x21, 0x21, 0x21, 0x11, 0x29, 0x10, 0x10, 0x10,
	0x10, 0x21, 0x10, 0x00, 0x00, 0x00, 0x00, 0x00, 0x00, 0x00, 0x00, 0x00, 0x10, 0x21, 0x25, 0x21,
	0x21, 0x25, 0x29, 0x11, 0x21, 0x61, 0x25, 0x11, 0x21, 0x25, 0x21, 0x21, 0x10, 0x10, 0x10, 0x11,
	0x11, 0x11, 0x11, 0x11, 0x21, 0x21, 0x11, 0x10, 0x21, 0x10, 0x10, 0x10, 0x00, 0x00, 0x00, 0x00,
	0x00, 0x00, 0x00, 0x00, 0x10, 0x21, 0x25, 0x25, 0x21, 0x29, 0x21, 0x11, 0x10, 0x10, 0x10, 0x21,
	0x11, 0x21, 0x25, 0x25, 0x21, 0x21, 0x10, 0x11, 0x11, 0x10, 0x11, 0x21, 0x25, 0x21, 0x29, 0x29,
	0x10, 0x21, 0x21, 0x10, 0x00, 0x00, 0x00, 0x00, 0x00, 0x00, 0x00, 0x00, 0x11, 0x21, 0x21, 0x29,
	0x21, 0x25, 0x10, 0x21, 0x25, 0x25, 0x25, 0x21, 0x11, 0x21, 0x21, 0x11, 0x11, 0x25, 0x25, 0x25,
	0x25, 0x29, 0x25, 0x25, 0x10, 0x11, 0x10, 0x10, 0x21, 0x21, 0x21, 0x10, 0x00, 0x00, 0x00, 0x00,
	0x00, 0x00, 0x00, 0x00, 0x11, 0x21, 0x21, 0x25, 0x21, 0x29, 0x10, 0x21, 0x29, 0x29, 0x25, 0x25,
	0x21, 0x11, 0x11, 0x21, 0x21, 0x11, 0x11, 0x11, 0x10, 0x11, 0x10, 0x10, 0x21, 0x21, 0x25, 0x25,
	0x29, 0x21, 0x21, 0x10, 0x00, 0x00, 0x00, 0x00, 0x00, 0x00, 0x00, 0x00, 0x00, 0x10, 0x21, 0x25,
	0x21, 0x29, 0x61, 0x21, 0x25, 0x25, 0x25, 0x25, 0x25, 0x29, 0x29, 0x25, 0x25, 0x25, 0x29, 0x29,
	0x29, 0x29, 0x25, 0x25, 0x25, 0x29, 0x29, 0x61, 0x21, 0x21, 0x10, 0x00, 0x00, 0x00, 0x00, 0x00,
	0x00, 0x00, 0x00, 0x00, 0x00, 0x10, 0x21, 0x25, 0x21, 0x29, 0x25, 0x25, 0x25, 0x25, 0x25, 0x29,
	0x25, 0x25, 0x25, 0x25, 0x29, 0x29, 0x21, 0x25, 0x61, 0x25, 0x25, 0x25, 0x21, 0x25, 0x25, 0x61,
	0x25, 0x10, 0x00, 0x00, 0x00, 0x00, 0x00, 0x00, 0x00, 0x00, 0x00, 0x00, 0x00, 0x10, 0x21, 0x25,
	0x21, 0x25, 0x25, 0x29, 0x25, 0x29, 0x25, 0x25, 0x25, 0x25, 0x29, 0x29, 0x25, 0x25, 0x21, 0x21,
	0x21, 0x21, 0x21, 0x21, 0x21, 0x25, 0x29, 0x29, 0x29, 0x10, 0x00, 0x00, 0x00, 0x00, 0x00, 0x00,

};