#include <stdint.h>

const uint32_t midi_file_size = 102439;
const uint8_t midi_file_buffer[] = {
    0x4D, 0x54, 0x68, 0x64, 0x00, 0x00, 0x00, 0x06, 0x00, 0x00, 0x00, 0x01, 
    0x00, 0x78, 0x4D, 0x54, 0x72, 0x6B, 0x00, 0x01, 0x90, 0x11, 0x00, 0xFF, 
    0x21, 0x01, 0x00, 0x00, 0xF0, 0x0A, 0x41, 0x10, 0x42, 0x12, 0x40, 0x00, 
    0x7F, 0x00, 0x41, 0xF7, 0x00, 0xFF, 0x21, 0x01, 0x00, 0x00, 0xFF, 0x58, 
    0x04, 0x04, 0x02, 0x18, 0x08, 0x00, 0xFF, 0x59, 0x02, 0x00, 0x00, 0x00, 
    0xFF, 0x51, 0x03, 0x09, 0xBD, 0x5A, 0x00, 0xB0, 0x07, 0x6E, 0x00, 0x0A, 
    0x4B, 0x00, 0x00, 0x00, 0x00, 0xC0, 0x1D, 0x00, 0xB0, 0x07, 0x6E, 0x00, 
    0x0A, 0x4A, 0x00, 0xB2, 0x0A, 0x40, 0x00, 0xB8, 0x00, 0x1E, 0x00, 0xC8, 
    0x3D, 0x00, 0xB9, 0x00, 0x00, 0x00, 0x20, 0x1E, 0x00, 0xC9, 0x10, 0x00, 
    0xB8, 0x0A, 0x1E, 0x00, 0xBA, 0x0A, 0x00, 0x00, 0x00, 0x00, 0x00, 0xCA, 
    0x1D, 0x00, 0xBA, 0x07, 0x3C, 0x00, 0x0A, 0x00, 0x00, 0xB7, 0x07, 0x2A, 
    0x00, 0x0A, 0x7F, 0x00, 0xBB, 0x00, 0x00, 0x00, 0xCB, 0x1D, 0x00, 0xB3, 
    0x00, 0x78, 0x00, 0xC3, 0x57, 0x00, 0xB3, 0x07, 0x64, 0x00, 0xB1, 0x07, 
    0x50, 0x00, 0xB2, 0x00, 0x1E, 0x00, 0xC2, 0x21, 0x00, 0xB2, 0x07, 0x6E, 
    0x00, 0xBB, 0x07, 0x50, 0x00, 0xB9, 0x00, 0x07, 0x00, 0x20, 0x5E, 0x00, 
    0xC9, 0x10, 0x00, 0xB8, 0x07, 0x46, 0x00, 0xB9, 0x00, 0x00, 0x00, 0x20, 
    0x1E, 0x00, 0xC9, 0x10, 0x00, 0xB1, 0x00, 0x00, 0x00, 0xC1, 0x4F, 0x00, 
    0xBB, 0x0A, 0x7F, 0x00, 0xB1, 0x0A, 0x28, 0x00, 0xB9, 0x00, 0x00, 0x00, 
    0x20, 0x1E, 0x00, 0xC9, 0x10, 0x00, 0xB6, 0x00, 0x78, 0x00, 0xC6, 0x72, 
    0x00, 0xB6, 0x07, 0x2A, 0x00, 0x0A, 0x00, 0x00, 0xBA, 0x00, 0x00, 0x00, 
    0xCA, 0x1D, 0x00, 0xBA, 0x07, 0x3C, 0x00, 0xBB, 0x00, 0x00, 0x00, 0xCB, 
    0x1D, 0x00, 0xBB, 0x0A, 0x7F, 0x00, 0x07, 0x50, 0x00, 0xB7, 0x00, 0x1E, 
    0x00, 0xC7, 0x72, 0x78, 0xB7, 0x5B, 0x0A, 0x00, 0xB9, 0x5B, 0x50, 0x00, 
    0xB3, 0x5B, 0x46, 0x00, 0xB1, 0x5B, 0x5A, 0x00, 0xB8, 0x5B, 0x46, 0x00, 
    0xB6, 0x5B, 0x50, 0x00, 0xB2, 0x5B, 0x0A, 0x01, 0xB3, 0x5D, 0x3C, 0x00, 
    0xB6, 0x5D, 0x3C, 0x00, 0xB8, 0x5D, 0x3C, 0x00, 0xB9, 0x5D, 0x3C, 0x00, 
    0xB2, 0x5D, 0x3C, 0x00, 0xB1, 0x5D, 0x3C, 0x00, 0xB7, 0x5D, 0x3C, 0x01, 
    0xB9, 0x0A, 0x28, 0x00, 0xB8, 0x0A, 0x1E, 0x00, 0xB7, 0x0A, 0x7F, 0x00, 
    0xB1, 0x0A, 0x28, 0x00, 0x07, 0x50, 0x00, 0xB3, 0x0A, 0x40, 0x00, 0xB2, 
    0x07, 0x6E, 0x00, 0xB9, 0x07, 0x64, 0x00, 0xB3, 0x07, 0x64, 0x00, 0xB7, 
    0x07, 0x2A, 0x00, 0xB8, 0x07, 0x46, 0x00, 0xB6, 0x0A, 0x00, 0x00, 0xB2, 
    0x0A, 0x40, 0x00, 0xB6, 0x07, 0x2A, 0x76, 0xB3, 0x00, 0x00, 0x00, 0xC3, 
    0x57, 0x00, 0xB8, 0x00, 0x00, 0x00, 0xC8, 0x3D, 0x00, 0xB7, 0x00, 0x00, 
    0x00, 0xC7, 0x72, 0x00, 0xB6, 0x00, 0x00, 0x00, 0xC6, 0x72, 0x00, 0xB2, 
    0x00, 0x00, 0x00, 0xC2, 0x21, 0x00, 0xB1, 0x00, 0x00, 0x00, 0xC1, 0x4F, 
    0x00, 0xC9, 0x10, 0x81, 0x70, 0xBA, 0x5E, 0x50, 0x00, 0xB0, 0x64, 0x00, 
    0x00, 0xBA, 0x65, 0x00, 0x00, 0xB0, 0x5E, 0x50, 0x00, 0xBA, 0x5B, 0x7F, 
    0x00, 0x64, 0x00, 0x00, 0x99, 0x24, 0x64, 0x00, 0xBA, 0x5D, 0x7F, 0x00, 
    0xB0, 0x5B, 0x7F, 0x00, 0xBA, 0x49, 0x00, 0x00, 0x01, 0x28, 0x00, 0xB0, 
    0x5D, 0x7F, 0x00, 0x49, 0x00, 0x00, 0xE1, 0x00, 0x40, 0x00, 0xB0, 0x01, 
    0x28, 0x00, 0x65, 0x00, 0x00, 0x99, 0x2A, 0x7F, 0x1E, 0x24, 0x00, 0x00, 
    0x2A, 0x50, 0x00, 0x91, 0x53, 0x64, 0x0A, 0xBB, 0x49, 0x00, 0x00, 0x5D, 
    0x7F, 0x00, 0x5E, 0x50, 0x00, 0x5B, 0x7F, 0x00, 0x64, 0x00, 0x00, 0x01, 
    0x28, 0x00, 0x65, 0x00, 0x14, 0x91, 0x53, 0x00, 0x00, 0x5F, 0x64, 0x00, 
    0x99, 0x2A, 0x5A, 0x00, 0x3B, 0x7F, 0x1E, 0x91, 0x5F, 0x00, 0x00, 0x99, 
    0x24, 0x64, 0x00, 0x2A, 0x64, 0x1E, 0x24, 0x00, 0x00, 0x2A, 0x00, 0x00, 
    0x2A, 0x7F, 0x00, 0x91, 0x5F, 0x64, 0x1E, 0x5F, 0x00, 0x00, 0x99, 0x2A, 
    0x00, 0x00, 0x2A, 0x50, 0x00, 0x91, 0x53, 0x64, 0x1E, 0x53, 0x00, 0x00, 
    0x99, 0x3B, 0x00, 0x00, 0x2A, 0x00, 0x00, 0x2A, 0x5A, 0x00, 0x24, 0x64, 
    0x00, 0x3B, 0x7F, 0x1E, 0x24, 0x00, 0x00, 0x2A, 0x00, 0x00, 0x2A, 0x7F, 
    0x00, 0x26, 0x4B, 0x1E, 0x26, 0x00, 0x00, 0x2A, 0x00, 0x00, 0x24, 0x64, 
    0x00, 0x2A, 0x64, 0x1E, 0x24, 0x00, 0x00, 0x2A, 0x00, 0x00, 0x91, 0x53, 
    0x64, 0x00, 0x99, 0x2A, 0x64, 0x1E, 0x91, 0x53, 0x00, 0x00, 0x99, 0x3B, 
    0x00, 0x00, 0x2A, 0x00, 0x00, 0x2A, 0x64, 0x00, 0x91, 0x5F, 0x64, 0x00, 
    0x99, 0x3B, 0x7F, 0x1E, 0x91, 0x5F, 0x00, 0x00, 0x99, 0x2A, 0x00, 0x00, 
    0x24, 0x64, 0x00, 0x2A, 0x64, 0x1E, 0x24, 0x00, 0x00, 0x2A, 0x00, 0x00, 
    0x2A, 0x7F, 0x00, 0x91, 0x5F, 0x64, 0x1E, 0x5F, 0x00, 0x00, 0x99, 0x2A, 
    0x00, 0x00, 0x2A, 0x64, 0x00, 0x91, 0x53, 0x64, 0x1E, 0x53, 0x00, 0x00, 
    0x99, 0x3B, 0x00, 0x00, 0x2A, 0x00, 0x00, 0x2A, 0x64, 0x00, 0x24, 0x64, 
    0x00, 0x3B, 0x7F, 0x1E, 0x24, 0x00, 0x00, 0x2A, 0x00, 0x00, 0x2E, 0x7F, 
    0x00, 0x26, 0x4B, 0x1E, 0x26, 0x00, 0x00, 0x2A, 0x00, 0x00, 0x24, 0x64, 
    0x00, 0x2A, 0x7F, 0x1E, 0x24, 0x00, 0x00, 0x2A, 0x00, 0x00, 0x2A, 0x50, 
    0x00, 0x91, 0x53, 0x64, 0x1E, 0x53, 0x00, 0x00, 0x99, 0x2A, 0x00, 0x00, 
    0x3B, 0x00, 0x00, 0x3B, 0x7F, 0x00, 0x91, 0x5F, 0x64, 0x00, 0x99, 0x2A, 
    0x5A, 0x1E, 0x91, 0x5F, 0x00, 0x00, 0x99, 0x2E, 0x00, 0x00, 0x2A, 0x64, 
    0x00, 0x24, 0x64, 0x1E, 0x24, 0x00, 0x00, 0x2A, 0x00, 0x00, 0x91, 0x5F, 
    0x64, 0x00, 0x99, 0x2A, 0x7F, 0x1E, 0x91, 0x5F, 0x00, 0x00, 0x99, 0x2A, 
    0x00, 0x00, 0x2A, 0x50, 0x00, 0x91, 0x53, 0x64, 0x1E, 0x53, 0x00, 0x00, 
    0x99, 0x3B, 0x00, 0x00, 0x2A, 0x00, 0x00, 0x2A, 0x5A, 0x00, 0x24, 0x64, 
    0x00, 0x3B, 0x7F, 0x1E, 0x24, 0x00, 0x00, 0x2A, 0x00, 0x00, 0x26, 0x4B, 
    0x00, 0x2A, 0x7F, 0x1E, 0x26, 0x00, 0x00, 0x2A, 0x00, 0x00, 0x24, 0x64, 
    0x00, 0x2A, 0x64, 0x1E, 0x24, 0x00, 0x00, 0x2A, 0x00, 0x00, 0x91, 0x53, 
    0x64, 0x00, 0x99, 0x2A, 0x64, 0x1E, 0x91, 0x53, 0x00, 0x00, 0x99, 0x2A, 
    0x00, 0x00, 0x3B, 0x00, 0x00, 0x91, 0x5F, 0x64, 0x00, 0x99, 0x3B, 0x7F, 
    0x00, 0x2A, 0x64, 0x1E, 0x91, 0x5F, 0x00, 0x00, 0x99, 0x2A, 0x00, 0x00, 
    0x2A, 0x64, 0x00, 0x24, 0x64, 0x1E, 0x24, 0x00, 0x00, 0x2A, 0x00, 0x00, 
    0x91, 0x5F, 0x64, 0x00, 0x99, 0x2A, 0x7F, 0x1E, 0x91, 0x5F, 0x00, 0x00, 
    0x99, 0x2A, 0x00, 0x00, 0x91, 0x53, 0x64, 0x00, 0x99, 0x2A, 0x64, 0x1E, 
    0x91, 0x53, 0x00, 0x00, 0x99, 0x3B, 0x00, 0x00, 0x2A, 0x00, 0x00, 0x2A, 
    0x64, 0x00, 0x1F, 0x64, 0x00, 0x39, 0x64, 0x00, 0x3B, 0x7F, 0x00, 0x31, 
    0x64, 0x00, 0x34, 0x64, 0x00, 0x24, 0x64, 0x1E, 0x24, 0x00, 0x00, 0x2A, 
    0x00, 0x00, 0x2E, 0x7F, 0x00, 0x26, 0x4B, 0x1E, 0x26, 0x00, 0x00, 0x34, 
    0x00, 0x00, 0x1F, 0x00, 0x00, 0x31, 0x00, 0x00, 0x2A, 0x00, 0x00, 0x39, 
    0x00, 0x00, 0x92, 0x28, 0x64, 0x00, 0xE2, 0x00, 0x40, 0x00, 0x99, 0x2A, 
    0x7F, 0x00, 0x24, 0x64, 0x1E, 0x24, 0x00, 0x00, 0x2A, 0x00, 0x00, 0x92, 
    0x28, 0x00, 0x00, 0x99, 0x2A, 0x50, 0x00, 0x91, 0x53, 0x64, 0x00, 0x92, 
    0x34, 0x64, 0x1E, 0x34, 0x00, 0x00, 0x99, 0x3B, 0x00, 0x00, 0x2A, 0x00, 
    0x00, 0x91, 0x53, 0x00, 0x00, 0x5F, 0x64, 0x00, 0x99, 0x2A, 0x5A, 0x00, 
    0x3B, 0x7F, 0x00, 0x26, 0x64, 0x1E, 0x26, 0x00, 0x00, 0x2E, 0x00, 0x00, 
    0x91, 0x5F, 0x00, 0x00, 0x99, 0x24, 0x64, 0x00, 0x92, 0x28, 0x64, 0x00, 
    0x99, 0x2A, 0x64, 0x1E, 0x92, 0x28, 0x00, 0x00, 0x99, 0x2A, 0x00, 0x00, 
    0x24, 0x00, 0x00, 0x2A, 0x7F, 0x00, 0x91, 0x5F, 0x64, 0x00, 0x92, 0x34, 
    0x64, 0x1E, 0x34, 0x00, 0x00, 0x99, 0x2A, 0x00, 0x00, 0x91, 0x5F, 0x00, 
    0x00, 0x53, 0x64, 0x00, 0x92, 0x34, 0x64, 0x00, 0x99, 0x2A, 0x50, 0x1E, 
    0x92, 0x34, 0x00, 0x00, 0x99, 0x2A, 0x00, 0x00, 0x3B, 0x00, 0x00, 0x91, 
    0x53, 0x00, 0x00, 0x99, 0x2A, 0x5A, 0x00, 0x3B, 0x7F, 0x00, 0x24, 0x64, 
    0x00, 0x26, 0x64, 0x1E, 0x26, 0x00, 0x00, 0x2A, 0x00, 0x00, 0x24, 0x00, 
    0x00, 0x92, 0x34, 0x64, 0x00, 0x99, 0x2A, 0x7F, 0x00, 0x26, 0x4B, 0x1E, 
    0x26, 0x00, 0x00, 0x2A, 0x00, 0x00, 0x92, 0x34, 0x00, 0x00, 0x99, 0x24, 
    0x64, 0x00, 0x2A, 0x64, 0x00, 0x92, 0x28, 0x64, 0x1E, 0x28, 0x00, 0x00, 
    0x99, 0x2A, 0x00, 0x00, 0x24, 0x00, 0x00, 0x91, 0x53, 0x64, 0x00, 0x92, 
    0x34, 0x64, 0x00, 0x99, 0x2A, 0x64, 0x1E, 0x92, 0x34, 0x00, 0x00, 0x99, 
    0x3B, 0x00, 0x00, 0x2A, 0x00, 0x00, 0x91, 0x53, 0x00, 0x00, 0x99, 0x26, 
    0x64, 0x00, 0x91, 0x5F, 0x64, 0x00, 0x99, 0x2A, 0x64, 0x00, 0x3B, 0x7F, 
    0x1E, 0x91, 0x5F, 0x00, 0x00, 0x99, 0x26, 0x00, 0x00, 0x2A, 0x00, 0x00, 
    0x2A, 0x64, 0x00, 0x24, 0x64, 0x00, 0x92, 0x28, 0x64, 0x1E, 0x28, 0x00, 
    0x00, 0x99, 0x2A, 0x00, 0x00, 0x24, 0x00, 0x00, 0x2A, 0x7F, 0x00, 0x92, 
    0x34, 0x64, 0x00, 0x91, 0x5F, 0x64, 0x1E, 0x5F, 0x00, 0x00, 0x99, 0x2A, 
    0x00, 0x00, 0x92, 0x34, 0x00, 0x00, 0x91, 0x53, 0x64, 0x00, 0x92, 0x34, 
    0x64, 0x00, 0x99, 0x2A, 0x64, 0x1E, 0x92, 0x34, 0x00, 0x00, 0x99, 0x3B, 
    0x00, 0x00, 0x2A, 0x00, 0x00, 0x91, 0x53, 0x00, 0x00, 0x99, 0x24, 0x64, 
    0x00, 0x3B, 0x7F, 0x00, 0x2A, 0x64, 0x00, 0x26, 0x64, 0x1E, 0x26, 0x00, 
    0x00, 0x2A, 0x00, 0x00, 0x24, 0x00, 0x00, 0x2E, 0x7F, 0x00, 0x26, 0x4B, 
    0x00, 0x92, 0x34, 0x64, 0x1E, 0x34, 0x00, 0x00, 0x99, 0x2A, 0x00, 0x00, 
    0x26, 0x00, 0x00, 0x2A, 0x7F, 0x00, 0x92, 0x28, 0x64, 0x00, 0x99, 0x24, 
    0x64, 0x1E, 0x24, 0x00, 0x00, 0x2A, 0x00, 0x00, 0x92, 0x28, 0x00, 0x00, 
    0x34, 0x64, 0x00, 0x91, 0x53, 0x64, 0x00, 0x99, 0x2A, 0x50, 0x1E, 0x91, 
    0x53, 0x00, 0x00, 0x99, 0x3B, 0x00, 0x00, 0x2A, 0x00, 0x00, 0x92, 0x34, 
    0x00, 0x00, 0x99, 0x3B, 0x7F, 0x00, 0x2A, 0x5A, 0x00, 0x26, 0x64, 0x00, 
    0x91, 0x5F, 0x64, 0x1E, 0x5F, 0x00, 0x00, 0x99, 0x2E, 0x00, 0x00, 0x26, 
    0x00, 0x00, 0x24, 0x64, 0x00, 0x2A, 0x64, 0x00, 0x92, 0x28, 0x64, 0x1E, 
    0x28, 0x00, 0x00, 0x99, 0x2A, 0x00, 0x00, 0x24, 0x00, 0x00, 0x92, 0x34, 
    0x64, 0x00, 0x91, 0x5F, 0x64, 0x00, 0x99, 0x2A, 0x7F, 0x1E, 0x91, 0x5F, 
    0x00, 0x00, 0x99, 0x2A, 0x00, 0x00, 0x92, 0x34, 0x00, 0x00, 0x91, 0x53, 
    0x64, 0x00, 0x92, 0x34, 0x64, 0x00, 0x99, 0x2A, 0x50, 0x1E, 0x92, 0x34, 
    0x00, 0x00, 0x99, 0x2A, 0x00, 0x00, 0x3B, 0x00, 0x00, 0x91, 0x53, 0x00, 
    0x00, 0x99, 0x24, 0x64, 0x00, 0x26, 0x64, 0x00, 0x2A, 0x5A, 0x00, 0x3B, 
    0x7F, 0x1E, 0x26, 0x00, 0x00, 0x24, 0x00, 0x00, 0x2A, 0x00, 0x00, 0x26, 
    0x4B, 0x00, 0x92, 0x34, 0x64, 0x00, 0x99, 0x2A, 0x7F, 0x1E, 0x92, 0x34, 
    0x00, 0x00, 0x99, 0x2A, 0x00, 0x00, 0x26, 0x00, 0x00, 0x24, 0x64, 0x00, 
    0x2A, 0x64, 0x00, 0x92, 0x28, 0x64, 0x1E, 0x28, 0x00, 0x00, 0x99, 0x2A, 
    0x00, 0x00, 0x24, 0x00, 0x00, 0x2A, 0x64, 0x00, 0x92, 0x34, 0x64, 0x00, 
    0x91, 0x53, 0x64, 0x1E, 0x53, 0x00, 0x00, 0x99, 0x2A, 0x00, 0x00, 0x3B, 
    0x00, 0x00, 0x92, 0x34, 0x00, 0x00, 0x99, 0x3B, 0x7F, 0x00, 0x2A, 0x64, 
    0x00, 0x26, 0x64, 0x00, 0x91, 0x5F, 0x64, 0x1E, 0x5F, 0x00, 0x00, 0x99, 
    0x2A, 0x00, 0x00, 0x26, 0x00, 0x00, 0x24, 0x64, 0x00, 0x92, 0x28, 0x64, 
    0x00, 0x99, 0x2A, 0x64, 0x1E, 0x92, 0x28, 0x00, 0x00, 0x99, 0x2A, 0x00, 
    0x00, 0x24, 0x00, 0x00, 0x91, 0x5F, 0x64, 0x00, 0x92, 0x34, 0x64, 0x00, 
    0x99, 0x2A, 0x7F, 0x1E, 0x92, 0x34, 0x00, 0x00, 0x99, 0x2A, 0x00, 0x00, 
    0x91, 0x5F, 0x00, 0x00, 0x53, 0x64, 0x00, 0x92, 0x34, 0x64, 0x00, 0x99, 
    0x2A, 0x64, 0x1E, 0x92, 0x34, 0x00, 0x00, 0x99, 0x3B, 0x00, 0x00, 0x2A, 
    0x00, 0x00, 0x91, 0x53, 0x00, 0x00, 0x99, 0x26, 0x64, 0x00, 0x39, 0x64, 
    0x00, 0x31, 0x64, 0x00, 0x34, 0x64, 0x00, 0x24, 0x64, 0x00, 0x1F, 0x64, 
    0x00, 0x3B, 0x7F, 0x00, 0x2A, 0x64, 0x1E, 0x24, 0x00, 0x00, 0x26, 0x00, 
    0x00, 0x2A, 0x00, 0x00, 0x2E, 0x7F, 0x00, 0x26, 0x4B, 0x00, 0x92, 0x34, 
    0x64, 0x1E, 0x34, 0x00, 0x00, 0x99, 0x1F, 0x00, 0x00, 0x39, 0x00, 0x00, 
    0x26, 0x00, 0x00, 0x2A, 0x00, 0x00, 0x31, 0x00, 0x00, 0x34, 0x00, 0x00, 
    0x98, 0x40, 0x64, 0x00, 0xE0, 0x00, 0x40, 0x00, 0x99, 0x24, 0x64, 0x00, 
    0x2A, 0x7F, 0x00, 0x90, 0x4A, 0x64, 0x00, 0x92, 0x28, 0x64, 0x1A, 0x96, 
    0x68, 0x64, 0x00, 0x97, 0x4D, 0x64, 0x04, 0x92, 0x28, 0x00, 0x00, 0x99, 
    0x24, 0x00, 0x00, 0x2A, 0x00, 0x00, 0x91, 0x53, 0x64, 0x00, 0x92, 0x34, 
    0x64, 0x00, 0x99, 0x2A, 0x50, 0x1A, 0x96, 0x68, 0x00, 0x00, 0x97, 0x4D, 
    0x00, 0x00, 0x4C, 0x64, 0x00, 0x96, 0x67, 0x64, 0x04, 0x99, 0x3B, 0x00, 
    0x00, 0x91, 0x53, 0x00, 0x00, 0x99, 0x2A, 0x00, 0x00, 0x92, 0x34, 0x00, 
    0x00, 0x99, 0x2A, 0x5A, 0x00, 0x3B, 0x7F, 0x00, 0x91, 0x5F, 0x64, 0x00, 
    0x99, 0x26, 0x64, 0x14, 0x9B, 0x4A, 0x64, 0x00, 0xEB, 0x00, 0x40, 0x06, 
    0x96, 0x67, 0x00, 0x00, 0x97, 0x4C, 0x00, 0x01, 0x4E, 0x64, 0x00, 0x96, 
    0x69, 0x64, 0x03, 0x99, 0x26, 0x00, 0x00, 0x91, 0x5F, 0x00, 0x00, 0x99, 
    0x2E, 0x00, 0x00, 0x92, 0x28, 0x64, 0x00, 0x99, 0x2A, 0x64, 0x00, 0x24, 
    0x64, 0x1B, 0x97, 0x4E, 0x00, 0x00, 0x96, 0x69, 0x00, 0x00, 0x97, 0x46, 
    0x64, 0x00, 0x96, 0x61, 0x64, 0x03, 0x92, 0x28, 0x00, 0x00, 0x90, 0x4A, 
    0x00, 0x00, 0x98, 0x40, 0x00, 0x00, 0x99, 0x24, 0x00, 0x00, 0x2A, 0x00, 
    0x00, 0x90, 0x49, 0x64, 0x00, 0x99, 0x2A, 0x7F, 0x00, 0x98, 0x42, 0x64, 
    0x00, 0x92, 0x34, 0x64, 0x00, 0x91, 0x5F, 0x64, 0x1B, 0x97, 0x46, 0x00, 
    0x00, 0x96, 0x61, 0x00, 0x00, 0x66, 0x64, 0x00, 0x97, 0x4B, 0x64, 0x03, 
    0x92, 0x34, 0x00, 0x00, 0x99, 0x2A, 0x00, 0x00, 0x91, 0x5F, 0x00, 0x00, 
    0x99, 0x2A, 0x50, 0x00, 0x92, 0x34, 0x64, 0x00, 0x91, 0x53, 0x64, 0x0A, 
    0x9A, 0x4A, 0x64, 0x00, 0xEA, 0x00, 0x40, 0x11, 0x96, 0x66, 0x00, 0x00, 
    0x97, 0x4B, 0x00, 0x00, 0x96, 0x64, 0x64, 0x00, 0x97, 0x49, 0x64, 0x03, 
    0x92, 0x34, 0x00, 0x00, 0x99, 0x2A, 0x00, 0x00, 0x3B, 0x00, 0x00, 0x91, 
    0x53, 0x00, 0x00, 0x99, 0x2A, 0x5A, 0x00, 0x26, 0x64, 0x00, 0x24, 0x64, 
    0x00, 0x3B, 0x7F, 0x14, 0x9B, 0x4A, 0x00, 0x00, 0x49, 0x64, 0x07, 0x96, 
    0x64, 0x00, 0x00, 0x97, 0x49, 0x00, 0x01, 0x4C, 0x64, 0x00, 0x96, 0x67, 
    0x64, 0x02, 0x99, 0x26, 0x00, 0x00, 0x24, 0x00, 0x00, 0x2A, 0x00, 0x00, 
    0x26, 0x4B, 0x00, 0x92, 0x34, 0x64, 0x00, 0x99, 0x2A, 0x7F, 0x1C, 0x97, 
    0x4C, 0x00, 0x00, 0x96, 0x67, 0x00, 0x00, 0x97, 0x4E, 0x64, 0x00, 0x96, 
    0x69, 0x64, 0x02, 0x99, 0x26, 0x00, 0x00, 0x90, 0x49, 0x00, 0x00, 0x99, 
    0x2A, 0x00, 0x00, 0x98, 0x42, 0x00, 0x00, 0x92, 0x34, 0x00, 0x00, 0x28, 
    0x64, 0x00, 0x99, 0x24, 0x64, 0x00, 0x2A, 0x64, 0x00, 0x98, 0x43, 0x64, 
    0x00, 0x90, 0x4A, 0x64, 0x1C, 0x97, 0x4E, 0x00, 0x00, 0x96, 0x69, 0x00, 
    0x00, 0x97, 0x4C, 0x64, 0x00, 0x96, 0x67, 0x64, 0x02, 0x99, 0x24, 0x00, 
    0x00, 0x92, 0x28, 0x00, 0x00, 0x99, 0x2A, 0x00, 0x00, 0x91, 0x53, 0x64, 
    0x00, 0x92, 0x34, 0x64, 0x00, 0x99, 0x2A, 0x64, 0x0A, 0x9A, 0x4A, 0x00, 
    0x00, 0x49, 0x64, 0x12, 0x97, 0x4C, 0x00, 0x00, 0x96, 0x67, 0x00, 0x00, 
    0x97, 0x47, 0x64, 0x00, 0x96, 0x62, 0x64, 0x02, 0x99, 0x2A, 0x00, 0x00, 
    0x91, 0x53, 0x00, 0x00, 0x99, 0x3B, 0x00, 0x00, 0x92, 0x34, 0x00, 0x00, 
    0x99, 0x26, 0x64, 0x00, 0x2A, 0x64, 0x00, 0x91, 0x5F, 0x64, 0x00, 0x99, 
    0x3B, 0x7F, 0x14, 0x9B, 0x49, 0x00, 0x00, 0x4A, 0x64, 0x08, 0x97, 0x47, 
    0x00, 0x00, 0x96, 0x62, 0x00, 0x01, 0x97, 0x48, 0x64, 0x00, 0x96, 0x63, 
    0x64, 0x01, 0x99, 0x2A, 0x00, 0x00, 0x26, 0x00, 0x00, 0x91, 0x5F, 0x00, 
    0x00, 0x92, 0x28, 0x64, 0x00, 0x99, 0x24, 0x64, 0x00, 0x2A, 0x64, 0x1D, 
    0x97, 0x48, 0x00, 0x00, 0x96, 0x63, 0x00, 0x00, 0x97, 0x50, 0x64, 0x00, 
    0x96, 0x6B, 0x64, 0x01, 0x92, 0x28, 0x00, 0x00, 0x99, 0x2A, 0x00, 0x00, 
    0x24, 0x00, 0x00, 0x98, 0x43, 0x00, 0x00, 0x90, 0x4A, 0x00, 0x00, 0x99, 
    0x2A, 0x7F, 0x00, 0x91, 0x5F, 0x64, 0x00, 0x90, 0x49, 0x64, 0x00, 0x98, 
    0x45, 0x64, 0x00, 0x92, 0x34, 0x64, 0x1D, 0x96, 0x6B, 0x00, 0x00, 0x97, 
    0x50, 0x00, 0x00, 0x96, 0x67, 0x64, 0x00, 0x97, 0x4C, 0x64, 0x01, 0x91, 
    0x5F, 0x00, 0x00, 0x99, 0x2A, 0x00, 0x00, 0x92, 0x34, 0x00, 0x00, 0x34, 
    0x64, 0x00, 0x91, 0x53, 0x64, 0x00, 0x99, 0x2A, 0x64, 0x0A, 0x9A, 0x49, 
    0x00, 0x00, 0x4A, 0x64, 0x13, 0x96, 0x67, 0x00, 0x00, 0x97, 0x4C, 0x00, 
    0x00, 0x96, 0x69, 0x64, 0x00, 0x97, 0x4E, 0x64, 0x01, 0x99, 0x2A, 0x00, 
    0x00, 0x92, 0x34, 0x00, 0x00, 0x91, 0x53, 0x00, 0x00, 0x99, 0x3B, 0x00, 
    0x00, 0x24, 0x64, 0x00, 0x26, 0x64, 0x00, 0x3B, 0x7F, 0x00, 0x2A, 0x64, 
    0x14, 0x9B, 0x4A, 0x00, 0x00, 0x49, 0x64, 0x09, 0x97, 0x4E, 0x00, 0x00, 
    0x96, 0x69, 0x00, 0x01, 0x99, 0x26, 0x00, 0x00, 0x24, 0x00, 0x00, 0x2A, 
    0x00, 0x00, 0x92, 0x34, 0x64, 0x00, 0x97, 0x47, 0x64, 0x00, 0x99, 0x26, 
    0x4B, 0x00, 0x2E, 0x7F, 0x00, 0x96, 0x62, 0x64, 0x1E, 0x62, 0x00, 0x00, 
    0x97, 0x47, 0x00, 0x00, 0x98, 0x45, 0x00, 0x00, 0x92, 0x34, 0x00, 0x00, 
    0x99, 0x2A, 0x00, 0x00, 0x26, 0x00, 0x00, 0x90, 0x49, 0x00, 0x00, 0x4A, 
    0x64, 0x00, 0x45, 0x64, 0x00, 0x92, 0x23, 0x64, 0x00, 0x99, 0x24, 0x64, 
    0x00, 0x97, 0x52, 0x64, 0x00, 0x98, 0x47, 0x64, 0x00, 0x99, 0x2A, 0x7F, 
    0x00, 0x96, 0x64, 0x64, 0x1E, 0x64, 0x00, 0x00, 0x99, 0x24, 0x00, 0x00, 
    0x92, 0x23, 0x00, 0x00, 0x99, 0x2A, 0x00, 0x00, 0x97, 0x52, 0x00, 0x00, 
    0x91, 0x53, 0x64, 0x00, 0x99, 0x2A, 0x50, 0x00, 0x97, 0x55, 0x64, 0x00, 
    0x92, 0x2F, 0x64, 0x00, 0x96, 0x67, 0x64, 0x0A, 0x9A, 0x4A, 0x00, 0x00, 
    0x49, 0x64, 0x14, 0x91, 0x53, 0x00, 0x00, 0x99, 0x2A, 0x00, 0x00, 0x3B, 
    0x00, 0x00, 0x96, 0x67, 0x00, 0x00, 0x97, 0x55, 0x00, 0x00, 0x92, 0x2F, 
    0x00, 0x00, 0x99, 0x2A, 0x5A, 0x00, 0x91, 0x5F, 0x64, 0x00, 0x97, 0x57, 
    0x64, 0x00, 0x99, 0x26, 0x64, 0x00, 0x3B, 0x7F, 0x00, 0x96, 0x69, 0x64, 
    0x14, 0x9B, 0x49, 0x00, 0x00, 0x45, 0x64, 0x00, 0x4A, 0x64, 0x0A, 0x97, 
    0x57, 0x00, 0x00, 0x91, 0x5F, 0x00, 0x00, 0x96, 0x69, 0x00, 0x00, 0x99, 
    0x2E, 0x00, 0x00, 0x26, 0x00, 0x00, 0x24, 0x64, 0x00, 0x92, 0x23, 0x64, 
    0x00, 0x99, 0x2A, 0x64, 0x01, 0x97, 0x56, 0x64, 0x00, 0x96, 0x68, 0x64, 
    0x1D, 0x92, 0x23, 0x00, 0x00, 0x99, 0x2A, 0x00, 0x00, 0x24, 0x00, 0x00, 
    0x92, 0x2F, 0x64, 0x00, 0x99, 0x2A, 0x7F, 0x00, 0x91, 0x5F, 0x64, 0x01, 
    0x97, 0x56, 0x00, 0x00, 0x96, 0x68, 0x00, 0x00, 0x97, 0x58, 0x64, 0x00, 
    0x96, 0x6A, 0x64, 0x1D, 0x99, 0x2A, 0x00, 0x00, 0x92, 0x2F, 0x00, 0x00, 
    0x91, 0x5F, 0x00, 0x00, 0x53, 0x64, 0x00, 0x92, 0x2F, 0x64, 0x00, 0x99, 
    0x2A, 0x50, 0x01, 0x97, 0x58, 0x00, 0x00, 0x96, 0x6A, 0x00, 0x00, 0x6B, 
    0x64, 0x00, 0x97, 0x59, 0x64, 0x09, 0x9A, 0x49, 0x00, 0x00, 0x45, 0x64, 
    0x00, 0x4A, 0x64, 0x14, 0x99, 0x2A, 0x00, 0x00, 0x91, 0x53, 0x00, 0x00, 
    0x99, 0x3B, 0x00, 0x00, 0x92, 0x2F, 0x00, 0x00, 0x99, 0x2A, 0x5A, 0x00, 
    0x3B, 0x7F, 0x00, 0x26, 0x64, 0x00, 0x24, 0x64, 0x01, 0x97, 0x59, 0x00, 
    0x00, 0x96, 0x6B, 0x00, 0x00, 0x97, 0x56, 0x64, 0x00, 0x96, 0x68, 0x64, 
    0x1D, 0x99, 0x24, 0x00, 0x00, 0x2A, 0x00, 0x00, 0x26, 0x00, 0x00, 0x92, 
    0x2F, 0x64, 0x00, 0x99, 0x2A, 0x7F, 0x00, 0x26, 0x4B, 0x01, 0x96, 0x68, 
    0x00, 0x00, 0x97, 0x56, 0x00, 0x01, 0x96, 0x67, 0x64, 0x00, 0x97, 0x55, 
    0x64, 0x1C, 0x99, 0x26, 0x00, 0x00, 0x2A, 0x00, 0x00, 0x92, 0x2F, 0x00, 
    0x00, 0x99, 0x24, 0x64, 0x00, 0x92, 0x26, 0x64, 0x00, 0x99, 0x2A, 0x64, 
    0x02, 0x97, 0x55, 0x00, 0x00, 0x96, 0x67, 0x00, 0x00, 0x97, 0x54, 0x64, 
    0x00, 0x96, 0x66, 0x64, 0x04, 0xB0, 0x01, 0x02, 0x07, 0x01, 0x04, 0x07, 
    0x01, 0x06, 0x07, 0x01, 0x08, 0x03, 0x99, 0x24, 0x00, 0x00, 0x2A, 0x00, 
    0x00, 0x92, 0x26, 0x00, 0x00, 0x91, 0x53, 0x64, 0x00, 0x92, 0x32, 0x64, 
    0x00, 0x99, 0x2A, 0x64, 0x02, 0x96, 0x66, 0x00, 0x00, 0x97, 0x54, 0x00, 
    0x00, 0x96, 0x65, 0x64, 0x00, 0x97, 0x53, 0x64, 0x02, 0xB0, 0x01, 0x0A, 
    0x06, 0x01, 0x0C, 0x07, 0x01, 0x0E, 0x07, 0x01, 0x10, 0x06, 0x91, 0x53, 
    0x00, 0x00, 0x99, 0x2A, 0x00, 0x00, 0x92, 0x32, 0x00, 0x00, 0x99, 0x3B, 
    0x00, 0x00, 0x26, 0x64, 0x00, 0x2A, 0x64, 0x00, 0x91, 0x5F, 0x64, 0x00, 
    0x99, 0x3B, 0x7F, 0x01, 0xB0, 0x01, 0x12, 0x01, 0x97, 0x53, 0x00, 0x00, 
    0x96, 0x65, 0x00, 0x00, 0x97, 0x55, 0x64, 0x00, 0x96, 0x67, 0x64, 0x06, 
    0xB0, 0x01, 0x14, 0x07, 0x01, 0x16, 0x06, 0x01, 0x18, 0x05, 0xBB, 0x01, 
    0x02, 0x02, 0xB0, 0x01, 0x1A, 0x02, 0x99, 0x2A, 0x00, 0x00, 0x26, 0x00, 
    0x00, 0x91, 0x5F, 0x00, 0x00, 0x92, 0x26, 0x64, 0x00, 0x99, 0x2A, 0x64, 
    0x00, 0x24, 0x64, 0x02, 0x96, 0x67, 0x00, 0x00, 0x97, 0x55, 0x00, 0x01, 
    0xBB, 0x01, 0x04, 0x00, 0x97, 0x56, 0x64, 0x00, 0x96, 0x68, 0x64, 0x02, 
    0xB0, 0x01, 0x1C, 0x05, 0xBB, 0x01, 0x06, 0x02, 0xB0, 0x01, 0x1E, 0x05, 
    0xBB, 0x01, 0x08, 0x02, 0xB0, 0x01, 0x20, 0x05, 0xBB, 0x01, 0x0A, 0x02, 
    0xB0, 0x01, 0x22, 0x04, 0x99, 0x24, 0x00, 0x00, 0x2A, 0x00, 0x00, 0x92, 
    0x26, 0x00, 0x00, 0x99, 0x2A, 0x7F, 0x00, 0x92, 0x32, 0x64, 0x00, 0x91, 
    0x5F, 0x64, 0x00, 0xBB, 0x01, 0x0C, 0x02, 0xB0, 0x01, 0x24, 0x01, 0x96, 
    0x68, 0x00, 0x00, 0x97, 0x56, 0x00, 0x00, 0x96, 0x62, 0x64, 0x00, 0x97, 
    0x50, 0x64, 0x04, 0xBB, 0x01, 0x0E, 0x02, 0xB0, 0x01, 0x26, 0x05, 0xBB, 
    0x01, 0x10, 0x02, 0xB0, 0x01, 0x28, 0x05, 0xBB, 0x01, 0x12, 0x02, 0xB0, 
    0x01, 0x2A, 0x05, 0xBB, 0x01, 0x14, 0x02, 0x91, 0x5F, 0x00, 0x00, 0x99, 
    0x2A, 0x00, 0x00, 0x92, 0x32, 0x00, 0x00, 0x91, 0x53, 0x64, 0x00, 0x99, 
    0x2A, 0x64, 0x00, 0x92, 0x32, 0x64, 0x00, 0xB0, 0x01, 0x2C, 0x03, 0x97, 
    0x50, 0x00, 0x00, 0x96, 0x62, 0x00, 0x00, 0x97, 0x53, 0x64, 0x00, 0x96, 
    0x65, 0x64, 0x02, 0xBB, 0x01, 0x16, 0x02, 0xB0, 0x01, 0x2E, 0x04, 0xBB, 
    0x01, 0x18, 0x02, 0xB0, 0x01, 0x30, 0x03, 0xBA, 0x01, 0x02, 0x02, 0xBB, 
    0x01, 0x1A, 0x02, 0xB0, 0x01, 0x32, 0x03, 0xBA, 0x01, 0x04, 0x02, 0xBB, 
    0x01, 0x1C, 0x02, 0xB0, 0x01, 0x34, 0x03, 0x92, 0x32, 0x00, 0x00, 0x99, 
    0x3B, 0x00, 0x00, 0x91, 0x53, 0x00, 0x00, 0x99, 0x2A, 0x00, 0x00, 0xBA, 
    0x01, 0x06, 0x00, 0x99, 0x3B, 0x7F, 0x00, 0x24, 0x64, 0x00, 0x26, 0x64, 
    0x00, 0x2A, 0x64, 0x02, 0xBB, 0x01, 0x1E, 0x01, 0x96, 0x65, 0x00, 0x00, 
    0x97, 0x53, 0x00, 0x00, 0x96, 0x69, 0x64, 0x00, 0x97, 0x57, 0x64, 0x01, 
    0xB0, 0x01, 0x36, 0x03, 0xBA, 0x01, 0x08, 0x02, 0xBB, 0x01, 0x20, 0x02, 
    0xB0, 0x01, 0x38, 0x03, 0xBA, 0x01, 0x0A, 0x02, 0xBB, 0x01, 0x22, 0x02, 
    0xB0, 0x01, 0x3A, 0x02, 0xBA, 0x01, 0x0C, 0x02, 0xBB, 0x01, 0x24, 0x02, 
    0xB0, 0x01, 0x3C, 0x03, 0xBA, 0x01, 0x0E, 0x02, 0xBB, 0x01, 0x26, 0x01, 
    0x99, 0x2A, 0x00, 0x00, 0x26, 0x00, 0x00, 0x24, 0x00, 0x00, 0x92, 0x32, 
    0x64, 0x00, 0x99, 0x2E, 0x7F, 0x00, 0x26, 0x4B, 0x01, 0xB0, 0x01, 0x3E, 
    0x02, 0x97, 0x57, 0x00, 0x00, 0x96, 0x69, 0x00, 0x01, 0xBA, 0x01, 0x10, 
    0x00, 0x96, 0x62, 0x64, 0x00, 0x97, 0x50, 0x64, 0x02, 0xBB, 0x01, 0x28, 
    0x02, 0xB0, 0x01, 0x40, 0x03, 0xBA, 0x01, 0x12, 0x02, 0xBB, 0x01, 0x2A, 
    0x02, 0xB0, 0x06, 0x18, 0x00, 0xE0, 0x00, 0x40, 0x00, 0xB0, 0x01, 0x42, 
    0x02, 0xE0, 0x6D, 0x36, 0x01, 0xBA, 0x01, 0x14, 0x01, 0xE0, 0x5B, 0x2D, 
    0x01, 0xBB, 0x01, 0x2C, 0x01, 0xE0, 0x49, 0x24, 0x01, 0xB0, 0x01, 0x44, 
    0x01, 0xE0, 0x37, 0x1B, 0x02, 0xBA, 0x01, 0x16, 0x00, 0xE0, 0x25, 0x12, 
    0x02, 0x13, 0x09, 0x00, 0xBB, 0x01, 0x2E, 0x02, 0xE0, 0x01, 0x00, 0x00, 
    0xB0, 0x01, 0x32, 0x01, 0x99, 0x26, 0x00, 0x00, 0x90, 0x45, 0x00, 0x00, 
    0x98, 0x47, 0x00, 0x00, 0x99, 0x2A, 0x00, 0x00, 0x90, 0x4A, 0x00, 0x00, 
    0x92, 0x32, 0x00, 0x00, 0x98, 0x45, 0x64, 0x00, 0x90, 0x45, 0x64, 0x00, 
    0x99, 0x24, 0x64, 0x00, 0xE0, 0x00, 0x40, 0x00, 0x92, 0x21, 0x64, 0x00, 
    0xE0, 0x00, 0x40, 0x00, 0x99, 0x2A, 0x7F, 0x01, 0xBA, 0x01, 0x18, 0x02, 
    0xBB, 0x01, 0x30, 0x01, 0x96, 0x62, 0x00, 0x00, 0x97, 0x50, 0x00, 0x00, 
    0x51, 0x64, 0x00, 0x96, 0x63, 0x64, 0x04, 0xBA, 0x01, 0x1A, 0x02, 0xBB, 
    0x01, 0x32, 0x05, 0xBA, 0x01, 0x1C, 0x02, 0xBB, 0x01, 0x34, 0x05, 0xBA, 
    0x01, 0x1E, 0x02, 0xBB, 0x01, 0x36, 0x05, 0xBA, 0x01, 0x20, 0x01, 0x92, 
    0x21, 0x00, 0x00, 0x99, 0x2A, 0x00, 0x00, 0x24, 0x00, 0x00, 0x91, 0x53, 
    0x64, 0x00, 0x99, 0x2A, 0x50, 0x00, 0x92, 0x2D, 0x64, 0x01, 0xBB, 0x01, 
    0x38, 0x03, 0x97, 0x51, 0x00, 0x00, 0x96, 0x63, 0x00, 0x00, 0x97, 0x59, 
    0x64, 0x00, 0x96, 0x6B, 0x64, 0x02, 0xBA, 0x01, 0x22, 0x02, 0xBB, 0x01, 
    0x3A, 0x04, 0xBA, 0x01, 0x24, 0x02, 0xBB, 0x01, 0x3C, 0x05, 0xBA, 0x01, 
    0x26, 0x02, 0xBB, 0x01, 0x3E, 0x05, 0xBA, 0x01, 0x28, 0x02, 0xBB, 0x01, 
    0x40, 0x02, 0x99, 0x2A, 0x00, 0x00, 0x91, 0x53, 0x00, 0x00, 0x99, 0x3B, 
    0x00, 0x00, 0x92, 0x2D, 0x00, 0x00, 0x99, 0x3B, 0x7F, 0x00, 0x91, 0x5F, 
    0x64, 0x00, 0x99, 0x26, 0x64, 0x00, 0x2A, 0x5A, 0x03, 0xBA, 0x01, 0x2A, 
    0x01, 0x96, 0x6B, 0x00, 0x00, 0x97, 0x59, 0x00, 0x00, 0x96, 0x60, 0x64, 
    0x00, 0x97, 0x4E, 0x64, 0x01, 0xEB, 0x00, 0x40, 0x00, 0xBB, 0x06, 0x18, 
    0x00, 0x01, 0x42, 0x02, 0xEB, 0x6D, 0x36, 0x02, 0x5B, 0x2D, 0x01, 0xBA, 
    0x01, 0x2C, 0x01, 0xEB, 0x49, 0x24, 0x01, 0xBB, 0x01, 0x44, 0x01, 0xEB, 
    0x37, 0x1B, 0x02, 0x25, 0x12, 0x02, 0xBA, 0x01, 0x2E, 0x00, 0xEB, 0x13, 
    0x09, 0x02, 0xBB, 0x01, 0x32, 0x00, 0xEB, 0x01, 0x00, 0x01, 0x9B, 0x45, 
    0x00, 0x00, 0x4A, 0x00, 0x00, 0xEB, 0x00, 0x40, 0x00, 0x9B, 0x45, 0x64, 
    0x00, 0xEB, 0x00, 0x40, 0x03, 0xBA, 0x01, 0x30, 0x07, 0x99, 0x2E, 0x00, 
    0x00, 0x91, 0x5F, 0x00, 0x00, 0x99, 0x26, 0x00, 0x00, 0x24, 0x64, 0x00, 
    0x92, 0x21, 0x64, 0x00, 0x99, 0x2A, 0x64, 0x00, 0xBA, 0x01, 0x32, 0x04, 
    0x96, 0x60, 0x00, 0x00, 0x97, 0x4E, 0x00, 0x01, 0x5A, 0x64, 0x00, 0x96, 
    0x6C, 0x64, 0x02, 0xBA, 0x01, 0x34, 0x07, 0x01, 0x36, 0x07, 0x01, 0x38, 
    0x07, 0x01, 0x3A, 0x02, 0x90, 0x45, 0x00, 0x00, 0x99, 0x2A, 0x00, 0x00, 
    0x98, 0x45, 0x00, 0x00, 0x92, 0x21, 0x00, 0x00, 0x99, 0x24, 0x00, 0x00, 
    0x91, 0x5F, 0x64, 0x00, 0x99, 0x2A, 0x7F, 0x00, 0x92, 0x2D, 0x64, 0x00, 
    0x98, 0x44, 0x64, 0x00, 0x90, 0x44, 0x64, 0x04, 0xBA, 0x01, 0x3C, 0x01, 
    0x97, 0x5A, 0x00, 0x00, 0x96, 0x6C, 0x00, 0x00, 0x97, 0x53, 0x64, 0x00, 
    0x96, 0x65, 0x64, 0x06, 0xBA, 0x01, 0x3E, 0x07, 0x01, 0x40, 0x07, 0xEA, 
    0x00, 0x40, 0x00, 0xBA, 0x01, 0x42, 0x00, 0x06, 0x18, 0x02, 0xEA, 0x6D, 
    0x36, 0x02, 0x5B, 0x2D, 0x01, 0x91, 0x5F, 0x00, 0x00, 0x99, 0x2A, 0x00, 
    0x00, 0x92, 0x2D, 0x00, 0x00, 0x2D, 0x64, 0x00, 0x91, 0x53, 0x64, 0x00, 
    0x99, 0x2A, 0x50, 0x01, 0xEA, 0x49, 0x24, 0x01, 0xBA, 0x01, 0x44, 0x01, 
    0xEA, 0x37, 0x1B, 0x02, 0x97, 0x53, 0x00, 0x00, 0x96, 0x65, 0x00, 0x00, 
    0x61, 0x64, 0x00, 0xEA, 0x25, 0x12, 0x00, 0x97, 0x4F, 0x64, 0x02, 0xEA, 
    0x13, 0x09, 0x02, 0x01, 0x00, 0x00, 0xBA, 0x01, 0x32, 0x01, 0x9A, 0x45, 
    0x00, 0x00, 0x4A, 0x00, 0x00, 0xEA, 0x00, 0x40, 0x00, 0x9A, 0x45, 0x64, 
    0x00, 0xEA, 0x00, 0x40, 0x14, 0x99, 0x3B, 0x00, 0x00, 0x92, 0x2D, 0x00, 
    0x00, 0x91, 0x53, 0x00, 0x00, 0x99, 0x2A, 0x00, 0x00, 0x3B, 0x7F, 0x00, 
    0x2A, 0x5A, 0x00, 0x24, 0x64, 0x00, 0x26, 0x64, 0x05, 0x96, 0x61, 0x00, 
    0x00, 0x97, 0x4F, 0x00, 0x00, 0x96, 0x68, 0x64, 0x00, 0x97, 0x56, 0x64, 
    0x0F, 0x9B, 0x45, 0x00, 0x00, 0x44, 0x64, 0x0A, 0x99, 0x2A, 0x00, 0x00, 
    0x24, 0x00, 0x00, 0x26, 0x00, 0x00, 0x92, 0x2D, 0x64, 0x00, 0x99, 0x26, 
    0x4B, 0x00, 0x2A, 0x7F, 0x05, 0x97, 0x56, 0x00, 0x00, 0x96, 0x68, 0x00, 
    0x01, 0x97, 0x4F, 0x64, 0x00, 0x96, 0x61, 0x64, 0x18, 0x92, 0x2D, 0x00, 
    0x00, 0x90, 0x44, 0x00, 0x00, 0x98, 0x44, 0x00, 0x00, 0x99, 0x26, 0x00, 
    0x00, 0x2A, 0x00, 0x00, 0x24, 0x64, 0x00, 0x2A, 0x64, 0x00, 0x98, 0x42, 
    0x64, 0x00, 0x90, 0x45, 0x64, 0x00, 0x92, 0x21, 0x64, 0x06, 0x97, 0x4F, 
    0x00, 0x00, 0x96, 0x61, 0x00, 0x00, 0x97, 0x5A, 0x64, 0x00, 0x96, 0x6C, 
    0x64, 0x18, 0x99, 0x24, 0x00, 0x00, 0x2A, 0x00, 0x00, 0x92, 0x21, 0x00, 
    0x00, 0x91, 0x53, 0x64, 0x00, 0x92, 0x2D, 0x64, 0x00, 0x99, 0x2A, 0x64, 
    0x06, 0x97, 0x5A, 0x00, 0x00, 0x96, 0x6C, 0x00, 0x00, 0x65, 0x64, 0x00, 
    0x97, 0x53, 0x64, 0x04, 0x9A, 0x45, 0x00, 0x00, 0x44, 0x64, 0x14, 0x99, 
    0x2A, 0x00, 0x00, 0x91, 0x53, 0x00, 0x00, 0x99, 0x3B, 0x00, 0x00, 0x92, 
    0x2D, 0x00, 0x00, 0x99, 0x3B, 0x7F, 0x00, 0x26, 0x64, 0x00, 0x91, 0x5F, 
    0x64, 0x00, 0x99, 0x2A, 0x64, 0x06, 0x96, 0x65, 0x00, 0x00, 0x97, 0x53, 
    0x00, 0x00, 0x96, 0x6C, 0x64, 0x00, 0x97, 0x5A, 0x64, 0x0E, 0x9B, 0x44, 
    0x00, 0x00, 0x45, 0x64, 0x0A, 0x99, 0x26, 0x00, 0x00, 0x91, 0x5F, 0x00, 
    0x00, 0x99, 0x2A, 0x00, 0x00, 0x92, 0x21, 0x64, 0x00, 0x99, 0x2A, 0x64, 
    0x00, 0x24, 0x64, 0x06, 0x96, 0x6C, 0x00, 0x00, 0x97, 0x5A, 0x00, 0x01, 
    0x50, 0x64, 0x00, 0x96, 0x62, 0x64, 0x17, 0x92, 0x21, 0x00, 0x00, 0x90, 
    0x45, 0x00, 0x00, 0x98, 0x42, 0x00, 0x00, 0x99, 0x2A, 0x00, 0x00, 0x24, 
    0x00, 0x00, 0x92, 0x2D, 0x64, 0x00, 0x90, 0x44, 0x64, 0x00, 0x91, 0x5F, 
    0x64, 0x00, 0x99, 0x2A, 0x7F, 0x00, 0x98, 0x40, 0x64, 0x07, 0x97, 0x50, 
    0x00, 0x00, 0x96, 0x62, 0x00, 0x00, 0x64, 0x64, 0x00, 0x97, 0x52, 0x64, 
    0x17, 0x91, 0x5F, 0x00, 0x00, 0x99, 0x2A, 0x00, 0x00, 0x92, 0x2D, 0x00, 
    0x00, 0x91, 0x53, 0x64, 0x00, 0x92, 0x2D, 0x64, 0x00, 0x99, 0x2A, 0x64, 
    0x07, 0x97, 0x52, 0x00, 0x00, 0x96, 0x64, 0x00, 0x00, 0x62, 0x64, 0x00, 
    0x97, 0x50, 0x64, 0x03, 0x9A, 0x44, 0x00, 0x00, 0x45, 0x64, 0x14, 0x99, 
    0x2A, 0x00, 0x00, 0x91, 0x53, 0x00, 0x00, 0x99, 0x3B, 0x00, 0x00, 0x92, 
    0x2D, 0x00, 0x00, 0x99, 0x24, 0x64, 0x00, 0x3B, 0x7F, 0x00, 0x26, 0x64, 
    0x00, 0x2A, 0x64, 0x07, 0x96, 0x62, 0x00, 0x00, 0x97, 0x50, 0x00, 0x00, 
    0x96, 0x6C, 0x64, 0x00, 0x97, 0x5A, 0x64, 0x0D, 0x9B, 0x45, 0x00, 0x00, 
    0x44, 0x64, 0x0A, 0x99, 0x24, 0x00, 0x00, 0x2A, 0x00, 0x00, 0x26, 0x00, 
    0x00, 0x2E, 0x7F, 0x00, 0x92, 0x2D, 0x64, 0x00, 0x99, 0x26, 0x4B, 0x07, 
    0x96, 0x6C, 0x00, 0x00, 0x97, 0x5A, 0x00, 0x01, 0x96, 0x69, 0x64, 0x00, 
    0x97, 0x57, 0x64, 0x16, 0x90, 0x44, 0x00, 0x00, 0x99, 0x2A, 0x00, 0x00, 
    0x98, 0x40, 0x00, 0x00, 0x92, 0x2D, 0x00, 0x00, 0x99, 0x26, 0x00, 0x00, 
    0x24, 0x64, 0x00, 0xB0, 0x06, 0x02, 0x00, 0x98, 0x3E, 0x64, 0x00, 0x99, 
    0x2A, 0x7F, 0x00, 0x90, 0x45, 0x64, 0x00, 0x92, 0x23, 0x64, 0x00, 0x90, 
    0x3E, 0x64, 0x00, 0xB0, 0x01, 0x00, 0x03, 0x01, 0x01, 0x05, 0x96, 0x69, 
    0x00, 0x00, 0x97, 0x57, 0x00, 0x00, 0x96, 0x6C, 0x64, 0x00, 0x97, 0x5A, 
    0x64, 0x03, 0xB0, 0x01, 0x03, 0x07, 0x01, 0x05, 0x08, 0x01, 0x07, 0x04, 
    0x99, 0x24, 0x00, 0x00, 0x2A, 0x00, 0x00, 0x92, 0x23, 0x00, 0x00, 0x91, 
    0x53, 0x64, 0x00, 0x92, 0x2F, 0x64, 0x00, 0x99, 0x2A, 0x50, 0x03, 0xB0, 
    0x01, 0x09, 0x05, 0x96, 0x6C, 0x00, 0x00, 0x97, 0x5A, 0x00, 0x00, 0x96, 
    0x66, 0x64, 0x00, 0x97, 0x54, 0x64, 0x02, 0x9A, 0x45, 0x00, 0x00, 0x44, 
    0x64, 0x01, 0xB0, 0x01, 0x0B, 0x07, 0x01, 0x0D, 0x08, 0x01, 0x0F, 0x04, 
    0x91, 0x53, 0x00, 0x00, 0x99, 0x3B, 0x00, 0x00, 0x92, 0x2F, 0x00, 0x00, 
    0x99, 0x2A, 0x00, 0x00, 0x91, 0x5F, 0x64, 0x00, 0x99, 0x3B, 0x7F, 0x00, 
    0x2A, 0x5A, 0x00, 0x26, 0x64, 0x03, 0xB0, 0x01, 0x11, 0x05, 0x96, 0x66, 
    0x00, 0x00, 0x97, 0x54, 0x00, 0x00, 0x96, 0x62, 0x64, 0x00, 0x97, 0x50, 
    0x64, 0x03, 0xB0, 0x01, 0x13, 0x08, 0x01, 0x15, 0x01, 0x9B, 0x44, 0x00, 
    0x00, 0x45, 0x64, 0x00, 0x3E, 0x64, 0x00, 0xBB, 0x01, 0x00, 0x00, 0x06, 
    0x02, 0x03, 0x01, 0x01, 0x03, 0xB0, 0x01, 0x17, 0x04, 0x99, 0x2E, 0x00, 
    0x00, 0x91, 0x5F, 0x00, 0x00, 0x99, 0x26, 0x00, 0x00, 0x92, 0x23, 0x64, 
    0x00, 0x99, 0x2A, 0x64, 0x00, 0x24, 0x64, 0x01, 0xBB, 0x01, 0x03, 0x03, 
    0xB0, 0x01, 0x19, 0x04, 0x96, 0x62, 0x00, 0x00, 0x97, 0x50, 0x00, 0x00, 
    0xBB, 0x01, 0x05, 0x01, 0x96, 0x68, 0x64, 0x00, 0x97, 0x56, 0x64, 0x02, 
    0xB0, 0x01, 0x1B, 0x05, 0xBB, 0x01, 0x07, 0x03, 0xB0, 0x01, 0x1D, 0x04, 
    0xBB, 0x01, 0x09, 0x03, 0xB0, 0x01, 0x1F, 0x04, 0x99, 0x2A, 0x00, 0x00, 
    0x92, 0x23, 0x00, 0x00, 0x99, 0x24, 0x00, 0x00, 0x92, 0x2F, 0x64, 0x00, 
    0x91, 0x5F, 0x64, 0x00, 0x99, 0x2A, 0x7F, 0x01, 0xBB, 0x01, 0x0B, 0x03, 
    0xB0, 0x01, 0x21, 0x04, 0xBB, 0x01, 0x0D, 0x01, 0x96, 0x68, 0x00, 0x00, 
    0x97, 0x56, 0x00, 0x00, 0x96, 0x66, 0x64, 0x00, 0x97, 0x54, 0x64, 0x02, 
    0xB0, 0x01, 0x23, 0x05, 0xBB, 0x01, 0x0F, 0x03, 0xB0, 0x01, 0x25, 0x04, 
    0xBB, 0x01, 0x11, 0x03, 0xB0, 0x01, 0x27, 0x04, 0x99, 0x2A, 0x00, 0x00, 
    0x92, 0x2F, 0x00, 0x00, 0x91, 0x5F, 0x00, 0x00, 0x99, 0x2A, 0x50, 0x00, 
    0x92, 0x2F, 0x64, 0x00, 0x91, 0x53, 0x64, 0x01, 0xBB, 0x01, 0x13, 0x03, 
    0xB0, 0x01, 0x29, 0x05, 0x96, 0x66, 0x00, 0x00, 0x97, 0x54, 0x00, 0x00, 
    0x96, 0x67, 0x64, 0x00, 0x97, 0x55, 0x64, 0x00, 0xBB, 0x01, 0x15, 0x01, 
    0x9A, 0x44, 0x00, 0x00, 0x3E, 0x64, 0x00, 0x45, 0x64, 0x00, 0xBA, 0x06, 
    0x02, 0x00, 0x01, 0x00, 0x01, 0xB0, 0x01, 0x2B, 0x02, 0xBA, 0x01, 0x01, 
    0x03, 0xBB, 0x01, 0x17, 0x03, 0xB0, 0x01, 0x2D, 0x02, 0xBA, 0x01, 0x03, 
    0x03, 0xBB, 0x01, 0x19, 0x02, 0xB0, 0x01, 0x2F, 0x02, 0xBA, 0x01, 0x05, 
    0x02, 0x99, 0x3B, 0x00, 0x00, 0x92, 0x2F, 0x00, 0x00, 0x99, 0x2A, 0x00, 
    0x00, 0x91, 0x53, 0x00, 0x00, 0x99, 0x24, 0x64, 0x00, 0x2A, 0x5A, 0x00, 
    0x26, 0x64, 0x00, 0x3B, 0x7F, 0x01, 0xBB, 0x01, 0x1B, 0x03, 0xB0, 0x01, 
    0x31, 0x02, 0xBA, 0x01, 0x07, 0x03, 0x97, 0x55, 0x00, 0x00, 0x96, 0x67, 
    0x00, 0x00, 0x97, 0x51, 0x64, 0x00, 0x96, 0x63, 0x64, 0x00, 0xBB, 0x01, 
    0x1D, 0x02, 0xB0, 0x01, 0x33, 0x02, 0xBA, 0x01, 0x09, 0x03, 0xBB, 0x01, 
    0x1F, 0x03, 0xB0, 0x01, 0x35, 0x02, 0xBA, 0x01, 0x0B, 0x03, 0xBB, 0x01, 
    0x21, 0x03, 0xB0, 0x01, 0x37, 0x01, 0xBA, 0x01, 0x0D, 0x02, 0x99, 0x2A, 
    0x00, 0x00, 0x24, 0x00, 0x00, 0x26, 0x00, 0x00, 0x26, 0x4B, 0x00, 0x92, 
    0x2F, 0x64, 0x00, 0x99, 0x2A, 0x7F, 0x01, 0xBB, 0x01, 0x23, 0x03, 0xB0, 
    0x01, 0x39, 0x02, 0xBA, 0x01, 0x0F, 0x03, 0x96, 0x63, 0x00, 0x00, 0x97, 
    0x51, 0x00, 0x00, 0xBB, 0x01, 0x25, 0x01, 0x96, 0x65, 0x64, 0x00, 0x97, 
    0x53, 0x64, 0x02, 0xB0, 0x01, 0x3B, 0x01, 0xBA, 0x01, 0x11, 0x03, 0xBB, 
    0x01, 0x27, 0x03, 0xB0, 0x01, 0x3D, 0x02, 0xBA, 0x01, 0x13, 0x03, 0xBB, 
    0x01, 0x29, 0x03, 0xB0, 0x01, 0x3F, 0x02, 0xBA, 0x01, 0x15, 0x01, 0x99, 
    0x2A, 0x00, 0x00, 0x92, 0x2F, 0x00, 0x00, 0x99, 0x26, 0x00, 0x00, 0x98, 
    0x42, 0x64, 0x00, 0x92, 0x26, 0x64, 0x00, 0x99, 0x24, 0x64, 0x00, 0x2A, 
    0x64, 0x00, 0xB0, 0x01, 0x40, 0x01, 0xBB, 0x01, 0x2B, 0x03, 0xB0, 0x01, 
    0x41, 0x02, 0xBA, 0x01, 0x17, 0x03, 0xBB, 0x01, 0x2D, 0x01, 0x97, 0x53, 
    0x00, 0x00, 0x96, 0x65, 0x00, 0x00, 0x63, 0x64, 0x00, 0x97, 0x51, 0x64, 
    0x02, 0xB0, 0x01, 0x43, 0x02, 0xBA, 0x01, 0x19, 0x02, 0xBB, 0x01, 0x2F, 
    0x03, 0xB0, 0x01, 0x45, 0x02, 0xBA, 0x01, 0x1B, 0x03, 0xBB, 0x01, 0x31, 
    0x03, 0xB0, 0x01, 0x47, 0x02, 0xBA, 0x01, 0x1D, 0x01, 0x99, 0x24, 0x00, 
    0x00, 0x2A, 0x00, 0x00, 0x92, 0x26, 0x00, 0x00, 0x32, 0x64, 0x00, 0x99, 
    0x2A, 0x64, 0x00, 0x91, 0x53, 0x64, 0x01, 0xBB, 0x01, 0x33, 0x03, 0xB0, 
    0x01, 0x49, 0x02, 0xBA, 0x01, 0x1F, 0x03, 0xBB, 0x01, 0x35, 0x01, 0x97, 
    0x51, 0x00, 0x00, 0x96, 0x63, 0x00, 0x00, 0x97, 0x57, 0x64, 0x00, 0x96, 
    0x69, 0x64, 0x02, 0xB0, 0x01, 0x4B, 0x02, 0xBA, 0x01, 0x21, 0x03, 0xBB, 
    0x01, 0x37, 0x02, 0xB0, 0x01, 0x4D, 0x02, 0xBA, 0x01, 0x23, 0x03, 0xBB, 
    0x01, 0x39, 0x03, 0xB0, 0x01, 0x4F, 0x02, 0xBA, 0x01, 0x25, 0x01, 0x91, 
    0x53, 0x00, 0x00, 0x99, 0x2A, 0x00, 0x00, 0x92, 0x32, 0x00, 0x00, 0x99, 
    0x3B, 0x00, 0x00, 0x3B, 0x7F, 0x00, 0x91, 0x5F, 0x64, 0x00, 0x99, 0x2A, 
    0x64, 0x00, 0x26, 0x64, 0x02, 0xBB, 0x01, 0x3B, 0x02, 0xB0, 0x01, 0x51, 
    0x02, 0xBA, 0x01, 0x27, 0x03, 0xBB, 0x01, 0x3D, 0x01, 0x96, 0x69, 0x00, 
    0x00, 0x97, 0x57, 0x00, 0x00, 0x96, 0x62, 0x64, 0x00, 0x97, 0x50, 0x64, 
    0x02, 0xB0, 0x01, 0x53, 0x02, 0xBA, 0x01, 0x29, 0x03, 0xBB, 0x01, 0x3F, 
    0x02, 0xB0, 0x01, 0x55, 0x01, 0xBB, 0x01, 0x40, 0x01, 0xBA, 0x01, 0x2B, 
    0x03, 0xBB, 0x01, 0x41, 0x03, 0xB0, 0x01, 0x57, 0x02, 0xBA, 0x01, 0x2D, 
    0x01, 0x99, 0x26, 0x00, 0x00, 0x91, 0x5F, 0x00, 0x00, 0x99, 0x2A, 0x00, 
    0x00, 0x2A, 0x64, 0x00, 0x92, 0x26, 0x64, 0x00, 0x99, 0x24, 0x64, 0x02, 
    0xBB, 0x01, 0x43, 0x02, 0xB0, 0x01, 0x59, 0x02, 0xBA, 0x01, 0x2F, 0x03, 
    0xBB, 0x01, 0x45, 0x01, 0x97, 0x50, 0x00, 0x00, 0x96, 0x62, 0x00, 0x01, 
    0x97, 0x53, 0x64, 0x00, 0x96, 0x65, 0x64, 0x01, 0xB0, 0x01, 0x5B, 0x02, 
    0xBA, 0x01, 0x31, 0x03, 0xBB, 0x01, 0x47, 0x03, 0xB0, 0x01, 0x5D, 0x01, 
    0xBA, 0x01, 0x33, 0x03, 0xBB, 0x01, 0x49, 0x03, 0xB0, 0x01, 0x5F, 0x02, 
    0xBA, 0x01, 0x35, 0x01, 0x99, 0x24, 0x00, 0x00, 0x92, 0x26, 0x00, 0x00, 
    0x99, 0x2A, 0x00, 0x00, 0xE0, 0x00, 0x40, 0x00, 0x91, 0x5F, 0x64, 0x00, 
    0x92, 0x32, 0x64, 0x00, 0xB0, 0x06, 0x18, 0x00, 0x99, 0x2A, 0x7F, 0x01, 
    0xE0, 0x3B, 0x3F, 0x01, 0xBB, 0x01, 0x4B, 0x01, 0xE0, 0x31, 0x3E, 0x02, 
    0xB0, 0x01, 0x61, 0x00, 0xE0, 0x27, 0x3D, 0x02, 0x1E, 0x3C, 0x00, 0xBA, 
    0x01, 0x37, 0x02, 0xE0, 0x14, 0x3B, 0x00, 0xBB, 0x01, 0x4D, 0x02, 0x96, 
    0x65, 0x00, 0x00, 0x97, 0x53, 0x00, 0x00, 0x4E, 0x64, 0x00, 0xE0, 0x0A, 
    0x3A, 0x00, 0x96, 0x60, 0x64, 0x01, 0xB0, 0x01, 0x63, 0x01, 0xE0, 0x01, 
    0x39, 0x01, 0xBA, 0x01, 0x39, 0x01, 0xE0, 0x77, 0x37, 0x02, 0x6D, 0x36, 
    0x00, 0xBB, 0x01, 0x4F, 0x02, 0xE0, 0x64, 0x35, 0x01, 0xB0, 0x01, 0x65, 
    0x01, 0xE0, 0x5A, 0x34, 0x01, 0xBA, 0x01, 0x3B, 0x01, 0xE0, 0x50, 0x33, 
    0x01, 0xBB, 0x01, 0x51, 0x01, 0xE0, 0x47, 0x32, 0x02, 0x3D, 0x31, 0x00, 
    0xB0, 0x01, 0x67, 0x02, 0xE0, 0x33, 0x30, 0x00, 0xBA, 0x01, 0x3D, 0x01, 
    0x92, 0x32, 0x00, 0x00, 0x99, 0x2A, 0x00, 0x00, 0x91, 0x5F, 0x00, 0x00, 
    0x92, 0x32, 0x64, 0x00, 0x99, 0x2A, 0x64, 0x00, 0x91, 0x53, 0x64, 0x01, 
    0xE0, 0x2A, 0x2F, 0x01, 0xBB, 0x01, 0x53, 0x01, 0xE0, 0x20, 0x2E, 0x02, 
    0xB0, 0x01, 0x69, 0x00, 0xE0, 0x16, 0x2D, 0x02, 0xBA, 0x01, 0x3F, 0x00, 
    0xE0, 0x0D, 0x2C, 0x02, 0x03, 0x2B, 0x00, 0xBB, 0x01, 0x55, 0x01, 0xBA, 
    0x01, 0x40, 0x01, 0x96, 0x60, 0x00, 0x00, 0x97, 0x4E, 0x00, 0x00, 0x55, 
    0x64, 0x00, 0x96, 0x67, 0x64, 0x00, 0xE0, 0x79, 0x29, 0x01, 0xB0, 0x01, 
    0x6B, 0x01, 0xE0, 0x70, 0x28, 0x01, 0xBA, 0x01, 0x41, 0x01, 0xE0, 0x66, 
    0x27, 0x02, 0xBB, 0x01, 0x57, 0x00, 0xE0, 0x5C, 0x26, 0x02, 0x53, 0x25, 
    0x01, 0xB0, 0x01, 0x6D, 0x01, 0xE0, 0x49, 0x24, 0x01, 0xBA, 0x01, 0x43, 
    0x01, 0xE0, 0x3F, 0x23, 0x01, 0xBB, 0x01, 0x59, 0x01, 0xE0, 0x36, 0x22, 
    0x02, 0xB0, 0x01, 0x6F, 0x00, 0xE0, 0x2C, 0x21, 0x02, 0xBA, 0x01, 0x45, 
    0x00, 0xE0, 0x22, 0x20, 0x01, 0x91, 0x53, 0x00, 0x00, 0x92, 0x32, 0x00, 
    0x00, 0x99, 0x3B, 0x00, 0x00, 0x2A, 0x00, 0x00, 0x3B, 0x7F, 0x00, 0x24, 
    0x64, 0x00, 0x26, 0x64, 0x00, 0x2A, 0x64, 0x01, 0xE0, 0x19, 0x1F, 0x01, 
    0xBB, 0x01, 0x5B, 0x01, 0xE0, 0x0F, 0x1E, 0x02, 0x05, 0x1D, 0x00, 0xB0, 
    0x01, 0x71, 0x02, 0xBA, 0x01, 0x47, 0x00, 0xE0, 0x7C, 0x1B, 0x02, 0x72, 
    0x1A, 0x01, 0xBB, 0x01, 0x5D, 0x01, 0x96, 0x67, 0x00, 0x00, 0x97, 0x55, 
    0x00, 0x00, 0xE0, 0x68, 0x19, 0x00, 0x97, 0x56, 0x64, 0x00, 0x96, 0x68, 
    0x64, 0x01, 0xB0, 0x01, 0x73, 0x01, 0xE0, 0x5F, 0x18, 0x01, 0xBA, 0x01, 
    0x49, 0x01, 0xE0, 0x55, 0x17, 0x02, 0xBB, 0x01, 0x5F, 0x00, 0xE0, 0x4B, 
    0x16, 0x02, 0x42, 0x15, 0x01, 0xEB, 0x00, 0x40, 0x00, 0xB0, 0x01, 0x75, 
    0x00, 0xBB, 0x06, 0x18, 0x01, 0xEB, 0x3B, 0x3F, 0x00, 0xE0, 0x38, 0x14, 
    0x01, 0xBA, 0x01, 0x4B, 0x01, 0xE0, 0x2E, 0x13, 0x00, 0xEB, 0x31, 0x3E, 
    0x02, 0xE0, 0x25, 0x12, 0x00, 0xEB, 0x27, 0x3D, 0x00, 0xBB, 0x01, 0x61, 
    0x02, 0xEB, 0x1E, 0x3C, 0x00, 0xE0, 0x1B, 0x11, 0x00, 0xB0, 0x01, 0x77, 
    0x02, 0xBA, 0x01, 0x4D, 0x00, 0xEB, 0x14, 0x3B, 0x00, 0xE0, 0x11, 0x10, 
    0x01, 0x99, 0x26, 0x00, 0x00, 0x2A, 0x00, 0x00, 0x24, 0x00, 0x00, 0x2E, 
    0x7F, 0x00, 0x92, 0x32, 0x64, 0x00, 0x99, 0x26, 0x4B, 0x01, 0xEB, 0x0A, 
    0x3A, 0x00, 0xE0, 0x08, 0x0F, 0x01, 0xBB, 0x01, 0x63, 0x01, 0xEB, 0x01, 
    0x39, 0x00, 0xE0, 0x7E, 0x0D, 0x02, 0x74, 0x0C, 0x00, 0xB0, 0x01, 0x79, 
    0x00, 0xEB, 0x77, 0x37, 0x02, 0xBA, 0x01, 0x4F, 0x00, 0xEB, 0x6D, 0x36, 
    0x00, 0xE0, 0x6B, 0x0B, 0x02, 0xEB, 0x64, 0x35, 0x00, 0xE0, 0x61, 0x0A, 
    0x01, 0xBB, 0x01, 0x65, 0x01, 0x96, 0x68, 0x00, 0x00, 0x97, 0x56, 0x00, 
    0x00, 0xEB, 0x5A, 0x34, 0x00, 0xE0, 0x57, 0x09, 0x01, 0xB0, 0x01, 0x7B, 
    0x00, 0x96, 0x69, 0x64, 0x00, 0x97, 0x57, 0x64, 0x01, 0xE0, 0x4E, 0x08, 
    0x00, 0xEB, 0x50, 0x33, 0x01, 0xBA, 0x01, 0x51, 0x01, 0xE0, 0x44, 0x07, 
    0x00, 0xEB, 0x47, 0x32, 0x02, 0xBB, 0x01, 0x67, 0x00, 0xE0, 0x3A, 0x06, 
    0x00, 0xEB, 0x3D, 0x31, 0x02, 0xE0, 0x31, 0x05, 0x00, 0xEB, 0x33, 0x30, 
    0x01, 0xB0, 0x01, 0x7D, 0x01, 0xEB, 0x2A, 0x2F, 0x00, 0xE0, 0x27, 0x04, 
    0x01, 0xBA, 0x01, 0x53, 0x01, 0xEB, 0x20, 0x2E, 0x00, 0xE0, 0x1D, 0x03, 
    0x02, 0xEB, 0x16, 0x2D, 0x00, 0xE0, 0x14, 0x02, 0x00, 0xBB, 0x01, 0x69, 
    0x02, 0xEB, 0x0D, 0x2C, 0x00, 0xE0, 0x0A, 0x01, 0x01, 0xB0, 0x01, 0x7F, 
    0x01, 0xBA, 0x01, 0x55, 0x00, 0xEB, 0x03, 0x2B, 0x00, 0xE0, 0x01, 0x00, 
    0x01, 0x90, 0x3E, 0x00, 0x00, 0x98, 0x42, 0x00, 0x00, 0x99, 0x26, 0x00, 
    0x00, 0x92, 0x32, 0x00, 0x00, 0x98, 0x3E, 0x00, 0x00, 0x90, 0x45, 0x00, 
    0x00, 0x99, 0x2A, 0x00, 0x00, 0xE0, 0x00, 0x40, 0x00, 0x99, 0x24, 0x64, 
    0x00, 0x2A, 0x7F, 0x00, 0x98, 0x40, 0x64, 0x00, 0x90, 0x4A, 0x64, 0x00, 
    0xB0, 0x01, 0x28, 0x00, 0x92, 0x28, 0x64, 0x01, 0xEB, 0x79, 0x29, 0x01, 
    0xBB, 0x01, 0x6B, 0x01, 0xEB, 0x70, 0x28, 0x02, 0x66, 0x27, 0x02, 0x5C, 
    0x26, 0x00, 0xBA, 0x01, 0x57, 0x02, 0xEB, 0x53, 0x25, 0x01, 0xBB, 0x01, 
    0x6D, 0x01, 0xEB, 0x49, 0x24, 0x01, 0x96, 0x69, 0x00, 0x00, 0x97, 0x57, 
    0x00, 0x01, 0xEB, 0x3F, 0x23, 0x01, 0xBA, 0x01, 0x59, 0x01, 0xEB, 0x36, 
    0x22, 0x02, 0x2C, 0x21, 0x00, 0xBB, 0x01, 0x6F, 0x02, 0xEB, 0x22, 0x20, 
    0x02, 0x19, 0x1F, 0x01, 0xBA, 0x01, 0x5B, 0x01, 0xEB, 0x0F, 0x1E, 0x02, 
    0x05, 0x1D, 0x00, 0xBB, 0x01, 0x71, 0x01, 0x97, 0x56, 0x64, 0x00, 0x96, 
    0x68, 0x64, 0x01, 0xEB, 0x7C, 0x1B, 0x02, 0x72, 0x1A, 0x01, 0x99, 0x24, 
    0x00, 0x00, 0x92, 0x28, 0x00, 0x00, 0x99, 0x2A, 0x00, 0x00, 0x2A, 0x50, 
    0x00, 0x91, 0x53, 0x64, 0x00, 0x92, 0x34, 0x64, 0x00, 0xBA, 0x01, 0x5D, 
    0x01, 0xEB, 0x68, 0x19, 0x01, 0xBB, 0x01, 0x73, 0x01, 0xEB, 0x5F, 0x18, 
    0x02, 0x55, 0x17, 0x02, 0xBA, 0x01, 0x5F, 0x00, 0xEB, 0x4B, 0x16, 0x02, 
    0x42, 0x15, 0x01, 0xEA, 0x00, 0x40, 0x00, 0xBB, 0x01, 0x75, 0x00, 0xBA, 
    0x06, 0x18, 0x01, 0xEB, 0x38, 0x14, 0x00, 0xEA, 0x3B, 0x3F, 0x02, 0x31, 
    0x3E, 0x00, 0xEB, 0x2E, 0x13, 0x02, 0x25, 0x12, 0x00, 0xBA, 0x01, 0x61, 
    0x00, 0xEA, 0x27, 0x3D, 0x02, 0xEB, 0x1B, 0x11, 0x00, 0xBB, 0x01, 0x77, 
    0x00, 0xEA, 0x1E, 0x3C, 0x02, 0xEB, 0x11, 0x10, 0x00, 0xEA, 0x14, 0x3B, 
    0x02, 0xEB, 0x08, 0x0F, 0x00, 0xEA, 0x0A, 0x3A, 0x01, 0xBA, 0x01, 0x63, 
    0x01, 0xEB, 0x7E, 0x0D, 0x00, 0xEA, 0x01, 0x39, 0x02, 0xBB, 0x01, 0x79, 
    0x00, 0xEB, 0x74, 0x0C, 0x00, 0xEA, 0x77, 0x37, 0x01, 0x97, 0x56, 0x00, 
    0x00, 0x96, 0x68, 0x00, 0x00, 0x97, 0x55, 0x64, 0x00, 0x96, 0x67, 0x64, 
    0x01, 0xEA, 0x6D, 0x36, 0x00, 0xEB, 0x6B, 0x0B, 0x02, 0xEA, 0x64, 0x35, 
    0x00, 0xEB, 0x61, 0x0A, 0x01, 0x99, 0x3B, 0x00, 0x00, 0x2A, 0x00, 0x00, 
    0x91, 0x53, 0x00, 0x00, 0x92, 0x34, 0x00, 0x00, 0xBA, 0x01, 0x65, 0x00, 
    0x99, 0x26, 0x64, 0x00, 0x91, 0x5F, 0x64, 0x00, 0x99, 0x2A, 0x5A, 0x00, 
    0x3B, 0x7F, 0x01, 0xEB, 0x57, 0x09, 0x00, 0xEA, 0x5A, 0x34, 0x01, 0xBB, 
    0x01, 0x7B, 0x01, 0xEA, 0x50, 0x33, 0x00, 0xEB, 0x4E, 0x08, 0x02, 0xEA, 
    0x47, 0x32, 0x00, 0xEB, 0x44, 0x07, 0x02, 0xBA, 0x01, 0x67, 0x00, 0xEB, 
    0x3A, 0x06, 0x00, 0xEA, 0x3D, 0x31, 0x02, 0x33, 0x30, 0x00, 0xEB, 0x31, 
    0x05, 0x01, 0xBB, 0x01, 0x7D, 0x01, 0xEA, 0x2A, 0x2F, 0x00, 0xEB, 0x27, 
    0x04, 0x02, 0xEA, 0x20, 0x2E, 0x00, 0xEB, 0x1D, 0x03, 0x02, 0xBA, 0x01, 
    0x69, 0x00, 0xEB, 0x14, 0x02, 0x00, 0xEA, 0x16, 0x2D, 0x02, 0x0D, 0x2C, 
    0x00, 0xEB, 0x0A, 0x01, 0x01, 0xBB, 0x01, 0x7F, 0x01, 0xEB, 0x01, 0x00, 
    0x00, 0xEA, 0x03, 0x2B, 0x01, 0x9B, 0x3E, 0x00, 0x00, 0x45, 0x00, 0x00, 
    0xBB, 0x01, 0x28, 0x00, 0xEB, 0x00, 0x40, 0x00, 0x9B, 0x4A, 0x64, 0x01, 
    0xEA, 0x79, 0x29, 0x01, 0xBA, 0x01, 0x6B, 0x01, 0xEA, 0x70, 0x28, 0x02, 
    0x66, 0x27, 0x01, 0x96, 0x67, 0x00, 0x00, 0x97, 0x55, 0x00, 0x01, 0xEA, 
    0x5C, 0x26, 0x00, 0x96, 0x69, 0x64, 0x00, 0x97, 0x57, 0x64, 0x02, 0xEA, 
    0x53, 0x25, 0x01, 0x99, 0x2E, 0x00, 0x00, 0x91, 0x5F, 0x00, 0x00, 0x99, 
    0x26, 0x00, 0x00, 0x2A, 0x64, 0x00, 0x24, 0x64, 0x00, 0x92, 0x28, 0x64, 
    0x00, 0xBA, 0x01, 0x6D, 0x01, 0xEA, 0x49, 0x24, 0x02, 0x3F, 0x23, 0x02, 
    0x36, 0x22, 0x02, 0xBA, 0x01, 0x6F, 0x00, 0xEA, 0x2C, 0x21, 0x02, 0x22, 
    0x20, 0x02, 0x19, 0x1F, 0x02, 0x0F, 0x1E, 0x02, 0x05, 0x1D, 0x00, 0xBA, 
    0x01, 0x71, 0x02, 0xEA, 0x7C, 0x1B, 0x02, 0x72, 0x1A, 0x02, 0x68, 0x19, 
    0x01, 0xBA, 0x01, 0x73, 0x01, 0xEA, 0x5F, 0x18, 0x02, 0x55, 0x17, 0x02, 
    0x96, 0x69, 0x00, 0x00, 0x97, 0x57, 0x00, 0x00, 0x96, 0x61, 0x64, 0x00, 
    0xEA, 0x4B, 0x16, 0x00, 0x97, 0x4F, 0x64, 0x02, 0xEA, 0x42, 0x15, 0x01, 
    0x99, 0x2A, 0x00, 0x00, 0x90, 0x4A, 0x00, 0x00, 0x99, 0x24, 0x00, 0x00, 
    0x98, 0x40, 0x00, 0x00, 0x92, 0x28, 0x00, 0x00, 0x91, 0x5F, 0x64, 0x00, 
    0x99, 0x2A, 0x7F, 0x00, 0x98, 0x42, 0x64, 0x00, 0xBA, 0x01, 0x75, 0x00, 
    0x92, 0x34, 0x64, 0x00, 0x90, 0x49, 0x64, 0x01, 0xEA, 0x38, 0x14, 0x02, 
    0x2E, 0x13, 0x02, 0x25, 0x12, 0x02, 0xBA, 0x01, 0x77, 0x00, 0xEA, 0x1B, 
    0x11, 0x02, 0x11, 0x10, 0x02, 0x08, 0x0F, 0x02, 0x7E, 0x0D, 0x02, 0xBA, 
    0x01, 0x79, 0x00, 0xEA, 0x74, 0x0C, 0x02, 0x6B, 0x0B, 0x02, 0x61, 0x0A, 
    0x02, 0x57, 0x09, 0x01, 0xBA, 0x01, 0x7B, 0x01, 0xEA, 0x4E, 0x08, 0x02, 
    0x44, 0x07, 0x02, 0x97, 0x4F, 0x00, 0x00, 0x96, 0x61, 0x00, 0x00, 0x66, 
    0x64, 0x00, 0x97, 0x54, 0x64, 0x00, 0xEA, 0x3A, 0x06, 0x02, 0x31, 0x05, 
    0x01, 0x91, 0x5F, 0x00, 0x00, 0x99, 0x2A, 0x00, 0x00, 0x92, 0x34, 0x00, 
    0x00, 0x34, 0x64, 0x00, 0x91, 0x53, 0x64, 0x00, 0xBA, 0x01, 0x7D, 0x00, 
    0x99, 0x2A, 0x50, 0x01, 0xEA, 0x27, 0x04, 0x02, 0x1D, 0x03, 0x02, 0x14, 
    0x02, 0x02, 0x0A, 0x01, 0x01, 0xBA, 0x01, 0x7F, 0x01, 0xEA, 0x01, 0x00, 
    0x01, 0x9A, 0x45, 0x00, 0x00, 0x3E, 0x00, 0x00, 0xEA, 0x00, 0x40, 0x00, 
    0xBA, 0x01, 0x28, 0x00, 0x9A, 0x4A, 0x64, 0x11, 0x96, 0x66, 0x00, 0x00, 
    0x97, 0x54, 0x00, 0x00, 0x96, 0x64, 0x64, 0x00, 0x97, 0x52, 0x64, 0x03, 
    0x99, 0x3B, 0x00, 0x00, 0x91, 0x53, 0x00, 0x00, 0x99, 0x2A, 0x00, 0x00, 
    0x92, 0x34, 0x00, 0x00, 0x99, 0x24, 0x64, 0x00, 0x3B, 0x7F, 0x00, 0x26, 
    0x64, 0x00, 0x2A, 0x5A, 0x14, 0x9B, 0x4A, 0x00, 0x00, 0x49, 0x64, 0x07, 
    0x97, 0x52, 0x00, 0x00, 0x96, 0x64, 0x00, 0x01, 0x97, 0x55, 0x64, 0x00, 
    0x96, 0x67, 0x64, 0x02, 0x99, 0x24, 0x00, 0x00, 0x2A, 0x00, 0x00, 0x26, 
    0x00, 0x00, 0x26, 0x4B, 0x00, 0x2A, 0x7F, 0x00, 0x92, 0x34, 0x64, 0x1C, 
    0x97, 0x55, 0x00, 0x00, 0x96, 0x67, 0x00, 0x00, 0x69, 0x64, 0x00, 0x97, 
    0x57, 0x64, 0x02, 0x99, 0x26, 0x00, 0x00, 0x90, 0x49, 0x00, 0x00, 0x98, 
    0x42, 0x00, 0x00, 0x99, 0x2A, 0x00, 0x00, 0x92, 0x34, 0x00, 0x00, 0x90, 
    0x4A, 0x64, 0x00, 0x92, 0x28, 0x64, 0x00, 0x98, 0x43, 0x64, 0x00, 0x99, 
    0x24, 0x64, 0x00, 0x2A, 0x64, 0x1C, 0x96, 0x69, 0x00, 0x00, 0x97, 0x57, 
    0x00, 0x00, 0x55, 0x64, 0x00, 0x96, 0x67, 0x64, 0x02, 0x99, 0x2A, 0x00, 
    0x00, 0x92, 0x28, 0x00, 0x00, 0x99, 0x24, 0x00, 0x00, 0x2A, 0x64, 0x00, 
    0x91, 0x53, 0x64, 0x00, 0x92, 0x34, 0x64, 0x0A, 0x9A, 0x4A, 0x00, 0x00, 
    0x49, 0x64, 0x12, 0x97, 0x55, 0x00, 0x00, 0x96, 0x67, 0x00, 0x00, 0x97, 
    0x50, 0x64, 0x00, 0x96, 0x62, 0x64, 0x02, 0x91, 0x53, 0x00, 0x00, 0x99, 
    0x3B, 0x00, 0x00, 0x92, 0x34, 0x00, 0x00, 0x99, 0x2A, 0x00, 0x00, 0x3B, 
    0x7F, 0x00, 0x26, 0x64, 0x00, 0x91, 0x5F, 0x64, 0x00, 0x99, 0x2A, 0x64, 
    0x14, 0x9B, 0x49, 0x00, 0x00, 0x4A, 0x64, 0x08, 0x96, 0x62, 0x00, 0x00, 
    0x97, 0x50, 0x00, 0x01, 0x96, 0x63, 0x64, 0x00, 0x97, 0x51, 0x64, 0x01, 
    0x99, 0x26, 0x00, 0x00, 0x2A, 0x00, 0x00, 0x91, 0x5F, 0x00, 0x00, 0x99, 
    0x2A, 0x64, 0x00, 0x92, 0x28, 0x64, 0x00, 0x99, 0x24, 0x64, 0x1D, 0x96, 
    0x63, 0x00, 0x00, 0x97, 0x51, 0x00, 0x00, 0x59, 0x64, 0x00, 0x96, 0x6B, 
    0x64, 0x01, 0x98, 0x43, 0x00, 0x00, 0x99, 0x2A, 0x00, 0x00, 0x90, 0x4A, 
    0x00, 0x00, 0x92, 0x28, 0x00, 0x00, 0x99, 0x24, 0x00, 0x00, 0x92, 0x34, 
    0x64, 0x00, 0x90, 0x49, 0x64, 0x00, 0x98, 0x45, 0x64, 0x00, 0x99, 0x2A, 
    0x7F, 0x00, 0x91, 0x5F, 0x64, 0x1D, 0x97, 0x59, 0x00, 0x00, 0x96, 0x6B, 
    0x00, 0x00, 0x67, 0x64, 0x00, 0x97, 0x55, 0x64, 0x01, 0x92, 0x34, 0x00, 
    0x00, 0x91, 0x5F, 0x00, 0x00, 0x99, 0x2A, 0x00, 0x00, 0x92, 0x34, 0x64, 
    0x00, 0x99, 0x2A, 0x64, 0x00, 0x91, 0x53, 0x64, 0x0A, 0x9A, 0x49, 0x00, 
    0x00, 0x4A, 0x64, 0x13, 0x96, 0x67, 0x00, 0x00, 0x97, 0x55, 0x00, 0x00, 
    0x96, 0x69, 0x64, 0x00, 0x97, 0x57, 0x64, 0x01, 0x92, 0x34, 0x00, 0x00, 
    0x99, 0x2A, 0x00, 0x00, 0x3B, 0x00, 0x00, 0x91, 0x53, 0x00, 0x00, 0x99, 
    0x3B, 0x7F, 0x00, 0x26, 0x64, 0x00, 0x24, 0x64, 0x00, 0x2A, 0x64, 0x14, 
    0x9B, 0x4A, 0x00, 0x00, 0x49, 0x64, 0x09, 0x96, 0x69, 0x00, 0x00, 0x97, 
    0x57, 0x00, 0x01, 0x99, 0x2A, 0x00, 0x00, 0x26, 0x00, 0x00, 0x24, 0x00, 
    0x00, 0x97, 0x50, 0x64, 0x00, 0x99, 0x2E, 0x7F, 0x00, 0x92, 0x34, 0x64, 
    0x00, 0x99, 0x26, 0x4B, 0x00, 0x96, 0x62, 0x64, 0x1E, 0x62, 0x00, 0x00, 
    0x97, 0x50, 0x00, 0x00, 0x98, 0x45, 0x00, 0x00, 0x99, 0x2A, 0x00, 0x00, 
    0x90, 0x49, 0x00, 0x00, 0x99, 0x26, 0x00, 0x00, 0x92, 0x34, 0x00, 0x00, 
    0x97, 0x52, 0x64, 0x00, 0x90, 0x4A, 0x64, 0x00, 0x99, 0x24, 0x64, 0x00, 
    0x2A, 0x7F, 0x00, 0x90, 0x45, 0x64, 0x00, 0x96, 0x64, 0x64, 0x00, 0x98, 
    0x47, 0x64, 0x00, 0x92, 0x23, 0x64, 0x1E, 0x23, 0x00, 0x00, 0x97, 0x52, 
    0x00, 0x00, 0x96, 0x64, 0x00, 0x00, 0x99, 0x2A, 0x00, 0x00, 0x24, 0x00, 
    0x00, 0x91, 0x53, 0x64, 0x00, 0x97, 0x55, 0x64, 0x00, 0x99, 0x2A, 0x50, 
    0x00, 0x96, 0x67, 0x64, 0x00, 0x92, 0x2F, 0x64, 0x0A, 0x9A, 0x4A, 0x00, 
    0x00, 0x49, 0x64, 0x14, 0x97, 0x55, 0x00, 0x00, 0x91, 0x53, 0x00, 0x00, 
    0x99, 0x3B, 0x00, 0x00, 0x2A, 0x00, 0x00, 0x92, 0x2F, 0x00, 0x00, 0x96, 
    0x67, 0x00, 0x00, 0x69, 0x64, 0x00, 0x99, 0x3B, 0x7F, 0x00, 0x97, 0x57, 
    0x64, 0x00, 0x91, 0x5F, 0x64, 0x00, 0x99, 0x2A, 0x5A, 0x00, 0x26, 0x64, 
    0x14, 0x9B, 0x49, 0x00, 0x00, 0x45, 0x64, 0x00, 0x4A, 0x64, 0x0A, 0x97, 
    0x57, 0x00, 0x00, 0x96, 0x69, 0x00, 0x00, 0x99, 0x26, 0x00, 0x00, 0x2E, 
    0x00, 0x00, 0x91, 0x5F, 0x00, 0x00, 0x92, 0x23, 0x64, 0x00, 0x99, 0x2A, 
    0x64, 0x00, 0x24, 0x64, 0x01, 0x96, 0x68, 0x64, 0x00, 0x97, 0x56, 0x64, 
    0x1D, 0x99, 0x24, 0x00, 0x00, 0x2A, 0x00, 0x00, 0x92, 0x23, 0x00, 0x00, 
    0x99, 0x2A, 0x7F, 0x00, 0x92, 0x2F, 0x64, 0x00, 0x91, 0x5F, 0x64, 0x01, 
    0x96, 0x68, 0x00, 0x00, 0x97, 0x56, 0x00, 0x00, 0x96, 0x6A, 0x64, 0x00, 
    0x97, 0x58, 0x64, 0x1D, 0x99, 0x2A, 0x00, 0x00, 0x92, 0x2F, 0x00, 0x00, 
    0x91, 0x5F, 0x00, 0x00, 0x99, 0x2A, 0x50, 0x00, 0x91, 0x53, 0x64, 0x00, 
    0x92, 0x2F, 0x64, 0x01, 0x96, 0x6A, 0x00, 0x00, 0x97, 0x58, 0x00, 0x00, 
    0x59, 0x64, 0x00, 0x96, 0x6B, 0x64, 0x09, 0x9A, 0x49, 0x00, 0x00, 0x4A, 
    0x64, 0x00, 0x45, 0x64, 0x14, 0x99, 0x3B, 0x00, 0x00, 0x91, 0x53, 0x00, 
    0x00, 0x99, 0x2A, 0x00, 0x00, 0x92, 0x2F, 0x00, 0x00, 0x99, 0x26, 0x64, 
    0x00, 0x2A, 0x5A, 0x00, 0x24, 0x64, 0x00, 0x3B, 0x7F, 0x01, 0x96, 0x6B, 
    0x00, 0x00, 0x97, 0x59, 0x00, 0x00, 0x56, 0x64, 0x00, 0x96, 0x68, 0x64, 
    0x1D, 0x99, 0x2A, 0x00, 0x00, 0x26, 0x00, 0x00, 0x24, 0x00, 0x00, 0x26, 
    0x4B, 0x00, 0x2A, 0x7F, 0x00, 0x92, 0x2F, 0x64, 0x01, 0x96, 0x68, 0x00, 
    0x00, 0x97, 0x56, 0x00, 0x01, 0x96, 0x67, 0x64, 0x00, 0x97, 0x55, 0x64, 
    0x1C, 0x92, 0x2F, 0x00, 0x00, 0x99, 0x2A, 0x00, 0x00, 0x26, 0x00, 0x00, 
    0x92, 0x26, 0x64, 0x00, 0xB0, 0x01, 0x00, 0x00, 0x99, 0x2A, 0x64, 0x00, 
    0x24, 0x64, 0x02, 0x97, 0x55, 0x00, 0x00, 0x96, 0x67, 0x00, 0x00, 0x97, 
    0x54, 0x64, 0x00, 0x96, 0x66, 0x64, 0x04, 0xB0, 0x01, 0x02, 0x07, 0x01, 
    0x04, 0x07, 0x01, 0x06, 0x07, 0x01, 0x08, 0x03, 0x99, 0x24, 0x00, 0x00, 
    0x2A, 0x00, 0x00, 0x92, 0x26, 0x00, 0x00, 0x91, 0x53, 0x64, 0x00, 0x92, 
    0x32, 0x64, 0x00, 0x99, 0x2A, 0x64, 0x02, 0x96, 0x66, 0x00, 0x00, 0x97, 
    0x54, 0x00, 0x00, 0x53, 0x64, 0x00, 0x96, 0x65, 0x64, 0x02, 0xB0, 0x01, 
    0x0A, 0x06, 0x01, 0x0C, 0x07, 0x01, 0x0E, 0x07, 0x01, 0x10, 0x06, 0x99, 
    0x3B, 0x00, 0x00, 0x2A, 0x00, 0x00, 0x92, 0x32, 0x00, 0x00, 0x91, 0x53, 
    0x00, 0x00, 0x99, 0x3B, 0x7F, 0x00, 0x91, 0x5F, 0x64, 0x00, 0x99, 0x26, 
    0x64, 0x00, 0x2A, 0x64, 0x01, 0xB0, 0x01, 0x12, 0x01, 0x96, 0x65, 0x00, 
    0x00, 0x97, 0x53, 0x00, 0x00, 0x96, 0x67, 0x64, 0x00, 0x97, 0x55, 0x64, 
    0x06, 0xB0, 0x01, 0x14, 0x07, 0x01, 0x16, 0x05, 0xBB, 0x01, 0x00, 0x01, 
    0xB0, 0x01, 0x18, 0x05, 0xBB, 0x01, 0x02, 0x02, 0xB0, 0x01, 0x1A, 0x02, 
    0x91, 0x5F, 0x00, 0x00, 0x99, 0x26, 0x00, 0x00, 0x2A, 0x00, 0x00, 0x24, 
    0x64, 0x00, 0x2A, 0x64, 0x00, 0x92, 0x26, 0x64, 0x02, 0x97, 0x55, 0x00, 
    0x00, 0x96, 0x67, 0x00, 0x01, 0xBB, 0x01, 0x04, 0x00, 0x96, 0x68, 0x64, 
    0x00, 0x97, 0x56, 0x64, 0x02, 0xB0, 0x01, 0x1C, 0x05, 0xBB, 0x01, 0x06, 
    0x02, 0xB0, 0x01, 0x1E, 0x05, 0xBB, 0x01, 0x08, 0x02, 0xB0, 0x01, 0x20, 
    0x05, 0xBB, 0x01, 0x0A, 0x02, 0xB0, 0x01, 0x22, 0x04, 0x92, 0x26, 0x00, 
    0x00, 0x99, 0x2A, 0x00, 0x00, 0x24, 0x00, 0x00, 0x91, 0x5F, 0x64, 0x00, 
    0xBB, 0x01, 0x0C, 0x00, 0x99, 0x2A, 0x7F, 0x00, 0x92, 0x32, 0x64, 0x02, 
    0xB0, 0x01, 0x24, 0x01, 0x97, 0x56, 0x00, 0x00, 0x96, 0x68, 0x00, 0x00, 
    0x62, 0x64, 0x00, 0x97, 0x50, 0x64, 0x04, 0xBB, 0x01, 0x0E, 0x02, 0xB0, 
    0x01, 0x26, 0x05, 0xBB, 0x01, 0x10, 0x02, 0xB0, 0x01, 0x28, 0x05, 0xBB, 
    0x01, 0x12, 0x02, 0xB0, 0x01, 0x2A, 0x05, 0xBB, 0x01, 0x14, 0x02, 0x92, 
    0x32, 0x00, 0x00, 0x99, 0x2A, 0x00, 0x00, 0x91, 0x5F, 0x00, 0x00, 0x99, 
    0x2A, 0x64, 0x00, 0xB0, 0x01, 0x2C, 0x00, 0x91, 0x53, 0x64, 0x00, 0x92, 
    0x32, 0x64, 0x03, 0x97, 0x50, 0x00, 0x00, 0x96, 0x62, 0x00, 0x00, 0x65, 
    0x64, 0x00, 0x97, 0x53, 0x64, 0x02, 0xBB, 0x01, 0x16, 0x02, 0xB0, 0x01, 
    0x2E, 0x03, 0xBA, 0x01, 0x00, 0x01, 0xBB, 0x01, 0x18, 0x02, 0xB0, 0x01, 
    0x30, 0x03, 0xBA, 0x01, 0x02, 0x02, 0xBB, 0x01, 0x1A, 0x02, 0xB0, 0x01, 
    0x32, 0x03, 0xBA, 0x01, 0x04, 0x02, 0xBB, 0x01, 0x1C, 0x02, 0xB0, 0x01, 
    0x34, 0x03, 0x99, 0x2A, 0x00, 0x00, 0x92, 0x32, 0x00, 0x00, 0x99, 0x3B, 
    0x00, 0x00, 0x91, 0x53, 0x00, 0x00, 0xBA, 0x01, 0x06, 0x00, 0x99, 0x26, 
    0x64, 0x00, 0x3B, 0x7F, 0x00, 0x24, 0x64, 0x00, 0x2A, 0x64, 0x02, 0xBB, 
    0x01, 0x1E, 0x01, 0x97, 0x53, 0x00, 0x00, 0x96, 0x65, 0x00, 0x00, 0x69, 
    0x64, 0x00, 0x97, 0x57, 0x64, 0x01, 0xB0, 0x01, 0x36, 0x03, 0xBA, 0x01, 
    0x08, 0x02, 0xBB, 0x01, 0x20, 0x02, 0xB0, 0x01, 0x38, 0x03, 0xBA, 0x01, 
    0x0A, 0x02, 0xBB, 0x01, 0x22, 0x02, 0xB0, 0x01, 0x3A, 0x02, 0xBA, 0x01, 
    0x0C, 0x02, 0xBB, 0x01, 0x24, 0x02, 0xB0, 0x01, 0x3C, 0x03, 0xBA, 0x01, 
    0x0E, 0x02, 0xBB, 0x01, 0x26, 0x01, 0x99, 0x2A, 0x00, 0x00, 0x26, 0x00, 
    0x00, 0x24, 0x00, 0x00, 0x2E, 0x7F, 0x00, 0x92, 0x32, 0x64, 0x00, 0x99, 
    0x26, 0x4B, 0x01, 0xB0, 0x01, 0x3E, 0x02, 0x97, 0x57, 0x00, 0x00, 0x96, 
    0x69, 0x00, 0x01, 0x97, 0x50, 0x64, 0x00, 0x96, 0x62, 0x64, 0x00, 0xBA, 
    0x01, 0x10, 0x02, 0xBB, 0x01, 0x28, 0x02, 0xB0, 0x01, 0x40, 0x03, 0xBA, 
    0x01, 0x12, 0x02, 0xBB, 0x01, 0x2A, 0x02, 0xE0, 0x00, 0x40, 0x00, 0xB0, 
    0x01, 0x42, 0x00, 0x06, 0x18, 0x02, 0xE0, 0x6D, 0x36, 0x01, 0xBA, 0x01, 
    0x14, 0x01, 0xE0, 0x5B, 0x2D, 0x01, 0xBB, 0x01, 0x2C, 0x01, 0xE0, 0x49, 
    0x24, 0x01, 0xB0, 0x01, 0x44, 0x01, 0xE0, 0x37, 0x1B, 0x02, 0x25, 0x12, 
    0x00, 0xBA, 0x01, 0x16, 0x02, 0xE0, 0x13, 0x09, 0x00, 0xBB, 0x01, 0x2E, 
    0x02, 0xE0, 0x01, 0x00, 0x00, 0xB0, 0x01, 0x32, 0x01, 0x99, 0x26, 0x00, 
    0x00, 0x2A, 0x00, 0x00, 0x90, 0x45, 0x00, 0x00, 0x4A, 0x00, 0x00, 0x98, 
    0x47, 0x00, 0x00, 0x92, 0x32, 0x00, 0x00, 0x21, 0x64, 0x00, 0x99, 0x24, 
    0x64, 0x00, 0xE0, 0x00, 0x40, 0x00, 0x90, 0x45, 0x64, 0x00, 0xE0, 0x00, 
    0x40, 0x00, 0x98, 0x45, 0x64, 0x00, 0x99, 0x2A, 0x7F, 0x01, 0xBA, 0x01, 
    0x18, 0x02, 0xBB, 0x01, 0x30, 0x01, 0x96, 0x62, 0x00, 0x00, 0x97, 0x50, 
    0x00, 0x00, 0x51, 0x64, 0x00, 0x96, 0x63, 0x64, 0x04, 0xBA, 0x01, 0x1A, 
    0x02, 0xBB, 0x01, 0x32, 0x05, 0xBA, 0x01, 0x1C, 0x02, 0xBB, 0x01, 0x34, 
    0x05, 0xBA, 0x01, 0x1E, 0x02, 0xBB, 0x01, 0x36, 0x05, 0xBA, 0x01, 0x20, 
    0x01, 0x99, 0x2A, 0x00, 0x00, 0x92, 0x21, 0x00, 0x00, 0x99, 0x24, 0x00, 
    0x00, 0x2A, 0x50, 0x00, 0x92, 0x2D, 0x64, 0x00, 0x91, 0x53, 0x64, 0x01, 
    0xBB, 0x01, 0x38, 0x03, 0x97, 0x51, 0x00, 0x00, 0x96, 0x63, 0x00, 0x00, 
    0x6B, 0x64, 0x00, 0x97, 0x59, 0x64, 0x02, 0xBA, 0x01, 0x22, 0x02, 0xBB, 
    0x01, 0x3A, 0x04, 0xBA, 0x01, 0x24, 0x02, 0xBB, 0x01, 0x3C, 0x05, 0xBA, 
    0x01, 0x26, 0x02, 0xBB, 0x01, 0x3E, 0x05, 0xBA, 0x01, 0x28, 0x02, 0xBB, 
    0x01, 0x40, 0x02, 0x99, 0x2A, 0x00, 0x00, 0x92, 0x2D, 0x00, 0x00, 0x99, 
    0x3B, 0x00, 0x00, 0x91, 0x53, 0x00, 0x00, 0x5F, 0x64, 0x00, 0x99, 0x26, 
    0x64, 0x00, 0x2A, 0x5A, 0x00, 0x3B, 0x7F, 0x03, 0xBA, 0x01, 0x2A, 0x01, 
    0x97, 0x59, 0x00, 0x00, 0x96, 0x6B, 0x00, 0x00, 0x97, 0x4E, 0x64, 0x00, 
    0x96, 0x60, 0x64, 0x01, 0xBB, 0x01, 0x42, 0x00, 0xEB, 0x00, 0x40, 0x00, 
    0xBB, 0x06, 0x18, 0x02, 0xEB, 0x6D, 0x36, 0x02, 0x5B, 0x2D, 0x01, 0xBA, 
    0x01, 0x2C, 0x01, 0xEB, 0x49, 0x24, 0x01, 0xBB, 0x01, 0x44, 0x01, 0xEB, 
    0x37, 0x1B, 0x02, 0x25, 0x12, 0x02, 0xBA, 0x01, 0x2E, 0x00, 0xEB, 0x13, 
    0x09, 0x02, 0x01, 0x00, 0x00, 0xBB, 0x01, 0x32, 0x01, 0x9B, 0x4A, 0x00, 
    0x00, 0x45, 0x00, 0x00, 0xEB, 0x00, 0x40, 0x00, 0x9B, 0x45, 0x64, 0x00, 
    0xEB, 0x00, 0x40, 0x03, 0xBA, 0x01, 0x30, 0x07, 0x99, 0x2E, 0x00, 0x00, 
    0x26, 0x00, 0x00, 0x91, 0x5F, 0x00, 0x00, 0xBA, 0x01, 0x32, 0x00, 0x99, 
    0x24, 0x64, 0x00, 0x92, 0x21, 0x64, 0x00, 0x99, 0x2A, 0x64, 0x04, 0x97, 
    0x4E, 0x00, 0x00, 0x96, 0x60, 0x00, 0x01, 0x97, 0x5A, 0x64, 0x00, 0x96, 
    0x6C, 0x64, 0x02, 0xBA, 0x01, 0x34, 0x07, 0x01, 0x36, 0x07, 0x01, 0x38, 
    0x07, 0x01, 0x3A, 0x02, 0x99, 0x2A, 0x00, 0x00, 0x90, 0x45, 0x00, 0x00, 
    0x98, 0x45, 0x00, 0x00, 0x92, 0x21, 0x00, 0x00, 0x99, 0x24, 0x00, 0x00, 
    0x2A, 0x7F, 0x00, 0x98, 0x44, 0x64, 0x00, 0x91, 0x5F, 0x64, 0x00, 0x90, 
    0x44, 0x64, 0x00, 0x92, 0x2D, 0x64, 0x04, 0xBA, 0x01, 0x3C, 0x01, 0x97, 
    0x5A, 0x00, 0x00, 0x96, 0x6C, 0x00, 0x00, 0x65, 0x64, 0x00, 0x97, 0x53, 
    0x64, 0x06, 0xBA, 0x01, 0x3E, 0x07, 0x01, 0x40, 0x07, 0x06, 0x18, 0x00, 
    0xEA, 0x00, 0x40, 0x00, 0xBA, 0x01, 0x42, 0x02, 0xEA, 0x6D, 0x36, 0x02, 
    0x5B, 0x2D, 0x01, 0x91, 0x5F, 0x00, 0x00, 0x99, 0x2A, 0x00, 0x00, 0x92, 
    0x2D, 0x00, 0x00, 0x99, 0x2A, 0x50, 0x00, 0x91, 0x53, 0x64, 0x00, 0x92, 
    0x2D, 0x64, 0x01, 0xEA, 0x49, 0x24, 0x01, 0xBA, 0x01, 0x44, 0x01, 0xEA, 
    0x37, 0x1B, 0x02, 0x96, 0x65, 0x00, 0x00, 0x97, 0x53, 0x00, 0x00, 0x4F, 
    0x64, 0x00, 0x96, 0x61, 0x64, 0x00, 0xEA, 0x25, 0x12, 0x02, 0x13, 0x09, 
    0x02, 0x01, 0x00, 0x00, 0xBA, 0x01, 0x32, 0x01, 0x9A, 0x4A, 0x00, 0x00, 
    0x45, 0x00, 0x00, 0xEA, 0x00, 0x40, 0x00, 0x9A, 0x45, 0x64, 0x00, 0xEA, 
    0x00, 0x40, 0x14, 0x99, 0x3B, 0x00, 0x00, 0x91, 0x53, 0x00, 0x00, 0x99, 
    0x2A, 0x00, 0x00, 0x92, 0x2D, 0x00, 0x00, 0x99, 0x24, 0x64, 0x00, 0x3B, 
    0x7F, 0x00, 0x26, 0x64, 0x00, 0x2A, 0x5A, 0x05, 0x97, 0x4F, 0x00, 0x00, 
    0x96, 0x61, 0x00, 0x00, 0x68, 0x64, 0x00, 0x97, 0x56, 0x64, 0x0F, 0x9B, 
    0x45, 0x00, 0x00, 0x44, 0x64, 0x0A, 0x99, 0x2A, 0x00, 0x00, 0x24, 0x00, 
    0x00, 0x26, 0x00, 0x00, 0x26, 0x4B, 0x00, 0x2A, 0x7F, 0x00, 0x92, 0x2D, 
    0x64, 0x05, 0x96, 0x68, 0x00, 0x00, 0x97, 0x56, 0x00, 0x01, 0x96, 0x61, 
    0x64, 0x00, 0x97, 0x4F, 0x64, 0x18, 0x99, 0x26, 0x00, 0x00, 0x2A, 0x00, 
    0x00, 0x90, 0x44, 0x00, 0x00, 0x98, 0x44, 0x00, 0x00, 0x92, 0x2D, 0x00, 
    0x00, 0x99, 0x24, 0x64, 0x00, 0x92, 0x21, 0x64, 0x00, 0x90, 0x45, 0x64, 
    0x00, 0x99, 0x2A, 0x64, 0x00, 0x98, 0x42, 0x64, 0x06, 0x96, 0x61, 0x00, 
    0x00, 0x97, 0x4F, 0x00, 0x00, 0x5A, 0x64, 0x00, 0x96, 0x6C, 0x64, 0x18, 
    0x99, 0x24, 0x00, 0x00, 0x2A, 0x00, 0x00, 0x92, 0x21, 0x00, 0x00, 0x2D, 
    0x64, 0x00, 0x99, 0x2A, 0x64, 0x00, 0x91, 0x53, 0x64, 0x06, 0x96, 0x6C, 
    0x00, 0x00, 0x97, 0x5A, 0x00, 0x00, 0x53, 0x64, 0x00, 0x96, 0x65, 0x64, 
    0x04, 0x9A, 0x45, 0x00, 0x00, 0x44, 0x64, 0x14, 0x99, 0x2A, 0x00, 0x00, 
    0x92, 0x2D, 0x00, 0x00, 0x99, 0x3B, 0x00, 0x00, 0x91, 0x53, 0x00, 0x00, 
    0x5F, 0x64, 0x00, 0x99, 0x2A, 0x64, 0x00, 0x3B, 0x7F, 0x00, 0x26, 0x64, 
    0x06, 0x97, 0x53, 0x00, 0x00, 0x96, 0x65, 0x00, 0x00, 0x97, 0x5A, 0x64, 
    0x00, 0x96, 0x6C, 0x64, 0x0E, 0x9B, 0x44, 0x00, 0x00, 0x45, 0x64, 0x0A, 
    0x91, 0x5F, 0x00, 0x00, 0x99, 0x2A, 0x00, 0x00, 0x26, 0x00, 0x00, 0x24, 
    0x64, 0x00, 0x2A, 0x64, 0x00, 0x92, 0x21, 0x64, 0x06, 0x97, 0x5A, 0x00, 
    0x00, 0x96, 0x6C, 0x00, 0x01, 0x62, 0x64, 0x00, 0x97, 0x50, 0x64, 0x17, 
    0x99, 0x24, 0x00, 0x00, 0x98, 0x42, 0x00, 0x00, 0x99, 0x2A, 0x00, 0x00, 
    0x90, 0x45, 0x00, 0x00, 0x92, 0x21, 0x00, 0x00, 0x91, 0x5F, 0x64, 0x00, 
    0x99, 0x2A, 0x7F, 0x00, 0x90, 0x44, 0x64, 0x00, 0x92, 0x2D, 0x64, 0x00, 
    0x98, 0x40, 0x64, 0x07, 0x96, 0x62, 0x00, 0x00, 0x97, 0x50, 0x00, 0x00, 
    0x96, 0x64, 0x64, 0x00, 0x97, 0x52, 0x64, 0x17, 0x91, 0x5F, 0x00, 0x00, 
    0x99, 0x2A, 0x00, 0x00, 0x92, 0x2D, 0x00, 0x00, 0x91, 0x53, 0x64, 0x00, 
    0x92, 0x2D, 0x64, 0x00, 0x99, 0x2A, 0x64, 0x07, 0x96, 0x64, 0x00, 0x00, 
    0x97, 0x52, 0x00, 0x00, 0x50, 0x64, 0x00, 0x96, 0x62, 0x64, 0x03, 0x9A, 
    0x44, 0x00, 0x00, 0x45, 0x64, 0x14, 0x91, 0x53, 0x00, 0x00, 0x99, 0x2A, 
    0x00, 0x00, 0x3B, 0x00, 0x00, 0x92, 0x2D, 0x00, 0x00, 0x99, 0x24, 0x64, 
    0x00, 0x3B, 0x7F, 0x00, 0x26, 0x64, 0x00, 0x2A, 0x64, 0x07, 0x97, 0x50, 
    0x00, 0x00, 0x96, 0x62, 0x00, 0x00, 0x6C, 0x64, 0x00, 0x97, 0x5A, 0x64, 
    0x0D, 0x9B, 0x45, 0x00, 0x00, 0x44, 0x64, 0x0A, 0x99, 0x2A, 0x00, 0x00, 
    0x24, 0x00, 0x00, 0x26, 0x00, 0x00, 0x26, 0x4B, 0x00, 0x92, 0x2D, 0x64, 
    0x00, 0x99, 0x2E, 0x7F, 0x07, 0x96, 0x6C, 0x00, 0x00, 0x97, 0x5A, 0x00, 
    0x01, 0x96, 0x69, 0x64, 0x00, 0x97, 0x57, 0x64, 0x16, 0x99, 0x26, 0x00, 
    0x00, 0x98, 0x40, 0x00, 0x00, 0x90, 0x44, 0x00, 0x00, 0x99, 0x2A, 0x00, 
    0x00, 0x92, 0x2D, 0x00, 0x00, 0x99, 0x2A, 0x7F, 0x00, 0x92, 0x23, 0x64, 
    0x00, 0xB0, 0x06, 0x02, 0x00, 0x98, 0x3E, 0x64, 0x00, 0x90, 0x45, 0x64, 
    0x00, 0x3E, 0x64, 0x00, 0xB0, 0x01, 0x00, 0x00, 0x99, 0x24, 0x64, 0x03, 
    0xB0, 0x01, 0x01, 0x05, 0x96, 0x69, 0x00, 0x00, 0x97, 0x57, 0x00, 0x00, 
    0x5A, 0x64, 0x00, 0x96, 0x6C, 0x64, 0x03, 0xB0, 0x01, 0x03, 0x07, 0x01, 
    0x05, 0x08, 0x01, 0x07, 0x04, 0x92, 0x23, 0x00, 0x00, 0x99, 0x2A, 0x00, 
    0x00, 0x24, 0x00, 0x00, 0x2A, 0x50, 0x00, 0x92, 0x2F, 0x64, 0x00, 0x91, 
    0x53, 0x64, 0x03, 0xB0, 0x01, 0x09, 0x05, 0x97, 0x5A, 0x00, 0x00, 0x96, 
    0x6C, 0x00, 0x00, 0x66, 0x64, 0x00, 0x97, 0x54, 0x64, 0x02, 0x9A, 0x45, 
    0x00, 0x00, 0x44, 0x64, 0x01, 0xB0, 0x01, 0x0B, 0x07, 0x01, 0x0D, 0x08, 
    0x01, 0x0F, 0x04, 0x99, 0x2A, 0x00, 0x00, 0x3B, 0x00, 0x00, 0x92, 0x2F, 
    0x00, 0x00, 0x91, 0x53, 0x00, 0x00, 0x99, 0x2A, 0x5A, 0x00, 0x91, 0x5F, 
    0x64, 0x00, 0x99, 0x3B, 0x7F, 0x00, 0x26, 0x64, 0x03, 0xB0, 0x01, 0x11, 
    0x05, 0x97, 0x54, 0x00, 0x00, 0x96, 0x66, 0x00, 0x00, 0x62, 0x64, 0x00, 
    0x97, 0x50, 0x64, 0x03, 0xB0, 0x01, 0x13, 0x08, 0x01, 0x15, 0x01, 0x9B, 
    0x44, 0x00, 0x00, 0xBB, 0x06, 0x02, 0x00, 0x9B, 0x45, 0x64, 0x00, 0xBB, 
    0x01, 0x00, 0x00, 0x9B, 0x3E, 0x64, 0x03, 0xBB, 0x01, 0x01, 0x03, 0xB0, 
    0x01, 0x17, 0x04, 0x99, 0x2E, 0x00, 0x00, 0x91, 0x5F, 0x00, 0x00, 0x99, 
    0x26, 0x00, 0x00, 0x2A, 0x64, 0x00, 0x92, 0x23, 0x64, 0x00, 0x99, 0x24, 
    0x64, 0x01, 0xBB, 0x01, 0x03, 0x03, 0xB0, 0x01, 0x19, 0x04, 0x97, 0x50, 
    0x00, 0x00, 0x96, 0x62, 0x00, 0x00, 0xBB, 0x01, 0x05, 0x01, 0x97, 0x56, 
    0x64, 0x00, 0x96, 0x68, 0x64, 0x02, 0xB0, 0x01, 0x1B, 0x05, 0xBB, 0x01, 
    0x07, 0x03, 0xB0, 0x01, 0x1D, 0x04, 0xBB, 0x01, 0x09, 0x03, 0xB0, 0x01, 
    0x1F, 0x04, 0x99, 0x2A, 0x00, 0x00, 0x92, 0x23, 0x00, 0x00, 0x99, 0x24, 
    0x00, 0x00, 0x91, 0x5F, 0x64, 0x00, 0x92, 0x2F, 0x64, 0x00, 0x99, 0x2A, 
    0x7F, 0x01, 0xBB, 0x01, 0x0B, 0x03, 0xB0, 0x01, 0x21, 0x04, 0xBB, 0x01, 
    0x0D, 0x01, 0x97, 0x56, 0x00, 0x00, 0x96, 0x68, 0x00, 0x00, 0x66, 0x64, 
    0x00, 0x97, 0x54, 0x64, 0x02, 0xB0, 0x01, 0x23, 0x05, 0xBB, 0x01, 0x0F, 
    0x03, 0xB0, 0x01, 0x25, 0x04, 0xBB, 0x01, 0x11, 0x03, 0xB0, 0x01, 0x27, 
    0x04, 0x91, 0x5F, 0x00, 0x00, 0x99, 0x2A, 0x00, 0x00, 0x92, 0x2F, 0x00, 
    0x00, 0x91, 0x53, 0x64, 0x00, 0x92, 0x2F, 0x64, 0x00, 0x99, 0x2A, 0x50, 
    0x01, 0xBB, 0x01, 0x13, 0x03, 0xB0, 0x01, 0x29, 0x05, 0x96, 0x66, 0x00, 
    0x00, 0x97, 0x54, 0x00, 0x00, 0x96, 0x67, 0x64, 0x00, 0xBB, 0x01, 0x15, 
    0x00, 0x97, 0x55, 0x64, 0x01, 0x9A, 0x44, 0x00, 0x00, 0xBA, 0x01, 0x00, 
    0x00, 0x9A, 0x45, 0x64, 0x00, 0xBA, 0x06, 0x02, 0x00, 0x9A, 0x3E, 0x64, 
    0x01, 0xB0, 0x01, 0x2B, 0x02, 0xBA, 0x01, 0x01, 0x03, 0xBB, 0x01, 0x17, 
    0x03, 0xB0, 0x01, 0x2D, 0x02, 0xBA, 0x01, 0x03, 0x03, 0xBB, 0x01, 0x19, 
    0x02, 0xB0, 0x01, 0x2F, 0x02, 0xBA, 0x01, 0x05, 0x02, 0x99, 0x2A, 0x00, 
    0x00, 0x91, 0x53, 0x00, 0x00, 0x99, 0x3B, 0x00, 0x00, 0x92, 0x2F, 0x00, 
    0x00, 0x99, 0x24, 0x64, 0x00, 0x26, 0x64, 0x00, 0x3B, 0x7F, 0x00, 0x2A, 
    0x5A, 0x01, 0xBB, 0x01, 0x1B, 0x03, 0xB0, 0x01, 0x31, 0x02, 0xBA, 0x01, 
    0x07, 0x03, 0x97, 0x55, 0x00, 0x00, 0x96, 0x67, 0x00, 0x00, 0x97, 0x51, 
    0x64, 0x00, 0xBB, 0x01, 0x1D, 0x00, 0x96, 0x63, 0x64, 0x02, 0xB0, 0x01, 
    0x33, 0x02, 0xBA, 0x01, 0x09, 0x03, 0xBB, 0x01, 0x1F, 0x03, 0xB0, 0x01, 
    0x35, 0x02, 0xBA, 0x01, 0x0B, 0x03, 0xBB, 0x01, 0x21, 0x03, 0xB0, 0x01, 
    0x37, 0x01, 0xBA, 0x01, 0x0D, 0x02, 0x99, 0x24, 0x00, 0x00, 0x2A, 0x00, 
    0x00, 0x26, 0x00, 0x00, 0x92, 0x2F, 0x64, 0x00, 0x99, 0x26, 0x4B, 0x00, 
    0x2A, 0x7F, 0x01, 0xBB, 0x01, 0x23, 0x03, 0xB0, 0x01, 0x39, 0x02, 0xBA, 
    0x01, 0x0F, 0x03, 0x96, 0x63, 0x00, 0x00, 0x97, 0x51, 0x00, 0x00, 0xBB, 
    0x01, 0x25, 0x01, 0x96, 0x65, 0x64, 0x00, 0x97, 0x53, 0x64, 0x02, 0xB0, 
    0x01, 0x3B, 0x01, 0xBA, 0x01, 0x11, 0x03, 0xBB, 0x01, 0x27, 0x03, 0xB0, 
    0x01, 0x3D, 0x02, 0xBA, 0x01, 0x13, 0x03, 0xBB, 0x01, 0x29, 0x03, 0xB0, 
    0x01, 0x3F, 0x02, 0xBA, 0x01, 0x15, 0x01, 0x99, 0x2A, 0x00, 0x00, 0x26, 
    0x00, 0x00, 0x92, 0x2F, 0x00, 0x00, 0xB0, 0x01, 0x40, 0x00, 0x98, 0x42, 
    0x64, 0x00, 0x99, 0x24, 0x64, 0x00, 0x92, 0x26, 0x64, 0x00, 0x99, 0x2A, 
    0x64, 0x01, 0xBB, 0x01, 0x2B, 0x03, 0xB0, 0x01, 0x41, 0x02, 0xBA, 0x01, 
    0x17, 0x03, 0xBB, 0x01, 0x2D, 0x01, 0x97, 0x53, 0x00, 0x00, 0x96, 0x65, 
    0x00, 0x00, 0x97, 0x51, 0x64, 0x00, 0x96, 0x63, 0x64, 0x02, 0xB0, 0x01, 
    0x43, 0x02, 0xBA, 0x01, 0x19, 0x02, 0xBB, 0x01, 0x2F, 0x03, 0xB0, 0x01, 
    0x45, 0x02, 0xBA, 0x01, 0x1B, 0x03, 0xBB, 0x01, 0x31, 0x03, 0xB0, 0x01, 
    0x47, 0x02, 0xBA, 0x01, 0x1D, 0x01, 0x92, 0x26, 0x00, 0x00, 0x99, 0x2A, 
    0x00, 0x00, 0x24, 0x00, 0x00, 0x92, 0x32, 0x64, 0x00, 0x91, 0x53, 0x64, 
    0x00, 0x99, 0x2A, 0x64, 0x01, 0xBB, 0x01, 0x33, 0x03, 0xB0, 0x01, 0x49, 
    0x02, 0xBA, 0x01, 0x1F, 0x03, 0xBB, 0x01, 0x35, 0x01, 0x96, 0x63, 0x00, 
    0x00, 0x97, 0x51, 0x00, 0x00, 0x96, 0x69, 0x64, 0x00, 0x97, 0x57, 0x64, 
    0x02, 0xB0, 0x01, 0x4B, 0x02, 0xBA, 0x01, 0x21, 0x03, 0xBB, 0x01, 0x37, 
    0x02, 0xB0, 0x01, 0x4D, 0x02, 0xBA, 0x01, 0x23, 0x03, 0xBB, 0x01, 0x39, 
    0x03, 0xB0, 0x01, 0x4F, 0x02, 0xBA, 0x01, 0x25, 0x01, 0x91, 0x53, 0x00, 
    0x00, 0x99, 0x2A, 0x00, 0x00, 0x92, 0x32, 0x00, 0x00, 0x99, 0x3B, 0x00, 
    0x00, 0x26, 0x64, 0x00, 0x2A, 0x64, 0x00, 0x3B, 0x7F, 0x00, 0x91, 0x5F, 
    0x64, 0x02, 0xBB, 0x01, 0x3B, 0x02, 0xB0, 0x01, 0x51, 0x02, 0xBA, 0x01, 
    0x27, 0x03, 0xBB, 0x01, 0x3D, 0x01, 0x97, 0x57, 0x00, 0x00, 0x96, 0x69, 
    0x00, 0x00, 0x62, 0x64, 0x00, 0x97, 0x50, 0x64, 0x02, 0xB0, 0x01, 0x53, 
    0x02, 0xBA, 0x01, 0x29, 0x03, 0xBB, 0x01, 0x3F, 0x02, 0xB0, 0x01, 0x55, 
    0x01, 0xBB, 0x01, 0x40, 0x01, 0xBA, 0x01, 0x2B, 0x03, 0xBB, 0x01, 0x41, 
    0x03, 0xB0, 0x01, 0x57, 0x02, 0xBA, 0x01, 0x2D, 0x01, 0x91, 0x5F, 0x00, 
    0x00, 0x99, 0x26, 0x00, 0x00, 0x2A, 0x00, 0x00, 0x92, 0x26, 0x64, 0x00, 
    0x99, 0x24, 0x64, 0x00, 0x2A, 0x64, 0x02, 0xBB, 0x01, 0x43, 0x02, 0xB0, 
    0x01, 0x59, 0x02, 0xBA, 0x01, 0x2F, 0x03, 0xBB, 0x01, 0x45, 0x01, 0x97, 
    0x50, 0x00, 0x00, 0x96, 0x62, 0x00, 0x01, 0x65, 0x64, 0x00, 0x97, 0x53, 
    0x64, 0x01, 0xB0, 0x01, 0x5B, 0x02, 0xBA, 0x01, 0x31, 0x03, 0xBB, 0x01, 
    0x47, 0x03, 0xB0, 0x01, 0x5D, 0x01, 0xBA, 0x01, 0x33, 0x03, 0xBB, 0x01, 
    0x49, 0x03, 0xB0, 0x01, 0x5F, 0x02, 0xBA, 0x01, 0x35, 0x01, 0x99, 0x24, 
    0x00, 0x00, 0x2A, 0x00, 0x00, 0x92, 0x26, 0x00, 0x00, 0xE0, 0x00, 0x40, 
    0x00, 0x91, 0x5F, 0x64, 0x00, 0x99, 0x2A, 0x7F, 0x00, 0xB0, 0x06, 0x18, 
    0x00, 0x92, 0x32, 0x64, 0x01, 0xE0, 0x3B, 0x3F, 0x01, 0xBB, 0x01, 0x4B, 
    0x01, 0xE0, 0x31, 0x3E, 0x02, 0xB0, 0x01, 0x61, 0x00, 0xE0, 0x27, 0x3D, 
    0x02, 0x1E, 0x3C, 0x00, 0xBA, 0x01, 0x37, 0x02, 0xE0, 0x14, 0x3B, 0x00, 
    0xBB, 0x01, 0x4D, 0x02, 0x97, 0x53, 0x00, 0x00, 0x96, 0x65, 0x00, 0x00, 
    0x60, 0x64, 0x00, 0x97, 0x4E, 0x64, 0x00, 0xE0, 0x0A, 0x3A, 0x01, 0xB0, 
    0x01, 0x63, 0x01, 0xE0, 0x01, 0x39, 0x01, 0xBA, 0x01, 0x39, 0x01, 0xE0, 
    0x77, 0x37, 0x02, 0xBB, 0x01, 0x4F, 0x00, 0xE0, 0x6D, 0x36, 0x02, 0x64, 
    0x35, 0x01, 0xB0, 0x01, 0x65, 0x01, 0xE0, 0x5A, 0x34, 0x01, 0xBA, 0x01, 
    0x3B, 0x01, 0xE0, 0x50, 0x33, 0x01, 0xBB, 0x01, 0x51, 0x01, 0xE0, 0x47, 
    0x32, 0x02, 0xB0, 0x01, 0x67, 0x00, 0xE0, 0x3D, 0x31, 0x02, 0xBA, 0x01, 
    0x3D, 0x00, 0xE0, 0x33, 0x30, 0x01, 0x92, 0x32, 0x00, 0x00, 0x91, 0x5F, 
    0x00, 0x00, 0x99, 0x2A, 0x00, 0x00, 0x91, 0x53, 0x64, 0x00, 0x99, 0x2A, 
    0x64, 0x00, 0x92, 0x32, 0x64, 0x01, 0xE0, 0x2A, 0x2F, 0x01, 0xBB, 0x01, 
    0x53, 0x01, 0xE0, 0x20, 0x2E, 0x02, 0xB0, 0x01, 0x69, 0x00, 0xE0, 0x16, 
    0x2D, 0x02, 0xBA, 0x01, 0x3F, 0x00, 0xE0, 0x0D, 0x2C, 0x02, 0x03, 0x2B, 
    0x00, 0xBB, 0x01, 0x55, 0x01, 0xBA, 0x01, 0x40, 0x01, 0x97, 0x4E, 0x00, 
    0x00, 0x96, 0x60, 0x00, 0x00, 0x67, 0x64, 0x00, 0xE0, 0x79, 0x29, 0x00, 
    0x97, 0x55, 0x64, 0x01, 0xB0, 0x01, 0x6B, 0x01, 0xE0, 0x70, 0x28, 0x01, 
    0xBA, 0x01, 0x41, 0x01, 0xE0, 0x66, 0x27, 0x02, 0x5C, 0x26, 0x00, 0xBB, 
    0x01, 0x57, 0x02, 0xE0, 0x53, 0x25, 0x01, 0xB0, 0x01, 0x6D, 0x01, 0xE0, 
    0x49, 0x24, 0x01, 0xBA, 0x01, 0x43, 0x01, 0xE0, 0x3F, 0x23, 0x01, 0xBB, 
    0x01, 0x59, 0x01, 0xE0, 0x36, 0x22, 0x02, 0xB0, 0x01, 0x6F, 0x00, 0xE0, 
    0x2C, 0x21, 0x02, 0x22, 0x20, 0x00, 0xBA, 0x01, 0x45, 0x01, 0x92, 0x32, 
    0x00, 0x00, 0x99, 0x2A, 0x00, 0x00, 0x91, 0x53, 0x00, 0x00, 0x99, 0x3B, 
    0x00, 0x00, 0x3B, 0x7F, 0x00, 0x24, 0x64, 0x00, 0x26, 0x64, 0x00, 0x2A, 
    0x64, 0x01, 0xE0, 0x19, 0x1F, 0x01, 0xBB, 0x01, 0x5B, 0x01, 0xE0, 0x0F, 
    0x1E, 0x02, 0xB0, 0x01, 0x71, 0x00, 0xE0, 0x05, 0x1D, 0x02, 0x7C, 0x1B, 
    0x00, 0xBA, 0x01, 0x47, 0x02, 0xE0, 0x72, 0x1A, 0x01, 0xBB, 0x01, 0x5D, 
    0x01, 0x97, 0x55, 0x00, 0x00, 0x96, 0x67, 0x00, 0x00, 0xE0, 0x68, 0x19, 
    0x00, 0x97, 0x56, 0x64, 0x00, 0x96, 0x68, 0x64, 0x01, 0xB0, 0x01, 0x73, 
    0x01, 0xE0, 0x5F, 0x18, 0x01, 0xBA, 0x01, 0x49, 0x01, 0xE0, 0x55, 0x17, 
    0x02, 0xBB, 0x01, 0x5F, 0x00, 0xE0, 0x4B, 0x16, 0x02, 0x42, 0x15, 0x01, 
    0xBB, 0x06, 0x18, 0x00, 0xEB, 0x00, 0x40, 0x00, 0xB0, 0x01, 0x75, 0x01, 
    0xE0, 0x38, 0x14, 0x00, 0xEB, 0x3B, 0x3F, 0x01, 0xBA, 0x01, 0x4B, 0x01, 
    0xE0, 0x2E, 0x13, 0x00, 0xEB, 0x31, 0x3E, 0x02, 0xBB, 0x01, 0x61, 0x00, 
    0xE0, 0x25, 0x12, 0x00, 0xEB, 0x27, 0x3D, 0x02, 0xE0, 0x1B, 0x11, 0x00, 
    0xEB, 0x1E, 0x3C, 0x00, 0xB0, 0x01, 0x77, 0x02, 0xBA, 0x01, 0x4D, 0x00, 
    0xE0, 0x11, 0x10, 0x00, 0xEB, 0x14, 0x3B, 0x01, 0x99, 0x26, 0x00, 0x00, 
    0x24, 0x00, 0x00, 0x2A, 0x00, 0x00, 0x26, 0x4B, 0x00, 0x2E, 0x7F, 0x00, 
    0x92, 0x32, 0x64, 0x01, 0xEB, 0x0A, 0x3A, 0x00, 0xE0, 0x08, 0x0F, 0x01, 
    0xBB, 0x01, 0x63, 0x01, 0xEB, 0x01, 0x39, 0x00, 0xE0, 0x7E, 0x0D, 0x02, 
    0xB0, 0x01, 0x79, 0x00, 0xE0, 0x74, 0x0C, 0x00, 0xEB, 0x77, 0x37, 0x02, 
    0x6D, 0x36, 0x00, 0xE0, 0x6B, 0x0B, 0x00, 0xBA, 0x01, 0x4F, 0x02, 0xEB, 
    0x64, 0x35, 0x00, 0xE0, 0x61, 0x0A, 0x01, 0xBB, 0x01, 0x65, 0x01, 0x96, 
    0x68, 0x00, 0x00, 0x97, 0x56, 0x00, 0x00, 0xEB, 0x5A, 0x34, 0x00, 0xE0, 
    0x57, 0x09, 0x01, 0x96, 0x69, 0x64, 0x00, 0x97, 0x57, 0x64, 0x00, 0xB0, 
    0x01, 0x7B, 0x01, 0xEB, 0x50, 0x33, 0x00, 0xE0, 0x4E, 0x08, 0x01, 0xBA, 
    0x01, 0x51, 0x01, 0xE0, 0x44, 0x07, 0x00, 0xEB, 0x47, 0x32, 0x02, 0xBB, 
    0x01, 0x67, 0x00, 0xE0, 0x3A, 0x06, 0x00, 0xEB, 0x3D, 0x31, 0x02, 0x33, 
    0x30, 0x00, 0xE0, 0x31, 0x05, 0x01, 0xB0, 0x01, 0x7D, 0x01, 0xEB, 0x2A, 
    0x2F, 0x00, 0xE0, 0x27, 0x04, 0x01, 0xBA, 0x01, 0x53, 0x01, 0xEB, 0x20, 
    0x2E, 0x00, 0xE0, 0x1D, 0x03, 0x02, 0xBB, 0x01, 0x69, 0x00, 0xE0, 0x14, 
    0x02, 0x00, 0xEB, 0x16, 0x2D, 0x02, 0x0D, 0x2C, 0x00, 0xE0, 0x0A, 0x01, 
    0x01, 0xB0, 0x01, 0x7F, 0x01, 0xBA, 0x01, 0x55, 0x00, 0xEB, 0x03, 0x2B, 
    0x00, 0xE0, 0x01, 0x00, 0x01, 0x99, 0x2A, 0x00, 0x00, 0x92, 0x32, 0x00, 
    0x00, 0x98, 0x42, 0x00, 0x00, 0x3E, 0x00, 0x00, 0x90, 0x3E, 0x00, 0x00, 
    0x99, 0x26, 0x00, 0x00, 0x90, 0x45, 0x00, 0x00, 0x4A, 0x64, 0x00, 0xB0, 
    0x01, 0x28, 0x00, 0x99, 0x24, 0x64, 0x00, 0xE0, 0x00, 0x40, 0x00, 0x99, 
    0x2A, 0x7F, 0x00, 0x92, 0x28, 0x64, 0x00, 0x98, 0x40, 0x64, 0x01, 0xEB, 
    0x79, 0x29, 0x01, 0xBB, 0x01, 0x6B, 0x01, 0xEB, 0x70, 0x28, 0x02, 0x66, 
    0x27, 0x02, 0x5C, 0x26, 0x00, 0xBA, 0x01, 0x57, 0x02, 0xEB, 0x53, 0x25, 
    0x01, 0xBB, 0x01, 0x6D, 0x01, 0xEB, 0x49, 0x24, 0x01, 0x96, 0x69, 0x00, 
    0x00, 0x97, 0x57, 0x00, 0x01, 0xEB, 0x3F, 0x23, 0x01, 0xBA, 0x01, 0x59, 
    0x01, 0xEB, 0x36, 0x22, 0x02, 0x2C, 0x21, 0x00, 0xBB, 0x01, 0x6F, 0x02, 
    0xEB, 0x22, 0x20, 0x02, 0x19, 0x1F, 0x01, 0xBA, 0x01, 0x5B, 0x01, 0xEB, 
    0x0F, 0x1E, 0x02, 0x05, 0x1D, 0x00, 0xBB, 0x01, 0x71, 0x01, 0x96, 0x68, 
    0x64, 0x00, 0x97, 0x56, 0x64, 0x01, 0xEB, 0x7C, 0x1B, 0x02, 0x72, 0x1A, 
    0x01, 0x90, 0x4A, 0x00, 0x00, 0x92, 0x28, 0x00, 0x00, 0x99, 0x2A, 0x00, 
    0x00, 0x24, 0x00, 0x00, 0x2A, 0x50, 0x00, 0x91, 0x53, 0x64, 0x00, 0x92, 
    0x34, 0x64, 0x00, 0xBA, 0x01, 0x5D, 0x00, 0x90, 0x49, 0x64, 0x01, 0xEB, 
    0x68, 0x19, 0x01, 0xBB, 0x01, 0x73, 0x01, 0xEB, 0x5F, 0x18, 0x02, 0x55, 
    0x17, 0x02, 0x4B, 0x16, 0x00, 0xBA, 0x01, 0x5F, 0x02, 0xEB, 0x42, 0x15, 
    0x01, 0xEA, 0x00, 0x40, 0x00, 0xBB, 0x01, 0x75, 0x00, 0xBA, 0x06, 0x18, 
    0x01, 0xEA, 0x3B, 0x3F, 0x00, 0xEB, 0x38, 0x14, 0x02, 0x2E, 0x13, 0x00, 
    0xEA, 0x31, 0x3E, 0x02, 0xBA, 0x01, 0x61, 0x00, 0xEB, 0x25, 0x12, 0x00, 
    0xEA, 0x27, 0x3D, 0x02, 0xBB, 0x01, 0x77, 0x00, 0xEA, 0x1E, 0x3C, 0x00, 
    0xEB, 0x1B, 0x11, 0x02, 0x11, 0x10, 0x00, 0xEA, 0x14, 0x3B, 0x02, 0xEB, 
    0x08, 0x0F, 0x00, 0xEA, 0x0A, 0x3A, 0x01, 0xBA, 0x01, 0x63, 0x01, 0xEB, 
    0x7E, 0x0D, 0x00, 0xEA, 0x01, 0x39, 0x02, 0xBB, 0x01, 0x79, 0x00, 0xEB, 
    0x74, 0x0C, 0x00, 0xEA, 0x77, 0x37, 0x01, 0x97, 0x56, 0x00, 0x00, 0x96, 
    0x68, 0x00, 0x00, 0x67, 0x64, 0x00, 0x97, 0x55, 0x64, 0x01, 0xEA, 0x6D, 
    0x36, 0x00, 0xEB, 0x6B, 0x0B, 0x02, 0x61, 0x0A, 0x00, 0xEA, 0x64, 0x35, 
    0x01, 0x99, 0x3B, 0x00, 0x00, 0x2A, 0x00, 0x00, 0x92, 0x34, 0x00, 0x00, 
    0x91, 0x53, 0x00, 0x00, 0x90, 0x49, 0x00, 0x00, 0x4A, 0x64, 0x00, 0xBA, 
    0x01, 0x65, 0x00, 0x99, 0x2A, 0x5A, 0x00, 0x26, 0x64, 0x00, 0x3B, 0x7F, 
    0x00, 0x91, 0x5F, 0x64, 0x01, 0xEA, 0x5A, 0x34, 0x00, 0xEB, 0x57, 0x09, 
    0x01, 0xBB, 0x01, 0x7B, 0x01, 0xEA, 0x50, 0x33, 0x00, 0xEB, 0x4E, 0x08, 
    0x02, 0x44, 0x07, 0x00, 0xEA, 0x47, 0x32, 0x02, 0xBA, 0x01, 0x67, 0x00, 
    0xEB, 0x3A, 0x06, 0x00, 0xEA, 0x3D, 0x31, 0x02, 0xEB, 0x31, 0x05, 0x00, 
    0xEA, 0x33, 0x30, 0x01, 0xBB, 0x01, 0x7D, 0x01, 0xEB, 0x27, 0x04, 0x00, 
    0xEA, 0x2A, 0x2F, 0x02, 0x20, 0x2E, 0x00, 0xEB, 0x1D, 0x03, 0x02, 0xEA, 
    0x16, 0x2D, 0x00, 0xEB, 0x14, 0x02, 0x00, 0xBA, 0x01, 0x69, 0x02, 0xEA, 
    0x0D, 0x2C, 0x00, 0xEB, 0x0A, 0x01, 0x01, 0xBB, 0x01, 0x7F, 0x01, 0xEB, 
    0x01, 0x00, 0x00, 0xEA, 0x03, 0x2B, 0x01, 0x9B, 0x45, 0x00, 0x00, 0x3E, 
    0x00, 0x00, 0x4A, 0x64, 0x00, 0xEB, 0x00, 0x40, 0x00, 0xBB, 0x01, 0x28, 
    0x01, 0xEA, 0x79, 0x29, 0x01, 0xBA, 0x01, 0x6B, 0x01, 0xEA, 0x70, 0x28, 
    0x02, 0x66, 0x27, 0x01, 0x97, 0x55, 0x00, 0x00, 0x96, 0x67, 0x00, 0x01, 
    0x69, 0x64, 0x00, 0xEA, 0x5C, 0x26, 0x00, 0x97, 0x57, 0x64, 0x02, 0xEA, 
    0x53, 0x25, 0x01, 0x99, 0x2E, 0x00, 0x00, 0x90, 0x4A, 0x00, 0x00, 0x99, 
    0x26, 0x00, 0x00, 0x91, 0x5F, 0x00, 0x00, 0x99, 0x24, 0x64, 0x00, 0xBA, 
    0x01, 0x6D, 0x00, 0x92, 0x28, 0x64, 0x00, 0x99, 0x2A, 0x64, 0x00, 0x90, 
    0x49, 0x64, 0x01, 0xEA, 0x49, 0x24, 0x02, 0x3F, 0x23, 0x02, 0x36, 0x22, 
    0x02, 0xBA, 0x01, 0x6F, 0x00, 0xEA, 0x2C, 0x21, 0x02, 0x22, 0x20, 0x02, 
    0x19, 0x1F, 0x02, 0x0F, 0x1E, 0x02, 0xBA, 0x01, 0x71, 0x00, 0xEA, 0x05, 
    0x1D, 0x02, 0x7C, 0x1B, 0x02, 0x72, 0x1A, 0x01, 0x9B, 0x4A, 0x00, 0x00, 
    0x49, 0x64, 0x01, 0xEA, 0x68, 0x19, 0x01, 0xBA, 0x01, 0x73, 0x01, 0xEA, 
    0x5F, 0x18, 0x02, 0x55, 0x17, 0x02, 0x97, 0x57, 0x00, 0x00, 0x96, 0x69, 
    0x00, 0x00, 0x97, 0x4F, 0x64, 0x00, 0xEA, 0x4B, 0x16, 0x00, 0x96, 0x61, 
    0x64, 0x02, 0xEA, 0x42, 0x15, 0x01, 0x99, 0x2A, 0x00, 0x00, 0x24, 0x00, 
    0x00, 0x98, 0x40, 0x00, 0x00, 0x92, 0x28, 0x00, 0x00, 0x90, 0x49, 0x00, 
    0x00, 0xBA, 0x01, 0x75, 0x00, 0x91, 0x5F, 0x64, 0x00, 0x90, 0x4A, 0x64, 
    0x00, 0x92, 0x34, 0x64, 0x00, 0x99, 0x2A, 0x7F, 0x00, 0x98, 0x42, 0x64, 
    0x01, 0xEA, 0x38, 0x14, 0x02, 0x2E, 0x13, 0x02, 0x25, 0x12, 0x02, 0xBA, 
    0x01, 0x77, 0x00, 0xEA, 0x1B, 0x11, 0x02, 0x11, 0x10, 0x02, 0x08, 0x0F, 
    0x02, 0x7E, 0x0D, 0x02, 0x74, 0x0C, 0x00, 0xBA, 0x01, 0x79, 0x02, 0xEA, 
    0x6B, 0x0B, 0x02, 0x61, 0x0A, 0x01, 0x9B, 0x49, 0x00, 0x00, 0x4A, 0x64, 
    0x01, 0xEA, 0x57, 0x09, 0x01, 0xBA, 0x01, 0x7B, 0x01, 0xEA, 0x4E, 0x08, 
    0x02, 0x44, 0x07, 0x02, 0x97, 0x4F, 0x00, 0x00, 0x96, 0x61, 0x00, 0x00, 
    0x66, 0x64, 0x00, 0xEA, 0x3A, 0x06, 0x00, 0x97, 0x54, 0x64, 0x02, 0xEA, 
    0x31, 0x05, 0x01, 0x99, 0x2A, 0x00, 0x00, 0x91, 0x5F, 0x00, 0x00, 0x90, 
    0x4A, 0x00, 0x00, 0x92, 0x34, 0x00, 0x00, 0x91, 0x53, 0x64, 0x00, 0x99, 
    0x2A, 0x50, 0x00, 0xBA, 0x01, 0x7D, 0x00, 0x92, 0x34, 0x64, 0x00, 0x90, 
    0x49, 0x64, 0x01, 0xEA, 0x27, 0x04, 0x02, 0x1D, 0x03, 0x02, 0x14, 0x02, 
    0x02, 0x0A, 0x01, 0x01, 0xBA, 0x01, 0x7F, 0x01, 0xEA, 0x01, 0x00, 0x01, 
    0x9A, 0x3E, 0x00, 0x00, 0x45, 0x00, 0x00, 0xEA, 0x00, 0x40, 0x00, 0x9A, 
    0x4A, 0x64, 0x00, 0xBA, 0x01, 0x28, 0x0A, 0x9B, 0x4A, 0x00, 0x00, 0x49, 
    0x64, 0x07, 0x96, 0x66, 0x00, 0x00, 0x97, 0x54, 0x00, 0x00, 0x52, 0x64, 
    0x00, 0x96, 0x64, 0x64, 0x03, 0x99, 0x3B, 0x00, 0x00, 0x2A, 0x00, 0x00, 
    0x91, 0x53, 0x00, 0x00, 0x92, 0x34, 0x00, 0x00, 0x90, 0x49, 0x00, 0x00, 
    0x99, 0x26, 0x64, 0x00, 0x3B, 0x7F, 0x00, 0x2A, 0x5A, 0x00, 0x24, 0x64, 
    0x00, 0x90, 0x4A, 0x64, 0x0A, 0x9A, 0x4A, 0x00, 0x00, 0x49, 0x64, 0x0A, 
    0x9B, 0x49, 0x00, 0x00, 0x4A, 0x64, 0x07, 0x97, 0x52, 0x00, 0x00, 0x96, 
    0x64, 0x00, 0x01, 0x97, 0x55, 0x64, 0x00, 0x96, 0x67, 0x64, 0x02, 0x99, 
    0x2A, 0x00, 0x00, 0x26, 0x00, 0x00, 0x90, 0x4A, 0x00, 0x00, 0x99, 0x24, 
    0x00, 0x00, 0x26, 0x4B, 0x00, 0x2A, 0x7F, 0x00, 0x92, 0x34, 0x64, 0x00, 
    0x90, 0x49, 0x64, 0x0A, 0x9A, 0x49, 0x00, 0x00, 0x4A, 0x64, 0x0A, 0x9B, 
    0x4A, 0x00, 0x00, 0x49, 0x64, 0x08, 0x96, 0x67, 0x00, 0x00, 0x97, 0x55, 
    0x00, 0x00, 0x96, 0x69, 0x64, 0x00, 0x97, 0x57, 0x64, 0x02, 0x99, 0x2A, 
    0x00, 0x00, 0x98, 0x42, 0x00, 0x00, 0x92, 0x34, 0x00, 0x00, 0x99, 0x26, 
    0x00, 0x00, 0x90, 0x49, 0x00, 0x00, 0x99, 0x2A, 0x64, 0x00, 0x24, 0x64, 
    0x00, 0x98, 0x43, 0x64, 0x00, 0x90, 0x4A, 0x64, 0x00, 0x92, 0x28, 0x64, 
    0x0A, 0x9A, 0x4A, 0x00, 0x00, 0x49, 0x64, 0x0A, 0x9B, 0x49, 0x00, 0x00, 
    0x4A, 0x64, 0x08, 0x96, 0x69, 0x00, 0x00, 0x97, 0x57, 0x00, 0x00, 0x55, 
    0x64, 0x00, 0x96, 0x67, 0x64, 0x02, 0x99, 0x24, 0x00, 0x00, 0x92, 0x28, 
    0x00, 0x00, 0x90, 0x4A, 0x00, 0x00, 0x99, 0x2A, 0x00, 0x00, 0x2A, 0x64, 
    0x00, 0x90, 0x49, 0x64, 0x00, 0x91, 0x53, 0x64, 0x00, 0x92, 0x34, 0x64, 
    0x0A, 0x9A, 0x49, 0x00, 0x00, 0x4A, 0x64, 0x0A, 0x9B, 0x4A, 0x00, 0x00, 
    0x49, 0x64, 0x08, 0x96, 0x67, 0x00, 0x00, 0x97, 0x55, 0x00, 0x00, 0x96, 
    0x62, 0x64, 0x00, 0x97, 0x50, 0x64, 0x02, 0x91, 0x53, 0x00, 0x00, 0x99, 
    0x3B, 0x00, 0x00, 0x90, 0x49, 0x00, 0x00, 0x99, 0x2A, 0x00, 0x00, 0x92, 
    0x34, 0x00, 0x00, 0x99, 0x2A, 0x64, 0x00, 0x26, 0x64, 0x00, 0x91, 0x5F, 
    0x64, 0x00, 0x99, 0x3B, 0x7F, 0x00, 0x90, 0x4A, 0x64, 0x0A, 0x9A, 0x4A, 
    0x00, 0x00, 0x49, 0x64, 0x0A, 0x9B, 0x49, 0x00, 0x00, 0x4A, 0x64, 0x08, 
    0x97, 0x50, 0x00, 0x00, 0x96, 0x62, 0x00, 0x01, 0x63, 0x64, 0x00, 0x97, 
    0x51, 0x64, 0x01, 0x99, 0x2A, 0x00, 0x00, 0x26, 0x00, 0x00, 0x91, 0x5F, 
    0x00, 0x00, 0x90, 0x4A, 0x00, 0x00, 0x49, 0x64, 0x00, 0x99, 0x24, 0x64, 
    0x00, 0x2A, 0x64, 0x00, 0x92, 0x28, 0x64, 0x0A, 0x9A, 0x49, 0x00, 0x00, 
    0x4A, 0x64, 0x0A, 0x9B, 0x4A, 0x00, 0x00, 0x49, 0x64, 0x09, 0x96, 0x63, 
    0x00, 0x00, 0x97, 0x51, 0x00, 0x00, 0x96, 0x6B, 0x64, 0x00, 0x97, 0x59, 
    0x64, 0x01, 0x98, 0x43, 0x00, 0x00, 0x90, 0x49, 0x00, 0x00, 0x99, 0x24, 
    0x00, 0x00, 0x92, 0x28, 0x00, 0x00, 0x99, 0x2A, 0x00, 0x00, 0x2A, 0x7F, 
    0x00, 0x92, 0x34, 0x64, 0x00, 0x91, 0x5F, 0x64, 0x00, 0x98, 0x45, 0x64, 
    0x00, 0x90, 0x4A, 0x64, 0x0A, 0x9A, 0x4A, 0x00, 0x00, 0x49, 0x64, 0x0A, 
    0x9B, 0x49, 0x00, 0x00, 0x4A, 0x64, 0x09, 0x96, 0x6B, 0x00, 0x00, 0x97, 
    0x59, 0x00, 0x00, 0x55, 0x64, 0x00, 0x96, 0x67, 0x64, 0x01, 0x92, 0x34, 
    0x00, 0x00, 0x91, 0x5F, 0x00, 0x00, 0x90, 0x4A, 0x00, 0x00, 0x99, 0x2A, 
    0x00, 0x00, 0x2A, 0x64, 0x00, 0x92, 0x34, 0x64, 0x00, 0x90, 0x49, 0x64, 
    0x00, 0x91, 0x53, 0x64, 0x0A, 0x9A, 0x49, 0x00, 0x00, 0x4A, 0x64, 0x0A, 
    0x9B, 0x4A, 0x00, 0x00, 0x49, 0x64, 0x09, 0x96, 0x67, 0x00, 0x00, 0x97, 
    0x55, 0x00, 0x00, 0x57, 0x64, 0x00, 0x96, 0x69, 0x64, 0x01, 0x99, 0x2A, 
    0x00, 0x00, 0x3B, 0x00, 0x00, 0x92, 0x34, 0x00, 0x00, 0x91, 0x53, 0x00, 
    0x00, 0x90, 0x49, 0x00, 0x00, 0x99, 0x3B, 0x7F, 0x00, 0x90, 0x4A, 0x64, 
    0x00, 0x99, 0x2A, 0x64, 0x00, 0x26, 0x64, 0x00, 0x24, 0x64, 0x0A, 0x9A, 
    0x4A, 0x00, 0x00, 0x49, 0x64, 0x0A, 0x9B, 0x49, 0x00, 0x00, 0x4A, 0x64, 
    0x09, 0x97, 0x57, 0x00, 0x00, 0x96, 0x69, 0x00, 0x01, 0x90, 0x4A, 0x00, 
    0x00, 0x99, 0x26, 0x00, 0x00, 0x24, 0x00, 0x00, 0x2A, 0x00, 0x00, 0x90, 
    0x49, 0x64, 0x00, 0x97, 0x50, 0x64, 0x00, 0x99, 0x26, 0x4B, 0x00, 0x92, 
    0x34, 0x64, 0x00, 0x99, 0x2E, 0x7F, 0x00, 0x96, 0x62, 0x64, 0x0A, 0x9A, 
    0x49, 0x00, 0x00, 0x4A, 0x64, 0x0A, 0x9B, 0x4A, 0x00, 0x00, 0x49, 0x64, 
    0x0A, 0x97, 0x50, 0x00, 0x00, 0x99, 0x2A, 0x00, 0x00, 0x90, 0x49, 0x00, 
    0x00, 0x99, 0x26, 0x00, 0x00, 0x92, 0x34, 0x00, 0x00, 0x98, 0x45, 0x00, 
    0x00, 0x96, 0x62, 0x00, 0x00, 0x92, 0x23, 0x64, 0x00, 0x99, 0x2A, 0x7F, 
    0x00, 0x90, 0x4A, 0x64, 0x00, 0x99, 0x24, 0x64, 0x00, 0x96, 0x64, 0x64, 
    0x00, 0x98, 0x47, 0x64, 0x00, 0x97, 0x52, 0x64, 0x0A, 0x9A, 0x4A, 0x00, 
    0x00, 0x49, 0x64, 0x0A, 0x9B, 0x49, 0x00, 0x00, 0x4A, 0x64, 0x0A, 0x99, 
    0x2A, 0x00, 0x00, 0x96, 0x64, 0x00, 0x00, 0x99, 0x24, 0x00, 0x00, 0x97, 
    0x52, 0x00, 0x00, 0x92, 0x23, 0x00, 0x00, 0x2F, 0x64, 0x00, 0x91, 0x53, 
    0x64, 0x00, 0x99, 0x2A, 0x50, 0x00, 0x96, 0x67, 0x64, 0x00, 0x97, 0x55, 
    0x64, 0x0A, 0x9A, 0x49, 0x00, 0x00, 0x4A, 0x64, 0x0A, 0x9B, 0x4A, 0x00, 
    0x00, 0x49, 0x64, 0x0A, 0x99, 0x3B, 0x00, 0x00, 0x92, 0x2F, 0x00, 0x00, 
    0x99, 0x2A, 0x00, 0x00, 0x91, 0x53, 0x00, 0x00, 0x97, 0x55, 0x00, 0x00, 
    0x96, 0x67, 0x00, 0x00, 0x69, 0x64, 0x00, 0x99, 0x3B, 0x7F, 0x00, 0x91, 
    0x5F, 0x64, 0x00, 0x97, 0x57, 0x64, 0x00, 0x99, 0x26, 0x64, 0x00, 0x2A, 
    0x5A, 0x0A, 0x9A, 0x4A, 0x00, 0x00, 0x49, 0x64, 0x0A, 0x9B, 0x49, 0x00, 
    0x00, 0x4A, 0x64, 0x0A, 0x96, 0x69, 0x00, 0x00, 0x97, 0x57, 0x00, 0x00, 
    0x90, 0x4A, 0x00, 0x00, 0x91, 0x5F, 0x00, 0x00, 0x99, 0x26, 0x00, 0x00, 
    0x2E, 0x00, 0x00, 0x92, 0x23, 0x64, 0x00, 0x90, 0x49, 0x64, 0x00, 0x99, 
    0x24, 0x64, 0x00, 0x2A, 0x64, 0x01, 0x97, 0x56, 0x64, 0x00, 0x96, 0x68, 
    0x64, 0x09, 0x9A, 0x49, 0x00, 0x00, 0x4A, 0x64, 0x14, 0x99, 0x24, 0x00, 
    0x00, 0x2A, 0x00, 0x00, 0x92, 0x23, 0x00, 0x00, 0x99, 0x2A, 0x7F, 0x00, 
    0x92, 0x2F, 0x64, 0x00, 0x91, 0x5F, 0x64, 0x01, 0x96, 0x68, 0x00, 0x00, 
    0x97, 0x56, 0x00, 0x00, 0x96, 0x6A, 0x64, 0x00, 0x97, 0x58, 0x64, 0x09, 
    0x9A, 0x4A, 0x00, 0x00, 0x49, 0x64, 0x14, 0x99, 0x2A, 0x00, 0x00, 0x92, 
    0x2F, 0x00, 0x00, 0x91, 0x5F, 0x00, 0x00, 0x92, 0x2F, 0x64, 0x00, 0x91, 
    0x53, 0x64, 0x00, 0x99, 0x2A, 0x50, 0x01, 0x97, 0x58, 0x00, 0x00, 0x96, 
    0x6A, 0x00, 0x00, 0x97, 0x59, 0x64, 0x00, 0x96, 0x6B, 0x64, 0x09, 0x9A, 
    0x49, 0x00, 0x00, 0x4A, 0x64, 0x0A, 0x9B, 0x4A, 0x00, 0x00, 0x49, 0x64, 
    0x0A, 0x99, 0x2A, 0x00, 0x00, 0x90, 0x49, 0x00, 0x00, 0x92, 0x2F, 0x00, 
    0x00, 0x91, 0x53, 0x00, 0x00, 0x99, 0x3B, 0x00, 0x00, 0x90, 0x3B, 0x64, 
    0x00, 0x99, 0x26, 0x64, 0x00, 0x3B, 0x7F, 0x00, 0x24, 0x64, 0x00, 0x2A, 
    0x5A, 0x00, 0x90, 0x42, 0x64, 0x01, 0x97, 0x59, 0x00, 0x00, 0x96, 0x6B, 
    0x00, 0x00, 0x68, 0x64, 0x00, 0x97, 0x56, 0x64, 0x1D, 0x99, 0x26, 0x00, 
    0x00, 0x2A, 0x00, 0x00, 0x24, 0x00, 0x00, 0x26, 0x4B, 0x00, 0x92, 0x2F, 
    0x64, 0x00, 0x99, 0x2A, 0x7F, 0x01, 0x96, 0x68, 0x00, 0x00, 0x97, 0x56, 
    0x00, 0x01, 0x96, 0x67, 0x64, 0x00, 0x97, 0x55, 0x64, 0x1C, 0x99, 0x2A, 
    0x00, 0x00, 0x92, 0x2F, 0x00, 0x00, 0x99, 0x26, 0x00, 0x00, 0x2A, 0x64, 
    0x00, 0x24, 0x64, 0x00, 0x92, 0x26, 0x64, 0x02, 0x96, 0x67, 0x00, 0x00, 
    0x97, 0x55, 0x00, 0x00, 0x54, 0x64, 0x00, 0x96, 0x66, 0x64, 0x08, 0x9A, 
    0x4A, 0x00, 0x00, 0x49, 0x64, 0x0A, 0x9B, 0x49, 0x00, 0x00, 0x3B, 0x64, 
    0x00, 0x42, 0x64, 0x0A, 0x99, 0x2A, 0x00, 0x00, 0x24, 0x00, 0x00, 0x92, 
    0x26, 0x00, 0x00, 0x32, 0x64, 0x00, 0x91, 0x53, 0x64, 0x00, 0x99, 0x2A, 
    0x64, 0x02, 0x96, 0x66, 0x00, 0x00, 0x97, 0x54, 0x00, 0x00, 0x96, 0x65, 
    0x64, 0x00, 0x97, 0x53, 0x64, 0x1C, 0x99, 0x3B, 0x00, 0x00, 0x92, 0x32, 
    0x00, 0x00, 0x99, 0x2A, 0x00, 0x00, 0x91, 0x53, 0x00, 0x00, 0x5F, 0x64, 
    0x00, 0x99, 0x3B, 0x7F, 0x00, 0x2A, 0x64, 0x00, 0x26, 0x64, 0x02, 0x97, 
    0x53, 0x00, 0x00, 0x96, 0x65, 0x00, 0x00, 0x97, 0x55, 0x64, 0x00, 0x96, 
    0x67, 0x64, 0x1C, 0x99, 0x2A, 0x00, 0x00, 0x91, 0x5F, 0x00, 0x00, 0x99, 
    0x26, 0x00, 0x00, 0x2A, 0x64, 0x00, 0x24, 0x64, 0x00, 0x92, 0x26, 0x64, 
    0x02, 0x97, 0x55, 0x00, 0x00, 0x96, 0x67, 0x00, 0x01, 0x68, 0x64, 0x00, 
    0x97, 0x56, 0x64, 0x07, 0x9A, 0x49, 0x00, 0x00, 0x42, 0x64, 0x00, 0x3B, 
    0x64, 0x14, 0x99, 0x24, 0x00, 0x00, 0x2A, 0x00, 0x00, 0x92, 0x26, 0x00, 
    0x00, 0x32, 0x64, 0x00, 0xE0, 0x00, 0x40, 0x00, 0x99, 0x2A, 0x7F, 0x00, 
    0x91, 0x5F, 0x64, 0x02, 0xE0, 0x0B, 0x41, 0x01, 0x97, 0x56, 0x00, 0x00, 
    0x96, 0x68, 0x00, 0x00, 0x97, 0x50, 0x64, 0x00, 0x96, 0x62, 0x64, 0x01, 
    0xE0, 0x16, 0x42, 0x02, 0x21, 0x43, 0x02, 0x2C, 0x44, 0x02, 0x37, 0x45, 
    0x02, 0x41, 0x46, 0x02, 0x4C, 0x47, 0x02, 0x57, 0x48, 0x02, 0x62, 0x49, 
    0x02, 0x6D, 0x4A, 0x02, 0x78, 0x4B, 0x02, 0x02, 0x4D, 0x02, 0x0D, 0x4E, 
    0x02, 0x18, 0x4F, 0x02, 0x91, 0x5F, 0x00, 0x00, 0x99, 0x2A, 0x00, 0x00, 
    0x92, 0x32, 0x00, 0x00, 0x32, 0x64, 0x00, 0x91, 0x53, 0x64, 0x00, 0xE0, 
    0x23, 0x50, 0x00, 0x99, 0x2A, 0x64, 0x02, 0xE0, 0x2E, 0x51, 0x01, 0x96, 
    0x62, 0x00, 0x00, 0x97, 0x50, 0x00, 0x00, 0x96, 0x65, 0x64, 0x00, 0x97, 
    0x53, 0x64, 0x01, 0xE0, 0x39, 0x52, 0x02, 0x43, 0x53, 0x02, 0x4E, 0x54, 
    0x02, 0x59, 0x55, 0x02, 0x64, 0x56, 0x02, 0x6F, 0x57, 0x02, 0x7A, 0x58, 
    0x02, 0x04, 0x5A, 0x02, 0x0F, 0x5B, 0x02, 0x1A, 0x5C, 0x02, 0x25, 0x5D, 
    0x02, 0x30, 0x5E, 0x02, 0x3B, 0x5F, 0x02, 0x99, 0x3B, 0x00, 0x00, 0x2A, 
    0x00, 0x00, 0x91, 0x53, 0x00, 0x00, 0x92, 0x32, 0x00, 0x00, 0x99, 0x2A, 
    0x64, 0x00, 0xE0, 0x45, 0x60, 0x00, 0x99, 0x24, 0x64, 0x00, 0x26, 0x64, 
    0x00, 0x3B, 0x7F, 0x02, 0xE0, 0x50, 0x61, 0x01, 0x97, 0x53, 0x00, 0x00, 
    0x96, 0x65, 0x00, 0x00, 0x69, 0x64, 0x00, 0x97, 0x57, 0x64, 0x01, 0xE0, 
    0x5B, 0x62, 0x02, 0x66, 0x63, 0x02, 0x71, 0x64, 0x02, 0x7C, 0x65, 0x02, 
    0x06, 0x67, 0x02, 0x11, 0x68, 0x02, 0x1C, 0x69, 0x02, 0x27, 0x6A, 0x02, 
    0x32, 0x6B, 0x00, 0xEB, 0x00, 0x40, 0x02, 0xE0, 0x3D, 0x6C, 0x00, 0xEB, 
    0x0B, 0x41, 0x02, 0x16, 0x42, 0x00, 0xE0, 0x47, 0x6D, 0x02, 0xEB, 0x21, 
    0x43, 0x00, 0xE0, 0x52, 0x6E, 0x02, 0xEB, 0x2C, 0x44, 0x00, 0xE0, 0x5D, 
    0x6F, 0x02, 0x99, 0x24, 0x00, 0x00, 0x2A, 0x00, 0x00, 0x26, 0x00, 0x00, 
    0x26, 0x4B, 0x00, 0xEB, 0x37, 0x45, 0x00, 0xE0, 0x68, 0x70, 0x00, 0x92, 
    0x32, 0x64, 0x00, 0x99, 0x2E, 0x7F, 0x02, 0xEB, 0x41, 0x46, 0x00, 0xE0, 
    0x73, 0x71, 0x01, 0x97, 0x57, 0x00, 0x00, 0x96, 0x69, 0x00, 0x01, 0x62, 
    0x64, 0x00, 0x97, 0x50, 0x64, 0x00, 0xEB, 0x4C, 0x47, 0x00, 0xE0, 0x7E, 
    0x72, 0x02, 0xEB, 0x57, 0x48, 0x00, 0xE0, 0x08, 0x74, 0x02, 0xEB, 0x62, 
    0x49, 0x00, 0xE0, 0x13, 0x75, 0x02, 0xEB, 0x6D, 0x4A, 0x00, 0xE0, 0x1E, 
    0x76, 0x02, 0xEB, 0x78, 0x4B, 0x00, 0xE0, 0x29, 0x77, 0x02, 0x34, 0x78, 
    0x00, 0xEB, 0x02, 0x4D, 0x02, 0xE0, 0x3F, 0x79, 0x00, 0xEB, 0x0D, 0x4E, 
    0x02, 0x18, 0x4F, 0x00, 0xE0, 0x49, 0x7A, 0x02, 0x54, 0x7B, 0x00, 0xEB, 
    0x23, 0x50, 0x02, 0x2E, 0x51, 0x00, 0xE0, 0x5F, 0x7C, 0x02, 0x6A, 0x7D, 
    0x00, 0xEB, 0x39, 0x52, 0x02, 0xE0, 0x75, 0x7E, 0x00, 0xEB, 0x43, 0x53, 
    0x02, 0x4E, 0x54, 0x00, 0xE0, 0x7F, 0x7F, 0x01, 0x00, 0x40, 0x01, 0x99, 
    0x26, 0x00, 0x00, 0x98, 0x47, 0x00, 0x00, 0x90, 0x3B, 0x00, 0x00, 0x42, 
    0x00, 0x00, 0x92, 0x32, 0x00, 0x00, 0x99, 0x2A, 0x00, 0x00, 0x98, 0x45, 
    0x64, 0x00, 0x99, 0x24, 0x64, 0x00, 0x2A, 0x7F, 0x00, 0x90, 0x45, 0x64, 
    0x00, 0xEB, 0x59, 0x55, 0x00, 0x92, 0x21, 0x64, 0x02, 0xEB, 0x64, 0x56, 
    0x02, 0x97, 0x50, 0x00, 0x00, 0x96, 0x62, 0x00, 0x00, 0x63, 0x64, 0x00, 
    0xEB, 0x6F, 0x57, 0x00, 0x97, 0x51, 0x64, 0x02, 0xEB, 0x7A, 0x58, 0x02, 
    0x04, 0x5A, 0x02, 0x0F, 0x5B, 0x02, 0x1A, 0x5C, 0x02, 0x25, 0x5D, 0x02, 
    0x30, 0x5E, 0x02, 0x3B, 0x5F, 0x02, 0x45, 0x60, 0x02, 0x50, 0x61, 0x02, 
    0x5B, 0x62, 0x02, 0x66, 0x63, 0x02, 0x71, 0x64, 0x02, 0x99, 0x24, 0x00, 
    0x00, 0x2A, 0x00, 0x00, 0x92, 0x21, 0x00, 0x00, 0x90, 0x45, 0x00, 0x00, 
    0x99, 0x2A, 0x50, 0x00, 0x91, 0x53, 0x64, 0x00, 0x90, 0x44, 0x64, 0x00, 
    0x92, 0x2D, 0x64, 0x00, 0xEB, 0x7C, 0x65, 0x02, 0x06, 0x67, 0x02, 0x97, 
    0x51, 0x00, 0x00, 0x96, 0x63, 0x00, 0x00, 0x97, 0x59, 0x64, 0x00, 0x96, 
    0x6B, 0x64, 0x00, 0xEB, 0x11, 0x68, 0x02, 0x1C, 0x69, 0x02, 0x27, 0x6A, 
    0x02, 0xEA, 0x00, 0x40, 0x00, 0xEB, 0x32, 0x6B, 0x02, 0x3D, 0x6C, 0x00, 
    0xEA, 0x0B, 0x41, 0x02, 0x16, 0x42, 0x00, 0xEB, 0x47, 0x6D, 0x02, 0x52, 
    0x6E, 0x00, 0xEA, 0x21, 0x43, 0x02, 0xEB, 0x5D, 0x6F, 0x00, 0xEA, 0x2C, 
    0x44, 0x02, 0x37, 0x45, 0x00, 0xEB, 0x68, 0x70, 0x02, 0x73, 0x71, 0x00, 
    0xEA, 0x41, 0x46, 0x02, 0xEB, 0x7E, 0x72, 0x00, 0xEA, 0x4C, 0x47, 0x02, 
    0xEB, 0x08, 0x74, 0x00, 0xEA, 0x57, 0x48, 0x02, 0xEB, 0x13, 0x75, 0x00, 
    0xEA, 0x62, 0x49, 0x02, 0x99, 0x2A, 0x00, 0x00, 0x90, 0x44, 0x00, 0x00, 
    0x91, 0x53, 0x00, 0x00, 0x99, 0x3B, 0x00, 0x00, 0x92, 0x2D, 0x00, 0x00, 
    0xEB, 0x1E, 0x76, 0x00, 0xEA, 0x6D, 0x4A, 0x00, 0x99, 0x26, 0x64, 0x00, 
    0x90, 0x45, 0x64, 0x00, 0x91, 0x5F, 0x64, 0x00, 0x99, 0x2A, 0x5A, 0x00, 
    0x3B, 0x7F, 0x02, 0xEA, 0x78, 0x4B, 0x00, 0xEB, 0x29, 0x77, 0x02, 0x97, 
    0x59, 0x00, 0x00, 0x96, 0x6B, 0x00, 0x00, 0xEB, 0x34, 0x78, 0x00, 0x96, 
    0x60, 0x64, 0x00, 0xEA, 0x02, 0x4D, 0x00, 0x97, 0x4E, 0x64, 0x02, 0xEB, 
    0x3F, 0x79, 0x00, 0xEA, 0x0D, 0x4E, 0x02, 0x18, 0x4F, 0x00, 0xEB, 0x49, 
    0x7A, 0x02, 0x54, 0x7B, 0x00, 0xEA, 0x23, 0x50, 0x02, 0x2E, 0x51, 0x00, 
    0xEB, 0x5F, 0x7C, 0x02, 0x6A, 0x7D, 0x00, 0xEA, 0x39, 0x52, 0x02, 0x43, 
    0x53, 0x00, 0xEB, 0x75, 0x7E, 0x02, 0x7F, 0x7F, 0x00, 0xEA, 0x4E, 0x54, 
    0x01, 0xEB, 0x00, 0x40, 0x01, 0x9B, 0x3B, 0x00, 0x00, 0x42, 0x00, 0x00, 
    0x45, 0x64, 0x00, 0xEA, 0x59, 0x55, 0x02, 0x64, 0x56, 0x02, 0x6F, 0x57, 
    0x02, 0x7A, 0x58, 0x02, 0x04, 0x5A, 0x02, 0x99, 0x2E, 0x00, 0x00, 0x26, 
    0x00, 0x00, 0x91, 0x5F, 0x00, 0x00, 0x90, 0x45, 0x00, 0x00, 0x99, 0x2A, 
    0x64, 0x00, 0xEA, 0x0F, 0x5B, 0x00, 0x99, 0x24, 0x64, 0x00, 0x90, 0x44, 
    0x64, 0x00, 0x92, 0x21, 0x64, 0x02, 0xEA, 0x1A, 0x5C, 0x02, 0x96, 0x60, 
    0x00, 0x00, 0x97, 0x4E, 0x00, 0x00, 0xEA, 0x25, 0x5D, 0x01, 0x96, 0x6C, 
    0x64, 0x00, 0x97, 0x5A, 0x64, 0x01, 0xEA, 0x30, 0x5E, 0x02, 0x3B, 0x5F, 
    0x02, 0x45, 0x60, 0x02, 0x50, 0x61, 0x02, 0x5B, 0x62, 0x02, 0x66, 0x63, 
    0x02, 0x71, 0x64, 0x02, 0x9B, 0x45, 0x00, 0x00, 0x44, 0x64, 0x00, 0xEA, 
    0x7C, 0x65, 0x02, 0x06, 0x67, 0x02, 0x11, 0x68, 0x02, 0x1C, 0x69, 0x02, 
    0x27, 0x6A, 0x02, 0x98, 0x45, 0x00, 0x00, 0x99, 0x2A, 0x00, 0x00, 0x90, 
    0x44, 0x00, 0x00, 0x99, 0x24, 0x00, 0x00, 0x92, 0x21, 0x00, 0x00, 0x99, 
    0x2A, 0x7F, 0x00, 0x91, 0x5F, 0x64, 0x00, 0x98, 0x44, 0x64, 0x00, 0x92, 
    0x2D, 0x64, 0x00, 0xEA, 0x32, 0x6B, 0x00, 0x90, 0x45, 0x64, 0x02, 0xEA, 
    0x3D, 0x6C, 0x02, 0x47, 0x6D, 0x01, 0x97, 0x5A, 0x00, 0x00, 0x96, 0x6C, 
    0x00, 0x00, 0x97, 0x53, 0x64, 0x00, 0x96, 0x65, 0x64, 0x01, 0xEA, 0x52, 
    0x6E, 0x02, 0x5D, 0x6F, 0x02, 0x68, 0x70, 0x02, 0x73, 0x71, 0x02, 0x7E, 
    0x72, 0x02, 0x08, 0x74, 0x02, 0x13, 0x75, 0x02, 0x9B, 0x44, 0x00, 0x00, 
    0x45, 0x64, 0x00, 0xEA, 0x1E, 0x76, 0x02, 0x29, 0x77, 0x02, 0x34, 0x78, 
    0x02, 0x3F, 0x79, 0x02, 0x49, 0x7A, 0x02, 0x91, 0x5F, 0x00, 0x00, 0x99, 
    0x2A, 0x00, 0x00, 0x92, 0x2D, 0x00, 0x00, 0x90, 0x45, 0x00, 0x00, 0x92, 
    0x2D, 0x64, 0x00, 0x99, 0x2A, 0x50, 0x00, 0x90, 0x44, 0x64, 0x00, 0xEA, 
    0x54, 0x7B, 0x00, 0x91, 0x53, 0x64, 0x02, 0xEA, 0x5F, 0x7C, 0x02, 0x6A, 
    0x7D, 0x01, 0x96, 0x65, 0x00, 0x00, 0x97, 0x53, 0x00, 0x00, 0x4F, 0x64, 
    0x00, 0x96, 0x61, 0x64, 0x01, 0xEA, 0x75, 0x7E, 0x02, 0x7F, 0x7F, 0x01, 
    0x00, 0x40, 0x01, 0x9A, 0x42, 0x00, 0x00, 0x3B, 0x00, 0x00, 0x45, 0x64, 
    0x0A, 0x9B, 0x45, 0x00, 0x00, 0x44, 0x64, 0x0A, 0x99, 0x2A, 0x00, 0x00, 
    0x92, 0x2D, 0x00, 0x00, 0x99, 0x3B, 0x00, 0x00, 0x90, 0x44, 0x00, 0x00, 
    0x91, 0x53, 0x00, 0x00, 0x99, 0x26, 0x64, 0x00, 0x90, 0x45, 0x64, 0x00, 
    0x99, 0x3B, 0x7F, 0x00, 0x2A, 0x5A, 0x00, 0x24, 0x64, 0x05, 0x96, 0x61, 
    0x00, 0x00, 0x97, 0x4F, 0x00, 0x00, 0x96, 0x68, 0x64, 0x00, 0x97, 0x56, 
    0x64, 0x05, 0x9A, 0x45, 0x00, 0x00, 0x44, 0x64, 0x0A, 0x9B, 0x44, 0x00, 
    0x00, 0x45, 0x64, 0x0A, 0x99, 0x26, 0x00, 0x00, 0x2A, 0x00, 0x00, 0x90, 
    0x45, 0x00, 0x00, 0x99, 0x24, 0x00, 0x00, 0x92, 0x2D, 0x64, 0x00, 0x99, 
    0x2A, 0x7F, 0x00, 0x26, 0x4B, 0x00, 0x90, 0x44, 0x64, 0x05, 0x96, 0x68, 
    0x00, 0x00, 0x97, 0x56, 0x00, 0x01, 0x4F, 0x64, 0x00, 0x96, 0x61, 0x64, 
    0x04, 0x9A, 0x44, 0x00, 0x00, 0x45, 0x64, 0x0A, 0x9B, 0x45, 0x00, 0x00, 
    0x44, 0x64, 0x0A, 0x98, 0x44, 0x00, 0x00, 0x92, 0x2D, 0x00, 0x00, 0x99, 
    0x26, 0x00, 0x00, 0x90, 0x44, 0x00, 0x00, 0x99, 0x2A, 0x00, 0x00, 0x92, 
    0x21, 0x64, 0x00, 0x99, 0x2A, 0x64, 0x00, 0x90, 0x45, 0x64, 0x00, 0x98, 
    0x42, 0x64, 0x00, 0x99, 0x24, 0x64, 0x06, 0x96, 0x61, 0x00, 0x00, 0x97, 
    0x4F, 0x00, 0x00, 0x96, 0x6C, 0x64, 0x00, 0x97, 0x5A, 0x64, 0x04, 0x9A, 
    0x45, 0x00, 0x00, 0x44, 0x64, 0x0A, 0x9B, 0x44, 0x00, 0x00, 0x45, 0x64, 
    0x0A, 0x99, 0x2A, 0x00, 0x00, 0x92, 0x21, 0x00, 0x00, 0x90, 0x45, 0x00, 
    0x00, 0x99, 0x24, 0x00, 0x00, 0x91, 0x53, 0x64, 0x00, 0x90, 0x44, 0x64, 
    0x00, 0x99, 0x2A, 0x64, 0x00, 0x92, 0x2D, 0x64, 0x06, 0x96, 0x6C, 0x00, 
    0x00, 0x97, 0x5A, 0x00, 0x00, 0x53, 0x64, 0x00, 0x96, 0x65, 0x64, 0x04, 
    0x9A, 0x44, 0x00, 0x00, 0x45, 0x64, 0x0A, 0x9B, 0x45, 0x00, 0x00, 0x44, 
    0x64, 0x0A, 0x99, 0x3B, 0x00, 0x00, 0x91, 0x53, 0x00, 0x00, 0x90, 0x44, 
    0x00, 0x00, 0x99, 0x2A, 0x00, 0x00, 0x92, 0x2D, 0x00, 0x00, 0x99, 0x3B, 
    0x7F, 0x00, 0x2A, 0x64, 0x00, 0x26, 0x64, 0x00, 0x90, 0x45, 0x64, 0x00, 
    0x91, 0x5F, 0x64, 0x06, 0x97, 0x53, 0x00, 0x00, 0x96, 0x65, 0x00, 0x00, 
    0x6C, 0x64, 0x00, 0x97, 0x5A, 0x64, 0x04, 0x9A, 0x45, 0x00, 0x00, 0x44, 
    0x64, 0x0A, 0x9B, 0x44, 0x00, 0x00, 0x45, 0x64, 0x0A, 0x90, 0x45, 0x00, 
    0x00, 0x99, 0x26, 0x00, 0x00, 0x91, 0x5F, 0x00, 0x00, 0x99, 0x2A, 0x00, 
    0x00, 0x90, 0x44, 0x64, 0x00, 0x92, 0x21, 0x64, 0x00, 0x99, 0x24, 0x64, 
    0x00, 0x2A, 0x64, 0x06, 0x97, 0x5A, 0x00, 0x00, 0x96, 0x6C, 0x00, 0x01, 
    0x97, 0x50, 0x64, 0x00, 0x96, 0x62, 0x64, 0x03, 0x9A, 0x44, 0x00, 0x00, 
    0x45, 0x64, 0x0A, 0x9B, 0x45, 0x00, 0x00, 0x44, 0x64, 0x0A, 0x99, 0x2A, 
    0x00, 0x00, 0x98, 0x42, 0x00, 0x00, 0x90, 0x44, 0x00, 0x00, 0x92, 0x21, 
    0x00, 0x00, 0x99, 0x24, 0x00, 0x00, 0x2A, 0x7F, 0x00, 0x91, 0x5F, 0x64, 
    0x00, 0x92, 0x2D, 0x64, 0x00, 0x98, 0x40, 0x64, 0x00, 0x90, 0x45, 0x64, 
    0x07, 0x97, 0x50, 0x00, 0x00, 0x96, 0x62, 0x00, 0x00, 0x64, 0x64, 0x00, 
    0x97, 0x52, 0x64, 0x03, 0x9A, 0x45, 0x00, 0x00, 0x44, 0x64, 0x0A, 0x9B, 
    0x44, 0x00, 0x00, 0x45, 0x64, 0x0A, 0x99, 0x2A, 0x00, 0x00, 0x91, 0x5F, 
    0x00, 0x00, 0x92, 0x2D, 0x00, 0x00, 0x90, 0x45, 0x00, 0x00, 0x44, 0x64, 
    0x00, 0x92, 0x2D, 0x64, 0x00, 0x91, 0x53, 0x64, 0x00, 0x99, 0x2A, 0x64, 
    0x07, 0x96, 0x64, 0x00, 0x00, 0x97, 0x52, 0x00, 0x00, 0x50, 0x64, 0x00, 
    0x96, 0x62, 0x64, 0x03, 0x9A, 0x44, 0x00, 0x00, 0x45, 0x64, 0x0A, 0x9B, 
    0x45, 0x00, 0x00, 0x44, 0x64, 0x0A, 0x99, 0x3B, 0x00, 0x00, 0x92, 0x2D, 
    0x00, 0x00, 0x90, 0x44, 0x00, 0x00, 0x91, 0x53, 0x00, 0x00, 0x99, 0x2A, 
    0x00, 0x00, 0x26, 0x64, 0x00, 0x24, 0x64, 0x00, 0x3B, 0x7F, 0x00, 0x2A, 
    0x64, 0x00, 0x90, 0x45, 0x64, 0x07, 0x97, 0x50, 0x00, 0x00, 0x96, 0x62, 
    0x00, 0x00, 0x97, 0x5A, 0x64, 0x00, 0x96, 0x6C, 0x64, 0x03, 0x9A, 0x45, 
    0x00, 0x00, 0x44, 0x64, 0x0A, 0x9B, 0x44, 0x00, 0x00, 0x45, 0x64, 0x0A, 
    0x99, 0x26, 0x00, 0x00, 0x2A, 0x00, 0x00, 0x24, 0x00, 0x00, 0x90, 0x45, 
    0x00, 0x00, 0x99, 0x26, 0x4B, 0x00, 0x92, 0x2D, 0x64, 0x00, 0x99, 0x2E, 
    0x7F, 0x00, 0x90, 0x44, 0x64, 0x07, 0x97, 0x5A, 0x00, 0x00, 0x96, 0x6C, 
    0x00, 0x01, 0x97, 0x57, 0x64, 0x00, 0x96, 0x69, 0x64, 0x02, 0x9A, 0x44, 
    0x00, 0x00, 0x45, 0x64, 0x0A, 0x9B, 0x45, 0x00, 0x00, 0x44, 0x64, 0x0A, 
    0x99, 0x2A, 0x00, 0x00, 0x26, 0x00, 0x00, 0x92, 0x2D, 0x00, 0x00, 0x90, 
    0x44, 0x00, 0x00, 0x98, 0x40, 0x00, 0x00, 0x99, 0x24, 0x64, 0x00, 0x92, 
    0x23, 0x64, 0x00, 0x99, 0x2A, 0x7F, 0x00, 0x90, 0x45, 0x64, 0x00, 0x98, 
    0x3E, 0x64, 0x08, 0x97, 0x57, 0x00, 0x00, 0x96, 0x69, 0x00, 0x00, 0x6C, 
    0x64, 0x00, 0x97, 0x5A, 0x64, 0x02, 0x9A, 0x45, 0x00, 0x00, 0x44, 0x64, 
    0x0A, 0x9B, 0x44, 0x00, 0x00, 0x45, 0x64, 0x0A, 0x99, 0x24, 0x00, 0x00, 
    0x2A, 0x00, 0x00, 0x92, 0x23, 0x00, 0x00, 0x91, 0x53, 0x64, 0x00, 0x92, 
    0x2F, 0x64, 0x00, 0x99, 0x2A, 0x50, 0x08, 0x96, 0x6C, 0x00, 0x00, 0x97, 
    0x5A, 0x00, 0x00, 0x96, 0x66, 0x64, 0x00, 0x97, 0x54, 0x64, 0x02, 0x9A, 
    0x44, 0x00, 0x00, 0x45, 0x64, 0x0A, 0x9B, 0x45, 0x00, 0x00, 0x44, 0x64, 
    0x0A, 0x99, 0x3B, 0x00, 0x00, 0x2A, 0x00, 0x00, 0x91, 0x53, 0x00, 0x00, 
    0x92, 0x2F, 0x00, 0x00, 0x91, 0x5F, 0x64, 0x00, 0x99, 0x26, 0x64, 0x00, 
    0x2A, 0x5A, 0x00, 0x3B, 0x7F, 0x08, 0x96, 0x66, 0x00, 0x00, 0x97, 0x54, 
    0x00, 0x00, 0x96, 0x62, 0x64, 0x00, 0x97, 0x50, 0x64, 0x02, 0x9A, 0x45, 
    0x00, 0x00, 0x44, 0x64, 0x0A, 0x9B, 0x44, 0x00, 0x00, 0x45, 0x64, 0x0A, 
    0x90, 0x45, 0x00, 0x00, 0x99, 0x2E, 0x00, 0x00, 0x26, 0x00, 0x00, 0x91, 
    0x5F, 0x00, 0x00, 0x90, 0x44, 0x64, 0x00, 0x99, 0x24, 0x64, 0x00, 0x92, 
    0x23, 0x64, 0x00, 0x99, 0x2A, 0x64, 0x08, 0x96, 0x62, 0x00, 0x00, 0x97, 
    0x50, 0x00, 0x01, 0x96, 0x68, 0x64, 0x00, 0x97, 0x56, 0x64, 0x01, 0x9A, 
    0x44, 0x00, 0x00, 0x45, 0x64, 0x14, 0x99, 0x2A, 0x00, 0x00, 0x24, 0x00, 
    0x00, 0x92, 0x23, 0x00, 0x00, 0x91, 0x5F, 0x64, 0x00, 0x99, 0x2A, 0x7F, 
    0x00, 0x92, 0x2F, 0x64, 0x09, 0x96, 0x68, 0x00, 0x00, 0x97, 0x56, 0x00, 
    0x00, 0x54, 0x64, 0x00, 0x96, 0x66, 0x64, 0x01, 0x9A, 0x45, 0x00, 0x00, 
    0x44, 0x64, 0x14, 0x91, 0x5F, 0x00, 0x00, 0x99, 0x2A, 0x00, 0x00, 0x92, 
    0x2F, 0x00, 0x00, 0x2F, 0x64, 0x00, 0x99, 0x2A, 0x50, 0x00, 0x91, 0x53, 
    0x64, 0x09, 0x97, 0x54, 0x00, 0x00, 0x96, 0x66, 0x00, 0x00, 0x67, 0x64, 
    0x00, 0x97, 0x55, 0x64, 0x01, 0x9A, 0x44, 0x00, 0x00, 0x45, 0x64, 0x0A, 
    0x9B, 0x45, 0x00, 0x00, 0x44, 0x64, 0x0A, 0x99, 0x2A, 0x00, 0x00, 0x92, 
    0x2F, 0x00, 0x00, 0x90, 0x44, 0x00, 0x00, 0x99, 0x3B, 0x00, 0x00, 0x91, 
    0x53, 0x00, 0x00, 0x99, 0x2A, 0x5A, 0x00, 0x24, 0x64, 0x00, 0x3B, 0x7F, 
    0x00, 0x26, 0x64, 0x00, 0x90, 0x3B, 0x64, 0x00, 0x34, 0x64, 0x09, 0x96, 
    0x67, 0x00, 0x00, 0x97, 0x55, 0x00, 0x00, 0x96, 0x63, 0x64, 0x00, 0x97, 
    0x51, 0x64, 0x15, 0x99, 0x2A, 0x00, 0x00, 0x24, 0x00, 0x00, 0x26, 0x00, 
    0x00, 0x26, 0x4B, 0x00, 0x92, 0x2F, 0x64, 0x00, 0x99, 0x2A, 0x7F, 0x09, 
    0x96, 0x63, 0x00, 0x00, 0x97, 0x51, 0x00, 0x01, 0x96, 0x65, 0x64, 0x00, 
    0x97, 0x53, 0x64, 0x14, 0x99, 0x2A, 0x00, 0x00, 0x92, 0x2F, 0x00, 0x00, 
    0x99, 0x26, 0x00, 0x00, 0x2A, 0x64, 0x00, 0x92, 0x26, 0x64, 0x00, 0x98, 
    0x42, 0x64, 0x00, 0x99, 0x24, 0x64, 0x0A, 0x96, 0x65, 0x00, 0x00, 0x9A, 
    0x45, 0x00, 0x00, 0x97, 0x53, 0x00, 0x00, 0x96, 0x63, 0x64, 0x00, 0x97, 
    0x51, 0x64, 0x00, 0x9A, 0x44, 0x64, 0x0A, 0x9B, 0x44, 0x00, 0x00, 0x3B, 
    0x64, 0x00, 0x34, 0x64, 0x0A, 0x99, 0x2A, 0x00, 0x00, 0x92, 0x26, 0x00, 
    0x00, 0x99, 0x24, 0x00, 0x00, 0x92, 0x32, 0x64, 0x00, 0x91, 0x53, 0x64, 
    0x00, 0x99, 0x2A, 0x64, 0x0A, 0x96, 0x63, 0x00, 0x00, 0x97, 0x51, 0x00, 
    0x00, 0x96, 0x69, 0x64, 0x00, 0x97, 0x57, 0x64, 0x14, 0x99, 0x2A, 0x00, 
    0x00, 0x3B, 0x00, 0x00, 0x91, 0x53, 0x00, 0x00, 0x92, 0x32, 0x00, 0x00, 
    0x99, 0x2A, 0x64, 0x00, 0x26, 0x64, 0x00, 0x3B, 0x7F, 0x00, 0x91, 0x5F, 
    0x64, 0x0A, 0x97, 0x57, 0x00, 0x00, 0x96, 0x69, 0x00, 0x00, 0x62, 0x64, 
    0x00, 0x97, 0x50, 0x64, 0x14, 0x91, 0x5F, 0x00, 0x00, 0x99, 0x2A, 0x00, 
    0x00, 0x26, 0x00, 0x00, 0x92, 0x26, 0x64, 0x00, 0x99, 0x2A, 0x64, 0x00, 
    0x24, 0x64, 0x0A, 0x97, 0x50, 0x00, 0x00, 0x9A, 0x44, 0x00, 0x00, 0x96, 
    0x62, 0x00, 0x00, 0x9A, 0x34, 0x64, 0x00, 0x3B, 0x64, 0x01, 0x96, 0x65, 
    0x64, 0x00, 0x97, 0x53, 0x64, 0x13, 0x99, 0x24, 0x00, 0x00, 0x2A, 0x00, 
    0x00, 0x92, 0x26, 0x00, 0x00, 0x32, 0x64, 0x00, 0xB0, 0x06, 0x0C, 0x00, 
    0x91, 0x5F, 0x64, 0x00, 0xE0, 0x00, 0x40, 0x00, 0x99, 0x2A, 0x7F, 0x02, 
    0xE0, 0x0B, 0x41, 0x02, 0x16, 0x42, 0x02, 0x21, 0x43, 0x02, 0x2C, 0x44, 
    0x02, 0x37, 0x45, 0x01, 0x97, 0x53, 0x00, 0x00, 0x96, 0x65, 0x00, 0x00, 
    0x60, 0x64, 0x00, 0x97, 0x4E, 0x64, 0x01, 0xE0, 0x41, 0x46, 0x02, 0x4C, 
    0x47, 0x02, 0x57, 0x48, 0x02, 0x62, 0x49, 0x02, 0x6D, 0x4A, 0x02, 0x78, 
    0x4B, 0x02, 0x02, 0x4D, 0x02, 0x0D, 0x4E, 0x02, 0x18, 0x4F, 0x02, 0x91, 
    0x5F, 0x00, 0x00, 0x99, 0x2A, 0x00, 0x00, 0x92, 0x32, 0x00, 0x00, 0xE0, 
    0x23, 0x50, 0x00, 0x92, 0x32, 0x64, 0x00, 0x99, 0x2A, 0x64, 0x00, 0x91, 
    0x53, 0x64, 0x02, 0xE0, 0x2E, 0x51, 0x02, 0x39, 0x52, 0x02, 0x43, 0x53, 
    0x02, 0x4E, 0x54, 0x02, 0x59, 0x55, 0x01, 0x97, 0x4E, 0x00, 0x00, 0x96, 
    0x60, 0x00, 0x00, 0x97, 0x55, 0x64, 0x00, 0x96, 0x67, 0x64, 0x01, 0xE0, 
    0x64, 0x56, 0x02, 0x6F, 0x57, 0x02, 0x7A, 0x58, 0x02, 0x04, 0x5A, 0x02, 
    0x0F, 0x5B, 0x02, 0x1A, 0x5C, 0x02, 0x25, 0x5D, 0x02, 0x30, 0x5E, 0x02, 
    0x3B, 0x5F, 0x02, 0x91, 0x53, 0x00, 0x00, 0x92, 0x32, 0x00, 0x00, 0x99, 
    0x2A, 0x00, 0x00, 0x3B, 0x00, 0x00, 0x26, 0x64, 0x00, 0x24, 0x64, 0x00, 
    0x2A, 0x64, 0x00, 0xE0, 0x45, 0x60, 0x00, 0x99, 0x3B, 0x7F, 0x02, 0xE0, 
    0x50, 0x61, 0x02, 0x5B, 0x62, 0x02, 0x66, 0x63, 0x02, 0x71, 0x64, 0x02, 
    0x7C, 0x65, 0x01, 0x96, 0x67, 0x00, 0x00, 0x97, 0x55, 0x00, 0x00, 0x96, 
    0x68, 0x64, 0x00, 0x97, 0x56, 0x64, 0x01, 0xE0, 0x06, 0x67, 0x02, 0x11, 
    0x68, 0x02, 0x1C, 0x69, 0x02, 0x27, 0x6A, 0x02, 0xBB, 0x06, 0x0C, 0x00, 
    0xEB, 0x00, 0x40, 0x00, 0xE0, 0x32, 0x6B, 0x02, 0xEB, 0x0B, 0x41, 0x00, 
    0xE0, 0x3D, 0x6C, 0x02, 0xEB, 0x16, 0x42, 0x00, 0xE0, 0x47, 0x6D, 0x02, 
    0x52, 0x6E, 0x00, 0xEB, 0x21, 0x43, 0x02, 0x2C, 0x44, 0x00, 0xE0, 0x5D, 
    0x6F, 0x02, 0x99, 0x24, 0x00, 0x00, 0x26, 0x00, 0x00, 0x2A, 0x00, 0x00, 
    0x2E, 0x7F, 0x00, 0x92, 0x32, 0x64, 0x00, 0xEB, 0x37, 0x45, 0x00, 0x99, 
    0x26, 0x4B, 0x00, 0xE0, 0x68, 0x70, 0x02, 0x73, 0x71, 0x00, 0xEB, 0x41, 
    0x46, 0x02, 0x4C, 0x47, 0x00, 0xE0, 0x7E, 0x72, 0x02, 0x08, 0x74, 0x00, 
    0xEB, 0x57, 0x48, 0x02, 0xE0, 0x13, 0x75, 0x00, 0xEB, 0x62, 0x49, 0x02, 
    0x6D, 0x4A, 0x00, 0xE0, 0x1E, 0x76, 0x01, 0x97, 0x56, 0x00, 0x00, 0x96, 
    0x68, 0x00, 0x01, 0x69, 0x64, 0x00, 0xE0, 0x29, 0x77, 0x00, 0xEB, 0x78, 
    0x4B, 0x00, 0x97, 0x57, 0x64, 0x02, 0xE0, 0x34, 0x78, 0x00, 0xEB, 0x02, 
    0x4D, 0x02, 0x0D, 0x4E, 0x00, 0xE0, 0x3F, 0x79, 0x02, 0x49, 0x7A, 0x00, 
    0xEB, 0x18, 0x4F, 0x02, 0xE0, 0x54, 0x7B, 0x00, 0xEB, 0x23, 0x50, 0x02, 
    0x2E, 0x51, 0x00, 0xE0, 0x5F, 0x7C, 0x02, 0x6A, 0x7D, 0x00, 0xEB, 0x39, 
    0x52, 0x02, 0xE0, 0x75, 0x7E, 0x00, 0xEB, 0x43, 0x53, 0x02, 0xE0, 0x7F, 
    0x7F, 0x00, 0xEB, 0x4E, 0x54, 0x01, 0xE0, 0x00, 0x40, 0x01, 0x99, 0x2A, 
    0x00, 0x00, 0x26, 0x00, 0x00, 0x92, 0x32, 0x00, 0x00, 0x98, 0x3E, 0x00, 
    0x00, 0x90, 0x3B, 0x00, 0x00, 0x34, 0x00, 0x00, 0x98, 0x42, 0x00, 0x00, 
    0xE0, 0x00, 0x40, 0x00, 0xEB, 0x59, 0x55, 0x00, 0x99, 0x2A, 0x7F, 0x00, 
    0x24, 0x64, 0x00, 0x92, 0x28, 0x64, 0x00, 0x98, 0x40, 0x64, 0x00, 0x90, 
    0x4A, 0x64, 0x02, 0xEB, 0x64, 0x56, 0x02, 0x6F, 0x57, 0x02, 0x7A, 0x58, 
    0x02, 0x04, 0x5A, 0x02, 0x0F, 0x5B, 0x02, 0x96, 0x69, 0x00, 0x00, 0x97, 
    0x57, 0x00, 0x00, 0xEB, 0x1A, 0x5C, 0x02, 0x25, 0x5D, 0x02, 0x30, 0x5E, 
    0x02, 0x3B, 0x5F, 0x02, 0x45, 0x60, 0x02, 0x50, 0x61, 0x02, 0x5B, 0x62, 
    0x02, 0x97, 0x56, 0x64, 0x00, 0x96, 0x68, 0x64, 0x00, 0xEB, 0x66, 0x63, 
    0x02, 0x71, 0x64, 0x02, 0x90, 0x4A, 0x00, 0x00, 0x99, 0x24, 0x00, 0x00, 
    0x2A, 0x00, 0x00, 0x92, 0x28, 0x00, 0x00, 0xEB, 0x7C, 0x65, 0x00, 0x92, 
    0x34, 0x64, 0x00, 0x90, 0x49, 0x64, 0x00, 0x99, 0x2A, 0x50, 0x00, 0x91, 
    0x53, 0x64, 0x02, 0xEB, 0x06, 0x67, 0x02, 0x11, 0x68, 0x02, 0x1C, 0x69, 
    0x02, 0x27, 0x6A, 0x02, 0xEA, 0x00, 0x40, 0x00, 0xBA, 0x06, 0x0C, 0x00, 
    0xEB, 0x32, 0x6B, 0x02, 0xEA, 0x0B, 0x41, 0x00, 0xEB, 0x3D, 0x6C, 0x02, 
    0x47, 0x6D, 0x00, 0xEA, 0x16, 0x42, 0x02, 0x21, 0x43, 0x00, 0xEB, 0x52, 
    0x6E, 0x02, 0x5D, 0x6F, 0x00, 0xEA, 0x2C, 0x44, 0x02, 0x37, 0x45, 0x00, 
    0xEB, 0x68, 0x70, 0x02, 0xEA, 0x41, 0x46, 0x00, 0xEB, 0x73, 0x71, 0x02, 
    0xEA, 0x4C, 0x47, 0x00, 0xEB, 0x7E, 0x72, 0x02, 0x96, 0x68, 0x00, 0x00, 
    0x97, 0x56, 0x00, 0x00, 0xEB, 0x08, 0x74, 0x00, 0xEA, 0x57, 0x48, 0x00, 
    0x96, 0x67, 0x64, 0x00, 0x97, 0x55, 0x64, 0x02, 0xEA, 0x62, 0x49, 0x00, 
    0xEB, 0x13, 0x75, 0x02, 0x99, 0x2A, 0x00, 0x00, 0x90, 0x49, 0x00, 0x00, 
    0x99, 0x3B, 0x00, 0x00, 0x92, 0x34, 0x00, 0x00, 0x91, 0x53, 0x00, 0x00, 
    0x99, 0x2A, 0x5A, 0x00, 0xEA, 0x6D, 0x4A, 0x00, 0x99, 0x26, 0x64, 0x00, 
    0x90, 0x4A, 0x64, 0x00, 0x91, 0x5F, 0x64, 0x00, 0x99, 0x3B, 0x7F, 0x00, 
    0xEB, 0x1E, 0x76, 0x02, 0x29, 0x77, 0x00, 0xEA, 0x78, 0x4B, 0x02, 0x02, 
    0x4D, 0x00, 0xEB, 0x34, 0x78, 0x02, 0xEA, 0x0D, 0x4E, 0x00, 0xEB, 0x3F, 
    0x79, 0x02, 0x49, 0x7A, 0x00, 0xEA, 0x18, 0x4F, 0x02, 0xEB, 0x54, 0x7B, 
    0x00, 0xEA, 0x23, 0x50, 0x02, 0xEB, 0x5F, 0x7C, 0x00, 0xEA, 0x2E, 0x51, 
    0x02, 0xEB, 0x6A, 0x7D, 0x00, 0xEA, 0x39, 0x52, 0x02, 0x43, 0x53, 0x00, 
    0xEB, 0x75, 0x7E, 0x02, 0x7F, 0x7F, 0x00, 0xEA, 0x4E, 0x54, 0x01, 0xEB, 
    0x00, 0x40, 0x01, 0x9B, 0x34, 0x00, 0x00, 0x3B, 0x00, 0x00, 0x4A, 0x64, 
    0x00, 0xEB, 0x00, 0x40, 0x00, 0xEA, 0x59, 0x55, 0x02, 0x64, 0x56, 0x02, 
    0x6F, 0x57, 0x02, 0x96, 0x67, 0x00, 0x00, 0x97, 0x55, 0x00, 0x00, 0xEA, 
    0x7A, 0x58, 0x01, 0x96, 0x69, 0x64, 0x00, 0x97, 0x57, 0x64, 0x01, 0xEA, 
    0x04, 0x5A, 0x02, 0x99, 0x2E, 0x00, 0x00, 0x90, 0x4A, 0x00, 0x00, 0x99, 
    0x26, 0x00, 0x00, 0x91, 0x5F, 0x00, 0x00, 0x92, 0x28, 0x64, 0x00, 0x99, 
    0x24, 0x64, 0x00, 0x2A, 0x64, 0x00, 0xEA, 0x0F, 0x5B, 0x00, 0x90, 0x49, 
    0x64, 0x02, 0xEA, 0x1A, 0x5C, 0x02, 0x25, 0x5D, 0x02, 0x30, 0x5E, 0x02, 
    0x3B, 0x5F, 0x02, 0x45, 0x60, 0x02, 0x50, 0x61, 0x02, 0x5B, 0x62, 0x02, 
    0x66, 0x63, 0x02, 0x71, 0x64, 0x02, 0x9B, 0x4A, 0x00, 0x00, 0xEA, 0x7C, 
    0x65, 0x00, 0x9B, 0x49, 0x64, 0x02, 0xEA, 0x06, 0x67, 0x02, 0x11, 0x68, 
    0x02, 0x1C, 0x69, 0x01, 0x97, 0x57, 0x00, 0x00, 0x96, 0x69, 0x00, 0x00, 
    0x61, 0x64, 0x00, 0x97, 0x4F, 0x64, 0x01, 0xEA, 0x27, 0x6A, 0x02, 0x92, 
    0x28, 0x00, 0x00, 0x99, 0x2A, 0x00, 0x00, 0x98, 0x40, 0x00, 0x00, 0x99, 
    0x24, 0x00, 0x00, 0x90, 0x49, 0x00, 0x00, 0x91, 0x5F, 0x64, 0x00, 0x90, 
    0x4A, 0x64, 0x00, 0x99, 0x2A, 0x7F, 0x00, 0x92, 0x34, 0x64, 0x00, 0x98, 
    0x42, 0x64, 0x00, 0xEA, 0x32, 0x6B, 0x02, 0x3D, 0x6C, 0x02, 0x47, 0x6D, 
    0x02, 0x52, 0x6E, 0x02, 0x5D, 0x6F, 0x02, 0x68, 0x70, 0x02, 0x73, 0x71, 
    0x02, 0x7E, 0x72, 0x02, 0x08, 0x74, 0x02, 0x13, 0x75, 0x02, 0x9B, 0x49, 
    0x00, 0x00, 0x4A, 0x64, 0x00, 0xEA, 0x1E, 0x76, 0x02, 0x29, 0x77, 0x02, 
    0x34, 0x78, 0x02, 0x3F, 0x79, 0x01, 0x96, 0x61, 0x00, 0x00, 0x97, 0x4F, 
    0x00, 0x00, 0x54, 0x64, 0x00, 0x96, 0x66, 0x64, 0x01, 0xEA, 0x49, 0x7A, 
    0x02, 0x91, 0x5F, 0x00, 0x00, 0x90, 0x4A, 0x00, 0x00, 0x92, 0x34, 0x00, 
    0x00, 0x99, 0x2A, 0x00, 0x00, 0x92, 0x34, 0x64, 0x00, 0xEA, 0x54, 0x7B, 
    0x00, 0x99, 0x2A, 0x50, 0x00, 0x91, 0x53, 0x64, 0x00, 0x90, 0x49, 0x64, 
    0x02, 0xEA, 0x5F, 0x7C, 0x02, 0x6A, 0x7D, 0x02, 0x75, 0x7E, 0x02, 0x7F, 
    0x7F, 0x01, 0x00, 0x40, 0x01, 0x9A, 0x3B, 0x00, 0x00, 0x34, 0x00, 0x00, 
    0x4A, 0x64, 0x00, 0xEA, 0x00, 0x40, 0x0A, 0x9B, 0x4A, 0x00, 0x00, 0x49, 
    0x64, 0x07, 0x96, 0x66, 0x00, 0x00, 0x97, 0x54, 0x00, 0x00, 0x96, 0x64, 
    0x64, 0x00, 0x97, 0x52, 0x64, 0x03, 0x99, 0x3B, 0x00, 0x00, 0x2A, 0x00, 
    0x00, 0x92, 0x34, 0x00, 0x00, 0x91, 0x53, 0x00, 0x00, 0x90, 0x49, 0x00, 
    0x00, 0x99, 0x26, 0x64, 0x00, 0x3B, 0x7F, 0x00, 0x2A, 0x5A, 0x00, 0x90, 
    0x4A, 0x64, 0x00, 0x99, 0x24, 0x64, 0x0A, 0x9A, 0x4A, 0x00, 0x00, 0x49, 
    0x64, 0x0A, 0x9B, 0x49, 0x00, 0x00, 0x4A, 0x64, 0x07, 0x96, 0x64, 0x00, 
    0x00, 0x97, 0x52, 0x00, 0x01, 0x96, 0x67, 0x64, 0x00, 0x97, 0x55, 0x64, 
    0x02, 0x99, 0x26, 0x00, 0x00, 0x90, 0x4A, 0x00, 0x00, 0x99, 0x24, 0x00, 
    0x00, 0x2A, 0x00, 0x00, 0x90, 0x49, 0x64, 0x00, 0x99, 0x2A, 0x7F, 0x00, 
    0x26, 0x4B, 0x00, 0x92, 0x34, 0x64, 0x0A, 0x9A, 0x49, 0x00, 0x00, 0x4A, 
    0x64, 0x0A, 0x9B, 0x4A, 0x00, 0x00, 0x49, 0x64, 0x08, 0x97, 0x55, 0x00, 
    0x00, 0x96, 0x67, 0x00, 0x00, 0x69, 0x64, 0x00, 0x97, 0x57, 0x64, 0x02, 
    0x99, 0x26, 0x00, 0x00, 0x2A, 0x00, 0x00, 0x90, 0x49, 0x00, 0x00, 0x98, 
    0x42, 0x00, 0x00, 0x92, 0x34, 0x00, 0x00, 0x98, 0x43, 0x64, 0x00, 0x99, 
    0x2A, 0x64, 0x00, 0x90, 0x4A, 0x64, 0x00, 0x99, 0x24, 0x64, 0x00, 0x92, 
    0x28, 0x64, 0x0A, 0x9A, 0x4A, 0x00, 0x00, 0x49, 0x64, 0x0A, 0x9B, 0x49, 
    0x00, 0x00, 0x4A, 0x64, 0x08, 0x96, 0x69, 0x00, 0x00, 0x97, 0x57, 0x00, 
    0x00, 0x55, 0x64, 0x00, 0x96, 0x67, 0x64, 0x02, 0x99, 0x2A, 0x00, 0x00, 
    0x90, 0x4A, 0x00, 0x00, 0x99, 0x24, 0x00, 0x00, 0x92, 0x28, 0x00, 0x00, 
    0x99, 0x2A, 0x64, 0x00, 0x90, 0x49, 0x64, 0x00, 0x92, 0x34, 0x64, 0x00, 
    0x91, 0x53, 0x64, 0x0A, 0x9A, 0x49, 0x00, 0x00, 0x4A, 0x64, 0x0A, 0x9B, 
    0x4A, 0x00, 0x00, 0x49, 0x64, 0x08, 0x96, 0x67, 0x00, 0x00, 0x97, 0x55, 
    0x00, 0x00, 0x50, 0x64, 0x00, 0x96, 0x62, 0x64, 0x02, 0x99, 0x2A, 0x00, 
    0x00, 0x92, 0x34, 0x00, 0x00, 0x90, 0x49, 0x00, 0x00, 0x91, 0x53, 0x00, 
    0x00, 0x99, 0x3B, 0x00, 0x00, 0x90, 0x4A, 0x64, 0x00, 0x99, 0x3B, 0x7F, 
    0x00, 0x2A, 0x64, 0x00, 0x26, 0x64, 0x00, 0x91, 0x5F, 0x64, 0x0A, 0x9A, 
    0x4A, 0x00, 0x00, 0x49, 0x64, 0x0A, 0x9B, 0x49, 0x00, 0x00, 0x4A, 0x64, 
    0x08, 0x97, 0x50, 0x00, 0x00, 0x96, 0x62, 0x00, 0x01, 0x63, 0x64, 0x00, 
    0x97, 0x51, 0x64, 0x01, 0x99, 0x26, 0x00, 0x00, 0x90, 0x4A, 0x00, 0x00, 
    0x91, 0x5F, 0x00, 0x00, 0x99, 0x2A, 0x00, 0x00, 0x2A, 0x64, 0x00, 0x92, 
    0x28, 0x64, 0x00, 0x99, 0x24, 0x64, 0x00, 0x90, 0x49, 0x64, 0x0A, 0x9A, 
    0x49, 0x00, 0x00, 0x4A, 0x64, 0x0A, 0x9B, 0x4A, 0x00, 0x00, 0x49, 0x64, 
    0x09, 0x97, 0x51, 0x00, 0x00, 0x96, 0x63, 0x00, 0x00, 0x6B, 0x64, 0x00, 
    0x97, 0x59, 0x64, 0x01, 0x99, 0x2A, 0x00, 0x00, 0x92, 0x28, 0x00, 0x00, 
    0x98, 0x43, 0x00, 0x00, 0x90, 0x49, 0x00, 0x00, 0x99, 0x24, 0x00, 0x00, 
    0x98, 0x45, 0x64, 0x00, 0x99, 0x2A, 0x7F, 0x00, 0x91, 0x5F, 0x64, 0x00, 
    0x92, 0x34, 0x64, 0x00, 0x90, 0x4A, 0x64, 0x0A, 0x9A, 0x4A, 0x00, 0x00, 
    0x49, 0x64, 0x0A, 0x9B, 0x49, 0x00, 0x00, 0x4A, 0x64, 0x09, 0x96, 0x6B, 
    0x00, 0x00, 0x97, 0x59, 0x00, 0x00, 0x96, 0x67, 0x64, 0x00, 0x97, 0x55, 
    0x64, 0x01, 0x99, 0x2A, 0x00, 0x00, 0x91, 0x5F, 0x00, 0x00, 0x92, 0x34, 
    0x00, 0x00, 0x90, 0x4A, 0x00, 0x00, 0x92, 0x34, 0x64, 0x00, 0x99, 0x2A, 
    0x64, 0x00, 0x90, 0x49, 0x64, 0x00, 0x91, 0x53, 0x64, 0x0A, 0x9A, 0x49, 
    0x00, 0x00, 0x4A, 0x64, 0x0A, 0x9B, 0x4A, 0x00, 0x00, 0x49, 0x64, 0x09, 
    0x97, 0x55, 0x00, 0x00, 0x96, 0x67, 0x00, 0x00, 0x69, 0x64, 0x00, 0x97, 
    0x57, 0x64, 0x01, 0x99, 0x3B, 0x00, 0x00, 0x90, 0x49, 0x00, 0x00, 0x92, 
    0x34, 0x00, 0x00, 0x91, 0x53, 0x00, 0x00, 0x99, 0x2A, 0x00, 0x00, 0x26, 
    0x64, 0x00, 0x24, 0x64, 0x00, 0x2A, 0x64, 0x00, 0x3B, 0x7F, 0x00, 0x90, 
    0x4A, 0x64, 0x0A, 0x9A, 0x4A, 0x00, 0x00, 0x49, 0x64, 0x0A, 0x9B, 0x49, 
    0x00, 0x00, 0x4A, 0x64, 0x09, 0x96, 0x69, 0x00, 0x00, 0x97, 0x57, 0x00, 
    0x01, 0x99, 0x26, 0x00, 0x00, 0x24, 0x00, 0x00, 0x2A, 0x00, 0x00, 0x90, 
    0x4A, 0x00, 0x00, 0x49, 0x64, 0x00, 0x96, 0x62, 0x64, 0x00, 0x92, 0x34, 
    0x64, 0x00, 0x99, 0x26, 0x4B, 0x00, 0x2E, 0x7F, 0x00, 0x97, 0x50, 0x64, 
    0x0A, 0x9A, 0x49, 0x00, 0x00, 0x4A, 0x64, 0x0A, 0x9B, 0x4A, 0x00, 0x00, 
    0x49, 0x64, 0x0A, 0x96, 0x62, 0x00, 0x00, 0x99, 0x2A, 0x00, 0x00, 0x90, 
    0x49, 0x00, 0x00, 0x99, 0x26, 0x00, 0x00, 0x92, 0x34, 0x00, 0x00, 0x97, 
    0x50, 0x00, 0x00, 0x98, 0x45, 0x00, 0x00, 0x90, 0x4A, 0x64, 0x00, 0x92, 
    0x23, 0x64, 0x00, 0x97, 0x52, 0x64, 0x00, 0x99, 0x2A, 0x7F, 0x00, 0x96, 
    0x64, 0x64, 0x00, 0x99, 0x24, 0x64, 0x00, 0x98, 0x47, 0x64, 0x0A, 0x9A, 
    0x4A, 0x00, 0x00, 0x49, 0x64, 0x0A, 0x9B, 0x49, 0x00, 0x00, 0x4A, 0x64, 
    0x0A, 0x97, 0x52, 0x00, 0x00, 0x92, 0x23, 0x00, 0x00, 0x96, 0x64, 0x00, 
    0x00, 0x99, 0x24, 0x00, 0x00, 0x2A, 0x00, 0x00, 0x97, 0x55, 0x64, 0x00, 
    0x96, 0x67, 0x64, 0x00, 0x92, 0x2F, 0x64, 0x00, 0x99, 0x2A, 0x50, 0x00, 
    0x91, 0x53, 0x64, 0x0A, 0x9A, 0x49, 0x00, 0x00, 0x4A, 0x64, 0x0A, 0x9B, 
    0x4A, 0x00, 0x00, 0x49, 0x64, 0x0A, 0x97, 0x55, 0x00, 0x00, 0x99, 0x3B, 
    0x00, 0x00, 0x92, 0x2F, 0x00, 0x00, 0x96, 0x67, 0x00, 0x00, 0x91, 0x53, 
    0x00, 0x00, 0x99, 0x2A, 0x00, 0x00, 0x2A, 0x5A, 0x00, 0x26, 0x64, 0x00, 
    0x91, 0x5F, 0x64, 0x00, 0x96, 0x69, 0x64, 0x00, 0x99, 0x3B, 0x7F, 0x00, 
    0x97, 0x57, 0x64, 0x0A, 0x9A, 0x4A, 0x00, 0x00, 0x49, 0x64, 0x0A, 0x9B, 
    0x49, 0x00, 0x00, 0x4A, 0x64, 0x0A, 0x99, 0x26, 0x00, 0x00, 0x2E, 0x00, 
    0x00, 0x96, 0x69, 0x00, 0x00, 0x91, 0x5F, 0x00, 0x00, 0x97, 0x57, 0x00, 
    0x00, 0x90, 0x4A, 0x00, 0x00, 0x99, 0x24, 0x64, 0x00, 0x90, 0x49, 0x64, 
    0x00, 0x99, 0x2A, 0x64, 0x00, 0x92, 0x23, 0x64, 0x01, 0x96, 0x68, 0x64, 
    0x00, 0x97, 0x56, 0x64, 0x09, 0x9A, 0x49, 0x00, 0x00, 0x4A, 0x64, 0x14, 
    0x92, 0x23, 0x00, 0x00, 0x99, 0x24, 0x00, 0x00, 0x2A, 0x00, 0x00, 0x2A, 
    0x7F, 0x00, 0x92, 0x2F, 0x64, 0x00, 0x91, 0x5F, 0x64, 0x01, 0x96, 0x68, 
    0x00, 0x00, 0x97, 0x56, 0x00, 0x00, 0x58, 0x64, 0x00, 0x96, 0x6A, 0x64, 
    0x09, 0x9A, 0x4A, 0x00, 0x00, 0x49, 0x64, 0x14, 0x99, 0x2A, 0x00, 0x00, 
    0x92, 0x2F, 0x00, 0x00, 0x91, 0x5F, 0x00, 0x00, 0x53, 0x64, 0x00, 0x99, 
    0x2A, 0x50, 0x00, 0x92, 0x2F, 0x64, 0x01, 0x96, 0x6A, 0x00, 0x00, 0x97, 
    0x58, 0x00, 0x00, 0x96, 0x6B, 0x64, 0x00, 0x97, 0x59, 0x64, 0x09, 0x9A, 
    0x49, 0x00, 0x00, 0x4A, 0x64, 0x0A, 0x9B, 0x4A, 0x00, 0x00, 0x49, 0x64, 
    0x0A, 0x90, 0x49, 0x00, 0x00, 0x91, 0x53, 0x00, 0x00, 0x99, 0x2A, 0x00, 
    0x00, 0x92, 0x2F, 0x00, 0x00, 0x99, 0x3B, 0x00, 0x00, 0x90, 0x3B, 0x64, 
    0x00, 0x99, 0x24, 0x64, 0x00, 0x90, 0x42, 0x64, 0x00, 0x99, 0x2A, 0x5A, 
    0x00, 0x26, 0x64, 0x00, 0x3B, 0x7F, 0x01, 0x96, 0x6B, 0x00, 0x00, 0x97, 
    0x59, 0x00, 0x00, 0x96, 0x68, 0x64, 0x00, 0x97, 0x56, 0x64, 0x1D, 0x99, 
    0x24, 0x00, 0x00, 0x2A, 0x00, 0x00, 0x26, 0x00, 0x00, 0x92, 0x2F, 0x64, 
    0x00, 0x99, 0x2A, 0x7F, 0x00, 0x26, 0x4B, 0x01, 0x96, 0x68, 0x00, 0x00, 
    0x97, 0x56, 0x00, 0x01, 0x55, 0x64, 0x00, 0x96, 0x67, 0x64, 0x1C, 0x99, 
    0x2A, 0x00, 0x00, 0x92, 0x2F, 0x00, 0x00, 0x99, 0x26, 0x00, 0x00, 0x24, 
    0x64, 0x00, 0x92, 0x26, 0x64, 0x00, 0x99, 0x2A, 0x64, 0x02, 0x97, 0x55, 
    0x00, 0x00, 0x96, 0x67, 0x00, 0x00, 0x97, 0x54, 0x64, 0x00, 0x96, 0x66, 
    0x64, 0x08, 0x9A, 0x4A, 0x00, 0x00, 0x49, 0x64, 0x0A, 0x9B, 0x49, 0x00, 
    0x00, 0x3B, 0x64, 0x00, 0x42, 0x64, 0x0A, 0x92, 0x26, 0x00, 0x00, 0x99, 
    0x2A, 0x00, 0x00, 0x24, 0x00, 0x00, 0x92, 0x32, 0x64, 0x00, 0x99, 0x2A, 
    0x64, 0x00, 0x91, 0x53, 0x64, 0x02, 0x97, 0x54, 0x00, 0x00, 0x96, 0x66, 
    0x00, 0x00, 0x97, 0x53, 0x64, 0x00, 0x96, 0x65, 0x64, 0x1C, 0x99, 0x3B, 
    0x00, 0x00, 0x92, 0x32, 0x00, 0x00, 0x99, 0x2A, 0x00, 0x00, 0x91, 0x53, 
    0x00, 0x00, 0x5F, 0x64, 0x00, 0x99, 0x3B, 0x7F, 0x00, 0x2A, 0x64, 0x00, 
    0x26, 0x64, 0x02, 0x96, 0x65, 0x00, 0x00, 0x97, 0x53, 0x00, 0x00, 0x55, 
    0x64, 0x00, 0x96, 0x67, 0x64, 0x1C, 0x99, 0x2A, 0x00, 0x00, 0x91, 0x5F, 
    0x00, 0x00, 0x99, 0x26, 0x00, 0x00, 0x2A, 0x64, 0x00, 0x24, 0x64, 0x00, 
    0x92, 0x26, 0x64, 0x02, 0x97, 0x55, 0x00, 0x00, 0x96, 0x67, 0x00, 0x01, 
    0x68, 0x64, 0x00, 0x97, 0x56, 0x64, 0x07, 0x9A, 0x49, 0x00, 0x00, 0x42, 
    0x64, 0x00, 0x3B, 0x64, 0x14, 0x99, 0x24, 0x00, 0x00, 0x2A, 0x00, 0x00, 
    0x92, 0x26, 0x00, 0x00, 0x99, 0x2A, 0x7F, 0x00, 0x91, 0x5F, 0x64, 0x00, 
    0x92, 0x32, 0x64, 0x00, 0xE0, 0x00, 0x40, 0x01, 0x46, 0x40, 0x02, 0x97, 
    0x56, 0x00, 0x00, 0x96, 0x68, 0x00, 0x00, 0x97, 0x50, 0x64, 0x00, 0x96, 
    0x62, 0x64, 0x00, 0xE0, 0x51, 0x41, 0x02, 0x5C, 0x42, 0x02, 0x66, 0x43, 
    0x02, 0x71, 0x44, 0x02, 0x7C, 0x45, 0x02, 0x07, 0x47, 0x02, 0x12, 0x48, 
    0x02, 0x1D, 0x49, 0x02, 0x27, 0x4A, 0x02, 0x32, 0x4B, 0x02, 0x3D, 0x4C, 
    0x02, 0x48, 0x4D, 0x02, 0x53, 0x4E, 0x02, 0x5E, 0x4F, 0x01, 0x92, 0x32, 
    0x00, 0x00, 0x99, 0x2A, 0x00, 0x00, 0x91, 0x5F, 0x00, 0x00, 0x92, 0x32, 
    0x64, 0x00, 0x99, 0x2A, 0x64, 0x00, 0x91, 0x53, 0x64, 0x01, 0xE0, 0x68, 
    0x50, 0x02, 0x96, 0x62, 0x00, 0x00, 0x97, 0x50, 0x00, 0x00, 0xE0, 0x73, 
    0x51, 0x00, 0x96, 0x65, 0x64, 0x00, 0x97, 0x53, 0x64, 0x02, 0xE0, 0x7E, 
    0x52, 0x02, 0x09, 0x54, 0x02, 0x14, 0x55, 0x02, 0x1F, 0x56, 0x02, 0x29, 
    0x57, 0x02, 0x34, 0x58, 0x02, 0x3F, 0x59, 0x02, 0x4A, 0x5A, 0x02, 0x55, 
    0x5B, 0x02, 0x60, 0x5C, 0x02, 0x6A, 0x5D, 0x02, 0x75, 0x5E, 0x02, 0x00, 
    0x60, 0x01, 0x91, 0x53, 0x00, 0x00, 0x99, 0x3B, 0x00, 0x00, 0x2A, 0x00, 
    0x00, 0x92, 0x32, 0x00, 0x00, 0x99, 0x24, 0x64, 0x00, 0x3B, 0x7F, 0x00, 
    0x26, 0x64, 0x00, 0x2A, 0x64, 0x01, 0xE0, 0x0B, 0x61, 0x02, 0x97, 0x53, 
    0x00, 0x00, 0x96, 0x65, 0x00, 0x00, 0xE0, 0x16, 0x62, 0x00, 0x96, 0x69, 
    0x64, 0x00, 0x97, 0x57, 0x64, 0x02, 0xE0, 0x20, 0x63, 0x02, 0x2B, 0x64, 
    0x02, 0x36, 0x65, 0x02, 0x41, 0x66, 0x02, 0x4C, 0x67, 0x02, 0x57, 0x68, 
    0x02, 0x61, 0x69, 0x02, 0x6C, 0x6A, 0x01, 0xEB, 0x00, 0x40, 0x01, 0xE0, 
    0x77, 0x6B, 0x00, 0xEB, 0x46, 0x40, 0x02, 0x51, 0x41, 0x00, 0xE0, 0x02, 
    0x6D, 0x02, 0x0D, 0x6E, 0x00, 0xEB, 0x5C, 0x42, 0x02, 0xE0, 0x18, 0x6F, 
    0x00, 0xEB, 0x66, 0x43, 0x02, 0x71, 0x44, 0x00, 0xE0, 0x22, 0x70, 0x01, 
    0x99, 0x24, 0x00, 0x00, 0x2A, 0x00, 0x00, 0x26, 0x00, 0x00, 0x92, 0x32, 
    0x64, 0x00, 0x99, 0x26, 0x4B, 0x00, 0x2E, 0x7F, 0x01, 0xE0, 0x2D, 0x71, 
    0x00, 0xEB, 0x7C, 0x45, 0x02, 0x97, 0x57, 0x00, 0x00, 0x96, 0x69, 0x00, 
    0x00, 0xEB, 0x07, 0x47, 0x00, 0xE0, 0x38, 0x72, 0x01, 0x97, 0x50, 0x64, 
    0x00, 0x96, 0x62, 0x64, 0x01, 0xE0, 0x43, 0x73, 0x00, 0xEB, 0x12, 0x48, 
    0x02, 0x1D, 0x49, 0x00, 0xE0, 0x4E, 0x74, 0x02, 0x59, 0x75, 0x00, 0xEB, 
    0x27, 0x4A, 0x02, 0xE0, 0x63, 0x76, 0x00, 0xEB, 0x32, 0x4B, 0x02, 0x3D, 
    0x4C, 0x00, 0xE0, 0x6E, 0x77, 0x02, 0xEB, 0x48, 0x4D, 0x00, 0xE0, 0x79, 
    0x78, 0x02, 0xEB, 0x53, 0x4E, 0x00, 0xE0, 0x04, 0x7A, 0x02, 0x0F, 0x7B, 
    0x00, 0xEB, 0x5E, 0x4F, 0x02, 0x68, 0x50, 0x00, 0xE0, 0x1A, 0x7C, 0x02, 
    0xEB, 0x73, 0x51, 0x00, 0xE0, 0x24, 0x7D, 0x02, 0xEB, 0x7E, 0x52, 0x00, 
    0xE0, 0x2F, 0x7E, 0x02, 0x3A, 0x7F, 0x00, 0xEB, 0x09, 0x54, 0x01, 0xE0, 
    0x7F, 0x7F, 0x01, 0x00, 0x40, 0x00, 0xEB, 0x14, 0x55, 0x01, 0x98, 0x47, 
    0x00, 0x00, 0x99, 0x2A, 0x00, 0x00, 0x90, 0x3B, 0x00, 0x00, 0x42, 0x00, 
    0x00, 0x99, 0x26, 0x00, 0x00, 0x92, 0x32, 0x00, 0x00, 0x21, 0x64, 0x00, 
    0x98, 0x45, 0x64, 0x00, 0xB0, 0x06, 0x18, 0x00, 0x90, 0x45, 0x64, 0x00, 
    0x99, 0x24, 0x64, 0x00, 0x2A, 0x7F, 0x01, 0xEB, 0x1F, 0x56, 0x02, 0x29, 
    0x57, 0x01, 0x96, 0x62, 0x00, 0x00, 0x97, 0x50, 0x00, 0x00, 0x96, 0x63, 
    0x64, 0x00, 0x97, 0x51, 0x64, 0x01, 0xEB, 0x34, 0x58, 0x02, 0x3F, 0x59, 
    0x02, 0x4A, 0x5A, 0x02, 0x55, 0x5B, 0x02, 0x60, 0x5C, 0x02, 0x6A, 0x5D, 
    0x02, 0x75, 0x5E, 0x02, 0x00, 0x60, 0x02, 0x0B, 0x61, 0x02, 0x16, 0x62, 
    0x02, 0x20, 0x63, 0x02, 0x2B, 0x64, 0x02, 0x36, 0x65, 0x01, 0x92, 0x21, 
    0x00, 0x00, 0x99, 0x2A, 0x00, 0x00, 0x24, 0x00, 0x00, 0x90, 0x45, 0x00, 
    0x00, 0x92, 0x2D, 0x64, 0x00, 0x99, 0x2A, 0x50, 0x00, 0x91, 0x53, 0x64, 
    0x00, 0x90, 0x44, 0x64, 0x01, 0xEB, 0x41, 0x66, 0x02, 0x4C, 0x67, 0x01, 
    0x97, 0x51, 0x00, 0x00, 0x96, 0x63, 0x00, 0x00, 0x6B, 0x64, 0x00, 0x97, 
    0x59, 0x64, 0x01, 0xEB, 0x57, 0x68, 0x02, 0x61, 0x69, 0x02, 0x6C, 0x6A, 
    0x01, 0xEA, 0x00, 0x40, 0x01, 0x46, 0x40, 0x00, 0xEB, 0x77, 0x6B, 0x02, 
    0xEA, 0x51, 0x41, 0x00, 0xEB, 0x02, 0x6D, 0x02, 0x0D, 0x6E, 0x00, 0xEA, 
    0x5C, 0x42, 0x02, 0xEB, 0x18, 0x6F, 0x00, 0xEA, 0x66, 0x43, 0x02, 0x71, 
    0x44, 0x00, 0xEB, 0x22, 0x70, 0x02, 0xEA, 0x7C, 0x45, 0x00, 0xEB, 0x2D, 
    0x71, 0x02, 0xEA, 0x07, 0x47, 0x00, 0xEB, 0x38, 0x72, 0x02, 0x43, 0x73, 
    0x00, 0xEA, 0x12, 0x48, 0x02, 0x1D, 0x49, 0x00, 0xEB, 0x4E, 0x74, 0x02, 
    0x59, 0x75, 0x00, 0xEA, 0x27, 0x4A, 0x01, 0x99, 0x2A, 0x00, 0x00, 0x91, 
    0x53, 0x00, 0x00, 0x92, 0x2D, 0x00, 0x00, 0x99, 0x3B, 0x00, 0x00, 0x90, 
    0x44, 0x00, 0x00, 0x99, 0x3B, 0x7F, 0x00, 0x91, 0x5F, 0x64, 0x00, 0x99, 
    0x26, 0x64, 0x00, 0x2A, 0x5A, 0x00, 0x90, 0x45, 0x64, 0x01, 0xEB, 0x63, 
    0x76, 0x00, 0xEA, 0x32, 0x4B, 0x02, 0xEB, 0x6E, 0x77, 0x00, 0xEA, 0x3D, 
    0x4C, 0x01, 0x97, 0x59, 0x00, 0x00, 0x96, 0x6B, 0x00, 0x00, 0x60, 0x64, 
    0x00, 0x97, 0x4E, 0x64, 0x01, 0xEA, 0x48, 0x4D, 0x00, 0xEB, 0x79, 0x78, 
    0x02, 0xEA, 0x53, 0x4E, 0x00, 0xEB, 0x04, 0x7A, 0x02, 0x0F, 0x7B, 0x00, 
    0xEA, 0x5E, 0x4F, 0x02, 0xEB, 0x1A, 0x7C, 0x00, 0xEA, 0x68, 0x50, 0x02, 
    0x73, 0x51, 0x00, 0xEB, 0x24, 0x7D, 0x02, 0x2F, 0x7E, 0x00, 0xEA, 0x7E, 
    0x52, 0x02, 0x09, 0x54, 0x00, 0xEB, 0x3A, 0x7F, 0x01, 0x7F, 0x7F, 0x01, 
    0x00, 0x40, 0x00, 0xEA, 0x14, 0x55, 0x01, 0x9B, 0x3B, 0x00, 0x00, 0x42, 
    0x00, 0x00, 0x45, 0x64, 0x00, 0xBB, 0x06, 0x18, 0x01, 0xEA, 0x1F, 0x56, 
    0x02, 0x29, 0x57, 0x02, 0x34, 0x58, 0x02, 0x3F, 0x59, 0x02, 0x4A, 0x5A, 
    0x01, 0x99, 0x2E, 0x00, 0x00, 0x26, 0x00, 0x00, 0x91, 0x5F, 0x00, 0x00, 
    0x90, 0x45, 0x00, 0x00, 0x99, 0x2A, 0x64, 0x00, 0x24, 0x64, 0x00, 0x92, 
    0x21, 0x64, 0x00, 0x90, 0x44, 0x64, 0x01, 0xEA, 0x55, 0x5B, 0x02, 0x60, 
    0x5C, 0x01, 0x96, 0x60, 0x00, 0x00, 0x97, 0x4E, 0x00, 0x01, 0x5A, 0x64, 
    0x00, 0xEA, 0x6A, 0x5D, 0x00, 0x96, 0x6C, 0x64, 0x02, 0xEA, 0x75, 0x5E, 
    0x02, 0x00, 0x60, 0x02, 0x0B, 0x61, 0x02, 0x16, 0x62, 0x02, 0x20, 0x63, 
    0x02, 0x2B, 0x64, 0x02, 0x36, 0x65, 0x01, 0x9B, 0x45, 0x00, 0x00, 0x44, 
    0x64, 0x01, 0xEA, 0x41, 0x66, 0x02, 0x4C, 0x67, 0x02, 0x57, 0x68, 0x02, 
    0x61, 0x69, 0x02, 0x6C, 0x6A, 0x01, 0x98, 0x45, 0x00, 0x00, 0x99, 0x24, 
    0x00, 0x00, 0x92, 0x21, 0x00, 0x00, 0x99, 0x2A, 0x00, 0x00, 0x90, 0x44, 
    0x00, 0x00, 0x91, 0x5F, 0x64, 0x00, 0x98, 0x44, 0x64, 0x00, 0x99, 0x2A, 
    0x7F, 0x00, 0x92, 0x2D, 0x64, 0x00, 0x90, 0x45, 0x64, 0x01, 0xEA, 0x77, 
    0x6B, 0x02, 0x02, 0x6D, 0x02, 0x96, 0x6C, 0x00, 0x00, 0x97, 0x5A, 0x00, 
    0x00, 0x96, 0x65, 0x64, 0x00, 0x97, 0x53, 0x64, 0x00, 0xEA, 0x0D, 0x6E, 
    0x02, 0x18, 0x6F, 0x02, 0x22, 0x70, 0x02, 0x2D, 0x71, 0x02, 0x38, 0x72, 
    0x02, 0x43, 0x73, 0x02, 0x4E, 0x74, 0x02, 0x59, 0x75, 0x01, 0x9B, 0x44, 
    0x00, 0x00, 0x45, 0x64, 0x01, 0xEA, 0x63, 0x76, 0x02, 0x6E, 0x77, 0x02, 
    0x79, 0x78, 0x02, 0x04, 0x7A, 0x02, 0x0F, 0x7B, 0x01, 0x91, 0x5F, 0x00, 
    0x00, 0x99, 0x2A, 0x00, 0x00, 0x92, 0x2D, 0x00, 0x00, 0x90, 0x45, 0x00, 
    0x00, 0x91, 0x53, 0x64, 0x00, 0x92, 0x2D, 0x64, 0x00, 0x90, 0x44, 0x64, 
    0x00, 0x99, 0x2A, 0x50, 0x01, 0xEA, 0x1A, 0x7C, 0x02, 0x24, 0x7D, 0x02, 
    0x97, 0x53, 0x00, 0x00, 0x96, 0x65, 0x00, 0x00, 0x61, 0x64, 0x00, 0x97, 
    0x4F, 0x64, 0x00, 0xEA, 0x2F, 0x7E, 0x02, 0x3A, 0x7F, 0x01, 0x7F, 0x7F, 
    0x01, 0x00, 0x40, 0x01, 0x9A, 0x42, 0x00, 0x00, 0x3B, 0x00, 0x00, 0xBA, 
    0x06, 0x18, 0x00, 0x9A, 0x45, 0x64, 0x0A, 0x9B, 0x45, 0x00, 0x00, 0x44, 
    0x64, 0x0A, 0x99, 0x3B, 0x00, 0x00, 0x2A, 0x00, 0x00, 0x91, 0x53, 0x00, 
    0x00, 0x90, 0x44, 0x00, 0x00, 0x92, 0x2D, 0x00, 0x00, 0x99, 0x24, 0x64, 
    0x00, 0x90, 0x45, 0x64, 0x00, 0x99, 0x26, 0x64, 0x00, 0x2A, 0x5A, 0x00, 
    0x3B, 0x7F, 0x05, 0x96, 0x61, 0x00, 0x00, 0x97, 0x4F, 0x00, 0x00, 0x96, 
    0x68, 0x64, 0x00, 0x97, 0x56, 0x64, 0x05, 0x9A, 0x45, 0x00, 0x00, 0x44, 
    0x64, 0x0A, 0x9B, 0x44, 0x00, 0x00, 0x45, 0x64, 0x0A, 0x99, 0x24, 0x00, 
    0x00, 0x26, 0x00, 0x00, 0x90, 0x45, 0x00, 0x00, 0x99, 0x2A, 0x00, 0x00, 
    0x90, 0x44, 0x64, 0x00, 0x99, 0x2A, 0x7F, 0x00, 0x26, 0x4B, 0x00, 0x92, 
    0x2D, 0x64, 0x05, 0x97, 0x56, 0x00, 0x00, 0x96, 0x68, 0x00, 0x01, 0x61, 
    0x64, 0x00, 0x97, 0x4F, 0x64, 0x04, 0x9A, 0x44, 0x00, 0x00, 0x45, 0x64, 
    0x0A, 0x9B, 0x45, 0x00, 0x00, 0x44, 0x64, 0x0A, 0x99, 0x2A, 0x00, 0x00, 
    0x90, 0x44, 0x00, 0x00, 0x99, 0x26, 0x00, 0x00, 0x92, 0x2D, 0x00, 0x00, 
    0x98, 0x44, 0x00, 0x00, 0x90, 0x45, 0x64, 0x00, 0x92, 0x21, 0x64, 0x00, 
    0x99, 0x24, 0x64, 0x00, 0x98, 0x42, 0x64, 0x00, 0x99, 0x2A, 0x64, 0x06, 
    0x97, 0x4F, 0x00, 0x00, 0x96, 0x61, 0x00, 0x00, 0x6C, 0x64, 0x00, 0x97, 
    0x5A, 0x64, 0x04, 0x9A, 0x45, 0x00, 0x00, 0x44, 0x64, 0x0A, 0x9B, 0x44, 
    0x00, 0x00, 0x45, 0x64, 0x0A, 0x99, 0x2A, 0x00, 0x00, 0x90, 0x45, 0x00, 
    0x00, 0x99, 0x24, 0x00, 0x00, 0x92, 0x21, 0x00, 0x00, 0x91, 0x53, 0x64, 
    0x00, 0x99, 0x2A, 0x64, 0x00, 0x90, 0x44, 0x64, 0x00, 0x92, 0x2D, 0x64, 
    0x06, 0x97, 0x5A, 0x00, 0x00, 0x96, 0x6C, 0x00, 0x00, 0x65, 0x64, 0x00, 
    0x97, 0x53, 0x64, 0x04, 0x9A, 0x44, 0x00, 0x00, 0x45, 0x64, 0x0A, 0x9B, 
    0x45, 0x00, 0x00, 0x44, 0x64, 0x0A, 0x99, 0x3B, 0x00, 0x00, 0x2A, 0x00, 
    0x00, 0x91, 0x53, 0x00, 0x00, 0x90, 0x44, 0x00, 0x00, 0x92, 0x2D, 0x00, 
    0x00, 0x99, 0x2A, 0x64, 0x00, 0x26, 0x64, 0x00, 0x90, 0x45, 0x64, 0x00, 
    0x99, 0x3B, 0x7F, 0x00, 0x91, 0x5F, 0x64, 0x06, 0x96, 0x65, 0x00, 0x00, 
    0x97, 0x53, 0x00, 0x00, 0x5A, 0x64, 0x00, 0x96, 0x6C, 0x64, 0x04, 0x9A, 
    0x45, 0x00, 0x00, 0x44, 0x64, 0x0A, 0x9B, 0x44, 0x00, 0x00, 0x45, 0x64, 
    0x0A, 0x99, 0x26, 0x00, 0x00, 0x90, 0x45, 0x00, 0x00, 0x91, 0x5F, 0x00, 
    0x00, 0x99, 0x2A, 0x00, 0x00, 0x92, 0x21, 0x64, 0x00, 0x99, 0x2A, 0x64, 
    0x00, 0x24, 0x64, 0x00, 0x90, 0x44, 0x64, 0x06, 0x96, 0x6C, 0x00, 0x00, 
    0x97, 0x5A, 0x00, 0x01, 0x50, 0x64, 0x00, 0x96, 0x62, 0x64, 0x03, 0x9A, 
    0x44, 0x00, 0x00, 0x45, 0x64, 0x0A, 0x9B, 0x45, 0x00, 0x00, 0x44, 0x64, 
    0x0A, 0x99, 0x2A, 0x00, 0x00, 0x98, 0x42, 0x00, 0x00, 0x92, 0x21, 0x00, 
    0x00, 0x99, 0x24, 0x00, 0x00, 0x90, 0x44, 0x00, 0x00, 0x99, 0x2A, 0x7F, 
    0x00, 0x92, 0x2D, 0x64, 0x00, 0x90, 0x45, 0x64, 0x00, 0x91, 0x5F, 0x64, 
    0x00, 0x98, 0x40, 0x64, 0x07, 0x97, 0x50, 0x00, 0x00, 0x96, 0x62, 0x00, 
    0x00, 0x64, 0x64, 0x00, 0x97, 0x52, 0x64, 0x03, 0x9A, 0x45, 0x00, 0x00, 
    0x44, 0x64, 0x0A, 0x9B, 0x44, 0x00, 0x00, 0x45, 0x64, 0x0A, 0x92, 0x2D, 
    0x00, 0x00, 0x90, 0x45, 0x00, 0x00, 0x91, 0x5F, 0x00, 0x00, 0x99, 0x2A, 
    0x00, 0x00, 0x91, 0x53, 0x64, 0x00, 0x99, 0x2A, 0x64, 0x00, 0x90, 0x44, 
    0x64, 0x00, 0x92, 0x2D, 0x64, 0x07, 0x97, 0x52, 0x00, 0x00, 0x96, 0x64, 
    0x00, 0x00, 0x62, 0x64, 0x00, 0x97, 0x50, 0x64, 0x03, 0x9A, 0x44, 0x00, 
    0x00, 0x45, 0x64, 0x0A, 0x9B, 0x45, 0x00, 0x00, 0x44, 0x64, 0x0A, 0x90, 
    0x44, 0x00, 0x00, 0x99, 0x2A, 0x00, 0x00, 0x91, 0x53, 0x00, 0x00, 0x92, 
    0x2D, 0x00, 0x00, 0x99, 0x3B, 0x00, 0x00, 0x26, 0x64, 0x00, 0x2A, 0x64, 
    0x00, 0x90, 0x45, 0x64, 0x00, 0x99, 0x3B, 0x7F, 0x00, 0x24, 0x64, 0x07, 
    0x96, 0x62, 0x00, 0x00, 0x97, 0x50, 0x00, 0x00, 0x5A, 0x64, 0x00, 0x96, 
    0x6C, 0x64, 0x03, 0x9A, 0x45, 0x00, 0x00, 0x44, 0x64, 0x0A, 0x9B, 0x44, 
    0x00, 0x00, 0x45, 0x64, 0x0A, 0x99, 0x26, 0x00, 0x00, 0x90, 0x45, 0x00, 
    0x00, 0x99, 0x2A, 0x00, 0x00, 0x24, 0x00, 0x00, 0x2E, 0x7F, 0x00, 0x92, 
    0x2D, 0x64, 0x00, 0x90, 0x44, 0x64, 0x00, 0x99, 0x26, 0x4B, 0x07, 0x96, 
    0x6C, 0x00, 0x00, 0x97, 0x5A, 0x00, 0x01, 0x57, 0x64, 0x00, 0x96, 0x69, 
    0x64, 0x02, 0x9A, 0x44, 0x00, 0x00, 0x45, 0x64, 0x0A, 0x9B, 0x45, 0x00, 
    0x00, 0x44, 0x64, 0x0A, 0x98, 0x40, 0x00, 0x00, 0x99, 0x2A, 0x00, 0x00, 
    0x92, 0x2D, 0x00, 0x00, 0x90, 0x44, 0x00, 0x00, 0x99, 0x26, 0x00, 0x00, 
    0x2A, 0x7F, 0x00, 0x98, 0x3E, 0x64, 0x00, 0x92, 0x23, 0x64, 0x00, 0x90, 
    0x45, 0x64, 0x00, 0x99, 0x24, 0x64, 0x08, 0x97, 0x57, 0x00, 0x00, 0x96, 
    0x69, 0x00, 0x00, 0x97, 0x5A, 0x64, 0x00, 0x96, 0x6C, 0x64, 0x02, 0x9A, 
    0x45, 0x00, 0x00, 0x44, 0x64, 0x0A, 0x9B, 0x44, 0x00, 0x00, 0x45, 0x64, 
    0x0A, 0x92, 0x23, 0x00, 0x00, 0x99, 0x24, 0x00, 0x00, 0x2A, 0x00, 0x00, 
    0x2A, 0x50, 0x00, 0x91, 0x53, 0x64, 0x00, 0x92, 0x2F, 0x64, 0x08, 0x96, 
    0x6C, 0x00, 0x00, 0x97, 0x5A, 0x00, 0x00, 0x54, 0x64, 0x00, 0x96, 0x66, 
    0x64, 0x02, 0x9A, 0x44, 0x00, 0x00, 0x45, 0x64, 0x0A, 0x9B, 0x45, 0x00, 
    0x00, 0x44, 0x64, 0x0A, 0x91, 0x53, 0x00, 0x00, 0x99, 0x2A, 0x00, 0x00, 
    0x3B, 0x00, 0x00, 0x92, 0x2F, 0x00, 0x00, 0x99, 0x26, 0x64, 0x00, 0x3B, 
    0x7F, 0x00, 0x26, 0x64, 0x00, 0x2A, 0x5A, 0x00, 0x91, 0x5F, 0x64, 0x08, 
    0x97, 0x54, 0x00, 0x00, 0x96, 0x66, 0x00, 0x00, 0x62, 0x64, 0x00, 0x97, 
    0x50, 0x64, 0x02, 0x9A, 0x45, 0x00, 0x00, 0x44, 0x64, 0x0A, 0x9B, 0x44, 
    0x00, 0x00, 0x45, 0x64, 0x0A, 0x99, 0x26, 0x00, 0x00, 0x90, 0x45, 0x00, 
    0x00, 0x99, 0x2E, 0x00, 0x00, 0x26, 0x00, 0x00, 0x91, 0x5F, 0x00, 0x00, 
    0x99, 0x2A, 0x64, 0x00, 0x90, 0x44, 0x64, 0x00, 0x99, 0x24, 0x64, 0x00, 
    0x92, 0x23, 0x64, 0x08, 0x97, 0x50, 0x00, 0x00, 0x96, 0x62, 0x00, 0x01, 
    0x68, 0x64, 0x00, 0x97, 0x56, 0x64, 0x01, 0x9A, 0x44, 0x00, 0x00, 0x45, 
    0x64, 0x14, 0x99, 0x2A, 0x00, 0x00, 0x24, 0x00, 0x00, 0x92, 0x23, 0x00, 
    0x00, 0x2F, 0x64, 0x00, 0x99, 0x2A, 0x7F, 0x00, 0x91, 0x5F, 0x64, 0x09, 
    0x97, 0x56, 0x00, 0x00, 0x96, 0x68, 0x00, 0x00, 0x66, 0x64, 0x00, 0x97, 
    0x54, 0x64, 0x01, 0x9A, 0x45, 0x00, 0x00, 0x44, 0x64, 0x14, 0x92, 0x2F, 
    0x00, 0x00, 0x91, 0x5F, 0x00, 0x00, 0x99, 0x2A, 0x00, 0x00, 0x92, 0x2F, 
    0x64, 0x00, 0x91, 0x53, 0x64, 0x00, 0x99, 0x2A, 0x50, 0x09, 0x96, 0x66, 
    0x00, 0x00, 0x97, 0x54, 0x00, 0x00, 0x96, 0x67, 0x64, 0x00, 0x97, 0x55, 
    0x64, 0x01, 0x9A, 0x44, 0x00, 0x00, 0x45, 0x64, 0x0A, 0x9B, 0x45, 0x00, 
    0x00, 0x44, 0x64, 0x0A, 0x99, 0x3B, 0x00, 0x00, 0x2A, 0x00, 0x00, 0x92, 
    0x2F, 0x00, 0x00, 0x90, 0x44, 0x00, 0x00, 0x91, 0x53, 0x00, 0x00, 0x99, 
    0x26, 0x64, 0x00, 0x90, 0x34, 0x64, 0x00, 0x99, 0x3B, 0x7F, 0x00, 0x90, 
    0x3B, 0x64, 0x00, 0x99, 0x26, 0x64, 0x00, 0x24, 0x64, 0x00, 0x2A, 0x5A, 
    0x09, 0x96, 0x67, 0x00, 0x00, 0x97, 0x55, 0x00, 0x00, 0x51, 0x64, 0x00, 
    0x96, 0x63, 0x64, 0x15, 0x99, 0x26, 0x00, 0x00, 0x2A, 0x00, 0x00, 0x26, 
    0x00, 0x00, 0x24, 0x00, 0x00, 0x2A, 0x7F, 0x00, 0x26, 0x4B, 0x00, 0x92, 
    0x2F, 0x64, 0x09, 0x96, 0x63, 0x00, 0x00, 0x97, 0x51, 0x00, 0x01, 0x53, 
    0x64, 0x00, 0x96, 0x65, 0x64, 0x14, 0x99, 0x26, 0x00, 0x00, 0x2A, 0x00, 
    0x00, 0x92, 0x2F, 0x00, 0x00, 0x26, 0x64, 0x00, 0x99, 0x24, 0x64, 0x00, 
    0x2A, 0x64, 0x00, 0x98, 0x42, 0x64, 0x0A, 0x9A, 0x45, 0x00, 0x00, 0x97, 
    0x53, 0x00, 0x00, 0x96, 0x65, 0x00, 0x00, 0x9A, 0x44, 0x64, 0x00, 0x97, 
    0x51, 0x64, 0x00, 0x96, 0x63, 0x64, 0x0A, 0x9B, 0x44, 0x00, 0x00, 0x3B, 
    0x64, 0x00, 0x34, 0x64, 0x0A, 0x99, 0x2A, 0x00, 0x00, 0x24, 0x00, 0x00, 
    0x92, 0x26, 0x00, 0x00, 0x32, 0x64, 0x00, 0x99, 0x2A, 0x64, 0x00, 0x91, 
    0x53, 0x64, 0x0A, 0x97, 0x51, 0x00, 0x00, 0x96, 0x63, 0x00, 0x00, 0x69, 
    0x64, 0x00, 0x97, 0x57, 0x64, 0x14, 0x91, 0x53, 0x00, 0x00, 0x99, 0x3B, 
    0x00, 0x00, 0x2A, 0x00, 0x00, 0x92, 0x32, 0x00, 0x00, 0x99, 0x26, 0x64, 
    0x00, 0x91, 0x5F, 0x64, 0x00, 0x99, 0x26, 0x64, 0x00, 0x3B, 0x7F, 0x00, 
    0x2A, 0x64, 0x0A, 0x97, 0x57, 0x00, 0x00, 0x96, 0x69, 0x00, 0x00, 0x62, 
    0x64, 0x00, 0x97, 0x50, 0x64, 0x14, 0x99, 0x2A, 0x00, 0x00, 0x26, 0x00, 
    0x00, 0x26, 0x00, 0x00, 0x91, 0x5F, 0x00, 0x00, 0x99, 0x24, 0x64, 0x00, 
    0x92, 0x26, 0x64, 0x00, 0x99, 0x2A, 0x64, 0x0A, 0x97, 0x50, 0x00, 0x00, 
    0x96, 0x62, 0x00, 0x00, 0x9A, 0x44, 0x00, 0x00, 0x3B, 0x64, 0x00, 0x34, 
    0x64, 0x01, 0x97, 0x53, 0x64, 0x00, 0x96, 0x65, 0x64, 0x13, 0x99, 0x2A, 
    0x00, 0x00, 0x24, 0x00, 0x00, 0x92, 0x26, 0x00, 0x00, 0x99, 0x2A, 0x7F, 
    0x00, 0x26, 0x64, 0x00, 0x91, 0x5F, 0x64, 0x00, 0xE0, 0x00, 0x40, 0x00, 
    0x92, 0x32, 0x64, 0x01, 0xE0, 0x46, 0x40, 0x02, 0x51, 0x41, 0x02, 0x5C, 
    0x42, 0x02, 0x66, 0x43, 0x02, 0x71, 0x44, 0x02, 0x96, 0x65, 0x00, 0x00, 
    0x97, 0x53, 0x00, 0x00, 0x96, 0x60, 0x64, 0x00, 0xE0, 0x7C, 0x45, 0x00, 
    0x97, 0x4E, 0x64, 0x02, 0xE0, 0x07, 0x47, 0x02, 0x12, 0x48, 0x02, 0x1D, 
    0x49, 0x02, 0x27, 0x4A, 0x02, 0x32, 0x4B, 0x02, 0x3D, 0x4C, 0x02, 0x48, 
    0x4D, 0x02, 0x53, 0x4E, 0x02, 0x5E, 0x4F, 0x01, 0x92, 0x32, 0x00, 0x00, 
    0x99, 0x2A, 0x00, 0x00, 0x91, 0x5F, 0x00, 0x00, 0x99, 0x2A, 0x64, 0x00, 
    0x91, 0x53, 0x64, 0x00, 0x92, 0x32, 0x64, 0x01, 0xE0, 0x68, 0x50, 0x02, 
    0x73, 0x51, 0x02, 0x7E, 0x52, 0x02, 0x09, 0x54, 0x02, 0x14, 0x55, 0x02, 
    0x96, 0x60, 0x00, 0x00, 0x97, 0x4E, 0x00, 0x00, 0xE0, 0x1F, 0x56, 0x00, 
    0x97, 0x55, 0x64, 0x00, 0x96, 0x67, 0x64, 0x02, 0xE0, 0x29, 0x57, 0x02, 
    0x34, 0x58, 0x02, 0x3F, 0x59, 0x02, 0x4A, 0x5A, 0x02, 0x55, 0x5B, 0x02, 
    0x60, 0x5C, 0x02, 0x6A, 0x5D, 0x02, 0x75, 0x5E, 0x02, 0x00, 0x60, 0x01, 
    0x92, 0x32, 0x00, 0x00, 0x91, 0x53, 0x00, 0x00, 0x99, 0x2A, 0x00, 0x00, 
    0x3B, 0x00, 0x00, 0x3B, 0x7F, 0x00, 0x26, 0x64, 0x00, 0x24, 0x64, 0x00, 
    0x2A, 0x64, 0x00, 0x26, 0x64, 0x01, 0xE0, 0x0B, 0x61, 0x02, 0x16, 0x62, 
    0x02, 0x20, 0x63, 0x02, 0x2B, 0x64, 0x02, 0x36, 0x65, 0x02, 0x96, 0x67, 
    0x00, 0x00, 0x97, 0x55, 0x00, 0x00, 0xE0, 0x41, 0x66, 0x00, 0x96, 0x68, 
    0x64, 0x00, 0x97, 0x56, 0x64, 0x02, 0xE0, 0x4C, 0x67, 0x02, 0x57, 0x68, 
    0x02, 0x61, 0x69, 0x02, 0x6C, 0x6A, 0x01, 0xEB, 0x00, 0x40, 0x01, 0xE0, 
    0x77, 0x6B, 0x00, 0xEB, 0x46, 0x40, 0x02, 0xE0, 0x02, 0x6D, 0x00, 0xEB, 
    0x51, 0x41, 0x02, 0xE0, 0x0D, 0x6E, 0x00, 0xEB, 0x5C, 0x42, 0x02, 0x66, 
    0x43, 0x00, 0xE0, 0x18, 0x6F, 0x02, 0x22, 0x70, 0x00, 0xEB, 0x71, 0x44, 
    0x01, 0x99, 0x26, 0x00, 0x00, 0x26, 0x00, 0x00, 0x24, 0x00, 0x00, 0x2A, 
    0x00, 0x00, 0x26, 0x4B, 0x00, 0x2E, 0x7F, 0x00, 0x92, 0x32, 0x64, 0x01, 
    0xEB, 0x7C, 0x45, 0x00, 0xE0, 0x2D, 0x71, 0x02, 0xEB, 0x07, 0x47, 0x00, 
    0xE0, 0x38, 0x72, 0x02, 0x43, 0x73, 0x00, 0xEB, 0x12, 0x48, 0x02, 0xE0, 
    0x4E, 0x74, 0x00, 0xEB, 0x1D, 0x49, 0x02, 0x27, 0x4A, 0x00, 0xE0, 0x59, 
    0x75, 0x02, 0x96, 0x68, 0x00, 0x00, 0x97, 0x56, 0x00, 0x00, 0xE0, 0x63, 
    0x76, 0x00, 0xEB, 0x32, 0x4B, 0x01, 0x96, 0x69, 0x64, 0x00, 0x97, 0x57, 
    0x64, 0x01, 0xEB, 0x3D, 0x4C, 0x00, 0xE0, 0x6E, 0x77, 0x02, 0x79, 0x78, 
    0x00, 0xEB, 0x48, 0x4D, 0x02, 0xE0, 0x04, 0x7A, 0x00, 0xEB, 0x53, 0x4E, 
    0x02, 0x5E, 0x4F, 0x00, 0xE0, 0x0F, 0x7B, 0x02, 0xEB, 0x68, 0x50, 0x00, 
    0xE0, 0x1A, 0x7C, 0x02, 0xEB, 0x73, 0x51, 0x00, 0xE0, 0x24, 0x7D, 0x02, 
    0x2F, 0x7E, 0x00, 0xEB, 0x7E, 0x52, 0x02, 0xE0, 0x3A, 0x7F, 0x00, 0xEB, 
    0x09, 0x54, 0x01, 0xE0, 0x7F, 0x7F, 0x01, 0xEB, 0x14, 0x55, 0x00, 0xE0, 
    0x00, 0x40, 0x01, 0x92, 0x32, 0x00, 0x00, 0x90, 0x3B, 0x00, 0x00, 0x99, 
    0x26, 0x00, 0x00, 0x98, 0x3E, 0x00, 0x00, 0x90, 0x34, 0x00, 0x00, 0x99, 
    0x26, 0x00, 0x00, 0x98, 0x42, 0x00, 0x00, 0x99, 0x2A, 0x00, 0x00, 0x98, 
    0x42, 0x64, 0x00, 0x99, 0x2A, 0x7F, 0x00, 0x24, 0x64, 0x00, 0x92, 0x23, 
    0x64, 0x00, 0x90, 0x40, 0x64, 0x01, 0xEB, 0x1F, 0x56, 0x02, 0x29, 0x57, 
    0x02, 0x34, 0x58, 0x02, 0x3F, 0x59, 0x02, 0x4A, 0x5A, 0x02, 0x55, 0x5B, 
    0x01, 0x96, 0x69, 0x00, 0x00, 0x97, 0x57, 0x00, 0x01, 0xEB, 0x60, 0x5C, 
    0x02, 0x6A, 0x5D, 0x02, 0x75, 0x5E, 0x02, 0x00, 0x60, 0x02, 0x0B, 0x61, 
    0x02, 0x16, 0x62, 0x02, 0x20, 0x63, 0x01, 0x97, 0x56, 0x64, 0x00, 0x96, 
    0x68, 0x64, 0x01, 0xEB, 0x2B, 0x64, 0x02, 0x36, 0x65, 0x01, 0x92, 0x23, 
    0x00, 0x00, 0x99, 0x2A, 0x00, 0x00, 0x24, 0x00, 0x00, 0x91, 0x53, 0x64, 
    0x00, 0x99, 0x2A, 0x50, 0x00, 0x92, 0x2F, 0x64, 0x01, 0xEB, 0x41, 0x66, 
    0x02, 0x4C, 0x67, 0x02, 0x57, 0x68, 0x02, 0x61, 0x69, 0x02, 0x6C, 0x6A, 
    0x01, 0xEA, 0x00, 0x40, 0x01, 0xEB, 0x77, 0x6B, 0x00, 0xEA, 0x46, 0x40, 
    0x02, 0x51, 0x41, 0x00, 0xEB, 0x02, 0x6D, 0x02, 0x0D, 0x6E, 0x00, 0xEA, 
    0x5C, 0x42, 0x02, 0x66, 0x43, 0x00, 0xEB, 0x18, 0x6F, 0x02, 0x22, 0x70, 
    0x00, 0xEA, 0x71, 0x44, 0x02, 0x7C, 0x45, 0x00, 0xEB, 0x2D, 0x71, 0x02, 
    0x38, 0x72, 0x00, 0xEA, 0x07, 0x47, 0x02, 0xEB, 0x43, 0x73, 0x00, 0xEA, 
    0x12, 0x48, 0x01, 0x97, 0x56, 0x00, 0x00, 0x96, 0x68, 0x00, 0x00, 0x97, 
    0x55, 0x64, 0x00, 0x96, 0x67, 0x64, 0x01, 0xEB, 0x4E, 0x74, 0x00, 0xEA, 
    0x1D, 0x49, 0x02, 0xEB, 0x59, 0x75, 0x00, 0xEA, 0x27, 0x4A, 0x01, 0x99, 
    0x2A, 0x00, 0x00, 0x3B, 0x00, 0x00, 0x91, 0x53, 0x00, 0x00, 0x92, 0x2F, 
    0x00, 0x00, 0x99, 0x2A, 0x5A, 0x00, 0x3B, 0x7F, 0x00, 0x91, 0x5F, 0x64, 
    0x00, 0x99, 0x26, 0x64, 0x01, 0xEA, 0x32, 0x4B, 0x00, 0xEB, 0x63, 0x76, 
    0x02, 0xEA, 0x3D, 0x4C, 0x00, 0xEB, 0x6E, 0x77, 0x02, 0xEA, 0x48, 0x4D, 
    0x00, 0xEB, 0x79, 0x78, 0x02, 0x04, 0x7A, 0x00, 0xEA, 0x53, 0x4E, 0x02, 
    0x5E, 0x4F, 0x00, 0xEB, 0x0F, 0x7B, 0x02, 0x1A, 0x7C, 0x00, 0xEA, 0x68, 
    0x50, 0x02, 0xEB, 0x24, 0x7D, 0x00, 0xEA, 0x73, 0x51, 0x02, 0x7E, 0x52, 
    0x00, 0xEB, 0x2F, 0x7E, 0x02, 0xEA, 0x09, 0x54, 0x00, 0xEB, 0x3A, 0x7F, 
    0x01, 0x7F, 0x7F, 0x01, 0x00, 0x40, 0x00, 0xEA, 0x14, 0x55, 0x01, 0x9B, 
    0x3B, 0x00, 0x00, 0x34, 0x00, 0x00, 0x40, 0x64, 0x01, 0xEA, 0x1F, 0x56, 
    0x02, 0x29, 0x57, 0x02, 0x34, 0x58, 0x01, 0x96, 0x67, 0x00, 0x00, 0x97, 
    0x55, 0x00, 0x01, 0x57, 0x64, 0x00, 0x96, 0x69, 0x64, 0x00, 0xEA, 0x3F, 
    0x59, 0x02, 0x4A, 0x5A, 0x01, 0x91, 0x5F, 0x00, 0x00, 0x90, 0x40, 0x00, 
    0x00, 0x99, 0x2E, 0x00, 0x00, 0x26, 0x00, 0x00, 0x92, 0x23, 0x64, 0x00, 
    0x99, 0x24, 0x64, 0x00, 0x90, 0x3F, 0x64, 0x00, 0x99, 0x2A, 0x64, 0x01, 
    0xEA, 0x55, 0x5B, 0x02, 0x60, 0x5C, 0x02, 0x6A, 0x5D, 0x02, 0x75, 0x5E, 
    0x02, 0x00, 0x60, 0x02, 0x0B, 0x61, 0x02, 0x16, 0x62, 0x02, 0x20, 0x63, 
    0x02, 0x2B, 0x64, 0x02, 0x36, 0x65, 0x02, 0x41, 0x66, 0x02, 0x4C, 0x67, 
    0x02, 0x57, 0x68, 0x02, 0x97, 0x57, 0x00, 0x00, 0x96, 0x69, 0x00, 0x00, 
    0x61, 0x64, 0x00, 0xEA, 0x61, 0x69, 0x00, 0x97, 0x4F, 0x64, 0x02, 0xEA, 
    0x6C, 0x6A, 0x01, 0x92, 0x23, 0x00, 0x00, 0x99, 0x2A, 0x00, 0x00, 0x98, 
    0x42, 0x00, 0x00, 0x99, 0x24, 0x00, 0x00, 0x2A, 0x7F, 0x00, 0x98, 0x40, 
    0x64, 0x00, 0x91, 0x5F, 0x64, 0x00, 0x92, 0x2F, 0x64, 0x01, 0xEA, 0x77, 
    0x6B, 0x02, 0x02, 0x6D, 0x02, 0x0D, 0x6E, 0x02, 0x18, 0x6F, 0x02, 0x22, 
    0x70, 0x02, 0x2D, 0x71, 0x02, 0x38, 0x72, 0x02, 0x43, 0x73, 0x02, 0x4E, 
    0x74, 0x02, 0x59, 0x75, 0x02, 0x63, 0x76, 0x02, 0x6E, 0x77, 0x02, 0x79, 
    0x78, 0x02, 0x96, 0x61, 0x00, 0x00, 0x97, 0x4F, 0x00, 0x00, 0xEA, 0x04, 
    0x7A, 0x00, 0x96, 0x66, 0x64, 0x00, 0x97, 0x54, 0x64, 0x02, 0xEA, 0x0F, 
    0x7B, 0x01, 0x90, 0x3F, 0x00, 0x00, 0x99, 0x2A, 0x00, 0x00, 0x91, 0x5F, 
    0x00, 0x00, 0x92, 0x2F, 0x00, 0x00, 0x91, 0x53, 0x64, 0x00, 0x92, 0x2F, 
    0x64, 0x00, 0x99, 0x2A, 0x50, 0x00, 0x90, 0x3F, 0x64, 0x01, 0xEA, 0x1A, 
    0x7C, 0x02, 0x24, 0x7D, 0x02, 0x2F, 0x7E, 0x02, 0x3A, 0x7F, 0x01, 0x7F, 
    0x7F, 0x01, 0x00, 0x40, 0x01, 0x9A, 0x34, 0x00, 0x00, 0x3B, 0x00, 0x00, 
    0x40, 0x64, 0x0A, 0x9B, 0x40, 0x00, 0x00, 0x3F, 0x64, 0x07, 0x97, 0x54, 
    0x00, 0x00, 0x96, 0x66, 0x00, 0x00, 0x64, 0x64, 0x00, 0x97, 0x52, 0x64, 
    0x03, 0x99, 0x3B, 0x00, 0x00, 0x2A, 0x00, 0x00, 0x91, 0x53, 0x00, 0x00, 
    0x92, 0x2F, 0x00, 0x00, 0x90, 0x3F, 0x00, 0x00, 0x99, 0x24, 0x64, 0x00, 
    0x2A, 0x5A, 0x00, 0x3B, 0x7F, 0x00, 0x90, 0x3B, 0x64, 0x00, 0x99, 0x26, 
    0x64, 0x1B, 0x96, 0x64, 0x00, 0x00, 0x97, 0x52, 0x00, 0x01, 0x96, 0x67, 
    0x64, 0x00, 0x97, 0x55, 0x64, 0x02, 0x99, 0x24, 0x00, 0x00, 0x2A, 0x00, 
    0x00, 0x26, 0x00, 0x00, 0x26, 0x4B, 0x00, 0x92, 0x2F, 0x64, 0x00, 0x99, 
    0x2A, 0x7F, 0x14, 0x9B, 0x3F, 0x00, 0x00, 0x3F, 0x64, 0x08, 0x97, 0x55, 
    0x00, 0x00, 0x96, 0x67, 0x00, 0x00, 0x97, 0x57, 0x64, 0x00, 0x96, 0x69, 
    0x64, 0x02, 0x90, 0x3B, 0x00, 0x00, 0x99, 0x2A, 0x00, 0x00, 0x26, 0x00, 
    0x00, 0x92, 0x2F, 0x00, 0x00, 0x98, 0x40, 0x00, 0x00, 0x3F, 0x64, 0x00, 
    0x99, 0x24, 0x64, 0x00, 0x90, 0x39, 0x64, 0x00, 0x92, 0x23, 0x64, 0x00, 
    0x99, 0x2A, 0x64, 0x0A, 0x9A, 0x40, 0x00, 0x00, 0x3F, 0x64, 0x0A, 0x9B, 
    0x3F, 0x00, 0x00, 0x3B, 0x64, 0x08, 0x97, 0x57, 0x00, 0x00, 0x96, 0x69, 
    0x00, 0x00, 0x67, 0x64, 0x00, 0x97, 0x55, 0x64, 0x02, 0x99, 0x2A, 0x00, 
    0x00, 0x90, 0x39, 0x00, 0x00, 0x99, 0x24, 0x00, 0x00, 0x92, 0x23, 0x00, 
    0x00, 0x2F, 0x64, 0x00, 0x90, 0x3B, 0x64, 0x00, 0x91, 0x53, 0x64, 0x00, 
    0x99, 0x2A, 0x64, 0x1C, 0x96, 0x67, 0x00, 0x00, 0x97, 0x55, 0x00, 0x00, 
    0x50, 0x64, 0x00, 0x96, 0x62, 0x64, 0x02, 0x92, 0x2F, 0x00, 0x00, 0x99, 
    0x3B, 0x00, 0x00, 0x2A, 0x00, 0x00, 0x91, 0x53, 0x00, 0x00, 0x5F, 0x64, 
    0x00, 0x99, 0x26, 0x64, 0x00, 0x2A, 0x64, 0x00, 0x3B, 0x7F, 0x0A, 0x9A, 
    0x3F, 0x00, 0x00, 0x3F, 0x64, 0x0A, 0x9B, 0x3B, 0x00, 0x00, 0x39, 0x64, 
    0x08, 0x97, 0x50, 0x00, 0x00, 0x96, 0x62, 0x00, 0x01, 0x97, 0x51, 0x64, 
    0x00, 0x96, 0x63, 0x64, 0x01, 0x99, 0x2A, 0x00, 0x00, 0x91, 0x5F, 0x00, 
    0x00, 0x99, 0x26, 0x00, 0x00, 0x24, 0x64, 0x00, 0x2A, 0x64, 0x00, 0x92, 
    0x23, 0x64, 0x0A, 0x9A, 0x3F, 0x00, 0x00, 0x3B, 0x64, 0x0A, 0x9B, 0x39, 
    0x00, 0x00, 0x3B, 0x64, 0x09, 0x97, 0x51, 0x00, 0x00, 0x96, 0x63, 0x00, 
    0x00, 0x6B, 0x64, 0x00, 0x97, 0x59, 0x64, 0x01, 0x99, 0x2A, 0x00, 0x00, 
    0x98, 0x3F, 0x00, 0x00, 0x99, 0x24, 0x00, 0x00, 0x92, 0x23, 0x00, 0x00, 
    0x99, 0x2A, 0x7F, 0x00, 0x98, 0x3B, 0x64, 0x00, 0x92, 0x2F, 0x64, 0x00, 
    0x91, 0x5F, 0x64, 0x1D, 0x96, 0x6B, 0x00, 0x00, 0x97, 0x59, 0x00, 0x00, 
    0x96, 0x67, 0x64, 0x00, 0x97, 0x55, 0x64, 0x01, 0x99, 0x2A, 0x00, 0x00, 
    0x92, 0x2F, 0x00, 0x00, 0x91, 0x5F, 0x00, 0x00, 0x92, 0x2F, 0x64, 0x00, 
    0x91, 0x53, 0x64, 0x00, 0x99, 0x2A, 0x64, 0x0A, 0x9A, 0x3B, 0x00, 0x00, 
    0x39, 0x64, 0x13, 0x96, 0x67, 0x00, 0x00, 0x97, 0x55, 0x00, 0x00, 0x96, 
    0x69, 0x64, 0x00, 0x97, 0x57, 0x64, 0x01, 0x92, 0x2F, 0x00, 0x00, 0x99, 
    0x3B, 0x00, 0x00, 0x91, 0x53, 0x00, 0x00, 0x99, 0x2A, 0x00, 0x00, 0x2A, 
    0x64, 0x00, 0x3B, 0x7F, 0x00, 0x26, 0x64, 0x00, 0x24, 0x64, 0x0A, 0x9A, 
    0x39, 0x00, 0x00, 0x3B, 0x64, 0x13, 0x97, 0x57, 0x00, 0x00, 0x96, 0x69, 
    0x00, 0x01, 0x99, 0x26, 0x00, 0x00, 0x2A, 0x00, 0x00, 0x24, 0x00, 0x00, 
    0x97, 0x50, 0x64, 0x00, 0x92, 0x2F, 0x64, 0x00, 0x96, 0x62, 0x64, 0x00, 
    0x99, 0x2E, 0x7F, 0x00, 0x26, 0x4B, 0x1E, 0x26, 0x00, 0x00, 0x92, 0x2F, 
    0x00, 0x00, 0x90, 0x3B, 0x00, 0x00, 0x97, 0x50, 0x00, 0x00, 0x98, 0x3B, 
    0x00, 0x00, 0x96, 0x62, 0x00, 0x00, 0x99, 0x2A, 0x00, 0x00, 0x97, 0x52, 
    0x64, 0x00, 0x99, 0x2A, 0x7F, 0x00, 0x90, 0x40, 0x64, 0x00, 0x92, 0x23, 
    0x64, 0x00, 0x99, 0x24, 0x64, 0x00, 0x98, 0x3B, 0x64, 0x00, 0x96, 0x64, 
    0x64, 0x1E, 0x64, 0x00, 0x00, 0x92, 0x23, 0x00, 0x00, 0x97, 0x52, 0x00, 
    0x00, 0x99, 0x24, 0x00, 0x00, 0x2A, 0x00, 0x00, 0x96, 0x67, 0x64, 0x00, 
    0x91, 0x53, 0x64, 0x00, 0x97, 0x55, 0x64, 0x00, 0x92, 0x2F, 0x64, 0x00, 
    0x99, 0x2A, 0x50, 0x1E, 0x92, 0x2F, 0x00, 0x00, 0x91, 0x53, 0x00, 0x00, 
    0x99, 0x3B, 0x00, 0x00, 0x96, 0x67, 0x00, 0x00, 0x99, 0x2A, 0x00, 0x00, 
    0x97, 0x55, 0x00, 0x00, 0x91, 0x5F, 0x64, 0x00, 0x97, 0x57, 0x64, 0x00, 
    0x99, 0x26, 0x64, 0x00, 0x3B, 0x7F, 0x00, 0x2A, 0x5A, 0x00, 0x96, 0x69, 
    0x64, 0x14, 0x9B, 0x3B, 0x00, 0x00, 0x40, 0x64, 0x0A, 0x99, 0x26, 0x00, 
    0x00, 0x91, 0x5F, 0x00, 0x00, 0x90, 0x40, 0x00, 0x00, 0x97, 0x57, 0x00, 
    0x00, 0x96, 0x69, 0x00, 0x00, 0x99, 0x2E, 0x00, 0x00, 0x2A, 0x64, 0x00, 
    0x24, 0x64, 0x00, 0x92, 0x23, 0x64, 0x00, 0x90, 0x3F, 0x64, 0x01, 0x97, 
    0x56, 0x64, 0x00, 0x96, 0x68, 0x64, 0x1D, 0x92, 0x23, 0x00, 0x00, 0x99, 
    0x24, 0x00, 0x00, 0x98, 0x3B, 0x00, 0x00, 0x99, 0x2A, 0x00, 0x00, 0x98, 
    0x3D, 0x64, 0x00, 0x92, 0x2F, 0x64, 0x00, 0x91, 0x5F, 0x64, 0x00, 0x99, 
    0x2A, 0x7F, 0x01, 0x96, 0x68, 0x00, 0x00, 0x97, 0x56, 0x00, 0x00, 0x58, 
    0x64, 0x00, 0x96, 0x6A, 0x64, 0x1D, 0x92, 0x2F, 0x00, 0x00, 0x99, 0x2A, 
    0x00, 0x00, 0x90, 0x3F, 0x00, 0x00, 0x91, 0x5F, 0x00, 0x00, 0x92, 0x2F, 
    0x64, 0x00, 0x91, 0x53, 0x64, 0x00, 0x90, 0x3F, 0x64, 0x00, 0x99, 0x2A, 
    0x50, 0x01, 0x97, 0x58, 0x00, 0x00, 0x96, 0x6A, 0x00, 0x00, 0x97, 0x59, 
    0x64, 0x00, 0x96, 0x6B, 0x64, 0x09, 0x9A, 0x3B, 0x00, 0x00, 0x40, 0x64, 
    0x0A, 0x9B, 0x40, 0x00, 0x00, 0x3F, 0x64, 0x0A, 0x99, 0x2A, 0x00, 0x00, 
    0x92, 0x2F, 0x00, 0x00, 0x91, 0x53, 0x00, 0x00, 0x90, 0x3F, 0x00, 0x00, 
    0x99, 0x3B, 0x00, 0x00, 0x3B, 0x7F, 0x00, 0x90, 0x3B, 0x64, 0x00, 0x99, 
    0x26, 0x64, 0x00, 0x24, 0x64, 0x00, 0x2A, 0x5A, 0x01, 0x97, 0x59, 0x00, 
    0x00, 0x96, 0x6B, 0x00, 0x00, 0x68, 0x64, 0x00, 0x97, 0x56, 0x64, 0x1D, 
    0x99, 0x26, 0x00, 0x00, 0x2A, 0x00, 0x00, 0x24, 0x00, 0x00, 0x92, 0x2F, 
    0x64, 0x00, 0x99, 0x26, 0x4B, 0x00, 0x2A, 0x7F, 0x01, 0x96, 0x68, 0x00, 
    0x00, 0x97, 0x56, 0x00, 0x01, 0x96, 0x67, 0x64, 0x00, 0x97, 0x55, 0x64, 
    0x12, 0x9B, 0x3F, 0x00, 0x00, 0x3F, 0x64, 0x0A, 0x98, 0x3D, 0x00, 0x00, 
    0x99, 0x2A, 0x00, 0x00, 0x92, 0x2F, 0x00, 0x00, 0x90, 0x3B, 0x00, 0x00, 
    0x99, 0x26, 0x00, 0x00, 0x2A, 0x64, 0x00, 0x90, 0x44, 0x64, 0x00, 0x99, 
    0x24, 0x64, 0x00, 0x92, 0x23, 0x64, 0x00, 0x98, 0x3F, 0x64, 0x02, 0x96, 
    0x67, 0x00, 0x00, 0x97, 0x55, 0x00, 0x00, 0x54, 0x64, 0x00, 0x96, 0x66, 
    0x64, 0x08, 0x9A, 0x40, 0x00, 0x00, 0x3F, 0x64, 0x0A, 0x9B, 0x3F, 0x00, 
    0x00, 0x3B, 0x64, 0x0A, 0x99, 0x2A, 0x00, 0x00, 0x24, 0x00, 0x00, 0x90, 
    0x44, 0x00, 0x00, 0x92, 0x23, 0x00, 0x00, 0x99, 0x2A, 0x64, 0x00, 0x91, 
    0x53, 0x64, 0x00, 0x90, 0x42, 0x64, 0x00, 0x92, 0x2F, 0x64, 0x02, 0x97, 
    0x54, 0x00, 0x00, 0x96, 0x66, 0x00, 0x00, 0x65, 0x64, 0x00, 0x97, 0x53, 
    0x64, 0x1C, 0x91, 0x53, 0x00, 0x00, 0x99, 0x2A, 0x00, 0x00, 0x3B, 0x00, 
    0x00, 0x92, 0x2F, 0x00, 0x00, 0x91, 0x5F, 0x64, 0x00, 0x99, 0x26, 0x64, 
    0x00, 0x2A, 0x64, 0x00, 0x3B, 0x7F, 0x02, 0x96, 0x65, 0x00, 0x00, 0x97, 
    0x53, 0x00, 0x00, 0x96, 0x67, 0x64, 0x00, 0x97, 0x55, 0x64, 0x08, 0x9A, 
    0x3F, 0x00, 0x00, 0x3F, 0x64, 0x0A, 0x9B, 0x3B, 0x00, 0x00, 0x44, 0x64, 
    0x0A, 0x99, 0x2A, 0x00, 0x00, 0x26, 0x00, 0x00, 0x91, 0x5F, 0x00, 0x00, 
    0x99, 0x24, 0x64, 0x00, 0x92, 0x23, 0x64, 0x00, 0x99, 0x2A, 0x64, 0x02, 
    0x97, 0x55, 0x00, 0x00, 0x96, 0x67, 0x00, 0x01, 0x97, 0x56, 0x64, 0x00, 
    0x96, 0x68, 0x64, 0x07, 0x9A, 0x3F, 0x00, 0x00, 0x3B, 0x64, 0x0A, 0x9B, 
    0x44, 0x00, 0x00, 0x42, 0x64, 0x0A, 0x98, 0x3F, 0x00, 0x00, 0x99, 0x2A, 
    0x00, 0x00, 0x24, 0x00, 0x00, 0x92, 0x23, 0x00, 0x00, 0x91, 0x5F, 0x64, 
    0x00, 0x92, 0x2F, 0x64, 0x00, 0x99, 0x2A, 0x7F, 0x00, 0x98, 0x42, 0x64, 
    0x03, 0x97, 0x56, 0x00, 0x00, 0x96, 0x68, 0x00, 0x00, 0x97, 0x50, 0x64, 
    0x00, 0x96, 0x62, 0x64, 0x1B, 0x92, 0x2F, 0x00, 0x00, 0x91, 0x5F, 0x00, 
    0x00, 0x99, 0x2A, 0x00, 0x00, 0x92, 0x2F, 0x64, 0x00, 0x91, 0x53, 0x64, 
    0x00, 0x99, 0x2A, 0x64, 0x03, 0x96, 0x62, 0x00, 0x00, 0x97, 0x50, 0x00, 
    0x00, 0x96, 0x65, 0x64, 0x00, 0x97, 0x53, 0x64, 0x07, 0x9A, 0x3B, 0x00, 
    0x00, 0x44, 0x64, 0x14, 0x99, 0x3B, 0x00, 0x00, 0x92, 0x2F, 0x00, 0x00, 
    0x99, 0x2A, 0x00, 0x00, 0x91, 0x53, 0x00, 0x00, 0x99, 0x2A, 0x64, 0x00, 
    0x3B, 0x7F, 0x00, 0x24, 0x64, 0x00, 0x26, 0x64, 0x03, 0x96, 0x65, 0x00, 
    0x00, 0x97, 0x53, 0x00, 0x00, 0x57, 0x64, 0x00, 0x96, 0x69, 0x64, 0x07, 
    0x9A, 0x44, 0x00, 0x00, 0x42, 0x64, 0x14, 0x99, 0x2A, 0x00, 0x00, 0x24, 
    0x00, 0x00, 0x26, 0x00, 0x00, 0x26, 0x4B, 0x00, 0x2E, 0x7F, 0x00, 0x92, 
    0x2F, 0x64, 0x03, 0x96, 0x69, 0x00, 0x00, 0x97, 0x57, 0x00, 0x01, 0x96, 
    0x62, 0x64, 0x00, 0x97, 0x50, 0x64, 0x1A, 0x99, 0x26, 0x00, 0x00, 0x90, 
    0x42, 0x00, 0x00, 0x99, 0x2A, 0x00, 0x00, 0x92, 0x2F, 0x00, 0x00, 0x98, 
    0x42, 0x00, 0x00, 0x99, 0x2A, 0x7F, 0x00, 0x92, 0x23, 0x64, 0x00, 0x98, 
    0x47, 0x64, 0x00, 0x90, 0x40, 0x64, 0x00, 0x99, 0x24, 0x64, 0x04, 0x96, 
    0x62, 0x00, 0x00, 0x97, 0x50, 0x00, 0x00, 0x51, 0x64, 0x00, 0x96, 0x63, 
    0x64, 0x1A, 0x92, 0x23, 0x00, 0x00, 0x99, 0x2A, 0x00, 0x00, 0x24, 0x00, 
    0x00, 0x91, 0x53, 0x64, 0x00, 0x99, 0x2A, 0x50, 0x00, 0x92, 0x2F, 0x64, 
    0x04, 0x97, 0x51, 0x00, 0x00, 0x96, 0x63, 0x00, 0x00, 0x6B, 0x64, 0x00, 
    0x97, 0x59, 0x64, 0x1A, 0x91, 0x53, 0x00, 0x00, 0x99, 0x2A, 0x00, 0x00, 
    0x3B, 0x00, 0x00, 0x92, 0x2F, 0x00, 0x00, 0x99, 0x26, 0x64, 0x00, 0x91, 
    0x5F, 0x64, 0x00, 0x99, 0x3B, 0x7F, 0x00, 0x2A, 0x5A, 0x04, 0x96, 0x6B, 
    0x00, 0x00, 0x97, 0x59, 0x00, 0x00, 0x4E, 0x64, 0x00, 0x96, 0x60, 0x64, 
    0x10, 0x9B, 0x42, 0x00, 0x00, 0x40, 0x64, 0x0A, 0x91, 0x5F, 0x00, 0x00, 
    0x90, 0x40, 0x00, 0x00, 0x99, 0x26, 0x00, 0x00, 0x2E, 0x00, 0x00, 0x24, 
    0x64, 0x00, 0x90, 0x3F, 0x64, 0x00, 0x92, 0x23, 0x64, 0x00, 0x99, 0x2A, 
    0x64, 0x04, 0x97, 0x4E, 0x00, 0x00, 0x96, 0x60, 0x00, 0x01, 0x97, 0x5A, 
    0x64, 0x00, 0x96, 0x6C, 0x64, 0x19, 0x99, 0x24, 0x00, 0x00, 0x2A, 0x00, 
    0x00, 0x98, 0x47, 0x00, 0x00, 0x92, 0x23, 0x00, 0x00, 0x99, 0x2A, 0x7F, 
    0x00, 0x98, 0x45, 0x64, 0x00, 0x92, 0x2F, 0x64, 0x00, 0x91, 0x5F, 0x64, 
    0x05, 0x97, 0x5A, 0x00, 0x00, 0x96, 0x6C, 0x00, 0x00, 0x65, 0x64, 0x00, 
    0x97, 0x53, 0x64, 0x19, 0x90, 0x3F, 0x00, 0x00, 0x99, 0x2A, 0x00, 0x00, 
    0x92, 0x2F, 0x00, 0x00, 0x91, 0x5F, 0x00, 0x00, 0x53, 0x64, 0x00, 0x99, 
    0x2A, 0x50, 0x00, 0x92, 0x2F, 0x64, 0x00, 0x90, 0x3F, 0x64, 0x05, 0x97, 
    0x53, 0x00, 0x00, 0x96, 0x65, 0x00, 0x00, 0x61, 0x64, 0x00, 0x97, 0x4F, 
    0x64, 0x05, 0x9A, 0x42, 0x00, 0x00, 0x40, 0x64, 0x0A, 0x9B, 0x40, 0x00, 
    0x00, 0x3F, 0x64, 0x0A, 0x99, 0x3B, 0x00, 0x00, 0x91, 0x53, 0x00, 0x00, 
    0x92, 0x2F, 0x00, 0x00, 0x90, 0x3F, 0x00, 0x00, 0x99, 0x2A, 0x00, 0x00, 
    0x24, 0x64, 0x00, 0x3B, 0x7F, 0x00, 0x26, 0x64, 0x00, 0x2A, 0x5A, 0x00, 
    0x90, 0x3B, 0x64, 0x05, 0x97, 0x4F, 0x00, 0x00, 0x96, 0x61, 0x00, 0x00, 
    0x68, 0x64, 0x00, 0x97, 0x56, 0x64, 0x19, 0x99, 0x26, 0x00, 0x00, 0x2A, 
    0x00, 0x00, 0x24, 0x00, 0x00, 0x2A, 0x7F, 0x00, 0x26, 0x4B, 0x00, 0x92, 
    0x2F, 0x64, 0x05, 0x97, 0x56, 0x00, 0x00, 0x96, 0x68, 0x00, 0x01, 0x97, 
    0x4F, 0x64, 0x00, 0x96, 0x61, 0x64, 0x0E, 0x9B, 0x3F, 0x00, 0x00, 0x3F, 
    0x64, 0x0A, 0x98, 0x45, 0x00, 0x00, 0x99, 0x2A, 0x00, 0x00, 0x90, 0x3B, 
    0x00, 0x00, 0x99, 0x26, 0x00, 0x00, 0x92, 0x2F, 0x00, 0x00, 0x98, 0x44, 
    0x64, 0x00, 0x90, 0x39, 0x64, 0x00, 0x99, 0x2A, 0x64, 0x00, 0x92, 0x23, 
    0x64, 0x00, 0x99, 0x24, 0x64, 0x06, 0x97, 0x4F, 0x00, 0x00, 0x96, 0x61, 
    0x00, 0x00, 0x6C, 0x64, 0x00, 0x97, 0x5A, 0x64, 0x04, 0x9A, 0x40, 0x00, 
    0x00, 0x3F, 0x64, 0x0A, 0x9B, 0x3F, 0x00, 0x00, 0x3B, 0x64, 0x0A, 0x99, 
    0x2A, 0x00, 0x00, 0x90, 0x39, 0x00, 0x00, 0x99, 0x24, 0x00, 0x00, 0x92, 
    0x23, 0x00, 0x00, 0x90, 0x3B, 0x64, 0x00, 0x92, 0x2F, 0x64, 0x00, 0x91, 
    0x53, 0x64, 0x00, 0x99, 0x2A, 0x64, 0x06, 0x97, 0x5A, 0x00, 0x00, 0x96, 
    0x6C, 0x00, 0x00, 0x65, 0x64, 0x00, 0x97, 0x53, 0x64, 0x18, 0x92, 0x2F, 
    0x00, 0x00, 0x99, 0x2A, 0x00, 0x00, 0x91, 0x53, 0x00, 0x00, 0x99, 0x3B, 
    0x00, 0x00, 0x2A, 0x64, 0x00, 0x3B, 0x7F, 0x00, 0x26, 0x64, 0x00, 0x91, 
    0x5F, 0x64, 0x06, 0x96, 0x65, 0x00, 0x00, 0x97, 0x53, 0x00, 0x00, 0x96, 
    0x6C, 0x64, 0x00, 0x97, 0x5A, 0x64, 0x04, 0x9A, 0x3F, 0x00, 0x00, 0x3F, 
    0x64, 0x0A, 0x9B, 0x3B, 0x00, 0x00, 0x39, 0x64, 0x0A, 0x99, 0x2A, 0x00, 
    0x00, 0x26, 0x00, 0x00, 0x91, 0x5F, 0x00, 0x00, 0x99, 0x24, 0x64, 0x00, 
    0x92, 0x23, 0x64, 0x00, 0x99, 0x2A, 0x64, 0x06, 0x97, 0x5A, 0x00, 0x00, 
    0x96, 0x6C, 0x00, 0x01, 0x62, 0x64, 0x00, 0x97, 0x50, 0x64, 0x03, 0x9A, 
    0x3F, 0x00, 0x00, 0x3B, 0x64, 0x0A, 0x9B, 0x39, 0x00, 0x00, 0x3B, 0x64, 
    0x0A, 0x98, 0x44, 0x00, 0x00, 0x99, 0x24, 0x00, 0x00, 0x92, 0x23, 0x00, 
    0x00, 0x99, 0x2A, 0x00, 0x00, 0x98, 0x42, 0x64, 0x00, 0x92, 0x2F, 0x64, 
    0x00, 0x91, 0x5F, 0x64, 0x00, 0x99, 0x2A, 0x7F, 0x07, 0x97, 0x50, 0x00, 
    0x00, 0x96, 0x62, 0x00, 0x00, 0x64, 0x64, 0x00, 0x97, 0x52, 0x64, 0x17, 
    0x92, 0x2F, 0x00, 0x00, 0x99, 0x2A, 0x00, 0x00, 0x91, 0x5F, 0x00, 0x00, 
    0x92, 0x2F, 0x64, 0x00, 0x91, 0x53, 0x64, 0x00, 0x99, 0x2A, 0x64, 0x07, 
    0x96, 0x64, 0x00, 0x00, 0x97, 0x52, 0x00, 0x00, 0x50, 0x64, 0x00, 0x96, 
    0x62, 0x64, 0x03, 0x9A, 0x3B, 0x00, 0x00, 0x39, 0x64, 0x14, 0x99, 0x2A, 
    0x00, 0x00, 0x92, 0x2F, 0x00, 0x00, 0x91, 0x53, 0x00, 0x00, 0x99, 0x3B, 
    0x00, 0x00, 0x2A, 0x64, 0x00, 0x24, 0x64, 0x00, 0x26, 0x64, 0x00, 0x3B, 
    0x7F, 0x07, 0x96, 0x62, 0x00, 0x00, 0x97, 0x50, 0x00, 0x00, 0x96, 0x6C, 
    0x64, 0x00, 0x97, 0x5A, 0x64, 0x03, 0x9A, 0x39, 0x00, 0x00, 0x3B, 0x64, 
    0x14, 0x99, 0x2A, 0x00, 0x00, 0x24, 0x00, 0x00, 0x26, 0x00, 0x00, 0x92, 
    0x2F, 0x64, 0x00, 0x99, 0x26, 0x4B, 0x00, 0x2E, 0x7F, 0x07, 0x96, 0x6C, 
    0x00, 0x00, 0x97, 0x5A, 0x00, 0x01, 0x57, 0x64, 0x00, 0x96, 0x69, 0x64, 
    0x16, 0x92, 0x2F, 0x00, 0x00, 0x98, 0x42, 0x00, 0x00, 0x99, 0x26, 0x00, 
    0x00, 0x2A, 0x00, 0x00, 0x90, 0x3B, 0x00, 0x00, 0x99, 0x24, 0x64, 0x00, 
    0x98, 0x3B, 0x64, 0x00, 0x90, 0x40, 0x64, 0x00, 0x99, 0x2A, 0x7F, 0x00, 
    0x92, 0x23, 0x64, 0x08, 0x96, 0x69, 0x00, 0x00, 0x97, 0x57, 0x00, 0x00, 
    0x96, 0x6C, 0x64, 0x00, 0x97, 0x5A, 0x64, 0x16, 0x99, 0x24, 0x00, 0x00, 
    0x2A, 0x00, 0x00, 0x92, 0x23, 0x00, 0x00, 0x2F, 0x64, 0x00, 0x99, 0x2A, 
    0x50, 0x00, 0x91, 0x53, 0x64, 0x08, 0x96, 0x6C, 0x00, 0x00, 0x97, 0x5A, 
    0x00, 0x00, 0x54, 0x64, 0x00, 0x96, 0x66, 0x64, 0x16, 0x92, 0x2F, 0x00, 
    0x00, 0x99, 0x3B, 0x00, 0x00, 0x2A, 0x00, 0x00, 0x91, 0x53, 0x00, 0x00, 
    0x99, 0x26, 0x64, 0x00, 0x3B, 0x7F, 0x00, 0x91, 0x5F, 0x64, 0x00, 0x99, 
    0x2A, 0x5A, 0x08, 0x97, 0x54, 0x00, 0x00, 0x96, 0x66, 0x00, 0x00, 0x62, 
    0x64, 0x00, 0x97, 0x50, 0x64, 0x0C, 0x9B, 0x3B, 0x00, 0x00, 0x40, 0x64, 
    0x0A, 0x90, 0x40, 0x00, 0x00, 0x99, 0x26, 0x00, 0x00, 0x91, 0x5F, 0x00, 
    0x00, 0x99, 0x2E, 0x00, 0x00, 0x24, 0x64, 0x00, 0x2A, 0x64, 0x00, 0x90, 
    0x3F, 0x64, 0x00, 0x92, 0x23, 0x64, 0x08, 0x96, 0x62, 0x00, 0x00, 0x97, 
    0x50, 0x00, 0x01, 0x56, 0x64, 0x00, 0x96, 0x68, 0x64, 0x15, 0x99, 0x24, 
    0x00, 0x00, 0x98, 0x3B, 0x00, 0x00, 0x99, 0x2A, 0x00, 0x00, 0x92, 0x23, 
    0x00, 0x00, 0x91, 0x5F, 0x64, 0x00, 0x98, 0x3D, 0x64, 0x00, 0x99, 0x2A, 
    0x7F, 0x00, 0x92, 0x2F, 0x64, 0x09, 0x97, 0x56, 0x00, 0x00, 0x96, 0x68, 
    0x00, 0x00, 0x66, 0x64, 0x00, 0x97, 0x54, 0x64, 0x15, 0x91, 0x5F, 0x00, 
    0x00, 0x90, 0x3F, 0x00, 0x00, 0x92, 0x2F, 0x00, 0x00, 0x99, 0x2A, 0x00, 
    0x00, 0x92, 0x2F, 0x64, 0x00, 0x90, 0x3F, 0x64, 0x00, 0x99, 0x2A, 0x50, 
    0x00, 0x91, 0x53, 0x64, 0x09, 0x96, 0x66, 0x00, 0x00, 0x97, 0x54, 0x00, 
    0x00, 0x96, 0x67, 0x64, 0x00, 0x97, 0x55, 0x64, 0x01, 0x9A, 0x3B, 0x00, 
    0x00, 0x40, 0x64, 0x0A, 0x9B, 0x40, 0x00, 0x00, 0x3F, 0x64, 0x0A, 0x99, 
    0x2A, 0x00, 0x00, 0x90, 0x3F, 0x00, 0x00, 0x99, 0x3B, 0x00, 0x00, 0x92, 
    0x2F, 0x00, 0x00, 0x91, 0x53, 0x00, 0x00, 0x90, 0x3B, 0x64, 0x00, 0x99, 
    0x3B, 0x7F, 0x00, 0x24, 0x64, 0x00, 0x2A, 0x5A, 0x00, 0x26, 0x64, 0x09, 
    0x96, 0x67, 0x00, 0x00, 0x97, 0x55, 0x00, 0x00, 0x51, 0x64, 0x00, 0x96, 
    0x63, 0x64, 0x15, 0x99, 0x24, 0x00, 0x00, 0x26, 0x00, 0x00, 0x2A, 0x00, 
    0x00, 0x92, 0x2F, 0x64, 0x00, 0x99, 0x26, 0x4B, 0x00, 0x2A, 0x7F, 0x09, 
    0x96, 0x63, 0x00, 0x00, 0x97, 0x51, 0x00, 0x01, 0x53, 0x64, 0x00, 0x96, 
    0x65, 0x64, 0x0A, 0x9B, 0x3F, 0x00, 0x00, 0x3F, 0x64, 0x0A, 0x90, 0x3B, 
    0x00, 0x00, 0x98, 0x3D, 0x00, 0x00, 0x92, 0x2F, 0x00, 0x00, 0x99, 0x2A, 
    0x00, 0x00, 0x26, 0x00, 0x00, 0x92, 0x26, 0x64, 0x00, 0x99, 0x24, 0x64, 
    0x00, 0x2A, 0x64, 0x00, 0x90, 0x43, 0x64, 0x00, 0x98, 0x40, 0x64, 0x0A, 
    0x97, 0x53, 0x00, 0x00, 0x9A, 0x40, 0x00, 0x00, 0x96, 0x65, 0x00, 0x00, 
    0x97, 0x51, 0x64, 0x00, 0x96, 0x63, 0x64, 0x00, 0x9A, 0x3F, 0x64, 0x0A, 
    0x9B, 0x3F, 0x00, 0x00, 0x3B, 0x64, 0x0A, 0x99, 0x2A, 0x00, 0x00, 0x92, 
    0x26, 0x00, 0x00, 0x99, 0x24, 0x00, 0x00, 0x90, 0x43, 0x00, 0x00, 0x91, 
    0x53, 0x64, 0x00, 0x90, 0x42, 0x64, 0x00, 0x92, 0x32, 0x64, 0x00, 0x99, 
    0x2A, 0x64, 0x0A, 0x97, 0x51, 0x00, 0x00, 0x96, 0x63, 0x00, 0x00, 0x97, 
    0x57, 0x64, 0x00, 0x96, 0x69, 0x64, 0x14, 0x91, 0x53, 0x00, 0x00, 0x99, 
    0x3B, 0x00, 0x00, 0x92, 0x32, 0x00, 0x00, 0x99, 0x2A, 0x00, 0x00, 0x26, 
    0x64, 0x00, 0x3B, 0x7F, 0x00, 0x2A, 0x64, 0x00, 0x91, 0x5F, 0x64, 0x0A, 
    0x97, 0x57, 0x00, 0x00, 0x9A, 0x3F, 0x00, 0x00, 0x96, 0x69, 0x00, 0x00, 
    0x9A, 0x3F, 0x64, 0x00, 0x96, 0x62, 0x64, 0x00, 0x97, 0x50, 0x64, 0x0A, 
    0x9B, 0x3B, 0x00, 0x00, 0x43, 0x64, 0x0A, 0x99, 0x26, 0x00, 0x00, 0x2A, 
    0x00, 0x00, 0x91, 0x5F, 0x00, 0x00, 0x99, 0x24, 0x64, 0x00, 0x2A, 0x64, 
    0x00, 0x92, 0x26, 0x64, 0x0A, 0x96, 0x62, 0x00, 0x00, 0x9A, 0x3F, 0x00, 
    0x00, 0x97, 0x50, 0x00, 0x00, 0x9A, 0x3B, 0x64, 0x01, 0x96, 0x65, 0x64, 
    0x00, 0x97, 0x53, 0x64, 0x09, 0x9B, 0x43, 0x00, 0x00, 0x42, 0x64, 0x0A, 
    0x98, 0x40, 0x00, 0x00, 0x99, 0x2A, 0x00, 0x00, 0x24, 0x00, 0x00, 0x92, 
    0x26, 0x00, 0x00, 0x99, 0x2A, 0x7F, 0x00, 0x91, 0x5F, 0x64, 0x00, 0x92, 
    0x32, 0x64, 0x00, 0x98, 0x42, 0x64, 0x0B, 0x96, 0x65, 0x00, 0x00, 0x97, 
    0x53, 0x00, 0x00, 0x4E, 0x64, 0x00, 0x96, 0x60, 0x64, 0x13, 0x91, 0x5F, 
    0x00, 0x00, 0x99, 0x2A, 0x00, 0x00, 0x92, 0x32, 0x00, 0x00, 0x32, 0x64, 
    0x00, 0x99, 0x2A, 0x64, 0x00, 0x91, 0x53, 0x64, 0x0A, 0x9A, 0x3B, 0x00, 
    0x00, 0x43, 0x64, 0x01, 0x97, 0x4E, 0x00, 0x00, 0x96, 0x60, 0x00, 0x00, 
    0x67, 0x64, 0x00, 0x97, 0x55, 0x64, 0x13, 0x99, 0x2A, 0x00, 0x00, 0x3B, 
    0x00, 0x00, 0x92, 0x32, 0x00, 0x00, 0x91, 0x53, 0x00, 0x00, 0x99, 0x3B, 
    0x7F, 0x00, 0x2A, 0x64, 0x00, 0x26, 0x64, 0x00, 0x24, 0x64, 0x0A, 0x9A, 
    0x43, 0x00, 0x00, 0x42, 0x64, 0x01, 0x96, 0x67, 0x00, 0x00, 0x97, 0x55, 
    0x00, 0x00, 0x56, 0x64, 0x00, 0x96, 0x68, 0x64, 0x13, 0x99, 0x2A, 0x00, 
    0x00, 0x24, 0x00, 0x00, 0x26, 0x00, 0x00, 0x26, 0x4B, 0x00, 0x92, 0x32, 
    0x64, 0x00, 0x99, 0x2E, 0x7F, 0x0B, 0x97, 0x56, 0x00, 0x00, 0x96, 0x68, 
    0x00, 0x01, 0x69, 0x64, 0x00, 0x97, 0x57, 0x64, 0x12, 0x99, 0x26, 0x00, 
    0x00, 0x98, 0x42, 0x00, 0x00, 0x99, 0x2A, 0x00, 0x00, 0x92, 0x32, 0x00, 
    0x00, 0x90, 0x42, 0x00, 0x00, 0x92, 0x2B, 0x64, 0x00, 0x91, 0x67, 0x64, 
    0x00, 0x99, 0x2A, 0x7F, 0x00, 0x90, 0x48, 0x64, 0x00, 0x98, 0x43, 0x64, 
    0x0C, 0x96, 0x69, 0x00, 0x00, 0x97, 0x57, 0x00, 0x0E, 0x56, 0x64, 0x00, 
    0x96, 0x68, 0x64, 0x04, 0x91, 0x67, 0x00, 0x00, 0x99, 0x2A, 0x00, 0x00, 
    0x92, 0x2B, 0x00, 0x00, 0x90, 0x48, 0x00, 0x00, 0x91, 0x4A, 0x64, 0x00, 
    0x99, 0x2A, 0x50, 0x00, 0x92, 0x37, 0x64, 0x00, 0x90, 0x47, 0x64, 0x1A, 
    0x97, 0x56, 0x00, 0x00, 0x96, 0x68, 0x00, 0x00, 0x97, 0x55, 0x64, 0x00, 
    0x96, 0x67, 0x64, 0x04, 0x91, 0x4A, 0x00, 0x00, 0x99, 0x2A, 0x00, 0x00, 
    0x3B, 0x00, 0x00, 0x92, 0x37, 0x00, 0x00, 0x90, 0x47, 0x00, 0x00, 0x99, 
    0x26, 0x64, 0x00, 0x91, 0x56, 0x64, 0x00, 0x99, 0x3B, 0x7F, 0x00, 0x2A, 
    0x5A, 0x00, 0x90, 0x48, 0x64, 0x14, 0x9B, 0x42, 0x00, 0x00, 0x48, 0x64, 
    0x06, 0x97, 0x55, 0x00, 0x00, 0x96, 0x67, 0x00, 0x01, 0x97, 0x57, 0x64, 
    0x00, 0x96, 0x69, 0x64, 0x03, 0x99, 0x26, 0x00, 0x00, 0x91, 0x56, 0x00, 
    0x00, 0x90, 0x48, 0x00, 0x00, 0x99, 0x2E, 0x00, 0x00, 0x90, 0x47, 0x64, 
    0x00, 0x92, 0x2B, 0x64, 0x00, 0x91, 0x67, 0x64, 0x00, 0x99, 0x2A, 0x64, 
    0x14, 0x9B, 0x48, 0x00, 0x00, 0x47, 0x64, 0x07, 0x96, 0x69, 0x00, 0x00, 
    0x97, 0x57, 0x00, 0x00, 0x96, 0x61, 0x64, 0x00, 0x97, 0x4F, 0x64, 0x03, 
    0x98, 0x43, 0x00, 0x00, 0x92, 0x2B, 0x00, 0x00, 0x90, 0x47, 0x00, 0x00, 
    0x91, 0x67, 0x00, 0x00, 0x99, 0x2A, 0x00, 0x00, 0x92, 0x37, 0x64, 0x00, 
    0x90, 0x48, 0x64, 0x00, 0x99, 0x2A, 0x7F, 0x00, 0x98, 0x47, 0x64, 0x00, 
    0x91, 0x56, 0x64, 0x14, 0x9B, 0x47, 0x00, 0x00, 0x48, 0x64, 0x07, 0x96, 
    0x61, 0x00, 0x00, 0x97, 0x4F, 0x00, 0x00, 0x96, 0x66, 0x64, 0x00, 0x97, 
    0x54, 0x64, 0x03, 0x92, 0x37, 0x00, 0x00, 0x90, 0x48, 0x00, 0x00, 0x91, 
    0x56, 0x00, 0x00, 0x99, 0x2A, 0x00, 0x00, 0x90, 0x47, 0x64, 0x00, 0x92, 
    0x37, 0x64, 0x00, 0x91, 0x4A, 0x64, 0x00, 0x99, 0x2A, 0x50, 0x0A, 0x9A, 
    0x42, 0x00, 0x00, 0x48, 0x64, 0x0A, 0x9B, 0x48, 0x00, 0x00, 0x47, 0x64, 
    0x07, 0x97, 0x54, 0x00, 0x00, 0x96, 0x66, 0x00, 0x00, 0x64, 0x64, 0x00, 
    0x97, 0x52, 0x64, 0x03, 0x92, 0x37, 0x00, 0x00, 0x99, 0x2A, 0x00, 0x00, 
    0x90, 0x47, 0x00, 0x00, 0x91, 0x4A, 0x00, 0x00, 0x99, 0x3B, 0x00, 0x00, 
    0x91, 0x67, 0x64, 0x00, 0x90, 0x43, 0x64, 0x00, 0x99, 0x3B, 0x7F, 0x00, 
    0x2A, 0x5A, 0x00, 0x26, 0x64, 0x0A, 0x9A, 0x48, 0x00, 0x00, 0x47, 0x64, 
    0x0A, 0x9B, 0x47, 0x00, 0x00, 0x48, 0x64, 0x07, 0x96, 0x64, 0x00, 0x00, 
    0x97, 0x52, 0x00, 0x01, 0x55, 0x64, 0x00, 0x96, 0x67, 0x64, 0x02, 0x91, 
    0x67, 0x00, 0x00, 0x99, 0x2A, 0x00, 0x00, 0x26, 0x00, 0x00, 0x92, 0x37, 
    0x64, 0x00, 0x99, 0x26, 0x4B, 0x00, 0x91, 0x42, 0x64, 0x00, 0x99, 0x2A, 
    0x7F, 0x0A, 0x9A, 0x47, 0x00, 0x00, 0x48, 0x64, 0x0A, 0x9B, 0x48, 0x00, 
    0x00, 0x47, 0x64, 0x08, 0x96, 0x67, 0x00, 0x00, 0x97, 0x55, 0x00, 0x00, 
    0x96, 0x69, 0x64, 0x00, 0x97, 0x57, 0x64, 0x02, 0x92, 0x37, 0x00, 0x00, 
    0x98, 0x47, 0x00, 0x00, 0x90, 0x43, 0x00, 0x00, 0x99, 0x26, 0x00, 0x00, 
    0x91, 0x42, 0x00, 0x00, 0x99, 0x2A, 0x00, 0x00, 0x92, 0x26, 0x64, 0x00, 
    0x90, 0x43, 0x64, 0x00, 0x99, 0x2A, 0x64, 0x00, 0x98, 0x48, 0x64, 0x00, 
    0x91, 0x67, 0x64, 0x0A, 0x9A, 0x48, 0x00, 0x00, 0x47, 0x64, 0x0A, 0x9B, 
    0x47, 0x00, 0x00, 0x43, 0x64, 0x08, 0x97, 0x57, 0x00, 0x00, 0x96, 0x69, 
    0x00, 0x00, 0x97, 0x55, 0x64, 0x00, 0x96, 0x67, 0x64, 0x02, 0x92, 0x26, 
    0x00, 0x00, 0x99, 0x2A, 0x00, 0x00, 0x91, 0x67, 0x00, 0x00, 0x99, 0x2A, 
    0x64, 0x00, 0x91, 0x4A, 0x64, 0x00, 0x92, 0x32, 0x64, 0x0A, 0x9A, 0x47, 
    0x00, 0x00, 0x48, 0x64, 0x12, 0x97, 0x55, 0x00, 0x00, 0x96, 0x67, 0x00, 
    0x00, 0x62, 0x64, 0x00, 0x97, 0x50, 0x64, 0x02, 0x91, 0x4A, 0x00, 0x00, 
    0x99, 0x3B, 0x00, 0x00, 0x2A, 0x00, 0x00, 0x92, 0x32, 0x00, 0x00, 0x99, 
    0x2A, 0x64, 0x00, 0x3B, 0x7F, 0x00, 0x26, 0x64, 0x00, 0x91, 0x56, 0x64, 
    0x0A, 0x9A, 0x48, 0x00, 0x00, 0x47, 0x64, 0x0A, 0x9B, 0x43, 0x00, 0x00, 
    0x43, 0x64, 0x08, 0x96, 0x62, 0x00, 0x00, 0x97, 0x50, 0x00, 0x01, 0x51, 
    0x64, 0x00, 0x96, 0x63, 0x64, 0x01, 0x99, 0x2A, 0x00, 0x00, 0x26, 0x00, 
    0x00, 0x91, 0x56, 0x00, 0x00, 0x90, 0x43, 0x00, 0x00, 0x91, 0x67, 0x64, 
    0x00, 0x92, 0x26, 0x64, 0x00, 0x99, 0x2A, 0x64, 0x00, 0x90, 0x42, 0x64, 
    0x0A, 0x9A, 0x47, 0x00, 0x00, 0x43, 0x64, 0x13, 0x96, 0x63, 0x00, 0x00, 
    0x97, 0x51, 0x00, 0x00, 0x59, 0x64, 0x00, 0x96, 0x6B, 0x64, 0x01, 0x92, 
    0x26, 0x00, 0x00, 0x99, 0x2A, 0x00, 0x00, 0x91, 0x67, 0x00, 0x00, 0x98, 
    0x48, 0x00, 0x00, 0x91, 0x56, 0x64, 0x00, 0x99, 0x2A, 0x7F, 0x00, 0x98, 
    0x45, 0x64, 0x00, 0x92, 0x32, 0x64, 0x1D, 0x96, 0x6B, 0x00, 0x00, 0x97, 
    0x59, 0x00, 0x00, 0x96, 0x67, 0x64, 0x00, 0x97, 0x55, 0x64, 0x01, 0x91, 
    0x56, 0x00, 0x00, 0x99, 0x2A, 0x00, 0x00, 0x92, 0x32, 0x00, 0x00, 0x32, 
    0x64, 0x00, 0x99, 0x2A, 0x64, 0x00, 0x91, 0x4A, 0x64, 0x0A, 0x9A, 0x43, 
    0x00, 0x00, 0x43, 0x64, 0x0A, 0x9B, 0x43, 0x00, 0x00, 0x42, 0x64, 0x09, 
    0x96, 0x67, 0x00, 0x00, 0x97, 0x55, 0x00, 0x00, 0x57, 0x64, 0x00, 0x96, 
    0x69, 0x64, 0x01, 0x99, 0x2A, 0x00, 0x00, 0x90, 0x42, 0x00, 0x00, 0x92, 
    0x32, 0x00, 0x00, 0x91, 0x4A, 0x00, 0x00, 0x99, 0x3B, 0x00, 0x00, 0x2A, 
    0x64, 0x00, 0x3B, 0x7F, 0x00, 0x26, 0x64, 0x00, 0x91, 0x67, 0x64, 0x00, 
    0x90, 0x3E, 0x64, 0x1D, 0x97, 0x57, 0x00, 0x00, 0x96, 0x69, 0x00, 0x01, 
    0x99, 0x26, 0x00, 0x00, 0x2A, 0x00, 0x00, 0x91, 0x67, 0x00, 0x00, 0x96, 
    0x62, 0x64, 0x00, 0x97, 0x50, 0x64, 0x00, 0x92, 0x32, 0x64, 0x00, 0x91, 
    0x42, 0x64, 0x00, 0x99, 0x2E, 0x7F, 0x00, 0x26, 0x4B, 0x1E, 0x26, 0x00, 
    0x00, 0x97, 0x50, 0x00, 0x00, 0x98, 0x45, 0x00, 0x00, 0x96, 0x62, 0x00, 
    0x00, 0x99, 0x2A, 0x00, 0x00, 0x91, 0x42, 0x00, 0x00, 0x90, 0x3E, 0x00, 
    0x00, 0x92, 0x32, 0x00, 0x00, 0x91, 0x67, 0x64, 0x00, 0x99, 0x2A, 0x7F, 
    0x00, 0x90, 0x48, 0x64, 0x00, 0x98, 0x43, 0x64, 0x00, 0x96, 0x64, 0x64, 
    0x00, 0x92, 0x2B, 0x64, 0x00, 0x97, 0x52, 0x64, 0x0A, 0x9A, 0x43, 0x00, 
    0x00, 0x42, 0x64, 0x0A, 0x9B, 0x42, 0x00, 0x00, 0x3E, 0x64, 0x0A, 0x91, 
    0x67, 0x00, 0x00, 0x90, 0x48, 0x00, 0x00, 0x96, 0x64, 0x00, 0x00, 0x97, 
    0x52, 0x00, 0x00, 0x92, 0x2B, 0x00, 0x00, 0x99, 0x2A, 0x00, 0x00, 0x91, 
    0x4A, 0x64, 0x00, 0x99, 0x2A, 0x50, 0x00, 0x96, 0x67, 0x64, 0x00, 0x90, 
    0x47, 0x64, 0x00, 0x97, 0x55, 0x64, 0x00, 0x92, 0x37, 0x64, 0x1E, 0x37, 
    0x00, 0x00, 0x96, 0x67, 0x00, 0x00, 0x99, 0x3B, 0x00, 0x00, 0x91, 0x4A, 
    0x00, 0x00, 0x99, 0x2A, 0x00, 0x00, 0x97, 0x55, 0x00, 0x00, 0x90, 0x47, 
    0x00, 0x00, 0x91, 0x56, 0x64, 0x00, 0x96, 0x69, 0x64, 0x00, 0x99, 0x3B, 
    0x7F, 0x00, 0x97, 0x57, 0x64, 0x00, 0x99, 0x26, 0x64, 0x00, 0x90, 0x48, 
    0x64, 0x00, 0x99, 0x2A, 0x5A, 0x14, 0x9B, 0x3E, 0x00, 0x00, 0x48, 0x64, 
    0x0A, 0x99, 0x26, 0x00, 0x00, 0x2E, 0x00, 0x00, 0x97, 0x57, 0x00, 0x00, 
    0x96, 0x69, 0x00, 0x00, 0x90, 0x48, 0x00, 0x00, 0x91, 0x56, 0x00, 0x00, 
    0x90, 0x47, 0x64, 0x00, 0x91, 0x67, 0x64, 0x00, 0x99, 0x2A, 0x64, 0x00, 
    0x92, 0x2B, 0x64, 0x01, 0x96, 0x68, 0x64, 0x00, 0x97, 0x56, 0x64, 0x09, 
    0x9A, 0x42, 0x00, 0x00, 0x3E, 0x64, 0x0A, 0x9B, 0x48, 0x00, 0x00, 0x47, 
    0x64, 0x0A, 0x91, 0x67, 0x00, 0x00, 0x98, 0x43, 0x00, 0x00, 0x90, 0x47, 
    0x00, 0x00, 0x92, 0x2B, 0x00, 0x00, 0x99, 0x2A, 0x00, 0x00, 0x2A, 0x7F, 
    0x00, 0x91, 0x56, 0x64, 0x00, 0x92, 0x37, 0x64, 0x00, 0x90, 0x48, 0x64, 
    0x00, 0x98, 0x47, 0x64, 0x01, 0x96, 0x68, 0x00, 0x00, 0x97, 0x56, 0x00, 
    0x00, 0x58, 0x64, 0x00, 0x96, 0x6A, 0x64, 0x13, 0x9B, 0x47, 0x00, 0x00, 
    0x48, 0x64, 0x0A, 0x92, 0x37, 0x00, 0x00, 0x99, 0x2A, 0x00, 0x00, 0x91, 
    0x56, 0x00, 0x00, 0x90, 0x48, 0x00, 0x00, 0x99, 0x2A, 0x50, 0x00, 0x92, 
    0x37, 0x64, 0x00, 0x90, 0x47, 0x64, 0x00, 0x91, 0x4A, 0x64, 0x01, 0x97, 
    0x58, 0x00, 0x00, 0x96, 0x6A, 0x00, 0x00, 0x6B, 0x64, 0x00, 0x97, 0x59, 
    0x64, 0x09, 0x9A, 0x3E, 0x00, 0x00, 0x48, 0x64, 0x0A, 0x9B, 0x48, 0x00, 
    0x00, 0x47, 0x64, 0x0A, 0x99, 0x2A, 0x00, 0x00, 0x92, 0x37, 0x00, 0x00, 
    0x90, 0x47, 0x00, 0x00, 0x91, 0x4A, 0x00, 0x00, 0x99, 0x3B, 0x00, 0x00, 
    0x26, 0x64, 0x00, 0x2A, 0x5A, 0x00, 0x3B, 0x7F, 0x00, 0x91, 0x67, 0x64, 
    0x00, 0x90, 0x43, 0x64, 0x01, 0x97, 0x59, 0x00, 0x00, 0x96, 0x6B, 0x00, 
    0x00, 0x97, 0x56, 0x64, 0x00, 0x96, 0x68, 0x64, 0x09, 0x9A, 0x48, 0x00, 
    0x00, 0x47, 0x64, 0x0A, 0x9B, 0x47, 0x00, 0x00, 0x48, 0x64, 0x0A, 0x99, 
    0x26, 0x00, 0x00, 0x91, 0x67, 0x00, 0x00, 0x99, 0x2A, 0x00, 0x00, 0x26, 
    0x4B, 0x00, 0x92, 0x37, 0x64, 0x00, 0x91, 0x42, 0x64, 0x00, 0x99, 0x2A, 
    0x7F, 0x01, 0x97, 0x56, 0x00, 0x00, 0x96, 0x68, 0x00, 0x01, 0x67, 0x64, 
    0x00, 0x97, 0x55, 0x64, 0x08, 0x9A, 0x47, 0x00, 0x00, 0x48, 0x64, 0x0A, 
    0x9B, 0x48, 0x00, 0x00, 0x47, 0x64, 0x0A, 0x92, 0x37, 0x00, 0x00, 0x98, 
    0x47, 0x00, 0x00, 0x99, 0x26, 0x00, 0x00, 0x2A, 0x00, 0x00, 0x91, 0x42, 
    0x00, 0x00, 0x90, 0x43, 0x00, 0x00, 0x98, 0x45, 0x64, 0x00, 0x91, 0x67, 
    0x64, 0x00, 0x99, 0x2A, 0x64, 0x00, 0x92, 0x26, 0x64, 0x00, 0x90, 0x4A, 
    0x64, 0x02, 0x96, 0x67, 0x00, 0x00, 0x97, 0x55, 0x00, 0x00, 0x96, 0x66, 
    0x64, 0x00, 0x97, 0x54, 0x64, 0x08, 0x9A, 0x48, 0x00, 0x00, 0x47, 0x64, 
    0x0A, 0x9B, 0x47, 0x00, 0x00, 0x43, 0x64, 0x0A, 0x99, 0x2A, 0x00, 0x00, 
    0x91, 0x67, 0x00, 0x00, 0x92, 0x26, 0x00, 0x00, 0x32, 0x64, 0x00, 0x99, 
    0x2A, 0x64, 0x00, 0x91, 0x4A, 0x64, 0x02, 0x96, 0x66, 0x00, 0x00, 0x97, 
    0x54, 0x00, 0x00, 0x96, 0x65, 0x64, 0x00, 0x97, 0x53, 0x64, 0x08, 0x9A, 
    0x47, 0x00, 0x00, 0x48, 0x64, 0x14, 0x99, 0x3B, 0x00, 0x00, 0x92, 0x32, 
    0x00, 0x00, 0x91, 0x4A, 0x00, 0x00, 0x99, 0x2A, 0x00, 0x00, 0x26, 0x64, 
    0x00, 0x91, 0x56, 0x64, 0x00, 0x99, 0x3B, 0x7F, 0x00, 0x2A, 0x64, 0x02, 
    0x96, 0x65, 0x00, 0x00, 0x97, 0x53, 0x00, 0x00, 0x96, 0x67, 0x64, 0x00, 
    0x97, 0x55, 0x64, 0x08, 0x9A, 0x48, 0x00, 0x00, 0x47, 0x64, 0x0A, 0x9B, 
    0x43, 0x00, 0x00, 0x4A, 0x64, 0x0A, 0x91, 0x56, 0x00, 0x00, 0x99, 0x26, 
    0x00, 0x00, 0x2A, 0x00, 0x00, 0x92, 0x26, 0x64, 0x00, 0x99, 0x2A, 0x64, 
    0x00, 0x91, 0x67, 0x64, 0x02, 0x96, 0x67, 0x00, 0x00, 0x97, 0x55, 0x00, 
    0x01, 0x96, 0x68, 0x64, 0x00, 0x97, 0x56, 0x64, 0x07, 0x9A, 0x47, 0x00, 
    0x00, 0x43, 0x64, 0x14, 0x98, 0x45, 0x00, 0x00, 0x92, 0x26, 0x00, 0x00, 
    0x99, 0x2A, 0x00, 0x00, 0x91, 0x67, 0x00, 0x00, 0x99, 0x2A, 0x7F, 0x00, 
    0x91, 0x56, 0x64, 0x00, 0x98, 0x3E, 0x64, 0x00, 0x92, 0x32, 0x64, 0x03, 
    0x97, 0x56, 0x00, 0x00, 0x96, 0x68, 0x00, 0x00, 0x97, 0x50, 0x64, 0x00, 
    0x96, 0x62, 0x64, 0x1B, 0x91, 0x56, 0x00, 0x00, 0x99, 0x2A, 0x00, 0x00, 
    0x92, 0x32, 0x00, 0x00, 0x32, 0x64, 0x00, 0x99, 0x2A, 0x64, 0x00, 0x91, 
    0x4A, 0x64, 0x03, 0x97, 0x50, 0x00, 0x00, 0x96, 0x62, 0x00, 0x00, 0x97, 
    0x53, 0x64, 0x00, 0x96, 0x65, 0x64, 0x07, 0x9A, 0x43, 0x00, 0x00, 0x4A, 
    0x64, 0x14, 0x99, 0x3B, 0x00, 0x00, 0x92, 0x32, 0x00, 0x00, 0x91, 0x4A, 
    0x00, 0x00, 0x99, 0x2A, 0x00, 0x00, 0x2A, 0x64, 0x00, 0x26, 0x64, 0x00, 
    0x3B, 0x7F, 0x00, 0x91, 0x67, 0x64, 0x03, 0x97, 0x53, 0x00, 0x00, 0x96, 
    0x65, 0x00, 0x00, 0x97, 0x57, 0x64, 0x00, 0x96, 0x69, 0x64, 0x1B, 0x99, 
    0x26, 0x00, 0x00, 0x2A, 0x00, 0x00, 0x91, 0x67, 0x00, 0x00, 0x99, 0x2E, 
    0x7F, 0x00, 0x26, 0x4B, 0x00, 0x91, 0x42, 0x64, 0x00, 0x92, 0x32, 0x64, 
    0x03, 0x97, 0x57, 0x00, 0x00, 0x96, 0x69, 0x00, 0x01, 0x97, 0x50, 0x64, 
    0x00, 0x96, 0x62, 0x64, 0x1A, 0x99, 0x26, 0x00, 0x00, 0x2A, 0x00, 0x00, 
    0x98, 0x3E, 0x00, 0x00, 0x91, 0x42, 0x00, 0x00, 0x90, 0x4A, 0x00, 0x00, 
    0x92, 0x32, 0x00, 0x00, 0x99, 0x2A, 0x7F, 0x00, 0x98, 0x43, 0x64, 0x00, 
    0x91, 0x67, 0x64, 0x00, 0x92, 0x2B, 0x64, 0x00, 0x90, 0x48, 0x64, 0x04, 
    0x96, 0x62, 0x00, 0x00, 0x97, 0x50, 0x00, 0x00, 0x51, 0x64, 0x00, 0x96, 
    0x63, 0x64, 0x1A, 0x91, 0x67, 0x00, 0x00, 0x99, 0x2A, 0x00, 0x00, 0x92, 
    0x2B, 0x00, 0x00, 0x90, 0x48, 0x00, 0x00, 0x47, 0x64, 0x00, 0x91, 0x4A, 
    0x64, 0x00, 0x99, 0x2A, 0x50, 0x00, 0x92, 0x37, 0x64, 0x04, 0x96, 0x63, 
    0x00, 0x00, 0x97, 0x51, 0x00, 0x00, 0x96, 0x6B, 0x64, 0x00, 0x97, 0x59, 
    0x64, 0x1A, 0x91, 0x4A, 0x00, 0x00, 0x90, 0x47, 0x00, 0x00, 0x99, 0x2A, 
    0x00, 0x00, 0x3B, 0x00, 0x00, 0x92, 0x37, 0x00, 0x00, 0x90, 0x48, 0x64, 
    0x00, 0x99, 0x26, 0x64, 0x00, 0x91, 0x56, 0x64, 0x00, 0x99, 0x3B, 0x7F, 
    0x00, 0x2A, 0x5A, 0x04, 0x96, 0x6B, 0x00, 0x00, 0x97, 0x59, 0x00, 0x00, 
    0x4E, 0x64, 0x00, 0x96, 0x60, 0x64, 0x10, 0x9B, 0x4A, 0x00, 0x00, 0x48, 
    0x64, 0x0A, 0x90, 0x48, 0x00, 0x00, 0x91, 0x56, 0x00, 0x00, 0x99, 0x26, 
    0x00, 0x00, 0x2E, 0x00, 0x00, 0x2A, 0x64, 0x00, 0x92, 0x2B, 0x64, 0x00, 
    0x90, 0x47, 0x64, 0x00, 0x91, 0x67, 0x64, 0x04, 0x97, 0x4E, 0x00, 0x00, 
    0x96, 0x60, 0x00, 0x01, 0x6C, 0x64, 0x00, 0x97, 0x5A, 0x64, 0x0F, 0x9B, 
    0x48, 0x00, 0x00, 0x47, 0x64, 0x0A, 0x92, 0x2B, 0x00, 0x00, 0x99, 0x2A, 
    0x00, 0x00, 0x90, 0x47, 0x00, 0x00, 0x91, 0x67, 0x00, 0x00, 0x98, 0x43, 
    0x00, 0x00, 0x91, 0x56, 0x64, 0x00, 0x90, 0x48, 0x64, 0x00, 0x92, 0x37, 
    0x64, 0x00, 0x98, 0x47, 0x64, 0x00, 0x99, 0x2A, 0x7F, 0x05, 0x97, 0x5A, 
    0x00, 0x00, 0x96, 0x6C, 0x00, 0x00, 0x97, 0x53, 0x64, 0x00, 0x96, 0x65, 
    0x64, 0x0F, 0x9B, 0x47, 0x00, 0x00, 0x48, 0x64, 0x0A, 0x91, 0x56, 0x00, 
    0x00, 0x92, 0x37, 0x00, 0x00, 0x90, 0x48, 0x00, 0x00, 0x99, 0x2A, 0x00, 
    0x00, 0x92, 0x37, 0x64, 0x00, 0x99, 0x2A, 0x50, 0x00, 0x90, 0x47, 0x64, 
    0x00, 0x91, 0x4A, 0x64, 0x05, 0x97, 0x53, 0x00, 0x00, 0x96, 0x65, 0x00, 
    0x00, 0x97, 0x4F, 0x64, 0x00, 0x96, 0x61, 0x64, 0x05, 0x9A, 0x4A, 0x00, 
    0x00, 0x48, 0x64, 0x0A, 0x9B, 0x48, 0x00, 0x00, 0x47, 0x64, 0x0A, 0x99, 
    0x2A, 0x00, 0x00, 0x3B, 0x00, 0x00, 0x92, 0x37, 0x00, 0x00, 0x90, 0x47, 
    0x00, 0x00, 0x91, 0x4A, 0x00, 0x00, 0x67, 0x64, 0x00, 0x99, 0x26, 0x64, 
    0x00, 0x2A, 0x5A, 0x00, 0x90, 0x43, 0x64, 0x00, 0x99, 0x3B, 0x7F, 0x05, 
    0x97, 0x4F, 0x00, 0x00, 0x96, 0x61, 0x00, 0x00, 0x97, 0x56, 0x64, 0x00, 
    0x96, 0x68, 0x64, 0x05, 0x9A, 0x48, 0x00, 0x00, 0x47, 0x64, 0x0A, 0x9B, 
    0x47, 0x00, 0x00, 0x48, 0x64, 0x0A, 0x91, 0x67, 0x00, 0x00, 0x99, 0x26, 
    0x00, 0x00, 0x2A, 0x00, 0x00, 0x92, 0x37, 0x64, 0x00, 0x99, 0x26, 0x4B, 
    0x00, 0x2A, 0x7F, 0x00, 0x91, 0x42, 0x64, 0x05, 0x97, 0x56, 0x00, 0x00, 
    0x96, 0x68, 0x00, 0x01, 0x97, 0x4F, 0x64, 0x00, 0x96, 0x61, 0x64, 0x04, 
    0x9A, 0x47, 0x00, 0x00, 0x48, 0x64, 0x0A, 0x9B, 0x48, 0x00, 0x00, 0x47, 
    0x64, 0x0A, 0x98, 0x47, 0x00, 0x00, 0x92, 0x37, 0x00, 0x00, 0x99, 0x2A, 
    0x00, 0x00, 0x26, 0x00, 0x00, 0x90, 0x43, 0x00, 0x00, 0x91, 0x42, 0x00, 
    0x00, 0x98, 0x45, 0x64, 0x00, 0x99, 0x2A, 0x64, 0x00, 0x90, 0x43, 0x64, 
    0x00, 0x91, 0x67, 0x64, 0x00, 0x92, 0x26, 0x64, 0x06, 0x96, 0x61, 0x00, 
    0x00, 0x97, 0x4F, 0x00, 0x00, 0x96, 0x6C, 0x64, 0x00, 0x97, 0x5A, 0x64, 
    0x04, 0x9A, 0x48, 0x00, 0x00, 0x47, 0x64, 0x0A, 0x9B, 0x47, 0x00, 0x00, 
    0x43, 0x64, 0x0A, 0x91, 0x67, 0x00, 0x00, 0x92, 0x26, 0x00, 0x00, 0x99, 
    0x2A, 0x00, 0x00, 0x2A, 0x64, 0x00, 0x91, 0x4A, 0x64, 0x00, 0x92, 0x32, 
    0x64, 0x06, 0x97, 0x5A, 0x00, 0x00, 0x96, 0x6C, 0x00, 0x00, 0x65, 0x64, 
    0x00, 0x97, 0x53, 0x64, 0x04, 0x9A, 0x47, 0x00, 0x00, 0x48, 0x64, 0x14, 
    0x99, 0x2A, 0x00, 0x00, 0x3B, 0x00, 0x00, 0x91, 0x4A, 0x00, 0x00, 0x92, 
    0x32, 0x00, 0x00, 0x99, 0x26, 0x64, 0x00, 0x3B, 0x7F, 0x00, 0x91, 0x56, 
    0x64, 0x00, 0x99, 0x2A, 0x64, 0x06, 0x97, 0x53, 0x00, 0x00, 0x96, 0x65, 
    0x00, 0x00, 0x6C, 0x64, 0x00, 0x97, 0x5A, 0x64, 0x04, 0x9A, 0x48, 0x00, 
    0x00, 0x47, 0x64, 0x0A, 0x9B, 0x43, 0x00, 0x00, 0x43, 0x64, 0x0A, 0x90, 
    0x43, 0x00, 0x00, 0x99, 0x2A, 0x00, 0x00, 0x26, 0x00, 0x00, 0x91, 0x56, 
    0x00, 0x00, 0x67, 0x64, 0x00, 0x99, 0x2A, 0x64, 0x00, 0x90, 0x42, 0x64, 
    0x00, 0x92, 0x26, 0x64, 0x06, 0x96, 0x6C, 0x00, 0x00, 0x97, 0x5A, 0x00, 
    0x01, 0x96, 0x62, 0x64, 0x00, 0x97, 0x50, 0x64, 0x03, 0x9A, 0x47, 0x00, 
    0x00, 0x43, 0x64, 0x14, 0x98, 0x45, 0x00, 0x00, 0x91, 0x67, 0x00, 0x00, 
    0x99, 0x2A, 0x00, 0x00, 0x92, 0x26, 0x00, 0x00, 0x98, 0x48, 0x64, 0x00, 
    0x92, 0x32, 0x64, 0x00, 0x91, 0x56, 0x64, 0x00, 0x99, 0x2A, 0x7F, 0x07, 
    0x96, 0x62, 0x00, 0x00, 0x97, 0x50, 0x00, 0x00, 0x52, 0x64, 0x00, 0x96, 
    0x64, 0x64, 0x17, 0x92, 0x32, 0x00, 0x00, 0x99, 0x2A, 0x00, 0x00, 0x91, 
    0x56, 0x00, 0x00, 0x4A, 0x64, 0x00, 0x99, 0x2A, 0x64, 0x00, 0x92, 0x32, 
    0x64, 0x07, 0x97, 0x52, 0x00, 0x00, 0x96, 0x64, 0x00, 0x00, 0x62, 0x64, 
    0x00, 0x97, 0x50, 0x64, 0x03, 0x9A, 0x43, 0x00, 0x00, 0x43, 0x64, 0x0A, 
    0x9B, 0x43, 0x00, 0x00, 0x42, 0x64, 0x0A, 0x99, 0x3B, 0x00, 0x00, 0x90, 
    0x42, 0x00, 0x00, 0x91, 0x4A, 0x00, 0x00, 0x92, 0x32, 0x00, 0x00, 0x99, 
    0x2A, 0x00, 0x00, 0x90, 0x3E, 0x64, 0x00, 0x99, 0x2A, 0x64, 0x00, 0x91, 
    0x67, 0x64, 0x00, 0x99, 0x3B, 0x7F, 0x00, 0x26, 0x64, 0x07, 0x96, 0x62, 
    0x00, 0x00, 0x97, 0x50, 0x00, 0x00, 0x5A, 0x64, 0x00, 0x96, 0x6C, 0x64, 
    0x17, 0x91, 0x67, 0x00, 0x00, 0x99, 0x2A, 0x00, 0x00, 0x26, 0x00, 0x00, 
    0x26, 0x4B, 0x00, 0x91, 0x42, 0x64, 0x00, 0x92, 0x32, 0x64, 0x00, 0x99, 
    0x2E, 0x7F, 0x07, 0x97, 0x5A, 0x00, 0x00, 0x96, 0x6C, 0x00, 0x01, 0x69, 
    0x64, 0x00, 0x97, 0x57, 0x64, 0x16, 0x99, 0x26, 0x00, 0x00, 0x90, 0x3E, 
    0x00, 0x00, 0x98, 0x48, 0x00, 0x00, 0x92, 0x32, 0x00, 0x00, 0x91, 0x42, 
    0x00, 0x00, 0x99, 0x2A, 0x00, 0x00, 0x91, 0x67, 0x64, 0x00, 0x90, 0x48, 
    0x64, 0x00, 0x99, 0x2A, 0x7F, 0x00, 0x92, 0x2B, 0x64, 0x00, 0x98, 0x47, 
    0x64, 0x08, 0x96, 0x69, 0x00, 0x00, 0x97, 0x57, 0x00, 0x00, 0x96, 0x6C, 
    0x64, 0x00, 0x97, 0x5A, 0x64, 0x02, 0x9A, 0x43, 0x00, 0x00, 0x42, 0x64, 
    0x0A, 0x9B, 0x42, 0x00, 0x00, 0x3E, 0x64, 0x0A, 0x99, 0x2A, 0x00, 0x00, 
    0x91, 0x67, 0x00, 0x00, 0x90, 0x48, 0x00, 0x00, 0x92, 0x2B, 0x00, 0x00, 
    0x90, 0x47, 0x64, 0x00, 0x92, 0x37, 0x64, 0x00, 0x91, 0x4A, 0x64, 0x00, 
    0x99, 0x2A, 0x50, 0x08, 0x96, 0x6C, 0x00, 0x00, 0x97, 0x5A, 0x00, 0x00, 
    0x96, 0x66, 0x64, 0x00, 0x97, 0x54, 0x64, 0x16, 0x92, 0x37, 0x00, 0x00, 
    0x90, 0x47, 0x00, 0x00, 0x99, 0x3B, 0x00, 0x00, 0x2A, 0x00, 0x00, 0x91, 
    0x4A, 0x00, 0x00, 0x56, 0x64, 0x00, 0x99, 0x3B, 0x7F, 0x00, 0x2A, 0x5A, 
    0x00, 0x26, 0x64, 0x00, 0x90, 0x48, 0x64, 0x08, 0x96, 0x66, 0x00, 0x00, 
    0x97, 0x54, 0x00, 0x00, 0x50, 0x64, 0x00, 0x96, 0x62, 0x64, 0x0C, 0x9B, 
    0x3E, 0x00, 0x00, 0x48, 0x64, 0x0A, 0x91, 0x56, 0x00, 0x00, 0x99, 0x26, 
    0x00, 0x00, 0x90, 0x48, 0x00, 0x00, 0x99, 0x2E, 0x00, 0x00, 0x2A, 0x64, 
    0x00, 0x91, 0x67, 0x64, 0x00, 0x90, 0x47, 0x64, 0x00, 0x92, 0x2B, 0x64, 
    0x08, 0x96, 0x62, 0x00, 0x00, 0x97, 0x50, 0x00, 0x01, 0x56, 0x64, 0x00, 
    0x96, 0x68, 0x64, 0x01, 0x9A, 0x42, 0x00, 0x00, 0x3E, 0x64, 0x0A, 0x9B, 
    0x48, 0x00, 0x00, 0x47, 0x64, 0x0A, 0x98, 0x47, 0x00, 0x00, 0x91, 0x67, 
    0x00, 0x00, 0x99, 0x2A, 0x00, 0x00, 0x92, 0x2B, 0x00, 0x00, 0x90, 0x47, 
    0x00, 0x00, 0x91, 0x56, 0x64, 0x00, 0x90, 0x48, 0x64, 0x00, 0x99, 0x2A, 
    0x7F, 0x00, 0x98, 0x43, 0x64, 0x00, 0x92, 0x37, 0x64, 0x09, 0x97, 0x56, 
    0x00, 0x00, 0x96, 0x68, 0x00, 0x00, 0x97, 0x54, 0x64, 0x00, 0x96, 0x66, 
    0x64, 0x0B, 0x9B, 0x47, 0x00, 0x00, 0x48, 0x64, 0x0A, 0x91, 0x56, 0x00, 
    0x00, 0x99, 0x2A, 0x00, 0x00, 0x90, 0x48, 0x00, 0x00, 0x92, 0x37, 0x00, 
    0x00, 0x90, 0x47, 0x64, 0x00, 0x91, 0x4A, 0x64, 0x00, 0x92, 0x37, 0x64, 
    0x00, 0x99, 0x2A, 0x50, 0x09, 0x97, 0x54, 0x00, 0x00, 0x96, 0x66, 0x00, 
    0x00, 0x97, 0x55, 0x64, 0x00, 0x96, 0x67, 0x64, 0x01, 0x9A, 0x3E, 0x00, 
    0x00, 0x48, 0x64, 0x0A, 0x9B, 0x48, 0x00, 0x00, 0x47, 0x64, 0x0A, 0x99, 
    0x3B, 0x00, 0x00, 0x91, 0x4A, 0x00, 0x00, 0x99, 0x2A, 0x00, 0x00, 0x90, 
    0x47, 0x00, 0x00, 0x92, 0x37, 0x00, 0x00, 0x99, 0x3B, 0x7F, 0x00, 0x90, 
    0x48, 0x64, 0x00, 0x99, 0x26, 0x64, 0x00, 0x91, 0x67, 0x64, 0x00, 0x99, 
    0x2A, 0x5A, 0x09, 0x97, 0x55, 0x00, 0x00, 0x96, 0x67, 0x00, 0x00, 0x63, 
    0x64, 0x00, 0x97, 0x51, 0x64, 0x01, 0x9A, 0x48, 0x00, 0x00, 0x47, 0x64, 
    0x0A, 0x9B, 0x47, 0x00, 0x00, 0x48, 0x64, 0x0A, 0x99, 0x2A, 0x00, 0x00, 
    0x26, 0x00, 0x00, 0x90, 0x48, 0x00, 0x00, 0x91, 0x67, 0x00, 0x00, 0x42, 
    0x64, 0x00, 0x99, 0x2A, 0x7F, 0x00, 0x92, 0x37, 0x64, 0x00, 0x90, 0x47, 
    0x64, 0x09, 0x96, 0x63, 0x00, 0x00, 0x97, 0x51, 0x00, 0x01, 0x9A, 0x47, 
    0x00, 0x00, 0x97, 0x53, 0x64, 0x00, 0x9A, 0x48, 0x64, 0x00, 0x96, 0x65, 
    0x64, 0x0A, 0x9B, 0x48, 0x00, 0x00, 0x47, 0x64, 0x0A, 0x92, 0x37, 0x00, 
    0x00, 0x99, 0x2A, 0x00, 0x00, 0x91, 0x42, 0x00, 0x00, 0x98, 0x43, 0x00, 
    0x00, 0x90, 0x47, 0x00, 0x00, 0x98, 0x45, 0x64, 0x00, 0x90, 0x45, 0x64, 
    0x00, 0x99, 0x2A, 0x64, 0x00, 0x92, 0x23, 0x64, 0x00, 0x99, 0x24, 0x64, 
    0x0A, 0x9A, 0x48, 0x00, 0x00, 0x97, 0x53, 0x00, 0x00, 0x96, 0x65, 0x00, 
    0x00, 0x63, 0x64, 0x00, 0x97, 0x51, 0x64, 0x00, 0x9A, 0x47, 0x64, 0x0A, 
    0x9B, 0x47, 0x00, 0x00, 0x48, 0x64, 0x0A, 0x99, 0x24, 0x00, 0x00, 0x90, 
    0x45, 0x00, 0x00, 0x92, 0x23, 0x00, 0x00, 0x99, 0x2A, 0x00, 0x00, 0x2A, 
    0x64, 0x00, 0x91, 0x53, 0x64, 0x00, 0x90, 0x44, 0x64, 0x00, 0x92, 0x2F, 
    0x64, 0x0A, 0x97, 0x51, 0x00, 0x00, 0x96, 0x63, 0x00, 0x00, 0x9A, 0x47, 
    0x00, 0x00, 0x48, 0x64, 0x00, 0x96, 0x69, 0x64, 0x00, 0x97, 0x57, 0x64, 
    0x0A, 0x9B, 0x48, 0x00, 0x00, 0x47, 0x64, 0x0A, 0x92, 0x2F, 0x00, 0x00, 
    0x99, 0x2A, 0x00, 0x00, 0x91, 0x53, 0x00, 0x00, 0x99, 0x3B, 0x00, 0x00, 
    0x90, 0x44, 0x00, 0x00, 0x91, 0x5F, 0x64, 0x00, 0x99, 0x3B, 0x7F, 0x00, 
    0x2A, 0x64, 0x00, 0x26, 0x64, 0x00, 0x90, 0x45, 0x64, 0x0A, 0x96, 0x69, 
    0x00, 0x00, 0x97, 0x57, 0x00, 0x00, 0x9A, 0x48, 0x00, 0x00, 0x96, 0x62, 
    0x64, 0x00, 0x9A, 0x47, 0x64, 0x00, 0x97, 0x50, 0x64, 0x0A, 0x9B, 0x47, 
    0x00, 0x00, 0x45, 0x64, 0x0A, 0x91, 0x5F, 0x00, 0x00, 0x99, 0x2A, 0x00, 
    0x00, 0x26, 0x00, 0x00, 0x90, 0x45, 0x00, 0x00, 0x92, 0x23, 0x64, 0x00, 
    0x99, 0x24, 0x64, 0x00, 0x2A, 0x64, 0x00, 0x90, 0x44, 0x64, 0x0A, 0x9A, 
    0x47, 0x00, 0x00, 0x96, 0x62, 0x00, 0x00, 0x97, 0x50, 0x00, 0x00, 0x9A, 
    0x48, 0x64, 0x01, 0x97, 0x53, 0x64, 0x00, 0x96, 0x65, 0x64, 0x09, 0x9B, 
    0x45, 0x00, 0x00, 0x44, 0x64, 0x0A, 0x90, 0x44, 0x00, 0x00, 0x98, 0x45, 
    0x00, 0x00, 0x99, 0x24, 0x00, 0x00, 0x92, 0x23, 0x00, 0x00, 0x99, 0x2A, 
    0x00, 0x00, 0x91, 0x5F, 0x64, 0x00, 0x90, 0x45, 0x64, 0x00, 0x92, 0x2F, 
    0x64, 0x00, 0x98, 0x42, 0x64, 0x00, 0x99, 0x26, 0x64, 0x00, 0x2A, 0x7F, 
    0x0A, 0x9A, 0x48, 0x00, 0x00, 0x47, 0x64, 0x01, 0x97, 0x53, 0x00, 0x00, 
    0x96, 0x65, 0x00, 0x00, 0x60, 0x64, 0x00, 0x97, 0x4E, 0x64, 0x09, 0x9B, 
    0x44, 0x00, 0x00, 0x45, 0x64, 0x0A, 0x91, 0x5F, 0x00, 0x00, 0x99, 0x2A, 
    0x00, 0x00, 0x90, 0x45, 0x00, 0x00, 0x92, 0x2F, 0x00, 0x00, 0x99, 0x2A, 
    0x64, 0x00, 0x91, 0x53, 0x64, 0x00, 0x92, 0x2F, 0x64, 0x00, 0x90, 0x44, 
    0x64, 0x0A, 0x9A, 0x47, 0x00, 0x00, 0x45, 0x64, 0x01, 0x96, 0x60, 0x00, 
    0x00, 0x97, 0x4E, 0x00, 0x00, 0x55, 0x64, 0x00, 0x96, 0x67, 0x64, 0x09, 
    0x9B, 0x45, 0x00, 0x00, 0x44, 0x64, 0x0A, 0x99, 0x2A, 0x00, 0x00, 0x3B, 
    0x00, 0x00, 0x92, 0x2F, 0x00, 0x00, 0x91, 0x53, 0x00, 0x00, 0x90, 0x44, 
    0x00, 0x00, 0x45, 0x64, 0x00, 0x99, 0x24, 0x64, 0x00, 0x26, 0x64, 0x00, 
    0x2A, 0x64, 0x00, 0x3B, 0x7F, 0x0A, 0x9A, 0x45, 0x00, 0x00, 0x44, 0x64, 
    0x01, 0x96, 0x67, 0x00, 0x00, 0x97, 0x55, 0x00, 0x00, 0x56, 0x64, 0x00, 
    0x96, 0x68, 0x64, 0x09, 0x9B, 0x44, 0x00, 0x00, 0x45, 0x64, 0x0A, 0x99, 
    0x2A, 0x00, 0x00, 0x24, 0x00, 0x00, 0x90, 0x45, 0x00, 0x00, 0x99, 0x26, 
    0x00, 0x00, 0x92, 0x2F, 0x64, 0x00, 0x99, 0x2E, 0x7F, 0x00, 0x90, 0x44, 
    0x64, 0x00, 0x99, 0x26, 0x4B, 0x0A, 0x9A, 0x44, 0x00, 0x00, 0x45, 0x64, 
    0x01, 0x96, 0x68, 0x00, 0x00, 0x97, 0x56, 0x00, 0x01, 0x96, 0x69, 0x64, 
    0x00, 0x97, 0x57, 0x64, 0x08, 0x9B, 0x45, 0x00, 0x00, 0x44, 0x64, 0x0A, 
    0x99, 0x26, 0x00, 0x00, 0x2A, 0x00, 0x00, 0x92, 0x2F, 0x00, 0x00, 0x90, 
    0x44, 0x00, 0x00, 0x98, 0x42, 0x00, 0x00, 0x99, 0x26, 0x00, 0x00, 0x98, 
    0x40, 0x64, 0x00, 0xE0, 0x00, 0x40, 0x00, 0x99, 0x24, 0x64, 0x00, 0x90, 
    0x4A, 0x64, 0x00, 0x99, 0x2A, 0x7F, 0x00, 0x92, 0x28, 0x64, 0x0A, 0x9A, 
    0x45, 0x00, 0x00, 0x44, 0x64, 0x02, 0x96, 0x69, 0x00, 0x00, 0x97, 0x57, 
    0x00, 0x08, 0x9B, 0x44, 0x00, 0x00, 0x45, 0x64, 0x06, 0x97, 0x56, 0x64, 
    0x00, 0x96, 0x68, 0x64, 0x04, 0x99, 0x24, 0x00, 0x00, 0x92, 0x28, 0x00, 
    0x00, 0x99, 0x2A, 0x00, 0x00, 0x2A, 0x50, 0x00, 0x92, 0x34, 0x64, 0x00, 
    0x91, 0x53, 0x64, 0x0A, 0x9A, 0x44, 0x00, 0x00, 0x45, 0x64, 0x0A, 0x9B, 
    0x45, 0x00, 0x00, 0x44, 0x64, 0x06, 0x96, 0x68, 0x00, 0x00, 0x97, 0x56, 
    0x00, 0x00, 0x55, 0x64, 0x00, 0x96, 0x67, 0x64, 0x04, 0x92, 0x34, 0x00, 
    0x00, 0x99, 0x2A, 0x00, 0x00, 0x3B, 0x00, 0x00, 0x91, 0x53, 0x00, 0x00, 
    0x99, 0x26, 0x64, 0x00, 0x91, 0x5F, 0x64, 0x00, 0x99, 0x2A, 0x5A, 0x00, 
    0x3B, 0x7F, 0x0A, 0x9A, 0x45, 0x00, 0x00, 0x44, 0x64, 0x0A, 0x9B, 0x44, 
    0x00, 0x00, 0x4A, 0x64, 0x00, 0xEB, 0x00, 0x40, 0x06, 0x97, 0x55, 0x00, 
    0x00, 0x96, 0x67, 0x00, 0x01, 0x69, 0x64, 0x00, 0x97, 0x57, 0x64, 0x03, 
    0x91, 0x5F, 0x00, 0x00, 0x99, 0x2E, 0x00, 0x00, 0x26, 0x00, 0x00, 0x2A, 
    0x64, 0x00, 0x24, 0x64, 0x00, 0x92, 0x28, 0x64, 0x0A, 0x9A, 0x44, 0x00, 
    0x00, 0x45, 0x64, 0x11, 0x96, 0x69, 0x00, 0x00, 0x97, 0x57, 0x00, 0x00, 
    0x96, 0x61, 0x64, 0x00, 0x97, 0x4F, 0x64, 0x03, 0x99, 0x24, 0x00, 0x00, 
    0x2A, 0x00, 0x00, 0x98, 0x40, 0x00, 0x00, 0x90, 0x4A, 0x00, 0x00, 0x92, 
    0x28, 0x00, 0x00, 0x91, 0x5F, 0x64, 0x00, 0x98, 0x42, 0x64, 0x00, 0x90, 
    0x49, 0x64, 0x00, 0x99, 0x2A, 0x7F, 0x00, 0x92, 0x34, 0x64, 0x0A, 0x9A, 
    0x45, 0x00, 0x00, 0x44, 0x64, 0x11, 0x97, 0x4F, 0x00, 0x00, 0x96, 0x61, 
    0x00, 0x00, 0x97, 0x54, 0x64, 0x00, 0x96, 0x66, 0x64, 0x03, 0x91, 0x5F, 
    0x00, 0x00, 0x92, 0x34, 0x00, 0x00, 0x99, 0x2A, 0x00, 0x00, 0x92, 0x34, 
    0x64, 0x00, 0x99, 0x2A, 0x50, 0x00, 0x91, 0x53, 0x64, 0x0A, 0x9A, 0x44, 
    0x00, 0x00, 0x4A, 0x64, 0x00, 0xEA, 0x00, 0x40, 0x11, 0x97, 0x54, 0x00, 
    0x00, 0x96, 0x66, 0x00, 0x00, 0x64, 0x64, 0x00, 0x97, 0x52, 0x64, 0x03, 
    0x92, 0x34, 0x00, 0x00, 0x99, 0x3B, 0x00, 0x00, 0x91, 0x53, 0x00, 0x00, 
    0x99, 0x2A, 0x00, 0x00, 0x2A, 0x5A, 0x00, 0x24, 0x64, 0x00, 0x3B, 0x7F, 
    0x00, 0x26, 0x64, 0x14, 0x9B, 0x4A, 0x00, 0x00, 0x49, 0x64, 0x07, 0x96, 
    0x64, 0x00, 0x00, 0x97, 0x52, 0x00, 0x01, 0x96, 0x67, 0x64, 0x00, 0x97, 
    0x55, 0x64, 0x02, 0x99, 0x2A, 0x00, 0x00, 0x24, 0x00, 0x00, 0x26, 0x00, 
    0x00, 0x92, 0x34, 0x64, 0x00, 0x99, 0x26, 0x4B, 0x00, 0x2A, 0x7F, 0x1C, 
    0x96, 0x67, 0x00, 0x00, 0x97, 0x55, 0x00, 0x00, 0x96, 0x69, 0x64, 0x00, 
    0x97, 0x57, 0x64, 0x02, 0x92, 0x34, 0x00, 0x00, 0x99, 0x2A, 0x00, 0x00, 
    0x90, 0x49, 0x00, 0x00, 0x98, 0x42, 0x00, 0x00, 0x99, 0x26, 0x00, 0x00, 
    0x98, 0x43, 0x64, 0x00, 0x99, 0x2A, 0x64, 0x00, 0x24, 0x64, 0x00, 0x92, 
    0x28, 0x64, 0x00, 0x90, 0x4A, 0x64, 0x1C, 0x96, 0x69, 0x00, 0x00, 0x97, 
    0x57, 0x00, 0x00, 0x55, 0x64, 0x00, 0x96, 0x67, 0x64, 0x02, 0x99, 0x24, 
    0x00, 0x00, 0x92, 0x28, 0x00, 0x00, 0x99, 0x2A, 0x00, 0x00, 0x91, 0x53, 
    0x64, 0x00, 0x92, 0x34, 0x64, 0x00, 0x99, 0x2A, 0x64, 0x0A, 0x9A, 0x4A, 
    0x00, 0x00, 0x49, 0x64, 0x12, 0x96, 0x67, 0x00, 0x00, 0x97, 0x55, 0x00, 
    0x00, 0x96, 0x62, 0x64, 0x00, 0x97, 0x50, 0x64, 0x02, 0x91, 0x53, 0x00, 
    0x00, 0x99, 0x3B, 0x00, 0x00, 0x92, 0x34, 0x00, 0x00, 0x99, 0x2A, 0x00, 
    0x00, 0x3B, 0x7F, 0x00, 0x91, 0x5F, 0x64, 0x00, 0x99, 0x2A, 0x64, 0x00, 
    0x26, 0x64, 0x14, 0x9B, 0x49, 0x00, 0x00, 0x4A, 0x64, 0x08, 0x97, 0x50, 
    0x00, 0x00, 0x96, 0x62, 0x00, 0x01, 0x63, 0x64, 0x00, 0x97, 0x51, 0x64, 
    0x01, 0x99, 0x2A, 0x00, 0x00, 0x91, 0x5F, 0x00, 0x00, 0x99, 0x26, 0x00, 
    0x00, 0x2A, 0x64, 0x00, 0x24, 0x64, 0x00, 0x92, 0x28, 0x64, 0x1D, 0x96, 
    0x63, 0x00, 0x00, 0x97, 0x51, 0x00, 0x00, 0x59, 0x64, 0x00, 0x96, 0x6B, 
    0x64, 0x01, 0x90, 0x4A, 0x00, 0x00, 0x98, 0x43, 0x00, 0x00, 0x99, 0x2A, 
    0x00, 0x00, 0x24, 0x00, 0x00, 0x92, 0x28, 0x00, 0x00, 0x34, 0x64, 0x00, 
    0x90, 0x49, 0x64, 0x00, 0x91, 0x5F, 0x64, 0x00, 0x98, 0x45, 0x64, 0x00, 
    0x99, 0x2A, 0x7F, 0x1D, 0x97, 0x59, 0x00, 0x00, 0x96, 0x6B, 0x00, 0x00, 
    0x67, 0x64, 0x00, 0x97, 0x55, 0x64, 0x01, 0x92, 0x34, 0x00, 0x00, 0x91, 
    0x5F, 0x00, 0x00, 0x99, 0x2A, 0x00, 0x00, 0x91, 0x53, 0x64, 0x00, 0x99, 
    0x2A, 0x64, 0x00, 0x92, 0x34, 0x64, 0x0A, 0x9A, 0x49, 0x00, 0x00, 0x4A, 
    0x64, 0x13, 0x96, 0x67, 0x00, 0x00, 0x97, 0x55, 0x00, 0x00, 0x96, 0x69, 
    0x64, 0x00, 0x97, 0x57, 0x64, 0x01, 0x99, 0x2A, 0x00, 0x00, 0x91, 0x53, 
    0x00, 0x00, 0x92, 0x34, 0x00, 0x00, 0x99, 0x3B, 0x00, 0x00, 0x24, 0x64, 
    0x00, 0x3B, 0x7F, 0x00, 0x26, 0x64, 0x00, 0x2A, 0x64, 0x14, 0x9B, 0x4A, 
    0x00, 0x00, 0x49, 0x64, 0x09, 0x96, 0x69, 0x00, 0x00, 0x97, 0x57, 0x00, 
    0x01, 0x99, 0x2A, 0x00, 0x00, 0x24, 0x00, 0x00, 0x26, 0x00, 0x00, 0x2E, 
    0x7F, 0x00, 0x26, 0x4B, 0x00, 0x96, 0x62, 0x64, 0x00, 0x97, 0x50, 0x64, 
    0x00, 0x92, 0x34, 0x64, 0x1E, 0x34, 0x00, 0x00, 0x99, 0x26, 0x00, 0x00, 
    0x98, 0x45, 0x00, 0x00, 0x90, 0x49, 0x00, 0x00, 0x99, 0x2A, 0x00, 0x00, 
    0x97, 0x50, 0x00, 0x00, 0x96, 0x62, 0x00, 0x00, 0x98, 0x47, 0x64, 0x00, 
    0x99, 0x2A, 0x7F, 0x00, 0x96, 0x64, 0x64, 0x00, 0x90, 0x4A, 0x64, 0x00, 
    0x45, 0x64, 0x00, 0x99, 0x24, 0x64, 0x00, 0x97, 0x52, 0x64, 0x00, 0x92, 
    0x23, 0x64, 0x1E, 0x23, 0x00, 0x00, 0x99, 0x2A, 0x00, 0x00, 0x97, 0x52, 
    0x00, 0x00, 0x96, 0x64, 0x00, 0x00, 0x99, 0x24, 0x00, 0x00, 0x2A, 0x50, 
    0x00, 0x97, 0x55, 0x64, 0x00, 0x92, 0x2F, 0x64, 0x00, 0x96, 0x67, 0x64, 
    0x00, 0x91, 0x53, 0x64, 0x0A, 0x9A, 0x4A, 0x00, 0x00, 0x49, 0x64, 0x14, 
    0x97, 0x55, 0x00, 0x00, 0x99, 0x3B, 0x00, 0x00, 0x2A, 0x00, 0x00, 0x91, 
    0x53, 0x00, 0x00, 0x92, 0x2F, 0x00, 0x00, 0x96, 0x67, 0x00, 0x00, 0x99, 
    0x2A, 0x5A, 0x00, 0x3B, 0x7F, 0x00, 0x96, 0x69, 0x64, 0x00, 0x97, 0x57, 
    0x64, 0x00, 0x99, 0x26, 0x64, 0x00, 0x91, 0x5F, 0x64, 0x14, 0x9B, 0x49, 
    0x00, 0x00, 0x4A, 0x64, 0x00, 0x45, 0x64, 0x0A, 0x96, 0x69, 0x00, 0x00, 
    0x99, 0x2E, 0x00, 0x00, 0x91, 0x5F, 0x00, 0x00, 0x97, 0x57, 0x00, 0x00, 
    0x99, 0x26, 0x00, 0x00, 0x92, 0x23, 0x64, 0x00, 0x99, 0x24, 0x64, 0x00, 
    0x2A, 0x64, 0x01, 0x97, 0x56, 0x64, 0x00, 0x96, 0x68, 0x64, 0x1D, 0x99, 
    0x24, 0x00, 0x00, 0x2A, 0x00, 0x00, 0x92, 0x23, 0x00, 0x00, 0x2F, 0x64, 
    0x00, 0x91, 0x5F, 0x64, 0x00, 0x99, 0x2A, 0x7F, 0x01, 0x97, 0x56, 0x00, 
    0x00, 0x96, 0x68, 0x00, 0x00, 0x97, 0x58, 0x64, 0x00, 0x96, 0x6A, 0x64, 
    0x1D, 0x92, 0x2F, 0x00, 0x00, 0x99, 0x2A, 0x00, 0x00, 0x91, 0x5F, 0x00, 
    0x00, 0x99, 0x2A, 0x50, 0x00, 0x91, 0x53, 0x64, 0x00, 0x92, 0x2F, 0x64, 
    0x01, 0x97, 0x58, 0x00, 0x00, 0x96, 0x6A, 0x00, 0x00, 0x97, 0x59, 0x64, 
    0x00, 0x96, 0x6B, 0x64, 0x09, 0x9A, 0x49, 0x00, 0x00, 0x45, 0x64, 0x00, 
    0x4A, 0x64, 0x14, 0x99, 0x2A, 0x00, 0x00, 0x3B, 0x00, 0x00, 0x91, 0x53, 
    0x00, 0x00, 0x92, 0x2F, 0x00, 0x00, 0x99, 0x24, 0x64, 0x00, 0x2A, 0x5A, 
    0x00, 0x3B, 0x7F, 0x00, 0x26, 0x64, 0x01, 0x96, 0x6B, 0x00, 0x00, 0x97, 
    0x59, 0x00, 0x00, 0x56, 0x64, 0x00, 0x96, 0x68, 0x64, 0x1D, 0x99, 0x26, 
    0x00, 0x00, 0x2A, 0x00, 0x00, 0x24, 0x00, 0x00, 0x26, 0x4B, 0x00, 0x92, 
    0x2F, 0x64, 0x00, 0x99, 0x2A, 0x7F, 0x01, 0x96, 0x68, 0x00, 0x00, 0x97, 
    0x56, 0x00, 0x01, 0x96, 0x67, 0x64, 0x00, 0x97, 0x55, 0x64, 0x1C, 0x99, 
    0x26, 0x00, 0x00, 0x2A, 0x00, 0x00, 0x92, 0x2F, 0x00, 0x00, 0x99, 0x24, 
    0x64, 0x00, 0xB0, 0x01, 0x00, 0x00, 0x99, 0x2A, 0x64, 0x00, 0x92, 0x26, 
    0x64, 0x02, 0x97, 0x55, 0x00, 0x00, 0x96, 0x67, 0x00, 0x00, 0x66, 0x64, 
    0x00, 0x97, 0x54, 0x64, 0x04, 0xB0, 0x01, 0x02, 0x07, 0x01, 0x04, 0x07, 
    0x01, 0x06, 0x07, 0x01, 0x08, 0x03, 0x92, 0x26, 0x00, 0x00, 0x99, 0x2A, 
    0x00, 0x00, 0x24, 0x00, 0x00, 0x2A, 0x64, 0x00, 0x92, 0x32, 0x64, 0x00, 
    0x91, 0x53, 0x64, 0x02, 0x97, 0x54, 0x00, 0x00, 0x96, 0x66, 0x00, 0x00, 
    0x65, 0x64, 0x00, 0x97, 0x53, 0x64, 0x02, 0xB0, 0x01, 0x0A, 0x06, 0x01, 
    0x0C, 0x07, 0x01, 0x0E, 0x07, 0x01, 0x10, 0x06, 0x91, 0x53, 0x00, 0x00, 
    0x99, 0x2A, 0x00, 0x00, 0x92, 0x32, 0x00, 0x00, 0x99, 0x3B, 0x00, 0x00, 
    0x3B, 0x7F, 0x00, 0x2A, 0x64, 0x00, 0x91, 0x5F, 0x64, 0x00, 0x99, 0x26, 
    0x64, 0x01, 0xB0, 0x01, 0x12, 0x01, 0x97, 0x53, 0x00, 0x00, 0x96, 0x65, 
    0x00, 0x00, 0x97, 0x55, 0x64, 0x00, 0x96, 0x67, 0x64, 0x06, 0xB0, 0x01, 
    0x14, 0x07, 0x01, 0x16, 0x05, 0xBB, 0x01, 0x00, 0x01, 0xB0, 0x01, 0x18, 
    0x05, 0xBB, 0x01, 0x02, 0x02, 0xB0, 0x01, 0x1A, 0x02, 0x99, 0x26, 0x00, 
    0x00, 0x2A, 0x00, 0x00, 0x91, 0x5F, 0x00, 0x00, 0x92, 0x26, 0x64, 0x00, 
    0x99, 0x24, 0x64, 0x00, 0x2A, 0x64, 0x02, 0x96, 0x67, 0x00, 0x00, 0x97, 
    0x55, 0x00, 0x01, 0x96, 0x68, 0x64, 0x00, 0xBB, 0x01, 0x04, 0x00, 0x97, 
    0x56, 0x64, 0x02, 0xB0, 0x01, 0x1C, 0x05, 0xBB, 0x01, 0x06, 0x02, 0xB0, 
    0x01, 0x1E, 0x05, 0xBB, 0x01, 0x08, 0x02, 0xB0, 0x01, 0x20, 0x05, 0xBB, 
    0x01, 0x0A, 0x02, 0xB0, 0x01, 0x22, 0x04, 0x99, 0x2A, 0x00, 0x00, 0x24, 
    0x00, 0x00, 0x92, 0x26, 0x00, 0x00, 0x91, 0x5F, 0x64, 0x00, 0xBB, 0x01, 
    0x0C, 0x00, 0x92, 0x32, 0x64, 0x00, 0x99, 0x2A, 0x7F, 0x02, 0xB0, 0x01, 
    0x24, 0x01, 0x97, 0x56, 0x00, 0x00, 0x96, 0x68, 0x00, 0x00, 0x97, 0x50, 
    0x64, 0x00, 0x96, 0x62, 0x64, 0x04, 0xBB, 0x01, 0x0E, 0x02, 0xB0, 0x01, 
    0x26, 0x05, 0xBB, 0x01, 0x10, 0x02, 0xB0, 0x01, 0x28, 0x05, 0xBB, 0x01, 
    0x12, 0x02, 0xB0, 0x01, 0x2A, 0x05, 0xBB, 0x01, 0x14, 0x02, 0x91, 0x5F, 
    0x00, 0x00, 0x92, 0x32, 0x00, 0x00, 0x99, 0x2A, 0x00, 0x00, 0x92, 0x32, 
    0x64, 0x00, 0x99, 0x2A, 0x64, 0x00, 0x91, 0x53, 0x64, 0x00, 0xB0, 0x01, 
    0x2C, 0x03, 0x96, 0x62, 0x00, 0x00, 0x97, 0x50, 0x00, 0x00, 0x96, 0x65, 
    0x64, 0x00, 0x97, 0x53, 0x64, 0x02, 0xBB, 0x01, 0x16, 0x02, 0xB0, 0x01, 
    0x2E, 0x03, 0xBA, 0x01, 0x00, 0x01, 0xBB, 0x01, 0x18, 0x02, 0xB0, 0x01, 
    0x30, 0x03, 0xBA, 0x01, 0x02, 0x02, 0xBB, 0x01, 0x1A, 0x02, 0xB0, 0x01, 
    0x32, 0x03, 0xBA, 0x01, 0x04, 0x02, 0xBB, 0x01, 0x1C, 0x02, 0xB0, 0x01, 
    0x34, 0x03, 0x91, 0x53, 0x00, 0x00, 0x99, 0x2A, 0x00, 0x00, 0x3B, 0x00, 
    0x00, 0x92, 0x32, 0x00, 0x00, 0x99, 0x24, 0x64, 0x00, 0xBA, 0x01, 0x06, 
    0x00, 0x99, 0x26, 0x64, 0x00, 0x2A, 0x64, 0x00, 0x3B, 0x7F, 0x02, 0xBB, 
    0x01, 0x1E, 0x01, 0x97, 0x53, 0x00, 0x00, 0x96, 0x65, 0x00, 0x00, 0x97, 
    0x57, 0x64, 0x00, 0x96, 0x69, 0x64, 0x01, 0xB0, 0x01, 0x36, 0x03, 0xBA, 
    0x01, 0x08, 0x02, 0xBB, 0x01, 0x20, 0x02, 0xB0, 0x01, 0x38, 0x03, 0xBA, 
    0x01, 0x0A, 0x02, 0xBB, 0x01, 0x22, 0x02, 0xB0, 0x01, 0x3A, 0x02, 0xBA, 
    0x01, 0x0C, 0x02, 0xBB, 0x01, 0x24, 0x02, 0xB0, 0x01, 0x3C, 0x03, 0xBA, 
    0x01, 0x0E, 0x02, 0xBB, 0x01, 0x26, 0x01, 0x99, 0x2A, 0x00, 0x00, 0x24, 
    0x00, 0x00, 0x26, 0x00, 0x00, 0x26, 0x4B, 0x00, 0x92, 0x32, 0x64, 0x00, 
    0x99, 0x2E, 0x7F, 0x01, 0xB0, 0x01, 0x3E, 0x02, 0x96, 0x69, 0x00, 0x00, 
    0x97, 0x57, 0x00, 0x01, 0x96, 0x62, 0x64, 0x00, 0xBA, 0x01, 0x10, 0x00, 
    0x97, 0x50, 0x64, 0x02, 0xBB, 0x01, 0x28, 0x02, 0xB0, 0x01, 0x40, 0x03, 
    0xBA, 0x01, 0x12, 0x02, 0xBB, 0x01, 0x2A, 0x02, 0xE0, 0x00, 0x40, 0x00, 
    0xB0, 0x01, 0x42, 0x00, 0x06, 0x18, 0x02, 0xE0, 0x6D, 0x36, 0x01, 0xBA, 
    0x01, 0x14, 0x01, 0xE0, 0x5B, 0x2D, 0x01, 0xBB, 0x01, 0x2C, 0x01, 0xE0, 
    0x49, 0x24, 0x01, 0xB0, 0x01, 0x44, 0x01, 0xE0, 0x37, 0x1B, 0x02, 0xBA, 
    0x01, 0x16, 0x00, 0xE0, 0x25, 0x12, 0x02, 0x13, 0x09, 0x00, 0xBB, 0x01, 
    0x2E, 0x02, 0xE0, 0x01, 0x00, 0x00, 0xB0, 0x01, 0x32, 0x01, 0x99, 0x26, 
    0x00, 0x00, 0x90, 0x4A, 0x00, 0x00, 0x98, 0x47, 0x00, 0x00, 0x99, 0x2A, 
    0x00, 0x00, 0x90, 0x45, 0x00, 0x00, 0x92, 0x32, 0x00, 0x00, 0xE0, 0x00, 
    0x40, 0x00, 0x92, 0x21, 0x64, 0x00, 0x99, 0x2A, 0x7F, 0x00, 0x98, 0x45, 
    0x64, 0x00, 0x99, 0x24, 0x64, 0x00, 0xE0, 0x00, 0x40, 0x00, 0x90, 0x45, 
    0x64, 0x01, 0xBA, 0x01, 0x18, 0x02, 0xBB, 0x01, 0x30, 0x01, 0x96, 0x62, 
    0x00, 0x00, 0x97, 0x50, 0x00, 0x00, 0x51, 0x64, 0x00, 0x96, 0x63, 0x64, 
    0x04, 0xBA, 0x01, 0x1A, 0x02, 0xBB, 0x01, 0x32, 0x05, 0xBA, 0x01, 0x1C, 
    0x02, 0xBB, 0x01, 0x34, 0x05, 0xBA, 0x01, 0x1E, 0x02, 0xBB, 0x01, 0x36, 
    0x05, 0xBA, 0x01, 0x20, 0x01, 0x99, 0x2A, 0x00, 0x00, 0x92, 0x21, 0x00, 
    0x00, 0x99, 0x24, 0x00, 0x00, 0x92, 0x2D, 0x64, 0x00, 0x99, 0x2A, 0x50, 
    0x00, 0x91, 0x53, 0x64, 0x01, 0xBB, 0x01, 0x38, 0x03, 0x97, 0x51, 0x00, 
    0x00, 0x96, 0x63, 0x00, 0x00, 0x97, 0x59, 0x64, 0x00, 0x96, 0x6B, 0x64, 
    0x02, 0xBA, 0x01, 0x22, 0x02, 0xBB, 0x01, 0x3A, 0x04, 0xBA, 0x01, 0x24, 
    0x02, 0xBB, 0x01, 0x3C, 0x05, 0xBA, 0x01, 0x26, 0x02, 0xBB, 0x01, 0x3E, 
    0x05, 0xBA, 0x01, 0x28, 0x02, 0xBB, 0x01, 0x40, 0x02, 0x99, 0x2A, 0x00, 
    0x00, 0x3B, 0x00, 0x00, 0x92, 0x2D, 0x00, 0x00, 0x91, 0x53, 0x00, 0x00, 
    0x99, 0x2A, 0x5A, 0x00, 0x91, 0x5F, 0x64, 0x00, 0x99, 0x3B, 0x7F, 0x00, 
    0x26, 0x64, 0x03, 0xBA, 0x01, 0x2A, 0x01, 0x96, 0x6B, 0x00, 0x00, 0x97, 
    0x59, 0x00, 0x00, 0x4E, 0x64, 0x00, 0x96, 0x60, 0x64, 0x01, 0xEB, 0x00, 
    0x40, 0x00, 0xBB, 0x06, 0x18, 0x00, 0x01, 0x42, 0x02, 0xEB, 0x6D, 0x36, 
    0x02, 0x5B, 0x2D, 0x01, 0xBA, 0x01, 0x2C, 0x01, 0xEB, 0x49, 0x24, 0x01, 
    0xBB, 0x01, 0x44, 0x01, 0xEB, 0x37, 0x1B, 0x02, 0x25, 0x12, 0x02, 0xBA, 
    0x01, 0x2E, 0x00, 0xEB, 0x13, 0x09, 0x02, 0x01, 0x00, 0x00, 0xBB, 0x01, 
    0x32, 0x01, 0x9B, 0x45, 0x00, 0x00, 0x4A, 0x00, 0x00, 0x45, 0x64, 0x00, 
    0xEB, 0x00, 0x40, 0x00, 0x00, 0x40, 0x03, 0xBA, 0x01, 0x30, 0x07, 0x99, 
    0x2E, 0x00, 0x00, 0x91, 0x5F, 0x00, 0x00, 0x99, 0x26, 0x00, 0x00, 0x92, 
    0x21, 0x64, 0x00, 0x99, 0x2A, 0x64, 0x00, 0x24, 0x64, 0x00, 0xBA, 0x01, 
    0x32, 0x04, 0x97, 0x4E, 0x00, 0x00, 0x96, 0x60, 0x00, 0x01, 0x97, 0x5A, 
    0x64, 0x00, 0x96, 0x6C, 0x64, 0x02, 0xBA, 0x01, 0x34, 0x07, 0x01, 0x36, 
    0x07, 0x01, 0x38, 0x07, 0x01, 0x3A, 0x02, 0x90, 0x45, 0x00, 0x00, 0x98, 
    0x45, 0x00, 0x00, 0x92, 0x21, 0x00, 0x00, 0x99, 0x2A, 0x00, 0x00, 0x24, 
    0x00, 0x00, 0x92, 0x2D, 0x64, 0x00, 0x91, 0x5F, 0x64, 0x00, 0x98, 0x44, 
    0x64, 0x00, 0x90, 0x44, 0x64, 0x00, 0x99, 0x2A, 0x7F, 0x04, 0xBA, 0x01, 
    0x3C, 0x01, 0x96, 0x6C, 0x00, 0x00, 0x97, 0x5A, 0x00, 0x00, 0x53, 0x64, 
    0x00, 0x96, 0x65, 0x64, 0x06, 0xBA, 0x01, 0x3E, 0x07, 0x01, 0x40, 0x07, 
    0x06, 0x18, 0x00, 0x01, 0x42, 0x00, 0xEA, 0x00, 0x40, 0x02, 0x6D, 0x36, 
    0x02, 0x5B, 0x2D, 0x01, 0x91, 0x5F, 0x00, 0x00, 0x92, 0x2D, 0x00, 0x00, 
    0x99, 0x2A, 0x00, 0x00, 0x92, 0x2D, 0x64, 0x00, 0x99, 0x2A, 0x50, 0x00, 
    0x91, 0x53, 0x64, 0x01, 0xEA, 0x49, 0x24, 0x01, 0xBA, 0x01, 0x44, 0x01, 
    0xEA, 0x37, 0x1B, 0x02, 0x96, 0x65, 0x00, 0x00, 0x97, 0x53, 0x00, 0x00, 
    0x96, 0x61, 0x64, 0x00, 0x97, 0x4F, 0x64, 0x00, 0xEA, 0x25, 0x12, 0x02, 
    0x13, 0x09, 0x02, 0xBA, 0x01, 0x32, 0x00, 0xEA, 0x01, 0x00, 0x01, 0x9A, 
    0x4A, 0x00, 0x00, 0x45, 0x00, 0x00, 0x45, 0x64, 0x00, 0xEA, 0x00, 0x40, 
    0x00, 0x00, 0x40, 0x14, 0x99, 0x2A, 0x00, 0x00, 0x92, 0x2D, 0x00, 0x00, 
    0x99, 0x3B, 0x00, 0x00, 0x91, 0x53, 0x00, 0x00, 0x99, 0x26, 0x64, 0x00, 
    0x3B, 0x7F, 0x00, 0x24, 0x64, 0x00, 0x2A, 0x5A, 0x05, 0x96, 0x61, 0x00, 
    0x00, 0x97, 0x4F, 0x00, 0x00, 0x96, 0x68, 0x64, 0x00, 0x97, 0x56, 0x64, 
    0x0F, 0x9B, 0x45, 0x00, 0x00, 0x44, 0x64, 0x0A, 0x99, 0x2A, 0x00, 0x00, 
    0x26, 0x00, 0x00, 0x24, 0x00, 0x00, 0x26, 0x4B, 0x00, 0x2A, 0x7F, 0x00, 
    0x92, 0x2D, 0x64, 0x05, 0x96, 0x68, 0x00, 0x00, 0x97, 0x56, 0x00, 0x01, 
    0x96, 0x61, 0x64, 0x00, 0x97, 0x4F, 0x64, 0x18, 0x99, 0x26, 0x00, 0x00, 
    0x2A, 0x00, 0x00, 0x98, 0x44, 0x00, 0x00, 0x90, 0x44, 0x00, 0x00, 0x92, 
    0x2D, 0x00, 0x00, 0x21, 0x64, 0x00, 0x90, 0x45, 0x64, 0x00, 0x99, 0x2A, 
    0x64, 0x00, 0x98, 0x42, 0x64, 0x00, 0x99, 0x24, 0x64, 0x06, 0x96, 0x61, 
    0x00, 0x00, 0x97, 0x4F, 0x00, 0x00, 0x96, 0x6C, 0x64, 0x00, 0x97, 0x5A, 
    0x64, 0x18, 0x92, 0x21, 0x00, 0x00, 0x99, 0x2A, 0x00, 0x00, 0x24, 0x00, 
    0x00, 0x91, 0x53, 0x64, 0x00, 0x99, 0x2A, 0x64, 0x00, 0x92, 0x2D, 0x64, 
    0x06, 0x96, 0x6C, 0x00, 0x00, 0x97, 0x5A, 0x00, 0x00, 0x53, 0x64, 0x00, 
    0x96, 0x65, 0x64, 0x04, 0x9A, 0x45, 0x00, 0x00, 0x44, 0x64, 0x14, 0x91, 
    0x53, 0x00, 0x00, 0x99, 0x2A, 0x00, 0x00, 0x3B, 0x00, 0x00, 0x92, 0x2D, 
    0x00, 0x00, 0x99, 0x2A, 0x64, 0x00, 0x3B, 0x7F, 0x00, 0x91, 0x5F, 0x64, 
    0x00, 0x99, 0x26, 0x64, 0x06, 0x97, 0x53, 0x00, 0x00, 0x96, 0x65, 0x00, 
    0x00, 0x6C, 0x64, 0x00, 0x97, 0x5A, 0x64, 0x0E, 0x9B, 0x44, 0x00, 0x00, 
    0x45, 0x64, 0x0A, 0x99, 0x2A, 0x00, 0x00, 0x26, 0x00, 0x00, 0x91, 0x5F, 
    0x00, 0x00, 0x99, 0x24, 0x64, 0x00, 0x2A, 0x64, 0x00, 0x92, 0x21, 0x64, 
    0x06, 0x96, 0x6C, 0x00, 0x00, 0x97, 0x5A, 0x00, 0x01, 0x96, 0x62, 0x64, 
    0x00, 0x97, 0x50, 0x64, 0x17, 0x99, 0x24, 0x00, 0x00, 0x98, 0x42, 0x00, 
    0x00, 0x99, 0x2A, 0x00, 0x00, 0x90, 0x45, 0x00, 0x00, 0x92, 0x21, 0x00, 
    0x00, 0x99, 0x2A, 0x7F, 0x00, 0x91, 0x5F, 0x64, 0x00, 0x98, 0x40, 0x64, 
    0x00, 0x90, 0x44, 0x64, 0x00, 0x92, 0x2D, 0x64, 0x07, 0x96, 0x62, 0x00, 
    0x00, 0x97, 0x50, 0x00, 0x00, 0x52, 0x64, 0x00, 0x96, 0x64, 0x64, 0x17, 
    0x91, 0x5F, 0x00, 0x00, 0x99, 0x2A, 0x00, 0x00, 0x92, 0x2D, 0x00, 0x00, 
    0x99, 0x2A, 0x64, 0x00, 0x91, 0x53, 0x64, 0x00, 0x92, 0x2D, 0x64, 0x07, 
    0x97, 0x52, 0x00, 0x00, 0x96, 0x64, 0x00, 0x00, 0x62, 0x64, 0x00, 0x97, 
    0x50, 0x64, 0x03, 0x9A, 0x44, 0x00, 0x00, 0x45, 0x64, 0x14, 0x99, 0x2A, 
    0x00, 0x00, 0x3B, 0x00, 0x00, 0x91, 0x53, 0x00, 0x00, 0x92, 0x2D, 0x00, 
    0x00, 0x99, 0x26, 0x64, 0x00, 0x24, 0x64, 0x00, 0x2A, 0x64, 0x00, 0x3B, 
    0x7F, 0x07, 0x97, 0x50, 0x00, 0x00, 0x96, 0x62, 0x00, 0x00, 0x97, 0x5A, 
    0x64, 0x00, 0x96, 0x6C, 0x64, 0x0D, 0x9B, 0x45, 0x00, 0x00, 0x44, 0x64, 
    0x0A, 0x99, 0x24, 0x00, 0x00, 0x26, 0x00, 0x00, 0x2A, 0x00, 0x00, 0x2E, 
    0x7F, 0x00, 0x26, 0x4B, 0x00, 0x92, 0x2D, 0x64, 0x07, 0x96, 0x6C, 0x00, 
    0x00, 0x97, 0x5A, 0x00, 0x01, 0x96, 0x69, 0x64, 0x00, 0x97, 0x57, 0x64, 
    0x16, 0x90, 0x44, 0x00, 0x00, 0x99, 0x2A, 0x00, 0x00, 0x98, 0x40, 0x00, 
    0x00, 0x99, 0x26, 0x00, 0x00, 0x92, 0x2D, 0x00, 0x00, 0x99, 0x24, 0x64, 
    0x00, 0x2A, 0x7F, 0x00, 0x90, 0x45, 0x64, 0x00, 0x98, 0x3E, 0x64, 0x00, 
    0xB0, 0x06, 0x02, 0x00, 0x01, 0x00, 0x00, 0x92, 0x23, 0x64, 0x00, 0x90, 
    0x3E, 0x64, 0x03, 0xB0, 0x01, 0x01, 0x05, 0x96, 0x69, 0x00, 0x00, 0x97, 
    0x57, 0x00, 0x00, 0x96, 0x6C, 0x64, 0x00, 0x97, 0x5A, 0x64, 0x03, 0xB0, 
    0x01, 0x03, 0x07, 0x01, 0x05, 0x08, 0x01, 0x07, 0x04, 0x99, 0x24, 0x00, 
    0x00, 0x2A, 0x00, 0x00, 0x92, 0x23, 0x00, 0x00, 0x2F, 0x64, 0x00, 0x99, 
    0x2A, 0x50, 0x00, 0x91, 0x53, 0x64, 0x03, 0xB0, 0x01, 0x09, 0x05, 0x96, 
    0x6C, 0x00, 0x00, 0x97, 0x5A, 0x00, 0x00, 0x54, 0x64, 0x00, 0x96, 0x66, 
    0x64, 0x02, 0x9A, 0x45, 0x00, 0x00, 0x44, 0x64, 0x01, 0xB0, 0x01, 0x0B, 
    0x07, 0x01, 0x0D, 0x08, 0x01, 0x0F, 0x04, 0x99, 0x2A, 0x00, 0x00, 0x92, 
    0x2F, 0x00, 0x00, 0x99, 0x3B, 0x00, 0x00, 0x91, 0x53, 0x00, 0x00, 0x99, 
    0x2A, 0x5A, 0x00, 0x26, 0x64, 0x00, 0x3B, 0x7F, 0x00, 0x91, 0x5F, 0x64, 
    0x03, 0xB0, 0x01, 0x11, 0x05, 0x96, 0x66, 0x00, 0x00, 0x97, 0x54, 0x00, 
    0x00, 0x96, 0x62, 0x64, 0x00, 0x97, 0x50, 0x64, 0x03, 0xB0, 0x01, 0x13, 
    0x08, 0x01, 0x15, 0x01, 0x9B, 0x44, 0x00, 0x00, 0xBB, 0x06, 0x02, 0x00, 
    0x9B, 0x3E, 0x64, 0x00, 0xBB, 0x01, 0x00, 0x00, 0x9B, 0x45, 0x64, 0x03, 
    0xBB, 0x01, 0x01, 0x03, 0xB0, 0x01, 0x17, 0x04, 0x99, 0x2E, 0x00, 0x00, 
    0x26, 0x00, 0x00, 0x91, 0x5F, 0x00, 0x00, 0x99, 0x24, 0x64, 0x00, 0x92, 
    0x23, 0x64, 0x00, 0x99, 0x2A, 0x64, 0x01, 0xBB, 0x01, 0x03, 0x03, 0xB0, 
    0x01, 0x19, 0x04, 0x97, 0x50, 0x00, 0x00, 0x96, 0x62, 0x00, 0x00, 0xBB, 
    0x01, 0x05, 0x01, 0x97, 0x56, 0x64, 0x00, 0x96, 0x68, 0x64, 0x02, 0xB0, 
    0x01, 0x1B, 0x05, 0xBB, 0x01, 0x07, 0x03, 0xB0, 0x01, 0x1D, 0x04, 0xBB, 
    0x01, 0x09, 0x03, 0xB0, 0x01, 0x1F, 0x04, 0x99, 0x2A, 0x00, 0x00, 0x24, 
    0x00, 0x00, 0x92, 0x23, 0x00, 0x00, 0x91, 0x5F, 0x64, 0x00, 0x92, 0x2F, 
    0x64, 0x00, 0x99, 0x2A, 0x7F, 0x01, 0xBB, 0x01, 0x0B, 0x03, 0xB0, 0x01, 
    0x21, 0x04, 0xBB, 0x01, 0x0D, 0x01, 0x97, 0x56, 0x00, 0x00, 0x96, 0x68, 
    0x00, 0x00, 0x97, 0x54, 0x64, 0x00, 0x96, 0x66, 0x64, 0x02, 0xB0, 0x01, 
    0x23, 0x05, 0xBB, 0x01, 0x0F, 0x03, 0xB0, 0x01, 0x25, 0x04, 0xBB, 0x01, 
    0x11, 0x03, 0xB0, 0x01, 0x27, 0x04, 0x99, 0x2A, 0x00, 0x00, 0x91, 0x5F, 
    0x00, 0x00, 0x92, 0x2F, 0x00, 0x00, 0x91, 0x53, 0x64, 0x00, 0x99, 0x2A, 
    0x50, 0x00, 0x92, 0x2F, 0x64, 0x01, 0xBB, 0x01, 0x13, 0x03, 0xB0, 0x01, 
    0x29, 0x05, 0x97, 0x54, 0x00, 0x00, 0x96, 0x66, 0x00, 0x00, 0x67, 0x64, 
    0x00, 0xBB, 0x01, 0x15, 0x00, 0x97, 0x55, 0x64, 0x01, 0x9A, 0x44, 0x00, 
    0x00, 0x45, 0x64, 0x00, 0xBA, 0x01, 0x00, 0x00, 0x9A, 0x3E, 0x64, 0x00, 
    0xBA, 0x06, 0x02, 0x01, 0xB0, 0x01, 0x2B, 0x02, 0xBA, 0x01, 0x01, 0x03, 
    0xBB, 0x01, 0x17, 0x03, 0xB0, 0x01, 0x2D, 0x02, 0xBA, 0x01, 0x03, 0x03, 
    0xBB, 0x01, 0x19, 0x02, 0xB0, 0x01, 0x2F, 0x02, 0xBA, 0x01, 0x05, 0x02, 
    0x99, 0x3B, 0x00, 0x00, 0x2A, 0x00, 0x00, 0x91, 0x53, 0x00, 0x00, 0x92, 
    0x2F, 0x00, 0x00, 0x99, 0x2A, 0x5A, 0x00, 0x24, 0x64, 0x00, 0x3B, 0x7F, 
    0x00, 0x26, 0x64, 0x01, 0xBB, 0x01, 0x1B, 0x03, 0xB0, 0x01, 0x31, 0x02, 
    0xBA, 0x01, 0x07, 0x03, 0x97, 0x55, 0x00, 0x00, 0x96, 0x67, 0x00, 0x00, 
    0x63, 0x64, 0x00, 0xBB, 0x01, 0x1D, 0x00, 0x97, 0x51, 0x64, 0x02, 0xB0, 
    0x01, 0x33, 0x02, 0xBA, 0x01, 0x09, 0x03, 0xBB, 0x01, 0x1F, 0x03, 0xB0, 
    0x01, 0x35, 0x02, 0xBA, 0x01, 0x0B, 0x03, 0xBB, 0x01, 0x21, 0x03, 0xB0, 
    0x01, 0x37, 0x01, 0xBA, 0x01, 0x0D, 0x02, 0x99, 0x26, 0x00, 0x00, 0x2A, 
    0x00, 0x00, 0x24, 0x00, 0x00, 0x2A, 0x7F, 0x00, 0x92, 0x2F, 0x64, 0x00, 
    0x99, 0x26, 0x4B, 0x01, 0xBB, 0x01, 0x23, 0x03, 0xB0, 0x01, 0x39, 0x02, 
    0xBA, 0x01, 0x0F, 0x03, 0x97, 0x51, 0x00, 0x00, 0x96, 0x63, 0x00, 0x00, 
    0xBB, 0x01, 0x25, 0x01, 0x96, 0x65, 0x64, 0x00, 0x97, 0x53, 0x64, 0x02, 
    0xB0, 0x01, 0x3B, 0x01, 0xBA, 0x01, 0x11, 0x03, 0xBB, 0x01, 0x27, 0x03, 
    0xB0, 0x01, 0x3D, 0x02, 0xBA, 0x01, 0x13, 0x03, 0xBB, 0x01, 0x29, 0x03, 
    0xB0, 0x01, 0x3F, 0x02, 0xBA, 0x01, 0x15, 0x01, 0x99, 0x26, 0x00, 0x00, 
    0x2A, 0x00, 0x00, 0x92, 0x2F, 0x00, 0x00, 0xB0, 0x01, 0x40, 0x00, 0x92, 
    0x26, 0x64, 0x00, 0x99, 0x24, 0x64, 0x00, 0x98, 0x42, 0x64, 0x00, 0x99, 
    0x2A, 0x64, 0x01, 0xBB, 0x01, 0x2B, 0x03, 0xB0, 0x01, 0x41, 0x02, 0xBA, 
    0x01, 0x17, 0x03, 0xBB, 0x01, 0x2D, 0x01, 0x97, 0x53, 0x00, 0x00, 0x96, 
    0x65, 0x00, 0x00, 0x63, 0x64, 0x00, 0x97, 0x51, 0x64, 0x02, 0xB0, 0x01, 
    0x43, 0x02, 0xBA, 0x01, 0x19, 0x02, 0xBB, 0x01, 0x2F, 0x03, 0xB0, 0x01, 
    0x45, 0x02, 0xBA, 0x01, 0x1B, 0x03, 0xBB, 0x01, 0x31, 0x03, 0xB0, 0x01, 
    0x47, 0x02, 0xBA, 0x01, 0x1D, 0x01, 0x99, 0x2A, 0x00, 0x00, 0x24, 0x00, 
    0x00, 0x92, 0x26, 0x00, 0x00, 0x99, 0x2A, 0x64, 0x00, 0x92, 0x32, 0x64, 
    0x00, 0x91, 0x53, 0x64, 0x01, 0xBB, 0x01, 0x33, 0x03, 0xB0, 0x01, 0x49, 
    0x02, 0xBA, 0x01, 0x1F, 0x03, 0xBB, 0x01, 0x35, 0x01, 0x97, 0x51, 0x00, 
    0x00, 0x96, 0x63, 0x00, 0x00, 0x97, 0x57, 0x64, 0x00, 0x96, 0x69, 0x64, 
    0x02, 0xB0, 0x01, 0x4B, 0x02, 0xBA, 0x01, 0x21, 0x03, 0xBB, 0x01, 0x37, 
    0x02, 0xB0, 0x01, 0x4D, 0x02, 0xBA, 0x01, 0x23, 0x03, 0xBB, 0x01, 0x39, 
    0x03, 0xB0, 0x01, 0x4F, 0x02, 0xBA, 0x01, 0x25, 0x01, 0x99, 0x3B, 0x00, 
    0x00, 0x91, 0x53, 0x00, 0x00, 0x92, 0x32, 0x00, 0x00, 0x99, 0x2A, 0x00, 
    0x00, 0x3B, 0x7F, 0x00, 0x91, 0x5F, 0x64, 0x00, 0x99, 0x26, 0x64, 0x00, 
    0x2A, 0x64, 0x02, 0xBB, 0x01, 0x3B, 0x02, 0xB0, 0x01, 0x51, 0x02, 0xBA, 
    0x01, 0x27, 0x03, 0xBB, 0x01, 0x3D, 0x01, 0x97, 0x57, 0x00, 0x00, 0x96, 
    0x69, 0x00, 0x00, 0x62, 0x64, 0x00, 0x97, 0x50, 0x64, 0x02, 0xB0, 0x01, 
    0x53, 0x02, 0xBA, 0x01, 0x29, 0x03, 0xBB, 0x01, 0x3F, 0x02, 0xB0, 0x01, 
    0x55, 0x01, 0xBB, 0x01, 0x40, 0x01, 0xBA, 0x01, 0x2B, 0x03, 0xBB, 0x01, 
    0x41, 0x03, 0xB0, 0x01, 0x57, 0x02, 0xBA, 0x01, 0x2D, 0x01, 0x99, 0x26, 
    0x00, 0x00, 0x91, 0x5F, 0x00, 0x00, 0x99, 0x2A, 0x00, 0x00, 0x2A, 0x64, 
    0x00, 0x92, 0x26, 0x64, 0x00, 0x99, 0x24, 0x64, 0x02, 0xBB, 0x01, 0x43, 
    0x02, 0xB0, 0x01, 0x59, 0x02, 0xBA, 0x01, 0x2F, 0x03, 0xBB, 0x01, 0x45, 
    0x01, 0x97, 0x50, 0x00, 0x00, 0x96, 0x62, 0x00, 0x01, 0x65, 0x64, 0x00, 
    0x97, 0x53, 0x64, 0x01, 0xB0, 0x01, 0x5B, 0x02, 0xBA, 0x01, 0x31, 0x03, 
    0xBB, 0x01, 0x47, 0x03, 0xB0, 0x01, 0x5D, 0x01, 0xBA, 0x01, 0x33, 0x03, 
    0xBB, 0x01, 0x49, 0x03, 0xB0, 0x01, 0x5F, 0x02, 0xBA, 0x01, 0x35, 0x01, 
    0x99, 0x24, 0x00, 0x00, 0x92, 0x26, 0x00, 0x00, 0x99, 0x2A, 0x00, 0x00, 
    0xE0, 0x00, 0x40, 0x00, 0xB0, 0x06, 0x18, 0x00, 0x91, 0x5F, 0x64, 0x00, 
    0x92, 0x32, 0x64, 0x00, 0x99, 0x2A, 0x7F, 0x01, 0xE0, 0x3B, 0x3F, 0x01, 
    0xBB, 0x01, 0x4B, 0x01, 0xE0, 0x31, 0x3E, 0x02, 0xB0, 0x01, 0x61, 0x00, 
    0xE0, 0x27, 0x3D, 0x02, 0x1E, 0x3C, 0x00, 0xBA, 0x01, 0x37, 0x02, 0xBB, 
    0x01, 0x4D, 0x00, 0xE0, 0x14, 0x3B, 0x02, 0x97, 0x53, 0x00, 0x00, 0x96, 
    0x65, 0x00, 0x00, 0x97, 0x4E, 0x64, 0x00, 0xE0, 0x0A, 0x3A, 0x00, 0x96, 
    0x60, 0x64, 0x01, 0xB0, 0x01, 0x63, 0x01, 0xE0, 0x01, 0x39, 0x01, 0xBA, 
    0x01, 0x39, 0x01, 0xE0, 0x77, 0x37, 0x02, 0x6D, 0x36, 0x00, 0xBB, 0x01, 
    0x4F, 0x02, 0xE0, 0x64, 0x35, 0x01, 0xB0, 0x01, 0x65, 0x01, 0xE0, 0x5A, 
    0x34, 0x01, 0xBA, 0x01, 0x3B, 0x01, 0xE0, 0x50, 0x33, 0x01, 0xBB, 0x01, 
    0x51, 0x01, 0xE0, 0x47, 0x32, 0x02, 0x3D, 0x31, 0x00, 0xB0, 0x01, 0x67, 
    0x02, 0xE0, 0x33, 0x30, 0x00, 0xBA, 0x01, 0x3D, 0x01, 0x92, 0x32, 0x00, 
    0x00, 0x99, 0x2A, 0x00, 0x00, 0x91, 0x5F, 0x00, 0x00, 0x92, 0x32, 0x64, 
    0x00, 0x99, 0x2A, 0x64, 0x00, 0x91, 0x53, 0x64, 0x01, 0xE0, 0x2A, 0x2F, 
    0x01, 0xBB, 0x01, 0x53, 0x01, 0xE0, 0x20, 0x2E, 0x02, 0x16, 0x2D, 0x00, 
    0xB0, 0x01, 0x69, 0x02, 0xE0, 0x0D, 0x2C, 0x00, 0xBA, 0x01, 0x3F, 0x02, 
    0xE0, 0x03, 0x2B, 0x00, 0xBB, 0x01, 0x55, 0x01, 0xBA, 0x01, 0x40, 0x01, 
    0x96, 0x60, 0x00, 0x00, 0x97, 0x4E, 0x00, 0x00, 0x55, 0x64, 0x00, 0xE0, 
    0x79, 0x29, 0x00, 0x96, 0x67, 0x64, 0x01, 0xB0, 0x01, 0x6B, 0x01, 0xE0, 
    0x70, 0x28, 0x01, 0xBA, 0x01, 0x41, 0x01, 0xE0, 0x66, 0x27, 0x02, 0xBB, 
    0x01, 0x57, 0x00, 0xE0, 0x5C, 0x26, 0x02, 0x53, 0x25, 0x01, 0xB0, 0x01, 
    0x6D, 0x01, 0xE0, 0x49, 0x24, 0x01, 0xBA, 0x01, 0x43, 0x01, 0xE0, 0x3F, 
    0x23, 0x01, 0xBB, 0x01, 0x59, 0x01, 0xE0, 0x36, 0x22, 0x02, 0xB0, 0x01, 
    0x6F, 0x00, 0xE0, 0x2C, 0x21, 0x02, 0xBA, 0x01, 0x45, 0x00, 0xE0, 0x22, 
    0x20, 0x01, 0x91, 0x53, 0x00, 0x00, 0x92, 0x32, 0x00, 0x00, 0x99, 0x2A, 
    0x00, 0x00, 0x3B, 0x00, 0x00, 0x2A, 0x64, 0x00, 0x26, 0x64, 0x00, 0x24, 
    0x64, 0x00, 0x3B, 0x7F, 0x01, 0xE0, 0x19, 0x1F, 0x01, 0xBB, 0x01, 0x5B, 
    0x01, 0xE0, 0x0F, 0x1E, 0x02, 0x05, 0x1D, 0x00, 0xB0, 0x01, 0x71, 0x02, 
    0xBA, 0x01, 0x47, 0x00, 0xE0, 0x7C, 0x1B, 0x02, 0x72, 0x1A, 0x01, 0xBB, 
    0x01, 0x5D, 0x01, 0x96, 0x67, 0x00, 0x00, 0x97, 0x55, 0x00, 0x00, 0x56, 
    0x64, 0x00, 0x96, 0x68, 0x64, 0x00, 0xE0, 0x68, 0x19, 0x01, 0xB0, 0x01, 
    0x73, 0x01, 0xE0, 0x5F, 0x18, 0x01, 0xBA, 0x01, 0x49, 0x01, 0xE0, 0x55, 
    0x17, 0x02, 0x4B, 0x16, 0x00, 0xBB, 0x01, 0x5F, 0x02, 0xE0, 0x42, 0x15, 
    0x01, 0xBB, 0x06, 0x18, 0x00, 0xB0, 0x01, 0x75, 0x00, 0xEB, 0x00, 0x40, 
    0x01, 0xE0, 0x38, 0x14, 0x00, 0xEB, 0x3B, 0x3F, 0x01, 0xBA, 0x01, 0x4B, 
    0x01, 0xEB, 0x31, 0x3E, 0x00, 0xE0, 0x2E, 0x13, 0x02, 0xEB, 0x27, 0x3D, 
    0x00, 0xBB, 0x01, 0x61, 0x00, 0xE0, 0x25, 0x12, 0x02, 0xEB, 0x1E, 0x3C, 
    0x00, 0xE0, 0x1B, 0x11, 0x00, 0xB0, 0x01, 0x77, 0x02, 0xBA, 0x01, 0x4D, 
    0x00, 0xE0, 0x11, 0x10, 0x00, 0xEB, 0x14, 0x3B, 0x01, 0x99, 0x24, 0x00, 
    0x00, 0x2A, 0x00, 0x00, 0x26, 0x00, 0x00, 0x26, 0x4B, 0x00, 0x2E, 0x7F, 
    0x00, 0x92, 0x32, 0x64, 0x01, 0xE0, 0x08, 0x0F, 0x00, 0xEB, 0x0A, 0x3A, 
    0x01, 0xBB, 0x01, 0x63, 0x01, 0xE0, 0x7E, 0x0D, 0x00, 0xEB, 0x01, 0x39, 
    0x02, 0x77, 0x37, 0x00, 0xB0, 0x01, 0x79, 0x00, 0xE0, 0x74, 0x0C, 0x02, 
    0xBA, 0x01, 0x4F, 0x00, 0xE0, 0x6B, 0x0B, 0x00, 0xEB, 0x6D, 0x36, 0x02, 
    0x64, 0x35, 0x00, 0xE0, 0x61, 0x0A, 0x01, 0xBB, 0x01, 0x65, 0x01, 0x96, 
    0x68, 0x00, 0x00, 0x97, 0x56, 0x00, 0x00, 0xE0, 0x57, 0x09, 0x00, 0xEB, 
    0x5A, 0x34, 0x01, 0x96, 0x69, 0x64, 0x00, 0xB0, 0x01, 0x7B, 0x00, 0x97, 
    0x57, 0x64, 0x01, 0xEB, 0x50, 0x33, 0x00, 0xE0, 0x4E, 0x08, 0x01, 0xBA, 
    0x01, 0x51, 0x01, 0xE0, 0x44, 0x07, 0x00, 0xEB, 0x47, 0x32, 0x02, 0xBB, 
    0x01, 0x67, 0x00, 0xEB, 0x3D, 0x31, 0x00, 0xE0, 0x3A, 0x06, 0x02, 0xEB, 
    0x33, 0x30, 0x00, 0xE0, 0x31, 0x05, 0x01, 0xB0, 0x01, 0x7D, 0x01, 0xEB, 
    0x2A, 0x2F, 0x00, 0xE0, 0x27, 0x04, 0x01, 0xBA, 0x01, 0x53, 0x01, 0xE0, 
    0x1D, 0x03, 0x00, 0xEB, 0x20, 0x2E, 0x02, 0xE0, 0x14, 0x02, 0x00, 0xEB, 
    0x16, 0x2D, 0x00, 0xBB, 0x01, 0x69, 0x02, 0xE0, 0x0A, 0x01, 0x00, 0xEB, 
    0x0D, 0x2C, 0x01, 0xB0, 0x01, 0x7F, 0x01, 0xBA, 0x01, 0x55, 0x00, 0xE0, 
    0x01, 0x00, 0x00, 0xEB, 0x03, 0x2B, 0x01, 0x90, 0x3E, 0x00, 0x00, 0x92, 
    0x32, 0x00, 0x00, 0x98, 0x42, 0x00, 0x00, 0x99, 0x2A, 0x00, 0x00, 0x26, 
    0x00, 0x00, 0x98, 0x3E, 0x00, 0x00, 0x90, 0x45, 0x00, 0x00, 0x99, 0x24, 
    0x64, 0x00, 0x2A, 0x7F, 0x00, 0x92, 0x28, 0x64, 0x00, 0x90, 0x4C, 0x64, 
    0x00, 0xE0, 0x00, 0x40, 0x00, 0xB0, 0x01, 0x28, 0x01, 0xEB, 0x79, 0x29, 
    0x01, 0xBB, 0x01, 0x6B, 0x01, 0xEB, 0x70, 0x28, 0x02, 0x66, 0x27, 0x02, 
    0xBA, 0x01, 0x57, 0x00, 0xEB, 0x5C, 0x26, 0x02, 0x53, 0x25, 0x01, 0xBB, 
    0x01, 0x6D, 0x01, 0xEB, 0x49, 0x24, 0x01, 0x96, 0x69, 0x00, 0x00, 0x97, 
    0x57, 0x00, 0x01, 0xEB, 0x3F, 0x23, 0x01, 0xBA, 0x01, 0x59, 0x01, 0xEB, 
    0x36, 0x22, 0x02, 0xBB, 0x01, 0x6F, 0x00, 0xEB, 0x2C, 0x21, 0x02, 0x22, 
    0x20, 0x02, 0x19, 0x1F, 0x01, 0xBA, 0x01, 0x5B, 0x01, 0xEB, 0x0F, 0x1E, 
    0x02, 0x05, 0x1D, 0x00, 0xBB, 0x01, 0x71, 0x01, 0x97, 0x56, 0x64, 0x00, 
    0x96, 0x68, 0x64, 0x01, 0xEB, 0x7C, 0x1B, 0x02, 0x72, 0x1A, 0x01, 0x99, 
    0x24, 0x00, 0x00, 0x92, 0x28, 0x00, 0x00, 0x99, 0x2A, 0x00, 0x00, 0x92, 
    0x34, 0x64, 0x00, 0x91, 0x53, 0x64, 0x00, 0x99, 0x2A, 0x50, 0x00, 0xBA, 
    0x01, 0x5D, 0x01, 0xEB, 0x68, 0x19, 0x01, 0xBB, 0x01, 0x73, 0x01, 0xEB, 
    0x5F, 0x18, 0x02, 0x55, 0x17, 0x02, 0xBA, 0x01, 0x5F, 0x00, 0xEB, 0x4B, 
    0x16, 0x02, 0x42, 0x15, 0x01, 0xEA, 0x00, 0x40, 0x00, 0xBB, 0x01, 0x75, 
    0x00, 0xBA, 0x06, 0x18, 0x01, 0xEB, 0x38, 0x14, 0x00, 0xEA, 0x3B, 0x3F, 
    0x02, 0x31, 0x3E, 0x00, 0xEB, 0x2E, 0x13, 0x02, 0x25, 0x12, 0x00, 0xEA, 
    0x27, 0x3D, 0x00, 0xBA, 0x01, 0x61, 0x02, 0xEB, 0x1B, 0x11, 0x00, 0xEA, 
    0x1E, 0x3C, 0x00, 0xBB, 0x01, 0x77, 0x02, 0xEA, 0x14, 0x3B, 0x00, 0xEB, 
    0x11, 0x10, 0x02, 0x08, 0x0F, 0x00, 0xEA, 0x0A, 0x3A, 0x01, 0xBA, 0x01, 
    0x63, 0x01, 0xEA, 0x01, 0x39, 0x00, 0xEB, 0x7E, 0x0D, 0x02, 0xBB, 0x01, 
    0x79, 0x00, 0xEB, 0x74, 0x0C, 0x00, 0xEA, 0x77, 0x37, 0x01, 0x97, 0x56, 
    0x00, 0x00, 0x96, 0x68, 0x00, 0x00, 0x67, 0x64, 0x00, 0x97, 0x55, 0x64, 
    0x01, 0xEA, 0x6D, 0x36, 0x00, 0xEB, 0x6B, 0x0B, 0x02, 0x61, 0x0A, 0x00, 
    0xEA, 0x64, 0x35, 0x01, 0x99, 0x2A, 0x00, 0x00, 0x3B, 0x00, 0x00, 0x91, 
    0x53, 0x00, 0x00, 0x92, 0x34, 0x00, 0x00, 0x99, 0x3B, 0x7F, 0x00, 0x26, 
    0x64, 0x00, 0x2A, 0x5A, 0x00, 0x91, 0x5F, 0x64, 0x00, 0xBA, 0x01, 0x65, 
    0x01, 0xEA, 0x5A, 0x34, 0x00, 0xEB, 0x57, 0x09, 0x01, 0xBB, 0x01, 0x7B, 
    0x01, 0xEB, 0x4E, 0x08, 0x00, 0xEA, 0x50, 0x33, 0x02, 0x47, 0x32, 0x00, 
    0xEB, 0x44, 0x07, 0x02, 0xEA, 0x3D, 0x31, 0x00, 0xEB, 0x3A, 0x06, 0x00, 
    0xBA, 0x01, 0x67, 0x02, 0xEA, 0x33, 0x30, 0x00, 0xEB, 0x31, 0x05, 0x01, 
    0xBB, 0x01, 0x7D, 0x01, 0xEA, 0x2A, 0x2F, 0x00, 0xEB, 0x27, 0x04, 0x02, 
    0x1D, 0x03, 0x00, 0xEA, 0x20, 0x2E, 0x02, 0xBA, 0x01, 0x69, 0x00, 0xEA, 
    0x16, 0x2D, 0x00, 0xEB, 0x14, 0x02, 0x02, 0x0A, 0x01, 0x00, 0xEA, 0x0D, 
    0x2C, 0x01, 0xBB, 0x01, 0x7F, 0x01, 0xEB, 0x01, 0x00, 0x00, 0xEA, 0x03, 
    0x2B, 0x01, 0x9B, 0x45, 0x00, 0x00, 0x3E, 0x00, 0x00, 0x4C, 0x64, 0x00, 
    0xBB, 0x01, 0x28, 0x00, 0xEB, 0x00, 0x40, 0x01, 0xEA, 0x79, 0x29, 0x01, 
    0xBA, 0x01, 0x6B, 0x01, 0xEA, 0x70, 0x28, 0x02, 0x66, 0x27, 0x01, 0x96, 
    0x67, 0x00, 0x00, 0x97, 0x55, 0x00, 0x01, 0x57, 0x64, 0x00, 0xEA, 0x5C, 
    0x26, 0x00, 0x96, 0x69, 0x64, 0x02, 0xEA, 0x53, 0x25, 0x01, 0x91, 0x5F, 
    0x00, 0x00, 0x99, 0x2E, 0x00, 0x00, 0x26, 0x00, 0x00, 0x92, 0x28, 0x64, 
    0x00, 0x99, 0x24, 0x64, 0x00, 0xBA, 0x01, 0x6D, 0x00, 0x99, 0x2A, 0x64, 
    0x01, 0xEA, 0x49, 0x24, 0x02, 0x3F, 0x23, 0x02, 0x36, 0x22, 0x02, 0x2C, 
    0x21, 0x00, 0xBA, 0x01, 0x6F, 0x02, 0xEA, 0x22, 0x20, 0x02, 0x19, 0x1F, 
    0x02, 0x0F, 0x1E, 0x02, 0x05, 0x1D, 0x00, 0xBA, 0x01, 0x71, 0x02, 0xEA, 
    0x7C, 0x1B, 0x02, 0x72, 0x1A, 0x02, 0x68, 0x19, 0x01, 0xBA, 0x01, 0x73, 
    0x01, 0xEA, 0x5F, 0x18, 0x02, 0x55, 0x17, 0x02, 0x97, 0x57, 0x00, 0x00, 
    0x96, 0x69, 0x00, 0x00, 0x97, 0x4F, 0x64, 0x00, 0x96, 0x61, 0x64, 0x00, 
    0xEA, 0x4B, 0x16, 0x02, 0x42, 0x15, 0x01, 0x92, 0x28, 0x00, 0x00, 0x99, 
    0x24, 0x00, 0x00, 0x2A, 0x00, 0x00, 0xBA, 0x01, 0x75, 0x00, 0x91, 0x5F, 
    0x64, 0x00, 0x92, 0x34, 0x64, 0x00, 0x99, 0x2A, 0x7F, 0x01, 0xEA, 0x38, 
    0x14, 0x02, 0x2E, 0x13, 0x02, 0x25, 0x12, 0x02, 0x1B, 0x11, 0x00, 0xBA, 
    0x01, 0x77, 0x02, 0xEA, 0x11, 0x10, 0x02, 0x08, 0x0F, 0x02, 0x7E, 0x0D, 
    0x02, 0x74, 0x0C, 0x00, 0xBA, 0x01, 0x79, 0x02, 0xEA, 0x6B, 0x0B, 0x02, 
    0x61, 0x0A, 0x02, 0x57, 0x09, 0x01, 0xBA, 0x01, 0x7B, 0x01, 0xEA, 0x4E, 
    0x08, 0x02, 0x44, 0x07, 0x02, 0x97, 0x4F, 0x00, 0x00, 0x96, 0x61, 0x00, 
    0x00, 0x97, 0x54, 0x64, 0x00, 0xEA, 0x3A, 0x06, 0x00, 0x96, 0x66, 0x64, 
    0x02, 0xEA, 0x31, 0x05, 0x01, 0x91, 0x5F, 0x00, 0x00, 0x99, 0x2A, 0x00, 
    0x00, 0x92, 0x34, 0x00, 0x00, 0x34, 0x64, 0x00, 0xBA, 0x01, 0x7D, 0x00, 
    0x99, 0x2A, 0x50, 0x00, 0x91, 0x53, 0x64, 0x01, 0xEA, 0x27, 0x04, 0x02, 
    0x1D, 0x03, 0x02, 0x14, 0x02, 0x02, 0x0A, 0x01, 0x01, 0xBA, 0x01, 0x7F, 
    0x01, 0xEA, 0x01, 0x00, 0x01, 0x9A, 0x45, 0x00, 0x00, 0x3E, 0x00, 0x00, 
    0x4C, 0x64, 0x00, 0xEA, 0x00, 0x40, 0x00, 0xBA, 0x01, 0x28, 0x11, 0x97, 
    0x54, 0x00, 0x00, 0x96, 0x66, 0x00, 0x00, 0x64, 0x64, 0x00, 0x97, 0x52, 
    0x64, 0x03, 0x99, 0x3B, 0x00, 0x00, 0x92, 0x34, 0x00, 0x00, 0x91, 0x53, 
    0x00, 0x00, 0x99, 0x2A, 0x00, 0x00, 0x3B, 0x7F, 0x00, 0x24, 0x64, 0x00, 
    0x26, 0x64, 0x00, 0x2A, 0x5A, 0x1B, 0x96, 0x64, 0x00, 0x00, 0x97, 0x52, 
    0x00, 0x01, 0x55, 0x64, 0x00, 0x96, 0x67, 0x64, 0x02, 0x99, 0x2A, 0x00, 
    0x00, 0x26, 0x00, 0x00, 0x24, 0x00, 0x00, 0x2A, 0x7F, 0x00, 0x92, 0x34, 
    0x64, 0x00, 0x99, 0x26, 0x4B, 0x1C, 0x97, 0x55, 0x00, 0x00, 0x96, 0x67, 
    0x00, 0x00, 0x97, 0x57, 0x64, 0x00, 0x96, 0x69, 0x64, 0x02, 0x92, 0x34, 
    0x00, 0x00, 0x99, 0x2A, 0x00, 0x00, 0x26, 0x00, 0x00, 0x92, 0x28, 0x64, 
    0x00, 0x99, 0x24, 0x64, 0x00, 0x2A, 0x64, 0x1C, 0x97, 0x57, 0x00, 0x00, 
    0x96, 0x69, 0x00, 0x00, 0x97, 0x55, 0x64, 0x00, 0x96, 0x67, 0x64, 0x02, 
    0x99, 0x2A, 0x00, 0x00, 0x24, 0x00, 0x00, 0x92, 0x28, 0x00, 0x00, 0x99, 
    0x2A, 0x64, 0x00, 0x91, 0x53, 0x64, 0x00, 0x92, 0x34, 0x64, 0x1C, 0x97, 
    0x55, 0x00, 0x00, 0x96, 0x67, 0x00, 0x00, 0x62, 0x64, 0x00, 0x97, 0x50, 
    0x64, 0x02, 0x90, 0x4C, 0x00, 0x00, 0x91, 0x53, 0x00, 0x00, 0x99, 0x3B, 
    0x00, 0x00, 0x2A, 0x00, 0x00, 0x92, 0x34, 0x00, 0x00, 0x90, 0x4C, 0x64, 
    0x00, 0x91, 0x5F, 0x64, 0x00, 0x99, 0x2A, 0x64, 0x00, 0xB0, 0x06, 0x02, 
    0x00, 0x99, 0x3B, 0x7F, 0x00, 0x26, 0x64, 0x0F, 0xE0, 0x00, 0x40, 0x02, 
    0x6D, 0x42, 0x02, 0x59, 0x45, 0x02, 0x45, 0x48, 0x02, 0x31, 0x4B, 0x02, 
    0x1D, 0x4E, 0x02, 0x09, 0x51, 0x01, 0x96, 0x62, 0x00, 0x00, 0x97, 0x50, 
    0x00, 0x01, 0x51, 0x64, 0x00, 0xE0, 0x75, 0x53, 0x00, 0x96, 0x63, 0x64, 
    0x01, 0x91, 0x5F, 0x00, 0x00, 0x99, 0x2A, 0x00, 0x00, 0x26, 0x00, 0x00, 
    0x24, 0x64, 0x00, 0x92, 0x28, 0x64, 0x00, 0x99, 0x2A, 0x64, 0x01, 0xE0, 
    0x61, 0x56, 0x02, 0x4D, 0x59, 0x02, 0x39, 0x5C, 0x02, 0x25, 0x5F, 0x02, 
    0x11, 0x62, 0x02, 0x7D, 0x64, 0x02, 0x69, 0x67, 0x02, 0x55, 0x6A, 0x02, 
    0x41, 0x6D, 0x02, 0x2D, 0x70, 0x02, 0x19, 0x73, 0x02, 0x05, 0x76, 0x02, 
    0x71, 0x78, 0x02, 0x5D, 0x7B, 0x02, 0x97, 0x51, 0x00, 0x00, 0x96, 0x63, 
    0x00, 0x00, 0x6B, 0x64, 0x00, 0xE0, 0x49, 0x7E, 0x00, 0x97, 0x59, 0x64, 
    0x01, 0x99, 0x2A, 0x00, 0x00, 0x92, 0x28, 0x00, 0x00, 0x99, 0x24, 0x00, 
    0x00, 0x91, 0x5F, 0x64, 0x00, 0xE0, 0x7F, 0x7F, 0x00, 0x92, 0x34, 0x64, 
    0x00, 0x99, 0x2A, 0x7F, 0x00, 0xB0, 0x01, 0x00, 0x02, 0x01, 0x03, 0x02, 
    0x01, 0x05, 0x02, 0x01, 0x07, 0x02, 0x01, 0x09, 0x02, 0x01, 0x0B, 0x02, 
    0x01, 0x0D, 0x02, 0x01, 0x0F, 0x02, 0x01, 0x12, 0x02, 0x01, 0x14, 0x02, 
    0x9B, 0x4C, 0x00, 0x00, 0xB0, 0x01, 0x16, 0x00, 0xBB, 0x06, 0x02, 0x00, 
    0x9B, 0x4C, 0x64, 0x02, 0xB0, 0x01, 0x18, 0x02, 0x01, 0x1A, 0x02, 0x01, 
    0x1C, 0x02, 0x01, 0x1E, 0x01, 0x96, 0x6B, 0x00, 0x00, 0x97, 0x59, 0x00, 
    0x00, 0x55, 0x64, 0x00, 0x96, 0x67, 0x64, 0x01, 0x91, 0x5F, 0x00, 0x00, 
    0x99, 0x2A, 0x00, 0x00, 0x92, 0x34, 0x00, 0x00, 0x99, 0x2A, 0x64, 0x00, 
    0xB0, 0x01, 0x21, 0x00, 0x91, 0x53, 0x64, 0x00, 0x92, 0x34, 0x64, 0x02, 
    0xB0, 0x01, 0x23, 0x02, 0x01, 0x25, 0x01, 0xEB, 0x00, 0x40, 0x01, 0xB0, 
    0x01, 0x27, 0x01, 0xEB, 0x6D, 0x42, 0x01, 0xB0, 0x01, 0x29, 0x01, 0xEB, 
    0x59, 0x45, 0x01, 0xB0, 0x01, 0x2B, 0x01, 0xEB, 0x45, 0x48, 0x01, 0xB0, 
    0x01, 0x2D, 0x01, 0xEB, 0x31, 0x4B, 0x01, 0xB0, 0x01, 0x2F, 0x01, 0xEB, 
    0x1D, 0x4E, 0x01, 0xB0, 0x01, 0x32, 0x01, 0xEB, 0x09, 0x51, 0x01, 0xB0, 
    0x01, 0x34, 0x01, 0xEB, 0x75, 0x53, 0x01, 0xB0, 0x01, 0x36, 0x01, 0xEB, 
    0x61, 0x56, 0x01, 0xB0, 0x01, 0x38, 0x01, 0xEB, 0x4D, 0x59, 0x01, 0xB0, 
    0x01, 0x3A, 0x01, 0xEB, 0x39, 0x5C, 0x01, 0xB0, 0x01, 0x3C, 0x01, 0xEB, 
    0x25, 0x5F, 0x01, 0xB0, 0x01, 0x3E, 0x01, 0x97, 0x55, 0x00, 0x00, 0x96, 
    0x67, 0x00, 0x00, 0xEB, 0x11, 0x62, 0x00, 0x97, 0x57, 0x64, 0x00, 0x96, 
    0x69, 0x64, 0x01, 0x99, 0x2A, 0x00, 0x00, 0x91, 0x53, 0x00, 0x00, 0x99, 
    0x3B, 0x00, 0x00, 0x92, 0x34, 0x00, 0x00, 0x99, 0x26, 0x64, 0x00, 0x3B, 
    0x7F, 0x00, 0x24, 0x64, 0x00, 0x2A, 0x64, 0x00, 0xB0, 0x01, 0x41, 0x01, 
    0xEB, 0x7D, 0x64, 0x01, 0xB0, 0x01, 0x43, 0x01, 0xEB, 0x69, 0x67, 0x01, 
    0xB0, 0x01, 0x45, 0x01, 0xEB, 0x55, 0x6A, 0x01, 0xB0, 0x01, 0x47, 0x01, 
    0xEB, 0x41, 0x6D, 0x01, 0xB0, 0x01, 0x49, 0x01, 0xEB, 0x2D, 0x70, 0x01, 
    0xB0, 0x01, 0x4B, 0x01, 0xEB, 0x19, 0x73, 0x01, 0xB0, 0x01, 0x4D, 0x01, 
    0xEB, 0x05, 0x76, 0x01, 0xB0, 0x01, 0x4F, 0x01, 0xEB, 0x71, 0x78, 0x01, 
    0xB0, 0x01, 0x52, 0x01, 0xEB, 0x5D, 0x7B, 0x01, 0xB0, 0x01, 0x54, 0x01, 
    0xEB, 0x49, 0x7E, 0x01, 0xB0, 0x01, 0x56, 0x00, 0xEB, 0x7F, 0x7F, 0x00, 
    0xBB, 0x01, 0x00, 0x02, 0x01, 0x03, 0x00, 0xB0, 0x01, 0x58, 0x02, 0x01, 
    0x5A, 0x00, 0xBB, 0x01, 0x05, 0x02, 0x01, 0x07, 0x00, 0xB0, 0x01, 0x5C, 
    0x02, 0x01, 0x5E, 0x00, 0xBB, 0x01, 0x09, 0x01, 0x97, 0x57, 0x00, 0x00, 
    0x96, 0x69, 0x00, 0x01, 0x99, 0x24, 0x00, 0x00, 0x2A, 0x00, 0x00, 0x26, 
    0x00, 0x00, 0x92, 0x34, 0x64, 0x00, 0x99, 0x2E, 0x7F, 0x00, 0xE0, 0x7F, 
    0x7F, 0x00, 0xBB, 0x01, 0x0B, 0x00, 0x96, 0x62, 0x64, 0x00, 0xB0, 0x01, 
    0x61, 0x00, 0x99, 0x26, 0x4B, 0x00, 0x97, 0x50, 0x64, 0x02, 0xBB, 0x01, 
    0x0D, 0x00, 0xE0, 0x4B, 0x79, 0x00, 0xB0, 0x01, 0x63, 0x02, 0xBB, 0x01, 
    0x0F, 0x00, 0xE0, 0x18, 0x73, 0x00, 0xB0, 0x01, 0x65, 0x02, 0x01, 0x67, 
    0x00, 0xBB, 0x01, 0x12, 0x00, 0xE0, 0x65, 0x6C, 0x02, 0x32, 0x66, 0x00, 
    0xB0, 0x01, 0x69, 0x00, 0xBB, 0x01, 0x14, 0x02, 0x9A, 0x4C, 0x00, 0x00, 
    0xBA, 0x06, 0x02, 0x00, 0xBB, 0x01, 0x16, 0x00, 0x9A, 0x4C, 0x64, 0x00, 
    0xE0, 0x7F, 0x5F, 0x00, 0xB0, 0x01, 0x6B, 0x02, 0x01, 0x6D, 0x00, 0xBB, 
    0x01, 0x18, 0x00, 0xE0, 0x4C, 0x59, 0x02, 0x19, 0x53, 0x00, 0xBB, 0x01, 
    0x1A, 0x00, 0xB0, 0x01, 0x6F, 0x02, 0x01, 0x72, 0x00, 0xBB, 0x01, 0x1C, 
    0x00, 0xE0, 0x66, 0x4C, 0x02, 0xBB, 0x01, 0x1E, 0x00, 0xE0, 0x33, 0x46, 
    0x00, 0xB0, 0x01, 0x74, 0x02, 0xE0, 0x00, 0x40, 0x00, 0xBB, 0x01, 0x21, 
    0x00, 0xB0, 0x01, 0x76, 0x02, 0xBB, 0x01, 0x23, 0x00, 0xB0, 0x01, 0x78, 
    0x02, 0xBB, 0x01, 0x25, 0x00, 0xB0, 0x01, 0x7A, 0x01, 0xEA, 0x00, 0x40, 
    0x01, 0xBB, 0x01, 0x27, 0x00, 0xB0, 0x01, 0x7C, 0x01, 0xEA, 0x6D, 0x42, 
    0x01, 0xBB, 0x01, 0x29, 0x00, 0xB0, 0x01, 0x7E, 0x01, 0x01, 0x00, 0x00, 
    0xEA, 0x59, 0x45, 0x01, 0x99, 0x26, 0x00, 0x00, 0x2A, 0x00, 0x00, 0x96, 
    0x62, 0x00, 0x00, 0x92, 0x34, 0x00, 0x00, 0x97, 0x50, 0x00, 0x00, 0x92, 
    0x23, 0x64, 0x00, 0x99, 0x2A, 0x7F, 0x00, 0x24, 0x64, 0x00, 0x97, 0x52, 
    0x64, 0x00, 0x96, 0x64, 0x64, 0x00, 0xBB, 0x01, 0x2B, 0x01, 0xEA, 0x45, 
    0x48, 0x01, 0xBB, 0x01, 0x2D, 0x01, 0xEA, 0x31, 0x4B, 0x01, 0xBB, 0x01, 
    0x2F, 0x01, 0xEA, 0x1D, 0x4E, 0x01, 0xBB, 0x01, 0x32, 0x01, 0xEA, 0x09, 
    0x51, 0x01, 0xBB, 0x01, 0x34, 0x01, 0xEA, 0x75, 0x53, 0x01, 0xBB, 0x01, 
    0x36, 0x01, 0xEA, 0x61, 0x56, 0x01, 0xBB, 0x01, 0x38, 0x01, 0xEA, 0x4D, 
    0x59, 0x01, 0xBB, 0x01, 0x3A, 0x01, 0xEA, 0x39, 0x5C, 0x01, 0xBB, 0x01, 
    0x3C, 0x01, 0xEA, 0x25, 0x5F, 0x01, 0xBB, 0x01, 0x3E, 0x01, 0xEA, 0x11, 
    0x62, 0x01, 0xBB, 0x01, 0x41, 0x01, 0xEA, 0x7D, 0x64, 0x01, 0xBB, 0x01, 
    0x43, 0x01, 0xEA, 0x69, 0x67, 0x01, 0xBB, 0x01, 0x45, 0x01, 0xEA, 0x55, 
    0x6A, 0x01, 0xBB, 0x01, 0x47, 0x01, 0xEA, 0x41, 0x6D, 0x01, 0xBB, 0x01, 
    0x49, 0x01, 0xEA, 0x2D, 0x70, 0x01, 0x96, 0x64, 0x00, 0x00, 0x99, 0x24, 
    0x00, 0x00, 0x92, 0x23, 0x00, 0x00, 0x99, 0x2A, 0x00, 0x00, 0x97, 0x52, 
    0x00, 0x00, 0x55, 0x64, 0x00, 0x92, 0x2F, 0x64, 0x00, 0x96, 0x67, 0x64, 
    0x00, 0x91, 0x53, 0x64, 0x00, 0xBB, 0x01, 0x4B, 0x00, 0x99, 0x2A, 0x50, 
    0x01, 0xEA, 0x19, 0x73, 0x01, 0xBB, 0x01, 0x4D, 0x01, 0xEA, 0x05, 0x76, 
    0x01, 0xBB, 0x01, 0x4F, 0x01, 0xEA, 0x71, 0x78, 0x01, 0xBB, 0x01, 0x52, 
    0x01, 0xEA, 0x5D, 0x7B, 0x01, 0xBB, 0x01, 0x54, 0x01, 0xEA, 0x49, 0x7E, 
    0x01, 0xBB, 0x01, 0x56, 0x00, 0xBA, 0x01, 0x00, 0x00, 0xEA, 0x7F, 0x7F, 
    0x02, 0xBA, 0x01, 0x03, 0x00, 0xBB, 0x01, 0x58, 0x02, 0xBA, 0x01, 0x05, 
    0x00, 0xBB, 0x01, 0x5A, 0x02, 0x01, 0x5C, 0x00, 0xBA, 0x01, 0x07, 0x02, 
    0xBB, 0x01, 0x5E, 0x00, 0xBA, 0x01, 0x09, 0x02, 0x01, 0x0B, 0x00, 0xEB, 
    0x7F, 0x7F, 0x00, 0xBB, 0x01, 0x61, 0x02, 0xEB, 0x4B, 0x79, 0x00, 0xBA, 
    0x01, 0x0D, 0x00, 0xBB, 0x01, 0x63, 0x02, 0xEB, 0x18, 0x73, 0x00, 0xBA, 
    0x01, 0x0F, 0x00, 0xBB, 0x01, 0x65, 0x02, 0xBA, 0x01, 0x12, 0x00, 0xEB, 
    0x65, 0x6C, 0x00, 0xBB, 0x01, 0x67, 0x02, 0xEB, 0x32, 0x66, 0x00, 0xBB, 
    0x01, 0x69, 0x00, 0xBA, 0x01, 0x14, 0x02, 0x91, 0x53, 0x00, 0x00, 0x96, 
    0x67, 0x00, 0x00, 0x97, 0x55, 0x00, 0x00, 0x99, 0x3B, 0x00, 0x00, 0x92, 
    0x2F, 0x00, 0x00, 0x99, 0x2A, 0x00, 0x00, 0xBA, 0x01, 0x16, 0x00, 0xBB, 
    0x01, 0x6B, 0x00, 0x99, 0x3B, 0x7F, 0x00, 0x96, 0x69, 0x64, 0x00, 0x99, 
    0x26, 0x64, 0x00, 0x91, 0x5F, 0x64, 0x00, 0x99, 0x2A, 0x5A, 0x00, 0xEB, 
    0x7F, 0x5F, 0x00, 0x97, 0x57, 0x64, 0x02, 0xEB, 0x4C, 0x59, 0x00, 0xBB, 
    0x01, 0x6D, 0x00, 0xBA, 0x01, 0x18, 0x02, 0xEB, 0x19, 0x53, 0x00, 0xBB, 
    0x01, 0x6F, 0x00, 0xBA, 0x01, 0x1A, 0x02, 0xEB, 0x66, 0x4C, 0x00, 0xBA, 
    0x01, 0x1C, 0x00, 0xBB, 0x01, 0x72, 0x02, 0x01, 0x74, 0x00, 0xEB, 0x33, 
    0x46, 0x00, 0xBA, 0x01, 0x1E, 0x02, 0xEB, 0x00, 0x40, 0x00, 0xBA, 0x01, 
    0x21, 0x00, 0xBB, 0x01, 0x76, 0x02, 0xBA, 0x01, 0x23, 0x00, 0xBB, 0x01, 
    0x78, 0x02, 0x01, 0x7A, 0x00, 0xBA, 0x01, 0x25, 0x02, 0xBB, 0x01, 0x7C, 
    0x00, 0xBA, 0x01, 0x27, 0x02, 0x01, 0x29, 0x00, 0xBB, 0x01, 0x7E, 0x01, 
    0x01, 0x00, 0x01, 0xBA, 0x01, 0x2B, 0x02, 0x01, 0x2D, 0x02, 0x01, 0x2F, 
    0x02, 0x01, 0x32, 0x02, 0x01, 0x34, 0x02, 0x97, 0x57, 0x00, 0x00, 0x99, 
    0x26, 0x00, 0x00, 0x2E, 0x00, 0x00, 0x96, 0x69, 0x00, 0x00, 0x91, 0x5F, 
    0x00, 0x00, 0x99, 0x2A, 0x64, 0x00, 0xBA, 0x01, 0x36, 0x00, 0x92, 0x23, 
    0x64, 0x00, 0x99, 0x24, 0x64, 0x01, 0x97, 0x56, 0x64, 0x00, 0x96, 0x68, 
    0x64, 0x01, 0xBA, 0x01, 0x38, 0x02, 0x01, 0x3A, 0x02, 0x01, 0x3C, 0x02, 
    0x01, 0x3E, 0x02, 0x01, 0x41, 0x02, 0x01, 0x43, 0x02, 0x01, 0x45, 0x02, 
    0x01, 0x47, 0x02, 0x01, 0x49, 0x02, 0x01, 0x4B, 0x02, 0x01, 0x4D, 0x02, 
    0x01, 0x4F, 0x02, 0x01, 0x52, 0x02, 0x01, 0x54, 0x02, 0x99, 0x24, 0x00, 
    0x00, 0x92, 0x23, 0x00, 0x00, 0x99, 0x2A, 0x00, 0x00, 0xBA, 0x01, 0x56, 
    0x00, 0x99, 0x2A, 0x7F, 0x00, 0x91, 0x5F, 0x64, 0x00, 0x92, 0x2F, 0x64, 
    0x01, 0x97, 0x56, 0x00, 0x00, 0x96, 0x68, 0x00, 0x00, 0x97, 0x58, 0x64, 
    0x00, 0x96, 0x6A, 0x64, 0x01, 0xBA, 0x01, 0x58, 0x02, 0x01, 0x5A, 0x02, 
    0x01, 0x5C, 0x02, 0x01, 0x5E, 0x02, 0x01, 0x61, 0x00, 0xEA, 0x7F, 0x7F, 
    0x02, 0xBA, 0x01, 0x63, 0x00, 0xEA, 0x4B, 0x79, 0x02, 0xBA, 0x01, 0x65, 
    0x00, 0xEA, 0x18, 0x73, 0x02, 0xBA, 0x01, 0x67, 0x00, 0xEA, 0x65, 0x6C, 
    0x02, 0xBA, 0x01, 0x69, 0x00, 0xEA, 0x32, 0x66, 0x02, 0xBA, 0x01, 0x6B, 
    0x00, 0xEA, 0x7F, 0x5F, 0x02, 0xBA, 0x01, 0x6D, 0x00, 0xEA, 0x4C, 0x59, 
    0x02, 0xBA, 0x01, 0x6F, 0x00, 0xEA, 0x19, 0x53, 0x02, 0xBA, 0x01, 0x72, 
    0x00, 0xEA, 0x66, 0x4C, 0x02, 0xBA, 0x01, 0x74, 0x00, 0xEA, 0x33, 0x46, 
    0x02, 0x91, 0x5F, 0x00, 0x00, 0x99, 0x2A, 0x00, 0x00, 0x92, 0x2F, 0x00, 
    0x00, 0xBA, 0x01, 0x76, 0x00, 0x91, 0x53, 0x64, 0x00, 0x99, 0x2A, 0x50, 
    0x00, 0xEA, 0x00, 0x40, 0x00, 0x92, 0x2F, 0x64, 0x01, 0x97, 0x58, 0x00, 
    0x00, 0x96, 0x6A, 0x00, 0x00, 0x97, 0x59, 0x64, 0x00, 0x96, 0x6B, 0x64, 
    0x01, 0xBA, 0x01, 0x78, 0x02, 0x01, 0x7A, 0x02, 0x01, 0x7C, 0x02, 0x01, 
    0x7E, 0x01, 0x01, 0x00, 0x15, 0x91, 0x53, 0x00, 0x00, 0x99, 0x3B, 0x00, 
    0x00, 0x2A, 0x00, 0x00, 0x92, 0x2F, 0x00, 0x00, 0x99, 0x26, 0x64, 0x00, 
    0x3B, 0x7F, 0x00, 0x24, 0x64, 0x00, 0x2A, 0x5A, 0x01, 0x96, 0x6B, 0x00, 
    0x00, 0x97, 0x59, 0x00, 0x00, 0x96, 0x68, 0x64, 0x00, 0x97, 0x56, 0x64, 
    0x1D, 0x99, 0x26, 0x00, 0x00, 0x2A, 0x00, 0x00, 0x24, 0x00, 0x00, 0x2A, 
    0x7F, 0x00, 0x26, 0x4B, 0x00, 0x92, 0x2F, 0x64, 0x01, 0x96, 0x68, 0x00, 
    0x00, 0x97, 0x56, 0x00, 0x01, 0x96, 0x67, 0x64, 0x00, 0x97, 0x55, 0x64, 
    0x1C, 0x99, 0x26, 0x00, 0x00, 0x2A, 0x00, 0x00, 0x92, 0x2F, 0x00, 0x00, 
    0x26, 0x64, 0x00, 0x99, 0x24, 0x64, 0x00, 0x2A, 0x64, 0x02, 0x96, 0x67, 
    0x00, 0x00, 0x97, 0x55, 0x00, 0x00, 0x54, 0x64, 0x00, 0x96, 0x66, 0x64, 
    0x1C, 0x99, 0x2A, 0x00, 0x00, 0x24, 0x00, 0x00, 0x92, 0x26, 0x00, 0x00, 
    0x99, 0x2A, 0x64, 0x00, 0x92, 0x32, 0x64, 0x00, 0x91, 0x53, 0x64, 0x02, 
    0x97, 0x54, 0x00, 0x00, 0x96, 0x66, 0x00, 0x00, 0x97, 0x53, 0x64, 0x00, 
    0x96, 0x65, 0x64, 0x1C, 0x92, 0x32, 0x00, 0x00, 0x99, 0x2A, 0x00, 0x00, 
    0x3B, 0x00, 0x00, 0x91, 0x53, 0x00, 0x00, 0x99, 0x2A, 0x64, 0x00, 0x3B, 
    0x7F, 0x00, 0x26, 0x64, 0x00, 0x91, 0x5F, 0x64, 0x02, 0x97, 0x53, 0x00, 
    0x00, 0x96, 0x65, 0x00, 0x00, 0x67, 0x64, 0x00, 0x97, 0x55, 0x64, 0x1C, 
    0x99, 0x26, 0x00, 0x00, 0x2A, 0x00, 0x00, 0x91, 0x5F, 0x00, 0x00, 0x99, 
    0x2A, 0x64, 0x00, 0x92, 0x26, 0x64, 0x00, 0x99, 0x24, 0x64, 0x02, 0x96, 
    0x67, 0x00, 0x00, 0x97, 0x55, 0x00, 0x01, 0x56, 0x64, 0x00, 0x96, 0x68, 
    0x64, 0x1B, 0x92, 0x26, 0x00, 0x00, 0x90, 0x4C, 0x00, 0x00, 0x99, 0x2A, 
    0x00, 0x00, 0x24, 0x00, 0x00, 0x91, 0x5F, 0x64, 0x00, 0x92, 0x32, 0x64, 
    0x00, 0x90, 0x4A, 0x64, 0x00, 0xE0, 0x00, 0x40, 0x00, 0x99, 0x2A, 0x7F, 
    0x03, 0x97, 0x56, 0x00, 0x00, 0x96, 0x68, 0x00, 0x00, 0x62, 0x64, 0x00, 
    0x97, 0x50, 0x64, 0x0C, 0xE0, 0x7F, 0x7F, 0x02, 0x5C, 0x7B, 0x02, 0x3A, 
    0x77, 0x02, 0x18, 0x73, 0x02, 0x76, 0x6E, 0x02, 0x54, 0x6A, 0x02, 0x32, 
    0x66, 0x02, 0x10, 0x62, 0x01, 0x92, 0x32, 0x00, 0x00, 0x99, 0x2A, 0x00, 
    0x00, 0x91, 0x5F, 0x00, 0x00, 0x53, 0x64, 0x00, 0x92, 0x32, 0x64, 0x00, 
    0x99, 0x2A, 0x64, 0x01, 0xE0, 0x6E, 0x5D, 0x02, 0x96, 0x62, 0x00, 0x00, 
    0x97, 0x50, 0x00, 0x00, 0x53, 0x64, 0x00, 0xE0, 0x4C, 0x59, 0x00, 0x96, 
    0x65, 0x64, 0x02, 0xE0, 0x2A, 0x55, 0x02, 0x08, 0x51, 0x02, 0x66, 0x4C, 
    0x02, 0x44, 0x48, 0x02, 0x22, 0x44, 0x02, 0x00, 0x40, 0x0F, 0x99, 0x2A, 
    0x00, 0x00, 0x92, 0x32, 0x00, 0x00, 0x91, 0x53, 0x00, 0x00, 0x99, 0x3B, 
    0x00, 0x00, 0x26, 0x64, 0x00, 0x24, 0x64, 0x00, 0x2A, 0x64, 0x00, 0x3B, 
    0x7F, 0x03, 0x97, 0x53, 0x00, 0x00, 0x96, 0x65, 0x00, 0x00, 0x69, 0x64, 
    0x00, 0x97, 0x57, 0x64, 0x11, 0x9B, 0x4C, 0x00, 0x00, 0xEB, 0x00, 0x40, 
    0x00, 0x9B, 0x4A, 0x64, 0x0A, 0x99, 0x24, 0x00, 0x00, 0x2A, 0x00, 0x00, 
    0x26, 0x00, 0x00, 0x2E, 0x7F, 0x00, 0x26, 0x4B, 0x00, 0x92, 0x32, 0x64, 
    0x03, 0x96, 0x69, 0x00, 0x00, 0x97, 0x57, 0x00, 0x01, 0x96, 0x62, 0x64, 
    0x00, 0x97, 0x50, 0x64, 0x01, 0xEB, 0x7F, 0x7F, 0x02, 0x5C, 0x7B, 0x02, 
    0x3A, 0x77, 0x02, 0x18, 0x73, 0x02, 0x76, 0x6E, 0x02, 0x54, 0x6A, 0x02, 
    0x32, 0x66, 0x02, 0x10, 0x62, 0x02, 0x6E, 0x5D, 0x02, 0x4C, 0x59, 0x02, 
    0x2A, 0x55, 0x02, 0x08, 0x51, 0x02, 0x66, 0x4C, 0x01, 0x99, 0x26, 0x00, 
    0x00, 0x2A, 0x00, 0x00, 0x92, 0x32, 0x00, 0x00, 0x21, 0x64, 0x00, 0x99, 
    0x24, 0x64, 0x00, 0xE0, 0x00, 0x40, 0x00, 0x99, 0x2A, 0x7F, 0x01, 0xE0, 
    0x6E, 0x3D, 0x00, 0xEB, 0x44, 0x48, 0x02, 0xE0, 0x4C, 0x39, 0x00, 0xEB, 
    0x22, 0x44, 0x01, 0x96, 0x62, 0x00, 0x00, 0x97, 0x50, 0x00, 0x00, 0x96, 
    0x63, 0x64, 0x00, 0x97, 0x51, 0x64, 0x01, 0xEB, 0x00, 0x40, 0x00, 0xE0, 
    0x2A, 0x35, 0x02, 0x08, 0x31, 0x02, 0x66, 0x2C, 0x02, 0x44, 0x28, 0x02, 
    0x22, 0x24, 0x02, 0x00, 0x20, 0x0F, 0x99, 0x2A, 0x00, 0x00, 0x24, 0x00, 
    0x00, 0x92, 0x21, 0x00, 0x00, 0x99, 0x2A, 0x50, 0x00, 0x92, 0x2D, 0x64, 
    0x00, 0x91, 0x53, 0x64, 0x04, 0x96, 0x63, 0x00, 0x00, 0x97, 0x51, 0x00, 
    0x00, 0x59, 0x64, 0x00, 0x96, 0x6B, 0x64, 0x06, 0x9A, 0x4C, 0x00, 0x00, 
    0x4A, 0x64, 0x00, 0xEA, 0x00, 0x40, 0x0F, 0x7F, 0x7F, 0x02, 0x5C, 0x7B, 
    0x02, 0x3A, 0x77, 0x01, 0x99, 0x3B, 0x00, 0x00, 0x92, 0x2D, 0x00, 0x00, 
    0x99, 0x2A, 0x00, 0x00, 0x91, 0x53, 0x00, 0x00, 0x99, 0x26, 0x64, 0x00, 
    0x2A, 0x5A, 0x00, 0x3B, 0x7F, 0x00, 0x91, 0x5F, 0x64, 0x01, 0xEA, 0x18, 
    0x73, 0x02, 0x76, 0x6E, 0x01, 0x96, 0x6B, 0x00, 0x00, 0x97, 0x59, 0x00, 
    0x00, 0x4E, 0x64, 0x00, 0x96, 0x60, 0x64, 0x01, 0xEA, 0x54, 0x6A, 0x02, 
    0x32, 0x66, 0x02, 0x10, 0x62, 0x02, 0x6E, 0x5D, 0x02, 0x4C, 0x59, 0x02, 
    0x2A, 0x55, 0x02, 0x08, 0x51, 0x02, 0x66, 0x4C, 0x01, 0xEB, 0x00, 0x40, 
    0x01, 0x6E, 0x3D, 0x00, 0xEA, 0x44, 0x48, 0x02, 0x22, 0x44, 0x00, 0xEB, 
    0x4C, 0x39, 0x02, 0x2A, 0x35, 0x00, 0xEA, 0x00, 0x40, 0x02, 0xEB, 0x08, 
    0x31, 0x02, 0x66, 0x2C, 0x01, 0x99, 0x26, 0x00, 0x00, 0x2E, 0x00, 0x00, 
    0x91, 0x5F, 0x00, 0x00, 0x99, 0x24, 0x64, 0x00, 0x2A, 0x64, 0x00, 0x92, 
    0x21, 0x64, 0x01, 0xEB, 0x44, 0x28, 0x02, 0x22, 0x24, 0x01, 0x97, 0x4E, 
    0x00, 0x00, 0x96, 0x60, 0x00, 0x01, 0x97, 0x5A, 0x64, 0x00, 0x96, 0x6C, 
    0x64, 0x00, 0xEB, 0x00, 0x20, 0x19, 0x99, 0x24, 0x00, 0x00, 0x2A, 0x00, 
    0x00, 0x92, 0x21, 0x00, 0x00, 0x2D, 0x64, 0x00, 0x91, 0x5F, 0x64, 0x00, 
    0x99, 0x2A, 0x7F, 0x05, 0x97, 0x5A, 0x00, 0x00, 0x96, 0x6C, 0x00, 0x00, 
    0x97, 0x53, 0x64, 0x00, 0x96, 0x65, 0x64, 0x19, 0x91, 0x5F, 0x00, 0x00, 
    0x92, 0x2D, 0x00, 0x00, 0x99, 0x2A, 0x00, 0x00, 0x92, 0x2D, 0x64, 0x00, 
    0x91, 0x53, 0x64, 0x00, 0x99, 0x2A, 0x50, 0x05, 0x97, 0x53, 0x00, 0x00, 
    0x96, 0x65, 0x00, 0x00, 0x97, 0x4F, 0x64, 0x00, 0x96, 0x61, 0x64, 0x05, 
    0xEA, 0x00, 0x40, 0x01, 0x6E, 0x3D, 0x02, 0x4C, 0x39, 0x02, 0x2A, 0x35, 
    0x02, 0x08, 0x31, 0x02, 0x66, 0x2C, 0x02, 0x44, 0x28, 0x02, 0x22, 0x24, 
    0x02, 0x00, 0x20, 0x05, 0x99, 0x3B, 0x00, 0x00, 0x91, 0x53, 0x00, 0x00, 
    0x92, 0x2D, 0x00, 0x00, 0x99, 0x2A, 0x00, 0x00, 0x24, 0x64, 0x00, 0x26, 
    0x64, 0x00, 0x3B, 0x7F, 0x00, 0x2A, 0x5A, 0x05, 0x97, 0x4F, 0x00, 0x00, 
    0x96, 0x61, 0x00, 0x00, 0x68, 0x64, 0x00, 0x97, 0x56, 0x64, 0x19, 0x99, 
    0x26, 0x00, 0x00, 0x2A, 0x00, 0x00, 0x24, 0x00, 0x00, 0x2A, 0x7F, 0x00, 
    0x26, 0x4B, 0x00, 0x92, 0x2D, 0x64, 0x05, 0x96, 0x68, 0x00, 0x00, 0x97, 
    0x56, 0x00, 0x01, 0x96, 0x61, 0x64, 0x00, 0x97, 0x4F, 0x64, 0x18, 0x99, 
    0x26, 0x00, 0x00, 0x2A, 0x00, 0x00, 0x92, 0x2D, 0x00, 0x00, 0x99, 0x2A, 
    0x64, 0x00, 0x24, 0x64, 0x00, 0x92, 0x21, 0x64, 0x06, 0x96, 0x61, 0x00, 
    0x00, 0x97, 0x4F, 0x00, 0x00, 0x96, 0x6C, 0x64, 0x00, 0x97, 0x5A, 0x64, 
    0x18, 0x99, 0x24, 0x00, 0x00, 0x2A, 0x00, 0x00, 0x92, 0x21, 0x00, 0x00, 
    0x2D, 0x64, 0x00, 0x91, 0x53, 0x64, 0x00, 0x99, 0x2A, 0x64, 0x06, 0x96, 
    0x6C, 0x00, 0x00, 0x97, 0x5A, 0x00, 0x00, 0x96, 0x65, 0x64, 0x00, 0x97, 
    0x53, 0x64, 0x18, 0x99, 0x3B, 0x00, 0x00, 0x91, 0x53, 0x00, 0x00, 0x92, 
    0x2D, 0x00, 0x00, 0x99, 0x2A, 0x00, 0x00, 0x26, 0x64, 0x00, 0x2A, 0x64, 
    0x00, 0x3B, 0x7F, 0x00, 0x91, 0x5F, 0x64, 0x06, 0x96, 0x65, 0x00, 0x00, 
    0x97, 0x53, 0x00, 0x00, 0x96, 0x6C, 0x64, 0x00, 0x97, 0x5A, 0x64, 0x18, 
    0x99, 0x26, 0x00, 0x00, 0x2A, 0x00, 0x00, 0x91, 0x5F, 0x00, 0x00, 0x99, 
    0x2A, 0x64, 0x00, 0x92, 0x21, 0x64, 0x00, 0x99, 0x24, 0x64, 0x06, 0x96, 
    0x6C, 0x00, 0x00, 0x97, 0x5A, 0x00, 0x01, 0x96, 0x62, 0x64, 0x00, 0x97, 
    0x50, 0x64, 0x17, 0x99, 0x2A, 0x00, 0x00, 0x92, 0x21, 0x00, 0x00, 0x90, 
    0x4A, 0x00, 0x00, 0x99, 0x24, 0x00, 0x00, 0x91, 0x5F, 0x64, 0x00, 0xE0, 
    0x00, 0x40, 0x00, 0x92, 0x2D, 0x64, 0x00, 0x99, 0x2A, 0x7F, 0x00, 0x90, 
    0x4A, 0x64, 0x07, 0x96, 0x62, 0x00, 0x00, 0x97, 0x50, 0x00, 0x00, 0x52, 
    0x64, 0x00, 0x96, 0x64, 0x64, 0x17, 0x92, 0x2D, 0x00, 0x00, 0x91, 0x5F, 
    0x00, 0x00, 0x99, 0x2A, 0x00, 0x00, 0x2A, 0x64, 0x00, 0x91, 0x53, 0x64, 
    0x00, 0x92, 0x2D, 0x64, 0x07, 0x97, 0x52, 0x00, 0x00, 0x96, 0x64, 0x00, 
    0x00, 0x62, 0x64, 0x00, 0x97, 0x50, 0x64, 0x17, 0x99, 0x3B, 0x00, 0x00, 
    0x91, 0x53, 0x00, 0x00, 0x99, 0x2A, 0x00, 0x00, 0x92, 0x2D, 0x00, 0x00, 
    0x99, 0x2A, 0x64, 0x00, 0x24, 0x64, 0x00, 0x26, 0x64, 0x00, 0x3B, 0x7F, 
    0x07, 0x96, 0x62, 0x00, 0x00, 0x97, 0x50, 0x00, 0x00, 0x5A, 0x64, 0x00, 
    0x96, 0x6C, 0x64, 0x0D, 0x9B, 0x4A, 0x00, 0x00, 0xEB, 0x00, 0x40, 0x00, 
    0x9B, 0x4A, 0x64, 0x0A, 0x99, 0x24, 0x00, 0x00, 0x26, 0x00, 0x00, 0x2A, 
    0x00, 0x00, 0x26, 0x4B, 0x00, 0x92, 0x2D, 0x64, 0x00, 0x99, 0x2E, 0x7F, 
    0x07, 0x97, 0x5A, 0x00, 0x00, 0x96, 0x6C, 0x00, 0x01, 0x97, 0x57, 0x64, 
    0x00, 0x96, 0x69, 0x64, 0x16, 0x99, 0x2A, 0x00, 0x00, 0x92, 0x2D, 0x00, 
    0x00, 0x99, 0x26, 0x00, 0x00, 0x92, 0x23, 0x64, 0x00, 0xE0, 0x00, 0x40, 
    0x00, 0x99, 0x24, 0x64, 0x00, 0x2A, 0x7F, 0x02, 0xE0, 0x45, 0x48, 0x02, 
    0x09, 0x51, 0x02, 0x4D, 0x59, 0x02, 0x97, 0x57, 0x00, 0x00, 0x96, 0x69, 
    0x00, 0x00, 0x6C, 0x64, 0x00, 0xE0, 0x11, 0x62, 0x00, 0x97, 0x5A, 0x64, 
    0x02, 0xE0, 0x55, 0x6A, 0x02, 0x19, 0x73, 0x02, 0x5D, 0x7B, 0x01, 0x7F, 
    0x7F, 0x0F, 0x99, 0x24, 0x00, 0x00, 0x92, 0x23, 0x00, 0x00, 0x99, 0x2A, 
    0x00, 0x00, 0x91, 0x53, 0x64, 0x00, 0x99, 0x2A, 0x50, 0x00, 0x92, 0x2F, 
    0x64, 0x08, 0x96, 0x6C, 0x00, 0x00, 0x97, 0x5A, 0x00, 0x00, 0x54, 0x64, 
    0x00, 0x96, 0x66, 0x64, 0x02, 0x9A, 0x4A, 0x00, 0x00, 0x4A, 0x64, 0x00, 
    0xEA, 0x00, 0x40, 0x14, 0x99, 0x2A, 0x00, 0x00, 0x91, 0x53, 0x00, 0x00, 
    0x99, 0x3B, 0x00, 0x00, 0x92, 0x2F, 0x00, 0x00, 0x91, 0x5F, 0x64, 0x00, 
    0x99, 0x2A, 0x5A, 0x00, 0x26, 0x64, 0x00, 0x3B, 0x7F, 0x08, 0x97, 0x54, 
    0x00, 0x00, 0x96, 0x66, 0x00, 0x00, 0x62, 0x64, 0x00, 0x97, 0x50, 0x64, 
    0x0C, 0xEB, 0x00, 0x40, 0x02, 0x45, 0x48, 0x02, 0x09, 0x51, 0x02, 0x4D, 
    0x59, 0x02, 0x11, 0x62, 0x02, 0x99, 0x26, 0x00, 0x00, 0x2E, 0x00, 0x00, 
    0x91, 0x5F, 0x00, 0x00, 0x99, 0x24, 0x64, 0x00, 0x2A, 0x64, 0x00, 0x92, 
    0x23, 0x64, 0x00, 0xEB, 0x55, 0x6A, 0x02, 0x19, 0x73, 0x02, 0x5D, 0x7B, 
    0x01, 0x7F, 0x7F, 0x03, 0x96, 0x62, 0x00, 0x00, 0x97, 0x50, 0x00, 0x01, 
    0x96, 0x68, 0x64, 0x00, 0x97, 0x56, 0x64, 0x15, 0x99, 0x24, 0x00, 0x00, 
    0x2A, 0x00, 0x00, 0x92, 0x23, 0x00, 0x00, 0x99, 0x2A, 0x7F, 0x00, 0x92, 
    0x2F, 0x64, 0x00, 0x91, 0x5F, 0x64, 0x09, 0x96, 0x68, 0x00, 0x00, 0x97, 
    0x56, 0x00, 0x00, 0x96, 0x66, 0x64, 0x00, 0x97, 0x54, 0x64, 0x15, 0x92, 
    0x2F, 0x00, 0x00, 0x99, 0x2A, 0x00, 0x00, 0x91, 0x5F, 0x00, 0x00, 0x53, 
    0x64, 0x00, 0x92, 0x2F, 0x64, 0x00, 0x99, 0x2A, 0x50, 0x09, 0x96, 0x66, 
    0x00, 0x00, 0x97, 0x54, 0x00, 0x00, 0x55, 0x64, 0x00, 0x96, 0x67, 0x64, 
    0x01, 0xEA, 0x00, 0x40, 0x02, 0x45, 0x48, 0x02, 0x09, 0x51, 0x02, 0x4D, 
    0x59, 0x02, 0x11, 0x62, 0x02, 0x55, 0x6A, 0x02, 0x19, 0x73, 0x02, 0x5D, 
    0x7B, 0x01, 0x7F, 0x7F, 0x05, 0x99, 0x2A, 0x00, 0x00, 0x92, 0x2F, 0x00, 
    0x00, 0x91, 0x53, 0x00, 0x00, 0x99, 0x3B, 0x00, 0x00, 0x24, 0x64, 0x00, 
    0x26, 0x64, 0x00, 0x2A, 0x5A, 0x00, 0x3B, 0x7F, 0x09, 0x97, 0x55, 0x00, 
    0x00, 0x96, 0x67, 0x00, 0x00, 0x97, 0x51, 0x64, 0x00, 0x96, 0x63, 0x64, 
    0x15, 0x99, 0x26, 0x00, 0x00, 0x2A, 0x00, 0x00, 0x24, 0x00, 0x00, 0x26, 
    0x4B, 0x00, 0x92, 0x2F, 0x64, 0x00, 0x99, 0x2A, 0x7F, 0x09, 0x97, 0x51, 
    0x00, 0x00, 0x96, 0x63, 0x00, 0x01, 0x65, 0x64, 0x00, 0x97, 0x53, 0x64, 
    0x14, 0x99, 0x2A, 0x00, 0x00, 0x92, 0x2F, 0x00, 0x00, 0x99, 0x26, 0x00, 
    0x00, 0x2A, 0x64, 0x00, 0x24, 0x64, 0x00, 0x92, 0x26, 0x64, 0x0A, 0x96, 
    0x65, 0x00, 0x00, 0x97, 0x53, 0x00, 0x00, 0x51, 0x64, 0x00, 0x96, 0x63, 
    0x64, 0x14, 0x99, 0x24, 0x00, 0x00, 0x2A, 0x00, 0x00, 0x92, 0x26, 0x00, 
    0x00, 0x32, 0x64, 0x00, 0x99, 0x2A, 0x64, 0x00, 0x91, 0x53, 0x64, 0x0A, 
    0x97, 0x51, 0x00, 0x00, 0x96, 0x63, 0x00, 0x00, 0x97, 0x57, 0x64, 0x00, 
    0x96, 0x69, 0x64, 0x14, 0x92, 0x32, 0x00, 0x00, 0x99, 0x3B, 0x00, 0x00, 
    0x2A, 0x00, 0x00, 0x91, 0x53, 0x00, 0x00, 0x99, 0x2A, 0x64, 0x00, 0x91, 
    0x5F, 0x64, 0x00, 0x99, 0x26, 0x64, 0x00, 0x3B, 0x7F, 0x0A, 0x96, 0x69, 
    0x00, 0x00, 0x97, 0x57, 0x00, 0x00, 0x96, 0x62, 0x64, 0x00, 0x97, 0x50, 
    0x64, 0x14, 0x91, 0x5F, 0x00, 0x00, 0x99, 0x2A, 0x00, 0x00, 0x26, 0x00, 
    0x00, 0x2A, 0x64, 0x00, 0x24, 0x64, 0x00, 0x92, 0x26, 0x64, 0x0A, 0x96, 
    0x62, 0x00, 0x00, 0x97, 0x50, 0x00, 0x01, 0x53, 0x64, 0x00, 0x96, 0x65, 
    0x64, 0x13, 0x99, 0x24, 0x00, 0x00, 0x2A, 0x00, 0x00, 0x92, 0x26, 0x00, 
    0x00, 0x32, 0x64, 0x00, 0x91, 0x5F, 0x64, 0x00, 0x99, 0x26, 0x64, 0x00, 
    0x2A, 0x7F, 0x0B, 0x97, 0x53, 0x00, 0x00, 0x96, 0x65, 0x00, 0x00, 0x60, 
    0x64, 0x00, 0x97, 0x4E, 0x64, 0x13, 0x91, 0x5F, 0x00, 0x00, 0x92, 0x32, 
    0x00, 0x00, 0x99, 0x2A, 0x00, 0x00, 0x91, 0x53, 0x64, 0x00, 0x99, 0x2A, 
    0x64, 0x00, 0x92, 0x32, 0x64, 0x0B, 0x97, 0x4E, 0x00, 0x00, 0x96, 0x60, 
    0x00, 0x00, 0x67, 0x64, 0x00, 0x97, 0x55, 0x64, 0x13, 0x91, 0x53, 0x00, 
    0x00, 0x99, 0x2A, 0x00, 0x00, 0x3B, 0x00, 0x00, 0x92, 0x32, 0x00, 0x00, 
    0x99, 0x2A, 0x64, 0x00, 0x3B, 0x7F, 0x00, 0x26, 0x64, 0x00, 0x24, 0x64, 
    0x0B, 0x96, 0x67, 0x00, 0x00, 0x97, 0x55, 0x00, 0x00, 0x96, 0x68, 0x64, 
    0x00, 0x97, 0x56, 0x64, 0x13, 0x99, 0x2A, 0x00, 0x00, 0x26, 0x00, 0x00, 
    0x24, 0x00, 0x00, 0x92, 0x32, 0x64, 0x00, 0x99, 0x2E, 0x7F, 0x00, 0x26, 
    0x4B, 0x0B, 0x96, 0x68, 0x00, 0x00, 0x97, 0x56, 0x00, 0x01, 0x57, 0x64, 
    0x00, 0x96, 0x69, 0x64, 0x11, 0xE0, 0x00, 0x40, 0x01, 0x92, 0x32, 0x00, 
    0x00, 0x99, 0x2A, 0x00, 0x00, 0x26, 0x00, 0x00, 0x26, 0x00, 0x00, 0x90, 
    0x4A, 0x00, 0x00, 0xE0, 0x00, 0x40, 0x00, 0x99, 0x2A, 0x7F, 0x00, 0x92, 
    0x28, 0x64, 0x00, 0x90, 0x4C, 0x64, 0x00, 0x99, 0x24, 0x64, 0x0C, 0x97, 
    0x57, 0x00, 0x00, 0x96, 0x69, 0x00, 0x0E, 0x68, 0x64, 0x00, 0x97, 0x56, 
    0x64, 0x04, 0x92, 0x28, 0x00, 0x00, 0x99, 0x2A, 0x00, 0x00, 0x24, 0x00, 
    0x00, 0x2A, 0x50, 0x00, 0x92, 0x34, 0x64, 0x00, 0x91, 0x53, 0x64, 0x1A, 
    0x96, 0x68, 0x00, 0x00, 0x97, 0x56, 0x00, 0x00, 0x96, 0x67, 0x64, 0x00, 
    0x97, 0x55, 0x64, 0x04, 0x92, 0x34, 0x00, 0x00, 0x99, 0x2A, 0x00, 0x00, 
    0x91, 0x53, 0x00, 0x00, 0x99, 0x3B, 0x00, 0x00, 0x26, 0x64, 0x00, 0x91, 
    0x5F, 0x64, 0x00, 0x99, 0x2A, 0x5A, 0x00, 0x3B, 0x7F, 0x13, 0xEB, 0x00, 
    0x40, 0x01, 0x9B, 0x4A, 0x00, 0x00, 0xEB, 0x00, 0x40, 0x00, 0x9B, 0x4C, 
    0x64, 0x06, 0x97, 0x55, 0x00, 0x00, 0x96, 0x67, 0x00, 0x01, 0x97, 0x57, 
    0x64, 0x00, 0x96, 0x69, 0x64, 0x03, 0x99, 0x26, 0x00, 0x00, 0x2E, 0x00, 
    0x00, 0x91, 0x5F, 0x00, 0x00, 0x99, 0x2A, 0x64, 0x00, 0x92, 0x28, 0x64, 
    0x00, 0x99, 0x24, 0x64, 0x1B, 0x97, 0x57, 0x00, 0x00, 0x96, 0x69, 0x00, 
    0x00, 0x97, 0x4F, 0x64, 0x00, 0x96, 0x61, 0x64, 0x03, 0x92, 0x28, 0x00, 
    0x00, 0x99, 0x2A, 0x00, 0x00, 0x24, 0x00, 0x00, 0x2A, 0x7F, 0x00, 0x92, 
    0x34, 0x64, 0x00, 0x91, 0x5F, 0x64, 0x1B, 0x97, 0x4F, 0x00, 0x00, 0x96, 
    0x61, 0x00, 0x00, 0x66, 0x64, 0x00, 0x97, 0x54, 0x64, 0x03, 0x92, 0x34, 
    0x00, 0x00, 0x91, 0x5F, 0x00, 0x00, 0x99, 0x2A, 0x00, 0x00, 0x91, 0x53, 
    0x64, 0x00, 0x92, 0x34, 0x64, 0x00, 0x99, 0x2A, 0x50, 0x09, 0xEA, 0x00, 
    0x40, 0x01, 0x9A, 0x4A, 0x00, 0x00, 0xEA, 0x00, 0x40, 0x00, 0x9A, 0x4C, 
    0x64, 0x11, 0x96, 0x66, 0x00, 0x00, 0x97, 0x54, 0x00, 0x00, 0x96, 0x64, 
    0x64, 0x00, 0x97, 0x52, 0x64, 0x03, 0x91, 0x53, 0x00, 0x00, 0x99, 0x2A, 
    0x00, 0x00, 0x92, 0x34, 0x00, 0x00, 0x99, 0x3B, 0x00, 0x00, 0x26, 0x64, 
    0x00, 0x3B, 0x7F, 0x00, 0x2A, 0x5A, 0x00, 0x24, 0x64, 0x1B, 0x96, 0x64, 
    0x00, 0x00, 0x97, 0x52, 0x00, 0x01, 0x55, 0x64, 0x00, 0x96, 0x67, 0x64, 
    0x02, 0x99, 0x26, 0x00, 0x00, 0x2A, 0x00, 0x00, 0x24, 0x00, 0x00, 0x92, 
    0x34, 0x64, 0x00, 0x99, 0x26, 0x4B, 0x00, 0x2A, 0x7F, 0x1C, 0x97, 0x55, 
    0x00, 0x00, 0x96, 0x67, 0x00, 0x00, 0x97, 0x57, 0x64, 0x00, 0x96, 0x69, 
    0x64, 0x02, 0x99, 0x2A, 0x00, 0x00, 0x26, 0x00, 0x00, 0x92, 0x34, 0x00, 
    0x00, 0x28, 0x64, 0x00, 0x99, 0x24, 0x64, 0x00, 0x2A, 0x64, 0x1C, 0x97, 
    0x57, 0x00, 0x00, 0x96, 0x69, 0x00, 0x00, 0x67, 0x64, 0x00, 0x97, 0x55, 
    0x64, 0x02, 0x99, 0x2A, 0x00, 0x00, 0x24, 0x00, 0x00, 0x92, 0x28, 0x00, 
    0x00, 0x99, 0x2A, 0x64, 0x00, 0x91, 0x53, 0x64, 0x00, 0x92, 0x34, 0x64, 
    0x1C, 0x96, 0x67, 0x00, 0x00, 0x97, 0x55, 0x00, 0x00, 0x50, 0x64, 0x00, 
    0x96, 0x62, 0x64, 0x02, 0x91, 0x53, 0x00, 0x00, 0x99, 0x3B, 0x00, 0x00, 
    0x90, 0x4C, 0x00, 0x00, 0x99, 0x2A, 0x00, 0x00, 0x92, 0x34, 0x00, 0x00, 
    0x99, 0x26, 0x64, 0x00, 0x91, 0x5F, 0x64, 0x00, 0x99, 0x2A, 0x64, 0x00, 
    0xB0, 0x06, 0x02, 0x00, 0x90, 0x4C, 0x64, 0x00, 0x99, 0x3B, 0x7F, 0x0F, 
    0xE0, 0x00, 0x40, 0x02, 0x6D, 0x42, 0x02, 0x59, 0x45, 0x02, 0x45, 0x48, 
    0x02, 0x31, 0x4B, 0x02, 0x1D, 0x4E, 0x02, 0x09, 0x51, 0x01, 0x97, 0x50, 
    0x00, 0x00, 0x96, 0x62, 0x00, 0x01, 0x63, 0x64, 0x00, 0xE0, 0x75, 0x53, 
    0x00, 0x97, 0x51, 0x64, 0x01, 0x91, 0x5F, 0x00, 0x00, 0x99, 0x2A, 0x00, 
    0x00, 0x26, 0x00, 0x00, 0x2A, 0x64, 0x00, 0x24, 0x64, 0x00, 0x92, 0x28, 
    0x64, 0x01, 0xE0, 0x61, 0x56, 0x02, 0x4D, 0x59, 0x02, 0x39, 0x5C, 0x02, 
    0x25, 0x5F, 0x02, 0x11, 0x62, 0x02, 0x7D, 0x64, 0x02, 0x69, 0x67, 0x02, 
    0x55, 0x6A, 0x02, 0x41, 0x6D, 0x02, 0x2D, 0x70, 0x02, 0x19, 0x73, 0x02, 
    0x05, 0x76, 0x02, 0x71, 0x78, 0x02, 0x5D, 0x7B, 0x02, 0x96, 0x63, 0x00, 
    0x00, 0x97, 0x51, 0x00, 0x00, 0x96, 0x6B, 0x64, 0x00, 0xE0, 0x49, 0x7E, 
    0x00, 0x97, 0x59, 0x64, 0x01, 0x99, 0x24, 0x00, 0x00, 0x2A, 0x00, 0x00, 
    0x92, 0x28, 0x00, 0x00, 0x91, 0x5F, 0x64, 0x00, 0xB0, 0x01, 0x00, 0x00, 
    0xE0, 0x7F, 0x7F, 0x00, 0x99, 0x2A, 0x7F, 0x00, 0x92, 0x34, 0x64, 0x02, 
    0xB0, 0x01, 0x03, 0x02, 0x01, 0x05, 0x02, 0x01, 0x07, 0x02, 0x01, 0x09, 
    0x02, 0x01, 0x0B, 0x02, 0x01, 0x0D, 0x02, 0x01, 0x0F, 0x02, 0x01, 0x12, 
    0x02, 0x01, 0x14, 0x02, 0x9B, 0x4C, 0x00, 0x00, 0xB0, 0x01, 0x16, 0x00, 
    0xBB, 0x06, 0x02, 0x00, 0x9B, 0x4C, 0x64, 0x02, 0xB0, 0x01, 0x18, 0x02, 
    0x01, 0x1A, 0x02, 0x01, 0x1C, 0x02, 0x01, 0x1E, 0x01, 0x96, 0x6B, 0x00, 
    0x00, 0x97, 0x59, 0x00, 0x00, 0x55, 0x64, 0x00, 0x96, 0x67, 0x64, 0x01, 
    0x99, 0x2A, 0x00, 0x00, 0x91, 0x5F, 0x00, 0x00, 0x92, 0x34, 0x00, 0x00, 
    0x99, 0x2A, 0x64, 0x00, 0x91, 0x53, 0x64, 0x00, 0xB0, 0x01, 0x21, 0x00, 
    0x92, 0x34, 0x64, 0x02, 0xB0, 0x01, 0x23, 0x02, 0x01, 0x25, 0x01, 0xEB, 
    0x00, 0x40, 0x01, 0xB0, 0x01, 0x27, 0x01, 0xEB, 0x6D, 0x42, 0x01, 0xB0, 
    0x01, 0x29, 0x01, 0xEB, 0x59, 0x45, 0x01, 0xB0, 0x01, 0x2B, 0x01, 0xEB, 
    0x45, 0x48, 0x01, 0xB0, 0x01, 0x2D, 0x01, 0xEB, 0x31, 0x4B, 0x01, 0xB0, 
    0x01, 0x2F, 0x01, 0xEB, 0x1D, 0x4E, 0x01, 0xB0, 0x01, 0x32, 0x01, 0xEB, 
    0x09, 0x51, 0x01, 0xB0, 0x01, 0x34, 0x01, 0xEB, 0x75, 0x53, 0x01, 0xB0, 
    0x01, 0x36, 0x01, 0xEB, 0x61, 0x56, 0x01, 0xB0, 0x01, 0x38, 0x01, 0xEB, 
    0x4D, 0x59, 0x01, 0xB0, 0x01, 0x3A, 0x01, 0xEB, 0x39, 0x5C, 0x01, 0xB0, 
    0x01, 0x3C, 0x01, 0xEB, 0x25, 0x5F, 0x01, 0xB0, 0x01, 0x3E, 0x01, 0x97, 
    0x55, 0x00, 0x00, 0x96, 0x67, 0x00, 0x00, 0x97, 0x57, 0x64, 0x00, 0xEB, 
    0x11, 0x62, 0x00, 0x96, 0x69, 0x64, 0x01, 0x91, 0x53, 0x00, 0x00, 0x99, 
    0x3B, 0x00, 0x00, 0x2A, 0x00, 0x00, 0x92, 0x34, 0x00, 0x00, 0xB0, 0x01, 
    0x41, 0x00, 0x99, 0x24, 0x64, 0x00, 0x3B, 0x7F, 0x00, 0x26, 0x64, 0x00, 
    0x2A, 0x64, 0x01, 0xEB, 0x7D, 0x64, 0x01, 0xB0, 0x01, 0x43, 0x01, 0xEB, 
    0x69, 0x67, 0x01, 0xB0, 0x01, 0x45, 0x01, 0xEB, 0x55, 0x6A, 0x01, 0xB0, 
    0x01, 0x47, 0x01, 0xEB, 0x41, 0x6D, 0x01, 0xB0, 0x01, 0x49, 0x01, 0xEB, 
    0x2D, 0x70, 0x01, 0xB0, 0x01, 0x4B, 0x01, 0xEB, 0x19, 0x73, 0x01, 0xB0, 
    0x01, 0x4D, 0x01, 0xEB, 0x05, 0x76, 0x01, 0xB0, 0x01, 0x4F, 0x01, 0xEB, 
    0x71, 0x78, 0x01, 0xB0, 0x01, 0x52, 0x01, 0xEB, 0x5D, 0x7B, 0x01, 0xB0, 
    0x01, 0x54, 0x01, 0xEB, 0x49, 0x7E, 0x01, 0x7F, 0x7F, 0x00, 0xBB, 0x01, 
    0x00, 0x00, 0xB0, 0x01, 0x56, 0x02, 0x01, 0x58, 0x00, 0xBB, 0x01, 0x03, 
    0x02, 0xB0, 0x01, 0x5A, 0x00, 0xBB, 0x01, 0x05, 0x02, 0xB0, 0x01, 0x5C, 
    0x00, 0xBB, 0x01, 0x07, 0x02, 0xB0, 0x01, 0x5E, 0x00, 0xBB, 0x01, 0x09, 
    0x01, 0x97, 0x57, 0x00, 0x00, 0x96, 0x69, 0x00, 0x01, 0x99, 0x26, 0x00, 
    0x00, 0x2A, 0x00, 0x00, 0x24, 0x00, 0x00, 0xBB, 0x01, 0x0B, 0x00, 0xB0, 
    0x01, 0x61, 0x00, 0x99, 0x2E, 0x7F, 0x00, 0x97, 0x50, 0x64, 0x00, 0x92, 
    0x34, 0x64, 0x00, 0xE0, 0x7F, 0x7F, 0x00, 0x99, 0x26, 0x4B, 0x00, 0x96, 
    0x62, 0x64, 0x02, 0xB0, 0x01, 0x63, 0x00, 0xBB, 0x01, 0x0D, 0x00, 0xE0, 
    0x4B, 0x79, 0x02, 0xB0, 0x01, 0x65, 0x00, 0xBB, 0x01, 0x0F, 0x00, 0xE0, 
    0x18, 0x73, 0x02, 0xBB, 0x01, 0x12, 0x00, 0xE0, 0x65, 0x6C, 0x00, 0xB0, 
    0x01, 0x67, 0x02, 0xBB, 0x01, 0x14, 0x00, 0xE0, 0x32, 0x66, 0x00, 0xB0, 
    0x01, 0x69, 0x02, 0x9A, 0x4C, 0x00, 0x00, 0xBA, 0x06, 0x02, 0x00, 0x9A, 
    0x4C, 0x64, 0x00, 0xBB, 0x01, 0x16, 0x00, 0xE0, 0x7F, 0x5F, 0x00, 0xB0, 
    0x01, 0x6B, 0x02, 0x01, 0x6D, 0x00, 0xE0, 0x4C, 0x59, 0x00, 0xBB, 0x01, 
    0x18, 0x02, 0xE0, 0x19, 0x53, 0x00, 0xB0, 0x01, 0x6F, 0x00, 0xBB, 0x01, 
    0x1A, 0x02, 0xE0, 0x66, 0x4C, 0x00, 0xBB, 0x01, 0x1C, 0x00, 0xB0, 0x01, 
    0x72, 0x02, 0xE0, 0x33, 0x46, 0x00, 0xB0, 0x01, 0x74, 0x00, 0xBB, 0x01, 
    0x1E, 0x02, 0xB0, 0x01, 0x76, 0x00, 0xBB, 0x01, 0x21, 0x00, 0xE0, 0x00, 
    0x40, 0x02, 0xB0, 0x01, 0x78, 0x00, 0xBB, 0x01, 0x23, 0x02, 0xB0, 0x01, 
    0x7A, 0x00, 0xBB, 0x01, 0x25, 0x01, 0xEA, 0x00, 0x40, 0x01, 0xB0, 0x01, 
    0x7C, 0x00, 0xBB, 0x01, 0x27, 0x01, 0xEA, 0x6D, 0x42, 0x01, 0xBB, 0x01, 
    0x29, 0x00, 0xB0, 0x01, 0x7E, 0x01, 0x01, 0x00, 0x00, 0xEA, 0x59, 0x45, 
    0x01, 0x99, 0x26, 0x00, 0x00, 0x2A, 0x00, 0x00, 0x92, 0x34, 0x00, 0x00, 
    0x97, 0x50, 0x00, 0x00, 0x96, 0x62, 0x00, 0x00, 0x99, 0x24, 0x64, 0x00, 
    0xBB, 0x01, 0x2B, 0x00, 0x92, 0x23, 0x64, 0x00, 0x99, 0x2A, 0x7F, 0x00, 
    0x97, 0x52, 0x64, 0x00, 0x96, 0x64, 0x64, 0x01, 0xEA, 0x45, 0x48, 0x01, 
    0xBB, 0x01, 0x2D, 0x01, 0xEA, 0x31, 0x4B, 0x01, 0xBB, 0x01, 0x2F, 0x01, 
    0xEA, 0x1D, 0x4E, 0x01, 0xBB, 0x01, 0x32, 0x01, 0xEA, 0x09, 0x51, 0x01, 
    0xBB, 0x01, 0x34, 0x01, 0xEA, 0x75, 0x53, 0x01, 0xBB, 0x01, 0x36, 0x01, 
    0xEA, 0x61, 0x56, 0x01, 0xBB, 0x01, 0x38, 0x01, 0xEA, 0x4D, 0x59, 0x01, 
    0xBB, 0x01, 0x3A, 0x01, 0xEA, 0x39, 0x5C, 0x01, 0xBB, 0x01, 0x3C, 0x01, 
    0xEA, 0x25, 0x5F, 0x01, 0xBB, 0x01, 0x3E, 0x01, 0xEA, 0x11, 0x62, 0x01, 
    0xBB, 0x01, 0x41, 0x01, 0xEA, 0x7D, 0x64, 0x01, 0xBB, 0x01, 0x43, 0x01, 
    0xEA, 0x69, 0x67, 0x01, 0xBB, 0x01, 0x45, 0x01, 0xEA, 0x55, 0x6A, 0x01, 
    0xBB, 0x01, 0x47, 0x01, 0xEA, 0x41, 0x6D, 0x01, 0xBB, 0x01, 0x49, 0x01, 
    0xEA, 0x2D, 0x70, 0x01, 0x96, 0x64, 0x00, 0x00, 0x92, 0x23, 0x00, 0x00, 
    0x99, 0x2A, 0x00, 0x00, 0x24, 0x00, 0x00, 0x97, 0x52, 0x00, 0x00, 0x91, 
    0x53, 0x64, 0x00, 0x97, 0x55, 0x64, 0x00, 0x96, 0x67, 0x64, 0x00, 0xBB, 
    0x01, 0x4B, 0x00, 0x92, 0x2F, 0x64, 0x00, 0x99, 0x2A, 0x50, 0x01, 0xEA, 
    0x19, 0x73, 0x01, 0xBB, 0x01, 0x4D, 0x01, 0xEA, 0x05, 0x76, 0x01, 0xBB, 
    0x01, 0x4F, 0x01, 0xEA, 0x71, 0x78, 0x01, 0xBB, 0x01, 0x52, 0x01, 0xEA, 
    0x5D, 0x7B, 0x01, 0xBB, 0x01, 0x54, 0x01, 0xEA, 0x49, 0x7E, 0x01, 0xBB, 
    0x01, 0x56, 0x00, 0xBA, 0x01, 0x00, 0x00, 0xEA, 0x7F, 0x7F, 0x02, 0xBB, 
    0x01, 0x58, 0x00, 0xBA, 0x01, 0x03, 0x02, 0x01, 0x05, 0x00, 0xBB, 0x01, 
    0x5A, 0x02, 0x01, 0x5C, 0x00, 0xBA, 0x01, 0x07, 0x02, 0xBB, 0x01, 0x5E, 
    0x00, 0xBA, 0x01, 0x09, 0x02, 0x01, 0x0B, 0x00, 0xEB, 0x7F, 0x7F, 0x00, 
    0xBB, 0x01, 0x61, 0x02, 0xEB, 0x4B, 0x79, 0x00, 0xBA, 0x01, 0x0D, 0x00, 
    0xBB, 0x01, 0x63, 0x02, 0xEB, 0x18, 0x73, 0x00, 0xBA, 0x01, 0x0F, 0x00, 
    0xBB, 0x01, 0x65, 0x02, 0xEB, 0x65, 0x6C, 0x00, 0xBB, 0x01, 0x67, 0x00, 
    0xBA, 0x01, 0x12, 0x02, 0x01, 0x14, 0x00, 0xEB, 0x32, 0x66, 0x00, 0xBB, 
    0x01, 0x69, 0x02, 0x92, 0x2F, 0x00, 0x00, 0x96, 0x67, 0x00, 0x00, 0x91, 
    0x53, 0x00, 0x00, 0x99, 0x3B, 0x00, 0x00, 0x97, 0x55, 0x00, 0x00, 0x99, 
    0x2A, 0x00, 0x00, 0x2A, 0x5A, 0x00, 0xBA, 0x01, 0x16, 0x00, 0x91, 0x5F, 
    0x64, 0x00, 0xBB, 0x01, 0x6B, 0x00, 0x99, 0x26, 0x64, 0x00, 0x3B, 0x7F, 
    0x00, 0x96, 0x69, 0x64, 0x00, 0x97, 0x57, 0x64, 0x00, 0xEB, 0x7F, 0x5F, 
    0x02, 0x4C, 0x59, 0x00, 0xBA, 0x01, 0x18, 0x00, 0xBB, 0x01, 0x6D, 0x02, 
    0x01, 0x6F, 0x00, 0xEB, 0x19, 0x53, 0x00, 0xBA, 0x01, 0x1A, 0x02, 0x01, 
    0x1C, 0x00, 0xBB, 0x01, 0x72, 0x00, 0xEB, 0x66, 0x4C, 0x02, 0xBB, 0x01, 
    0x74, 0x00, 0xEB, 0x33, 0x46, 0x00, 0xBA, 0x01, 0x1E, 0x02, 0xEB, 0x00, 
    0x40, 0x00, 0xBB, 0x01, 0x76, 0x00, 0xBA, 0x01, 0x21, 0x02, 0x01, 0x23, 
    0x00, 0xBB, 0x01, 0x78, 0x02, 0x01, 0x7A, 0x00, 0xBA, 0x01, 0x25, 0x02, 
    0xBB, 0x01, 0x7C, 0x00, 0xBA, 0x01, 0x27, 0x02, 0xBB, 0x01, 0x7E, 0x00, 
    0xBA, 0x01, 0x29, 0x01, 0xBB, 0x01, 0x00, 0x01, 0xBA, 0x01, 0x2B, 0x02, 
    0x01, 0x2D, 0x02, 0x01, 0x2F, 0x02, 0x01, 0x32, 0x02, 0x01, 0x34, 0x02, 
    0x97, 0x57, 0x00, 0x00, 0x99, 0x26, 0x00, 0x00, 0x2E, 0x00, 0x00, 0x91, 
    0x5F, 0x00, 0x00, 0x96, 0x69, 0x00, 0x00, 0x92, 0x23, 0x64, 0x00, 0x99, 
    0x24, 0x64, 0x00, 0x2A, 0x64, 0x00, 0xBA, 0x01, 0x36, 0x01, 0x97, 0x56, 
    0x64, 0x00, 0x96, 0x68, 0x64, 0x01, 0xBA, 0x01, 0x38, 0x02, 0x01, 0x3A, 
    0x02, 0x01, 0x3C, 0x02, 0x01, 0x3E, 0x02, 0x01, 0x41, 0x02, 0x01, 0x43, 
    0x02, 0x01, 0x45, 0x02, 0x01, 0x47, 0x02, 0x01, 0x49, 0x02, 0x01, 0x4B, 
    0x02, 0x01, 0x4D, 0x02, 0x01, 0x4F, 0x02, 0x01, 0x52, 0x02, 0x01, 0x54, 
    0x02, 0x99, 0x24, 0x00, 0x00, 0x92, 0x23, 0x00, 0x00, 0x99, 0x2A, 0x00, 
    0x00, 0x91, 0x5F, 0x64, 0x00, 0x92, 0x2F, 0x64, 0x00, 0x99, 0x2A, 0x7F, 
    0x00, 0xBA, 0x01, 0x56, 0x01, 0x97, 0x56, 0x00, 0x00, 0x96, 0x68, 0x00, 
    0x00, 0x6A, 0x64, 0x00, 0x97, 0x58, 0x64, 0x01, 0xBA, 0x01, 0x58, 0x02, 
    0x01, 0x5A, 0x02, 0x01, 0x5C, 0x02, 0x01, 0x5E, 0x02, 0x01, 0x61, 0x00, 
    0xEA, 0x7F, 0x7F, 0x02, 0x4B, 0x79, 0x00, 0xBA, 0x01, 0x63, 0x02, 0xEA, 
    0x18, 0x73, 0x00, 0xBA, 0x01, 0x65, 0x02, 0x01, 0x67, 0x00, 0xEA, 0x65, 
    0x6C, 0x02, 0xBA, 0x01, 0x69, 0x00, 0xEA, 0x32, 0x66, 0x02, 0x7F, 0x5F, 
    0x00, 0xBA, 0x01, 0x6B, 0x02, 0xEA, 0x4C, 0x59, 0x00, 0xBA, 0x01, 0x6D, 
    0x02, 0xEA, 0x19, 0x53, 0x00, 0xBA, 0x01, 0x6F, 0x02, 0xEA, 0x66, 0x4C, 
    0x00, 0xBA, 0x01, 0x72, 0x02, 0xEA, 0x33, 0x46, 0x00, 0xBA, 0x01, 0x74, 
    0x02, 0x92, 0x2F, 0x00, 0x00, 0x91, 0x5F, 0x00, 0x00, 0x99, 0x2A, 0x00, 
    0x00, 0x91, 0x53, 0x64, 0x00, 0x99, 0x2A, 0x50, 0x00, 0xEA, 0x00, 0x40, 
    0x00, 0xBA, 0x01, 0x76, 0x00, 0x92, 0x2F, 0x64, 0x01, 0x96, 0x6A, 0x00, 
    0x00, 0x97, 0x58, 0x00, 0x00, 0x59, 0x64, 0x00, 0x96, 0x6B, 0x64, 0x01, 
    0xBA, 0x01, 0x78, 0x02, 0x01, 0x7A, 0x02, 0x01, 0x7C, 0x02, 0x01, 0x7E, 
    0x01, 0x01, 0x00, 0x15, 0x91, 0x53, 0x00, 0x00, 0x99, 0x3B, 0x00, 0x00, 
    0x92, 0x2F, 0x00, 0x00, 0x99, 0x2A, 0x00, 0x00, 0x26, 0x64, 0x00, 0x2A, 
    0x5A, 0x00, 0x3B, 0x7F, 0x00, 0x24, 0x64, 0x01, 0x97, 0x59, 0x00, 0x00, 
    0x96, 0x6B, 0x00, 0x00, 0x97, 0x56, 0x64, 0x00, 0x96, 0x68, 0x64, 0x1D, 
    0x99, 0x26, 0x00, 0x00, 0x2A, 0x00, 0x00, 0x24, 0x00, 0x00, 0x92, 0x2F, 
    0x64, 0x00, 0x99, 0x26, 0x4B, 0x00, 0x2A, 0x7F, 0x01, 0x97, 0x56, 0x00, 
    0x00, 0x96, 0x68, 0x00, 0x01, 0x67, 0x64, 0x00, 0x97, 0x55, 0x64, 0x1C, 
    0x99, 0x26, 0x00, 0x00, 0x92, 0x2F, 0x00, 0x00, 0x99, 0x2A, 0x00, 0x00, 
    0x24, 0x64, 0x00, 0x2A, 0x64, 0x00, 0x92, 0x26, 0x64, 0x02, 0x96, 0x67, 
    0x00, 0x00, 0x97, 0x55, 0x00, 0x00, 0x54, 0x64, 0x00, 0x96, 0x66, 0x64, 
    0x1C, 0x99, 0x24, 0x00, 0x00, 0x2A, 0x00, 0x00, 0x92, 0x26, 0x00, 0x00, 
    0x32, 0x64, 0x00, 0x91, 0x53, 0x64, 0x00, 0x99, 0x2A, 0x64, 0x02, 0x97, 
    0x54, 0x00, 0x00, 0x96, 0x66, 0x00, 0x00, 0x97, 0x53, 0x64, 0x00, 0x96, 
    0x65, 0x64, 0x1C, 0x99, 0x2A, 0x00, 0x00, 0x91, 0x53, 0x00, 0x00, 0x92, 
    0x32, 0x00, 0x00, 0x99, 0x3B, 0x00, 0x00, 0x3B, 0x7F, 0x00, 0x26, 0x64, 
    0x00, 0x2A, 0x64, 0x00, 0x91, 0x5F, 0x64, 0x02, 0x97, 0x53, 0x00, 0x00, 
    0x96, 0x65, 0x00, 0x00, 0x97, 0x55, 0x64, 0x00, 0x96, 0x67, 0x64, 0x1C, 
    0x99, 0x26, 0x00, 0x00, 0x2A, 0x00, 0x00, 0x91, 0x5F, 0x00, 0x00, 0x92, 
    0x26, 0x64, 0x00, 0x99, 0x24, 0x64, 0x00, 0x2A, 0x64, 0x02, 0x97, 0x55, 
    0x00, 0x00, 0x96, 0x67, 0x00, 0x01, 0x68, 0x64, 0x00, 0x97, 0x56, 0x64, 
    0x1B, 0x90, 0x4C, 0x00, 0x00, 0x99, 0x24, 0x00, 0x00, 0x92, 0x26, 0x00, 
    0x00, 0x99, 0x2A, 0x00, 0x00, 0xE0, 0x00, 0x40, 0x00, 0x91, 0x5F, 0x64, 
    0x00, 0x90, 0x4A, 0x64, 0x00, 0x92, 0x32, 0x64, 0x00, 0x99, 0x2A, 0x7F, 
    0x03, 0x96, 0x68, 0x00, 0x00, 0x97, 0x56, 0x00, 0x00, 0x50, 0x64, 0x00, 
    0x96, 0x62, 0x64, 0x0C, 0xE0, 0x7F, 0x7F, 0x02, 0x5C, 0x7B, 0x02, 0x3A, 
    0x77, 0x02, 0x18, 0x73, 0x02, 0x76, 0x6E, 0x02, 0x54, 0x6A, 0x02, 0x32, 
    0x66, 0x02, 0x10, 0x62, 0x01, 0x92, 0x32, 0x00, 0x00, 0x91, 0x5F, 0x00, 
    0x00, 0x99, 0x2A, 0x00, 0x00, 0x91, 0x53, 0x64, 0x00, 0x92, 0x32, 0x64, 
    0x00, 0x99, 0x2A, 0x64, 0x01, 0xE0, 0x6E, 0x5D, 0x02, 0x97, 0x50, 0x00, 
    0x00, 0x96, 0x62, 0x00, 0x00, 0x97, 0x53, 0x64, 0x00, 0xE0, 0x4C, 0x59, 
    0x00, 0x96, 0x65, 0x64, 0x02, 0xE0, 0x2A, 0x55, 0x02, 0x08, 0x51, 0x02, 
    0x66, 0x4C, 0x02, 0x44, 0x48, 0x02, 0x22, 0x44, 0x02, 0x00, 0x40, 0x0F, 
    0x99, 0x3B, 0x00, 0x00, 0x92, 0x32, 0x00, 0x00, 0x91, 0x53, 0x00, 0x00, 
    0x99, 0x2A, 0x00, 0x00, 0x2A, 0x64, 0x00, 0x26, 0x64, 0x00, 0x3B, 0x7F, 
    0x00, 0x24, 0x64, 0x03, 0x97, 0x53, 0x00, 0x00, 0x96, 0x65, 0x00, 0x00, 
    0x97, 0x57, 0x64, 0x00, 0x96, 0x69, 0x64, 0x11, 0x9B, 0x4C, 0x00, 0x00, 
    0xEB, 0x00, 0x40, 0x00, 0x9B, 0x4A, 0x64, 0x0A, 0x99, 0x26, 0x00, 0x00, 
    0x2A, 0x00, 0x00, 0x24, 0x00, 0x00, 0x26, 0x4B, 0x00, 0x92, 0x32, 0x64, 
    0x00, 0x99, 0x2E, 0x7F, 0x03, 0x96, 0x69, 0x00, 0x00, 0x97, 0x57, 0x00, 
    0x01, 0x50, 0x64, 0x00, 0x96, 0x62, 0x64, 0x01, 0xEB, 0x7F, 0x7F, 0x02, 
    0x5C, 0x7B, 0x02, 0x3A, 0x77, 0x02, 0x18, 0x73, 0x02, 0x76, 0x6E, 0x02, 
    0x54, 0x6A, 0x02, 0x32, 0x66, 0x02, 0x10, 0x62, 0x02, 0x6E, 0x5D, 0x02, 
    0x4C, 0x59, 0x02, 0x2A, 0x55, 0x02, 0x08, 0x51, 0x02, 0x66, 0x4C, 0x01, 
    0x92, 0x32, 0x00, 0x00, 0x99, 0x26, 0x00, 0x00, 0x2A, 0x00, 0x00, 0x2A, 
    0x7F, 0x00, 0xE0, 0x00, 0x40, 0x00, 0x92, 0x21, 0x64, 0x00, 0x99, 0x24, 
    0x64, 0x01, 0xEB, 0x44, 0x48, 0x00, 0xE0, 0x6E, 0x3D, 0x02, 0xEB, 0x22, 
    0x44, 0x00, 0xE0, 0x4C, 0x39, 0x01, 0x97, 0x50, 0x00, 0x00, 0x96, 0x62, 
    0x00, 0x00, 0x63, 0x64, 0x00, 0x97, 0x51, 0x64, 0x01, 0xEB, 0x00, 0x40, 
    0x00, 0xE0, 0x2A, 0x35, 0x02, 0x08, 0x31, 0x02, 0x66, 0x2C, 0x02, 0x44, 
    0x28, 0x02, 0x22, 0x24, 0x02, 0x00, 0x20, 0x0F, 0x92, 0x21, 0x00, 0x00, 
    0x99, 0x24, 0x00, 0x00, 0x2A, 0x00, 0x00, 0x92, 0x2D, 0x64, 0x00, 0x99, 
    0x2A, 0x50, 0x00, 0x91, 0x53, 0x64, 0x04, 0x96, 0x63, 0x00, 0x00, 0x97, 
    0x51, 0x00, 0x00, 0x59, 0x64, 0x00, 0x96, 0x6B, 0x64, 0x06, 0x9A, 0x4C, 
    0x00, 0x00, 0xEA, 0x00, 0x40, 0x00, 0x9A, 0x4A, 0x64, 0x0F, 0xEA, 0x7F, 
    0x7F, 0x02, 0x5C, 0x7B, 0x02, 0x3A, 0x77, 0x01, 0x99, 0x2A, 0x00, 0x00, 
    0x92, 0x2D, 0x00, 0x00, 0x99, 0x3B, 0x00, 0x00, 0x91, 0x53, 0x00, 0x00, 
    0x99, 0x2A, 0x5A, 0x00, 0x26, 0x64, 0x00, 0x91, 0x5F, 0x64, 0x00, 0x99, 
    0x3B, 0x7F, 0x01, 0xEA, 0x18, 0x73, 0x02, 0x76, 0x6E, 0x01, 0x96, 0x6B, 
    0x00, 0x00, 0x97, 0x59, 0x00, 0x00, 0x4E, 0x64, 0x00, 0x96, 0x60, 0x64, 
    0x01, 0xEA, 0x54, 0x6A, 0x02, 0x32, 0x66, 0x02, 0x10, 0x62, 0x02, 0x6E, 
    0x5D, 0x02, 0x4C, 0x59, 0x02, 0x2A, 0x55, 0x02, 0x08, 0x51, 0x02, 0x66, 
    0x4C, 0x01, 0xEB, 0x00, 0x40, 0x01, 0x6E, 0x3D, 0x00, 0xEA, 0x44, 0x48, 
    0x02, 0xEB, 0x4C, 0x39, 0x00, 0xEA, 0x22, 0x44, 0x02, 0xEB, 0x2A, 0x35, 
    0x00, 0xEA, 0x00, 0x40, 0x02, 0xEB, 0x08, 0x31, 0x02, 0x66, 0x2C, 0x01, 
    0x91, 0x5F, 0x00, 0x00, 0x99, 0x26, 0x00, 0x00, 0x2E, 0x00, 0x00, 0x24, 
    0x64, 0x00, 0x2A, 0x64, 0x00, 0x92, 0x21, 0x64, 0x01, 0xEB, 0x44, 0x28, 
    0x02, 0x22, 0x24, 0x01, 0x97, 0x4E, 0x00, 0x00, 0x96, 0x60, 0x00, 0x01, 
    0xEB, 0x00, 0x20, 0x00, 0x97, 0x5A, 0x64, 0x00, 0x96, 0x6C, 0x64, 0x19, 
    0x99, 0x24, 0x00, 0x00, 0x92, 0x21, 0x00, 0x00, 0x99, 0x2A, 0x00, 0x00, 
    0x91, 0x5F, 0x64, 0x00, 0x99, 0x2A, 0x7F, 0x00, 0x92, 0x2D, 0x64, 0x05, 
    0x97, 0x5A, 0x00, 0x00, 0x96, 0x6C, 0x00, 0x00, 0x97, 0x53, 0x64, 0x00, 
    0x96, 0x65, 0x64, 0x19, 0x91, 0x5F, 0x00, 0x00, 0x99, 0x2A, 0x00, 0x00, 
    0x92, 0x2D, 0x00, 0x00, 0x91, 0x53, 0x64, 0x00, 0x99, 0x2A, 0x50, 0x00, 
    0x92, 0x2D, 0x64, 0x05, 0x97, 0x53, 0x00, 0x00, 0x96, 0x65, 0x00, 0x00, 
    0x61, 0x64, 0x00, 0x97, 0x4F, 0x64, 0x05, 0xEA, 0x00, 0x40, 0x01, 0x6E, 
    0x3D, 0x02, 0x4C, 0x39, 0x02, 0x2A, 0x35, 0x02, 0x08, 0x31, 0x02, 0x66, 
    0x2C, 0x02, 0x44, 0x28, 0x02, 0x22, 0x24, 0x02, 0x00, 0x20, 0x05, 0x91, 
    0x53, 0x00, 0x00, 0x99, 0x2A, 0x00, 0x00, 0x3B, 0x00, 0x00, 0x92, 0x2D, 
    0x00, 0x00, 0x99, 0x26, 0x64, 0x00, 0x2A, 0x5A, 0x00, 0x3B, 0x7F, 0x00, 
    0x24, 0x64, 0x05, 0x96, 0x61, 0x00, 0x00, 0x97, 0x4F, 0x00, 0x00, 0x96, 
    0x68, 0x64, 0x00, 0x97, 0x56, 0x64, 0x19, 0x99, 0x26, 0x00, 0x00, 0x2A, 
    0x00, 0x00, 0x24, 0x00, 0x00, 0x26, 0x4B, 0x00, 0x92, 0x2D, 0x64, 0x00, 
    0x99, 0x2A, 0x7F, 0x05, 0x96, 0x68, 0x00, 0x00, 0x97, 0x56, 0x00, 0x01, 
    0x4F, 0x64, 0x00, 0x96, 0x61, 0x64, 0x18, 0x99, 0x2A, 0x00, 0x00, 0x92, 
    0x2D, 0x00, 0x00, 0x99, 0x26, 0x00, 0x00, 0x92, 0x21, 0x64, 0x00, 0x99, 
    0x2A, 0x64, 0x00, 0x24, 0x64, 0x06, 0x97, 0x4F, 0x00, 0x00, 0x96, 0x61, 
    0x00, 0x00, 0x97, 0x5A, 0x64, 0x00, 0x96, 0x6C, 0x64, 0x18, 0x92, 0x21, 
    0x00, 0x00, 0x99, 0x2A, 0x00, 0x00, 0x24, 0x00, 0x00, 0x92, 0x2D, 0x64, 
    0x00, 0x91, 0x53, 0x64, 0x00, 0x99, 0x2A, 0x64, 0x06, 0x97, 0x5A, 0x00, 
    0x00, 0x96, 0x6C, 0x00, 0x00, 0x97, 0x53, 0x64, 0x00, 0x96, 0x65, 0x64, 
    0x18, 0x99, 0x2A, 0x00, 0x00, 0x91, 0x53, 0x00, 0x00, 0x92, 0x2D, 0x00, 
    0x00, 0x99, 0x3B, 0x00, 0x00, 0x2A, 0x64, 0x00, 0x91, 0x5F, 0x64, 0x00, 
    0x99, 0x3B, 0x7F, 0x00, 0x26, 0x64, 0x06, 0x97, 0x53, 0x00, 0x00, 0x96, 
    0x65, 0x00, 0x00, 0x97, 0x5A, 0x64, 0x00, 0x96, 0x6C, 0x64, 0x18, 0x91, 
    0x5F, 0x00, 0x00, 0x99, 0x2A, 0x00, 0x00, 0x26, 0x00, 0x00, 0x2A, 0x64, 
    0x00, 0x92, 0x21, 0x64, 0x00, 0x99, 0x24, 0x64, 0x06, 0x97, 0x5A, 0x00, 
    0x00, 0x96, 0x6C, 0x00, 0x01, 0x97, 0x50, 0x64, 0x00, 0x96, 0x62, 0x64, 
    0x17, 0x92, 0x21, 0x00, 0x00, 0x90, 0x4A, 0x00, 0x00, 0x99, 0x2A, 0x00, 
    0x00, 0x24, 0x00, 0x00, 0x91, 0x5F, 0x64, 0x00, 0x99, 0x2A, 0x7F, 0x00, 
    0x90, 0x4A, 0x64, 0x00, 0xE0, 0x00, 0x40, 0x00, 0x92, 0x2D, 0x64, 0x07, 
    0x96, 0x62, 0x00, 0x00, 0x97, 0x50, 0x00, 0x00, 0x52, 0x64, 0x00, 0x96, 
    0x64, 0x64, 0x17, 0x91, 0x5F, 0x00, 0x00, 0x92, 0x2D, 0x00, 0x00, 0x99, 
    0x2A, 0x00, 0x00, 0x2A, 0x64, 0x00, 0x91, 0x53, 0x64, 0x00, 0x92, 0x2D, 
    0x64, 0x07, 0x97, 0x52, 0x00, 0x00, 0x96, 0x64, 0x00, 0x00, 0x62, 0x64, 
    0x00, 0x97, 0x50, 0x64, 0x17, 0x91, 0x53, 0x00, 0x00, 0x99, 0x3B, 0x00, 
    0x00, 0x2A, 0x00, 0x00, 0x92, 0x2D, 0x00, 0x00, 0x99, 0x24, 0x64, 0x00, 
    0x3B, 0x7F, 0x00, 0x2A, 0x64, 0x00, 0x26, 0x64, 0x07, 0x97, 0x50, 0x00, 
    0x00, 0x96, 0x62, 0x00, 0x00, 0x97, 0x5A, 0x64, 0x00, 0x96, 0x6C, 0x64, 
    0x0D, 0x9B, 0x4A, 0x00, 0x00, 0xEB, 0x00, 0x40, 0x00, 0x9B, 0x4A, 0x64, 
    0x0A, 0x99, 0x24, 0x00, 0x00, 0x2A, 0x00, 0x00, 0x26, 0x00, 0x00, 0x26, 
    0x4B, 0x00, 0x2E, 0x7F, 0x00, 0x92, 0x2D, 0x64, 0x07, 0x97, 0x5A, 0x00, 
    0x00, 0x96, 0x6C, 0x00, 0x01, 0x69, 0x64, 0x00, 0x97, 0x57, 0x64, 0x16, 
    0x99, 0x26, 0x00, 0x00, 0x2A, 0x00, 0x00, 0x92, 0x2D, 0x00, 0x00, 0x99, 
    0x2A, 0x7F, 0x00, 0xE0, 0x00, 0x40, 0x00, 0x99, 0x24, 0x64, 0x00, 0x92, 
    0x23, 0x64, 0x02, 0xE0, 0x45, 0x48, 0x02, 0x09, 0x51, 0x02, 0x4D, 0x59, 
    0x02, 0x96, 0x69, 0x00, 0x00, 0x97, 0x57, 0x00, 0x00, 0xE0, 0x11, 0x62, 
    0x00, 0x96, 0x6C, 0x64, 0x00, 0x97, 0x5A, 0x64, 0x02, 0xE0, 0x55, 0x6A, 
    0x02, 0x19, 0x73, 0x02, 0x5D, 0x7B, 0x01, 0x7F, 0x7F, 0x0F, 0x99, 0x24, 
    0x00, 0x00, 0x92, 0x23, 0x00, 0x00, 0x99, 0x2A, 0x00, 0x00, 0x2A, 0x50, 
    0x00, 0x92, 0x2F, 0x64, 0x00, 0x91, 0x53, 0x64, 0x08, 0x96, 0x6C, 0x00, 
    0x00, 0x97, 0x5A, 0x00, 0x00, 0x96, 0x66, 0x64, 0x00, 0x97, 0x54, 0x64, 
    0x02, 0x9A, 0x4A, 0x00, 0x00, 0xEA, 0x00, 0x40, 0x00, 0x9A, 0x4A, 0x64, 
    0x14, 0x99, 0x3B, 0x00, 0x00, 0x92, 0x2F, 0x00, 0x00, 0x99, 0x2A, 0x00, 
    0x00, 0x91, 0x53, 0x00, 0x00, 0x99, 0x3B, 0x7F, 0x00, 0x26, 0x64, 0x00, 
    0x91, 0x5F, 0x64, 0x00, 0x99, 0x2A, 0x5A, 0x08, 0x97, 0x54, 0x00, 0x00, 
    0x96, 0x66, 0x00, 0x00, 0x97, 0x50, 0x64, 0x00, 0x96, 0x62, 0x64, 0x0C, 
    0xEB, 0x00, 0x40, 0x02, 0x45, 0x48, 0x02, 0x09, 0x51, 0x02, 0x4D, 0x59, 
    0x02, 0x11, 0x62, 0x02, 0x99, 0x26, 0x00, 0x00, 0x2E, 0x00, 0x00, 0x91, 
    0x5F, 0x00, 0x00, 0x99, 0x24, 0x64, 0x00, 0x92, 0x23, 0x64, 0x00, 0x99, 
    0x2A, 0x64, 0x00, 0xEB, 0x55, 0x6A, 0x02, 0x19, 0x73, 0x02, 0x5D, 0x7B, 
    0x01, 0x7F, 0x7F, 0x03, 0x97, 0x50, 0x00, 0x00, 0x96, 0x62, 0x00, 0x01, 
    0x97, 0x56, 0x64, 0x00, 0x96, 0x68, 0x64, 0x15, 0x99, 0x2A, 0x00, 0x00, 
    0x92, 0x23, 0x00, 0x00, 0x99, 0x24, 0x00, 0x00, 0x91, 0x5F, 0x64, 0x00, 
    0x92, 0x2F, 0x64, 0x00, 0x99, 0x2A, 0x7F, 0x09, 0x97, 0x56, 0x00, 0x00, 
    0x96, 0x68, 0x00, 0x00, 0x66, 0x64, 0x00, 0x97, 0x54, 0x64, 0x15, 0x92, 
    0x2F, 0x00, 0x00, 0x91, 0x5F, 0x00, 0x00, 0x99, 0x2A, 0x00, 0x00, 0x2A, 
    0x50, 0x00, 0x92, 0x2F, 0x64, 0x00, 0x91, 0x53, 0x64, 0x09, 0x96, 0x66, 
    0x00, 0x00, 0x97, 0x54, 0x00, 0x00, 0x55, 0x64, 0x00, 0x96, 0x67, 0x64, 
    0x01, 0xEA, 0x00, 0x40, 0x02, 0x45, 0x48, 0x02, 0x09, 0x51, 0x02, 0x4D, 
    0x59, 0x02, 0x11, 0x62, 0x02, 0x55, 0x6A, 0x02, 0x19, 0x73, 0x02, 0x5D, 
    0x7B, 0x01, 0x7F, 0x7F, 0x05, 0x92, 0x2F, 0x00, 0x00, 0x99, 0x2A, 0x00, 
    0x00, 0x3B, 0x00, 0x00, 0x91, 0x53, 0x00, 0x00, 0x99, 0x24, 0x64, 0x00, 
    0x26, 0x64, 0x00, 0x3B, 0x7F, 0x00, 0x2A, 0x5A, 0x09, 0x96, 0x67, 0x00, 
    0x00, 0x97, 0x55, 0x00, 0x00, 0x96, 0x63, 0x64, 0x00, 0x97, 0x51, 0x64, 
    0x15, 0x99, 0x24, 0x00, 0x00, 0x2A, 0x00, 0x00, 0x26, 0x00, 0x00, 0x2A, 
    0x7F, 0x00, 0x92, 0x2F, 0x64, 0x00, 0x99, 0x26, 0x4B, 0x09, 0x96, 0x63, 
    0x00, 0x00, 0x97, 0x51, 0x00, 0x01, 0x96, 0x65, 0x64, 0x00, 0x97, 0x53, 
    0x64, 0x14, 0x92, 0x2F, 0x00, 0x00, 0x99, 0x2A, 0x00, 0x00, 0x26, 0x00, 
    0x00, 0x24, 0x64, 0x00, 0x2A, 0x64, 0x00, 0x92, 0x26, 0x64, 0x0A, 0x96, 
    0x65, 0x00, 0x00, 0x97, 0x53, 0x00, 0x00, 0x51, 0x64, 0x00, 0x96, 0x63, 
    0x64, 0x14, 0x99, 0x24, 0x00, 0x00, 0x2A, 0x00, 0x00, 0x92, 0x26, 0x00, 
    0x00, 0x99, 0x2A, 0x64, 0x00, 0x91, 0x53, 0x64, 0x00, 0x92, 0x32, 0x64, 
    0x0A, 0x97, 0x51, 0x00, 0x00, 0x96, 0x63, 0x00, 0x00, 0x69, 0x64, 0x00, 
    0x97, 0x57, 0x64, 0x14, 0x91, 0x53, 0x00, 0x00, 0x99, 0x2A, 0x00, 0x00, 
    0x3B, 0x00, 0x00, 0x92, 0x32, 0x00, 0x00, 0x99, 0x26, 0x64, 0x00, 0x91, 
    0x5F, 0x64, 0x00, 0x99, 0x3B, 0x7F, 0x00, 0x2A, 0x64, 0x0A, 0x96, 0x69, 
    0x00, 0x00, 0x97, 0x57, 0x00, 0x00, 0x50, 0x64, 0x00, 0x96, 0x62, 0x64, 
    0x14, 0x91, 0x5F, 0x00, 0x00, 0x99, 0x2A, 0x00, 0x00, 0x26, 0x00, 0x00, 
    0x92, 0x26, 0x64, 0x00, 0x99, 0x2A, 0x64, 0x00, 0x24, 0x64, 0x0A, 0x97, 
    0x50, 0x00, 0x00, 0x96, 0x62, 0x00, 0x01, 0x65, 0x64, 0x00, 0x97, 0x53, 
    0x64, 0x13, 0x92, 0x26, 0x00, 0x00, 0x99, 0x2A, 0x00, 0x00, 0x24, 0x00, 
    0x00, 0x92, 0x32, 0x64, 0x00, 0x91, 0x5F, 0x64, 0x00, 0x99, 0x2A, 0x7F, 
    0x0B, 0x96, 0x65, 0x00, 0x00, 0x97, 0x53, 0x00, 0x00, 0x96, 0x60, 0x64, 
    0x00, 0x97, 0x4E, 0x64, 0x13, 0x99, 0x2A, 0x00, 0x00, 0x91, 0x5F, 0x00, 
    0x00, 0x92, 0x32, 0x00, 0x00, 0x99, 0x2A, 0x64, 0x00, 0x91, 0x53, 0x64, 
    0x00, 0x92, 0x32, 0x64, 0x0B, 0x96, 0x60, 0x00, 0x00, 0x97, 0x4E, 0x00, 
    0x00, 0x96, 0x67, 0x64, 0x00, 0x97, 0x55, 0x64, 0x13, 0x91, 0x53, 0x00, 
    0x00, 0x99, 0x3B, 0x00, 0x00, 0x2A, 0x00, 0x00, 0x92, 0x32, 0x00, 0x00, 
    0x99, 0x26, 0x64, 0x00, 0x24, 0x64, 0x00, 0x3B, 0x7F, 0x00, 0x2A, 0x64, 
    0x0B, 0x97, 0x55, 0x00, 0x00, 0x96, 0x67, 0x00, 0x00, 0x97, 0x56, 0x64, 
    0x00, 0x96, 0x68, 0x64, 0x13, 0x99, 0x26, 0x00, 0x00, 0x24, 0x00, 0x00, 
    0x2A, 0x00, 0x00, 0x2E, 0x7F, 0x00, 0x92, 0x32, 0x64, 0x00, 0x99, 0x26, 
    0x4B, 0x0B, 0x97, 0x56, 0x00, 0x00, 0x96, 0x68, 0x00, 0x01, 0x97, 0x57, 
    0x64, 0x00, 0x96, 0x69, 0x64, 0x11, 0xE0, 0x00, 0x40, 0x01, 0x90, 0x4A, 
    0x00, 0x00, 0x92, 0x32, 0x00, 0x00, 0x99, 0x2A, 0x00, 0x00, 0x26, 0x00, 
    0x00, 0xB3, 0x64, 0x00, 0x00, 0x93, 0x53, 0x64, 0x00, 0xB3, 0x65, 0x00, 
    0x00, 0x99, 0x2A, 0x7F, 0x00, 0xB0, 0x64, 0x00, 0x00, 0x65, 0x00, 0x00, 
    0x92, 0x64, 0x64, 0x00, 0x90, 0x56, 0x64, 0x00, 0xB0, 0x06, 0x01, 0x00, 
    0x99, 0x24, 0x64, 0x00, 0xB3, 0x06, 0x02, 0x0C, 0x97, 0x57, 0x00, 0x00, 
    0x96, 0x69, 0x00, 0x0E, 0x97, 0x56, 0x64, 0x00, 0x96, 0x68, 0x64, 0x04, 
    0x92, 0x64, 0x00, 0x00, 0x99, 0x2A, 0x00, 0x00, 0x24, 0x00, 0x00, 0x2A, 
    0x50, 0x00, 0x92, 0x53, 0x64, 0x1A, 0x97, 0x56, 0x00, 0x00, 0x96, 0x68, 
    0x00, 0x00, 0x67, 0x64, 0x00, 0x97, 0x55, 0x64, 0x04, 0x99, 0x3B, 0x00, 
    0x00, 0x2A, 0x00, 0x00, 0x92, 0x53, 0x00, 0x00, 0x99, 0x2A, 0x5A, 0x00, 
    0x26, 0x64, 0x00, 0x3B, 0x7F, 0x00, 0x92, 0x5F, 0x64, 0x13, 0xEB, 0x00, 
    0x40, 0x01, 0x9B, 0x4A, 0x00, 0x00, 0xBB, 0x64, 0x00, 0x00, 0x65, 0x00, 
    0x00, 0x9B, 0x56, 0x64, 0x00, 0xBB, 0x06, 0x01, 0x06, 0x96, 0x67, 0x00, 
    0x00, 0x97, 0x55, 0x00, 0x01, 0x57, 0x64, 0x00, 0x96, 0x69, 0x64, 0x03, 
    0x99, 0x2E, 0x00, 0x00, 0x93, 0x53, 0x00, 0x00, 0x99, 0x26, 0x00, 0x00, 
    0x90, 0x56, 0x00, 0x00, 0x92, 0x5F, 0x00, 0x00, 0x90, 0x4E, 0x64, 0x00, 
    0x92, 0x64, 0x64, 0x00, 0x93, 0x4A, 0x64, 0x00, 0x99, 0x24, 0x64, 0x00, 
    0x2A, 0x64, 0x1B, 0x97, 0x57, 0x00, 0x00, 0x96, 0x69, 0x00, 0x00, 0x97, 
    0x4F, 0x64, 0x00, 0x96, 0x61, 0x64, 0x03, 0x92, 0x64, 0x00, 0x00, 0x99, 
    0x24, 0x00, 0x00, 0x2A, 0x00, 0x00, 0x2A, 0x7F, 0x00, 0x92, 0x5F, 0x64, 
    0x1B, 0x96, 0x61, 0x00, 0x00, 0x97, 0x4F, 0x00, 0x00, 0x54, 0x64, 0x00, 
    0x96, 0x66, 0x64, 0x03, 0x99, 0x2A, 0x00, 0x00, 0x92, 0x5F, 0x00, 0x00, 
    0x99, 0x2A, 0x50, 0x00, 0x92, 0x53, 0x64, 0x09, 0xEA, 0x00, 0x40, 0x01, 
    0x9A, 0x4A, 0x00, 0x00, 0xBA, 0x06, 0x01, 0x00, 0x9A, 0x56, 0x64, 0x00, 
    0xBA, 0x64, 0x00, 0x00, 0x65, 0x00, 0x0A, 0x9B, 0x56, 0x00, 0x00, 0x4E, 
    0x64, 0x07, 0x97, 0x54, 0x00, 0x00, 0x96, 0x66, 0x00, 0x00, 0x97, 0x52, 
    0x64, 0x00, 0x96, 0x64, 0x64, 0x03, 0x99, 0x3B, 0x00, 0x00, 0x90, 0x4E, 
    0x00, 0x00, 0x99, 0x2A, 0x00, 0x00, 0x92, 0x53, 0x00, 0x00, 0x93, 0x4A, 
    0x00, 0x00, 0x90, 0x56, 0x64, 0x00, 0x99, 0x24, 0x64, 0x00, 0x26, 0x64, 
    0x00, 0x93, 0x53, 0x64, 0x00, 0x99, 0x2A, 0x5A, 0x00, 0x92, 0x64, 0x64, 
    0x00, 0x99, 0x3B, 0x7F, 0x1B, 0x97, 0x52, 0x00, 0x00, 0x96, 0x64, 0x00, 
    0x01, 0x67, 0x64, 0x00, 0x97, 0x55, 0x64, 0x02, 0x99, 0x26, 0x00, 0x00, 
    0x2A, 0x00, 0x00, 0x24, 0x00, 0x00, 0x92, 0x64, 0x00, 0x00, 0x46, 0x64, 
    0x00, 0x99, 0x2A, 0x7F, 0x00, 0x26, 0x4B, 0x1C, 0x96, 0x67, 0x00, 0x00, 
    0x97, 0x55, 0x00, 0x00, 0x96, 0x69, 0x64, 0x00, 0x97, 0x57, 0x64, 0x02, 
    0x92, 0x46, 0x00, 0x00, 0x99, 0x2A, 0x00, 0x00, 0x26, 0x00, 0x00, 0x92, 
    0x64, 0x64, 0x00, 0xE0, 0x00, 0x40, 0x00, 0x99, 0x24, 0x64, 0x00, 0x2A, 
    0x64, 0x00, 0xE3, 0x00, 0x40, 0x01, 0xE0, 0x5D, 0x3B, 0x00, 0xE3, 0x5D, 
    0x3B, 0x01, 0x3B, 0x37, 0x01, 0x19, 0x33, 0x00, 0xE0, 0x19, 0x33, 0x01, 
    0xE3, 0x77, 0x2E, 0x01, 0xE0, 0x55, 0x2A, 0x00, 0xE3, 0x55, 0x2A, 0x01, 
    0x33, 0x26, 0x01, 0x11, 0x22, 0x00, 0xE0, 0x11, 0x22, 0x01, 0xE3, 0x6F, 
    0x1D, 0x01, 0xE0, 0x4D, 0x19, 0x00, 0xE3, 0x4D, 0x19, 0x01, 0x9A, 0x56, 
    0x00, 0x00, 0x4E, 0x64, 0x00, 0xE3, 0x2B, 0x15, 0x01, 0xE0, 0x09, 0x11, 
    0x00, 0xE3, 0x09, 0x11, 0x01, 0x67, 0x0C, 0x01, 0x45, 0x08, 0x00, 0xE0, 
    0x45, 0x08, 0x01, 0xE3, 0x23, 0x04, 0x01, 0xE0, 0x01, 0x00, 0x00, 0xE3, 
    0x01, 0x00, 0x05, 0x9B, 0x4E, 0x00, 0x00, 0x56, 0x64, 0x08, 0x96, 0x69, 
    0x00, 0x00, 0x97, 0x57, 0x00, 0x00, 0x55, 0x64, 0x00, 0x96, 0x67, 0x64, 
    0x02, 0x92, 0x64, 0x00, 0x00, 0x99, 0x2A, 0x00, 0x00, 0x24, 0x00, 0x00, 
    0x92, 0x53, 0x64, 0x00, 0x99, 0x2A, 0x64, 0x1C, 0x97, 0x55, 0x00, 0x00, 
    0x96, 0x67, 0x00, 0x00, 0x62, 0x64, 0x00, 0x97, 0x50, 0x64, 0x02, 0x92, 
    0x53, 0x00, 0x00, 0x99, 0x3B, 0x00, 0x00, 0x2A, 0x00, 0x00, 0x2A, 0x64, 
    0x00, 0x3B, 0x7F, 0x00, 0x26, 0x64, 0x00, 0x92, 0x5F, 0x64, 0x14, 0xEB, 
    0x00, 0x40, 0x01, 0x5D, 0x3B, 0x02, 0x19, 0x33, 0x02, 0x55, 0x2A, 0x02, 
    0x11, 0x22, 0x01, 0x96, 0x62, 0x00, 0x00, 0x97, 0x50, 0x00, 0x01, 0x51, 
    0x64, 0x00, 0xEB, 0x4D, 0x19, 0x00, 0x96, 0x63, 0x64, 0x01, 0x90, 0x56, 
    0x00, 0x00, 0x99, 0x2A, 0x00, 0x00, 0x26, 0x00, 0x00, 0x92, 0x5F, 0x00, 
    0x00, 0x93, 0x53, 0x00, 0x00, 0x92, 0x64, 0x64, 0x00, 0xE0, 0x00, 0x40, 
    0x00, 0xE3, 0x00, 0x40, 0x00, 0x99, 0x24, 0x64, 0x00, 0x93, 0x49, 0x64, 
    0x00, 0x90, 0x4C, 0x64, 0x00, 0x99, 0x2A, 0x64, 0x01, 0xEB, 0x09, 0x11, 
    0x02, 0x45, 0x08, 0x02, 0x01, 0x00, 0x05, 0x9A, 0x4E, 0x00, 0x00, 0x56, 
    0x64, 0x13, 0x96, 0x63, 0x00, 0x00, 0x97, 0x51, 0x00, 0x00, 0x96, 0x6B, 
    0x64, 0x00, 0x97, 0x59, 0x64, 0x01, 0x92, 0x64, 0x00, 0x00, 0x99, 0x2A, 
    0x00, 0x00, 0x24, 0x00, 0x00, 0x92, 0x5F, 0x64, 0x00, 0x99, 0x2A, 0x7F, 
    0x1D, 0x97, 0x59, 0x00, 0x00, 0x96, 0x6B, 0x00, 0x00, 0x67, 0x64, 0x00, 
    0x97, 0x55, 0x64, 0x01, 0x92, 0x5F, 0x00, 0x00, 0x99, 0x2A, 0x00, 0x00, 
    0x2A, 0x64, 0x00, 0x92, 0x53, 0x64, 0x0A, 0xEA, 0x00, 0x40, 0x01, 0x5D, 
    0x3B, 0x02, 0x19, 0x33, 0x02, 0x55, 0x2A, 0x02, 0x11, 0x22, 0x02, 0x4D, 
    0x19, 0x01, 0x9B, 0x56, 0x00, 0x00, 0x4C, 0x64, 0x00, 0xEB, 0x00, 0x40, 
    0x01, 0xEA, 0x09, 0x11, 0x02, 0x45, 0x08, 0x02, 0x01, 0x00, 0x04, 0x96, 
    0x67, 0x00, 0x00, 0x97, 0x55, 0x00, 0x00, 0x96, 0x69, 0x64, 0x00, 0x97, 
    0x57, 0x64, 0x01, 0x93, 0x49, 0x00, 0x00, 0x99, 0x2A, 0x00, 0x00, 0x90, 
    0x4C, 0x00, 0x00, 0x92, 0x53, 0x00, 0x00, 0x99, 0x3B, 0x00, 0x00, 0x93, 
    0x51, 0x64, 0x00, 0x99, 0x2A, 0x64, 0x00, 0x3B, 0x7F, 0x00, 0x90, 0x55, 
    0x64, 0x00, 0x99, 0x24, 0x64, 0x00, 0x26, 0x64, 0x00, 0x92, 0x64, 0x64, 
    0x1D, 0x96, 0x69, 0x00, 0x00, 0x97, 0x57, 0x00, 0x01, 0x99, 0x2A, 0x00, 
    0x00, 0x26, 0x00, 0x00, 0x24, 0x00, 0x00, 0x92, 0x64, 0x00, 0x00, 0x99, 
    0x2E, 0x7F, 0x00, 0x96, 0x62, 0x64, 0x00, 0x99, 0x26, 0x4B, 0x00, 0x92, 
    0x46, 0x64, 0x00, 0x97, 0x50, 0x64, 0x1E, 0x50, 0x00, 0x00, 0x96, 0x62, 
    0x00, 0x00, 0x99, 0x2A, 0x00, 0x00, 0x92, 0x46, 0x00, 0x00, 0x99, 0x26, 
    0x00, 0x00, 0x2A, 0x7F, 0x00, 0xE0, 0x00, 0x40, 0x00, 0xB0, 0x06, 0x02, 
    0x00, 0xE3, 0x00, 0x40, 0x00, 0xB3, 0x06, 0x02, 0x00, 0x96, 0x64, 0x64, 
    0x00, 0x97, 0x52, 0x64, 0x00, 0x92, 0x64, 0x64, 0x00, 0x99, 0x24, 0x64, 
    0x01, 0xE3, 0x5D, 0x3B, 0x01, 0xE0, 0x3B, 0x37, 0x00, 0xE3, 0x3B, 0x37, 
    0x01, 0x19, 0x33, 0x01, 0x77, 0x2E, 0x00, 0xE0, 0x77, 0x2E, 0x01, 0xE3, 
    0x55, 0x2A, 0x01, 0x33, 0x26, 0x00, 0xE0, 0x33, 0x26, 0x01, 0xE3, 0x11, 
    0x22, 0x01, 0x6F, 0x1D, 0x00, 0xE0, 0x6F, 0x1D, 0x01, 0xE3, 0x4D, 0x19, 
    0x01, 0x9A, 0x56, 0x00, 0x00, 0xE3, 0x2B, 0x15, 0x00, 0xEA, 0x00, 0x40, 
    0x00, 0x9A, 0x4C, 0x64, 0x00, 0xE0, 0x2B, 0x15, 0x01, 0xE3, 0x09, 0x11, 
    0x01, 0xE0, 0x67, 0x0C, 0x00, 0xE3, 0x67, 0x0C, 0x01, 0x45, 0x08, 0x01, 
    0x23, 0x04, 0x00, 0xE0, 0x23, 0x04, 0x01, 0xE3, 0x01, 0x00, 0x05, 0x9B, 
    0x4C, 0x00, 0x00, 0x55, 0x64, 0x0A, 0x99, 0x2A, 0x00, 0x00, 0x97, 0x52, 
    0x00, 0x00, 0x96, 0x64, 0x00, 0x00, 0x99, 0x24, 0x00, 0x00, 0x92, 0x64, 
    0x00, 0x00, 0x96, 0x67, 0x64, 0x00, 0x99, 0x2A, 0x50, 0x00, 0x97, 0x55, 
    0x64, 0x00, 0x92, 0x53, 0x64, 0x1E, 0x53, 0x00, 0x00, 0x96, 0x67, 0x00, 
    0x00, 0x99, 0x3B, 0x00, 0x00, 0x2A, 0x00, 0x00, 0x97, 0x55, 0x00, 0x00, 
    0x96, 0x69, 0x64, 0x00, 0x92, 0x5F, 0x64, 0x00, 0x99, 0x3B, 0x7F, 0x00, 
    0x2A, 0x5A, 0x00, 0x26, 0x64, 0x00, 0x97, 0x57, 0x64, 0x14, 0xBB, 0x06, 
    0x02, 0x00, 0xEB, 0x00, 0x40, 0x02, 0x3B, 0x37, 0x02, 0x77, 0x2E, 0x02, 
    0x33, 0x26, 0x02, 0x6F, 0x1D, 0x02, 0x97, 0x57, 0x00, 0x00, 0x90, 0x55, 
    0x00, 0x00, 0x96, 0x69, 0x00, 0x00, 0x93, 0x51, 0x00, 0x00, 0x99, 0x2E, 
    0x00, 0x00, 0x26, 0x00, 0x00, 0x92, 0x5F, 0x00, 0x00, 0x99, 0x24, 0x64, 
    0x00, 0x93, 0x47, 0x64, 0x00, 0xE3, 0x00, 0x40, 0x00, 0xEB, 0x2B, 0x15, 
    0x00, 0x99, 0x2A, 0x64, 0x00, 0xB3, 0x06, 0x01, 0x00, 0x92, 0x64, 0x64, 
    0x00, 0xE0, 0x00, 0x40, 0x00, 0x90, 0x4A, 0x64, 0x01, 0x97, 0x56, 0x64, 
    0x00, 0x96, 0x68, 0x64, 0x01, 0xEB, 0x67, 0x0C, 0x02, 0x23, 0x04, 0x06, 
    0x9A, 0x4C, 0x00, 0x00, 0x55, 0x64, 0x14, 0x92, 0x64, 0x00, 0x00, 0x99, 
    0x2A, 0x00, 0x00, 0x24, 0x00, 0x00, 0x92, 0x5F, 0x64, 0x00, 0x99, 0x2A, 
    0x7F, 0x01, 0x97, 0x56, 0x00, 0x00, 0x96, 0x68, 0x00, 0x00, 0x6A, 0x64, 
    0x00, 0x97, 0x58, 0x64, 0x1D, 0x92, 0x5F, 0x00, 0x00, 0x99, 0x2A, 0x00, 
    0x00, 0x92, 0x53, 0x64, 0x00, 0x99, 0x2A, 0x50, 0x01, 0x96, 0x6A, 0x00, 
    0x00, 0x97, 0x58, 0x00, 0x00, 0x96, 0x6B, 0x64, 0x00, 0x97, 0x59, 0x64, 
    0x09, 0xBA, 0x06, 0x02, 0x00, 0xEA, 0x00, 0x40, 0x02, 0x3B, 0x37, 0x02, 
    0x77, 0x2E, 0x02, 0x33, 0x26, 0x02, 0x6F, 0x1D, 0x02, 0x9B, 0x55, 0x00, 
    0x00, 0xEB, 0x00, 0x40, 0x00, 0xEA, 0x2B, 0x15, 0x00, 0x9B, 0x4A, 0x64, 
    0x02, 0xEA, 0x67, 0x0C, 0x02, 0x23, 0x04, 0x06, 0x92, 0x53, 0x00, 0x00, 
    0x90, 0x4A, 0x00, 0x00, 0x93, 0x47, 0x00, 0x00, 0x99, 0x2A, 0x00, 0x00, 
    0x3B, 0x00, 0x00, 0x26, 0x64, 0x00, 0x24, 0x64, 0x00, 0x93, 0x4F, 0x64, 
    0x00, 0x92, 0x64, 0x64, 0x00, 0x99, 0x3B, 0x7F, 0x00, 0x2A, 0x5A, 0x00, 
    0x90, 0x53, 0x64, 0x01, 0x96, 0x6B, 0x00, 0x00, 0x97, 0x59, 0x00, 0x00, 
    0x96, 0x68, 0x64, 0x00, 0x97, 0x56, 0x64, 0x1D, 0x92, 0x64, 0x00, 0x00, 
    0x99, 0x26, 0x00, 0x00, 0x2A, 0x00, 0x00, 0x24, 0x00, 0x00, 0x2A, 0x7F, 
    0x00, 0x26, 0x4B, 0x00, 0x92, 0x46, 0x64, 0x01, 0x97, 0x56, 0x00, 0x00, 
    0x96, 0x68, 0x00, 0x01, 0x97, 0x55, 0x64, 0x00, 0x96, 0x67, 0x64, 0x1C, 
    0x99, 0x2A, 0x00, 0x00, 0x26, 0x00, 0x00, 0x92, 0x46, 0x00, 0x00, 0x64, 
    0x64, 0x00, 0x99, 0x2A, 0x64, 0x00, 0xE0, 0x00, 0x40, 0x00, 0xE3, 0x00, 
    0x40, 0x00, 0x99, 0x24, 0x64, 0x01, 0xE0, 0x5D, 0x3B, 0x00, 0xE3, 0x5D, 
    0x3B, 0x01, 0x97, 0x55, 0x00, 0x00, 0x96, 0x67, 0x00, 0x00, 0xE3, 0x3B, 
    0x37, 0x00, 0x97, 0x54, 0x64, 0x00, 0x96, 0x66, 0x64, 0x01, 0xE0, 0x19, 
    0x33, 0x00, 0xE3, 0x19, 0x33, 0x01, 0x77, 0x2E, 0x01, 0x55, 0x2A, 0x00, 
    0xE0, 0x55, 0x2A, 0x01, 0xE3, 0x33, 0x26, 0x01, 0x11, 0x22, 0x00, 0xE0, 
    0x11, 0x22, 0x01, 0xE3, 0x6F, 0x1D, 0x01, 0xE0, 0x4D, 0x19, 0x00, 0xE3, 
    0x4D, 0x19, 0x01, 0x9A, 0x55, 0x00, 0x00, 0xEA, 0x00, 0x40, 0x00, 0xE3, 
    0x2B, 0x15, 0x00, 0x9A, 0x4A, 0x64, 0x01, 0xE3, 0x09, 0x11, 0x00, 0xE0, 
    0x09, 0x11, 0x01, 0xE3, 0x67, 0x0C, 0x01, 0x45, 0x08, 0x00, 0xE0, 0x45, 
    0x08, 0x01, 0xE3, 0x23, 0x04, 0x01, 0xE0, 0x01, 0x00, 0x00, 0xE3, 0x01, 
    0x00, 0x05, 0x9B, 0x4A, 0x00, 0x00, 0x53, 0x64, 0x0A, 0x99, 0x2A, 0x00, 
    0x00, 0x92, 0x64, 0x00, 0x00, 0x99, 0x24, 0x00, 0x00, 0x92, 0x53, 0x64, 
    0x00, 0x99, 0x2A, 0x64, 0x02, 0x97, 0x54, 0x00, 0x00, 0x96, 0x66, 0x00, 
    0x00, 0x97, 0x53, 0x64, 0x00, 0x96, 0x65, 0x64, 0x1C, 0x92, 0x53, 0x00, 
    0x00, 0x99, 0x2A, 0x00, 0x00, 0x3B, 0x00, 0x00, 0x3B, 0x7F, 0x00, 0x26, 
    0x64, 0x00, 0x92, 0x5F, 0x64, 0x00, 0x99, 0x2A, 0x64, 0x02, 0x97, 0x53, 
    0x00, 0x00, 0x96, 0x65, 0x00, 0x00, 0x67, 0x64, 0x00, 0x97, 0x55, 0x64, 
    0x12, 0xEB, 0x00, 0x40, 0x01, 0x5D, 0x3B, 0x02, 0x19, 0x33, 0x02, 0x55, 
    0x2A, 0x02, 0x11, 0x22, 0x02, 0x4D, 0x19, 0x01, 0x99, 0x26, 0x00, 0x00, 
    0x2A, 0x00, 0x00, 0x92, 0x5F, 0x00, 0x00, 0x99, 0x2A, 0x64, 0x00, 0x24, 
    0x64, 0x00, 0x92, 0x64, 0x64, 0x01, 0xEB, 0x09, 0x11, 0x01, 0x96, 0x67, 
    0x00, 0x00, 0x97, 0x55, 0x00, 0x01, 0xEB, 0x45, 0x08, 0x00, 0x97, 0x56, 
    0x64, 0x00, 0x96, 0x68, 0x64, 0x02, 0xEB, 0x01, 0x00, 0x05, 0x9A, 0x4A, 
    0x00, 0x00, 0x53, 0x64, 0x14, 0x99, 0x2A, 0x00, 0x00, 0x24, 0x00, 0x00, 
    0x92, 0x64, 0x00, 0x00, 0x5F, 0x64, 0x00, 0x99, 0x2A, 0x7F, 0x03, 0x96, 
    0x68, 0x00, 0x00, 0x97, 0x56, 0x00, 0x00, 0x96, 0x62, 0x64, 0x00, 0x97, 
    0x50, 0x64, 0x1B, 0x92, 0x5F, 0x00, 0x00, 0x99, 0x2A, 0x00, 0x00, 0x2A, 
    0x64, 0x00, 0x92, 0x53, 0x64, 0x03, 0x96, 0x62, 0x00, 0x00, 0x97, 0x50, 
    0x00, 0x00, 0x53, 0x64, 0x00, 0x96, 0x65, 0x64, 0x07, 0xEA, 0x00, 0x40, 
    0x01, 0x5D, 0x3B, 0x02, 0x19, 0x33, 0x02, 0x55, 0x2A, 0x02, 0x11, 0x22, 
    0x02, 0x4D, 0x19, 0x02, 0x09, 0x11, 0x02, 0x45, 0x08, 0x02, 0x01, 0x00, 
    0x05, 0x99, 0x3B, 0x00, 0x00, 0x2A, 0x00, 0x00, 0x92, 0x53, 0x00, 0x00, 
    0x99, 0x24, 0x64, 0x00, 0x3B, 0x7F, 0x00, 0x26, 0x64, 0x00, 0x2A, 0x64, 
    0x00, 0x92, 0x64, 0x64, 0x03, 0x97, 0x53, 0x00, 0x00, 0x96, 0x65, 0x00, 
    0x00, 0x69, 0x64, 0x00, 0x97, 0x57, 0x64, 0x1B, 0x99, 0x24, 0x00, 0x00, 
    0x2A, 0x00, 0x00, 0x26, 0x00, 0x00, 0x92, 0x64, 0x00, 0x00, 0x99, 0x2E, 
    0x7F, 0x00, 0x92, 0x46, 0x64, 0x00, 0x99, 0x26, 0x4B, 0x03, 0x97, 0x57, 
    0x00, 0x00, 0x96, 0x69, 0x00, 0x01, 0x97, 0x50, 0x64, 0x00, 0x96, 0x62, 
    0x64, 0x1A, 0x90, 0x53, 0x00, 0x00, 0x99, 0x2A, 0x00, 0x00, 0x92, 0x46, 
    0x00, 0x00, 0x99, 0x26, 0x00, 0x00, 0x93, 0x4F, 0x00, 0x00, 0xB3, 0x06, 
    0x01, 0x00, 0xB0, 0x06, 0x01, 0x00, 0xE3, 0x00, 0x40, 0x00, 0x92, 0x64, 
    0x64, 0x00, 0x99, 0x24, 0x64, 0x00, 0x93, 0x4C, 0x64, 0x00, 0xE0, 0x00, 
    0x40, 0x00, 0x90, 0x4F, 0x64, 0x00, 0x99, 0x2A, 0x7F, 0x04, 0x96, 0x62, 
    0x00, 0x00, 0x97, 0x50, 0x00, 0x00, 0x51, 0x64, 0x00, 0x96, 0x63, 0x64, 
    0x1A, 0x99, 0x24, 0x00, 0x00, 0x2A, 0x00, 0x00, 0x92, 0x64, 0x00, 0x00, 
    0x99, 0x2A, 0x50, 0x00, 0x92, 0x53, 0x64, 0x04, 0x96, 0x63, 0x00, 0x00, 
    0x97, 0x51, 0x00, 0x00, 0x59, 0x64, 0x00, 0x96, 0x6B, 0x64, 0x1A, 0x99, 
    0x3B, 0x00, 0x00, 0x2A, 0x00, 0x00, 0x92, 0x53, 0x00, 0x00, 0x99, 0x26, 
    0x64, 0x00, 0x92, 0x5F, 0x64, 0x00, 0x99, 0x2A, 0x5A, 0x00, 0x3B, 0x7F, 
    0x04, 0x97, 0x59, 0x00, 0x00, 0x96, 0x6B, 0x00, 0x00, 0x97, 0x4E, 0x64, 
    0x00, 0x96, 0x60, 0x64, 0x10, 0x9B, 0x53, 0x00, 0x00, 0xBB, 0x06, 0x01, 
    0x00, 0x9B, 0x4F, 0x64, 0x00, 0xEB, 0x00, 0x40, 0x0A, 0x92, 0x5F, 0x00, 
    0x00, 0x93, 0x4C, 0x00, 0x00, 0x99, 0x26, 0x00, 0x00, 0x90, 0x4F, 0x00, 
    0x00, 0x99, 0x2E, 0x00, 0x00, 0x90, 0x47, 0x64, 0x00, 0x99, 0x24, 0x64, 
    0x00, 0x93, 0x43, 0x64, 0x00, 0x92, 0x64, 0x64, 0x00, 0x99, 0x2A, 0x64, 
    0x04, 0x97, 0x4E, 0x00, 0x00, 0x96, 0x60, 0x00, 0x01, 0x97, 0x5A, 0x64, 
    0x00, 0x96, 0x6C, 0x64, 0x19, 0x99, 0x24, 0x00, 0x00, 0x2A, 0x00, 0x00, 
    0x92, 0x64, 0x00, 0x00, 0x5F, 0x64, 0x00, 0x99, 0x2A, 0x7F, 0x05, 0x97, 
    0x5A, 0x00, 0x00, 0x96, 0x6C, 0x00, 0x00, 0x97, 0x53, 0x64, 0x00, 0x96, 
    0x65, 0x64, 0x19, 0x92, 0x5F, 0x00, 0x00, 0x99, 0x2A, 0x00, 0x00, 0x92, 
    0x53, 0x64, 0x00, 0x99, 0x2A, 0x50, 0x05, 0x97, 0x53, 0x00, 0x00, 0x96, 
    0x65, 0x00, 0x00, 0x61, 0x64, 0x00, 0x97, 0x4F, 0x64, 0x05, 0x9A, 0x53, 
    0x00, 0x00, 0xBA, 0x06, 0x01, 0x00, 0x9A, 0x4F, 0x64, 0x00, 0xEA, 0x00, 
    0x40, 0x0A, 0x9B, 0x4F, 0x00, 0x00, 0x47, 0x64, 0x0A, 0x93, 0x43, 0x00, 
    0x00, 0x90, 0x47, 0x00, 0x00, 0x92, 0x53, 0x00, 0x00, 0x99, 0x2A, 0x00, 
    0x00, 0x3B, 0x00, 0x00, 0x26, 0x64, 0x00, 0x92, 0x64, 0x64, 0x00, 0x93, 
    0x4C, 0x64, 0x00, 0x99, 0x24, 0x64, 0x00, 0x2A, 0x5A, 0x00, 0x90, 0x4F, 
    0x64, 0x00, 0x99, 0x3B, 0x7F, 0x05, 0x96, 0x61, 0x00, 0x00, 0x97, 0x4F, 
    0x00, 0x00, 0x96, 0x68, 0x64, 0x00, 0x97, 0x56, 0x64, 0x19, 0x99, 0x24, 
    0x00, 0x00, 0x26, 0x00, 0x00, 0x2A, 0x00, 0x00, 0x92, 0x64, 0x00, 0x00, 
    0x46, 0x64, 0x00, 0x99, 0x2A, 0x7F, 0x00, 0x26, 0x4B, 0x05, 0x97, 0x56, 
    0x00, 0x00, 0x96, 0x68, 0x00, 0x01, 0x97, 0x4F, 0x64, 0x00, 0x96, 0x61, 
    0x64, 0x18, 0x92, 0x46, 0x00, 0x00, 0x99, 0x2A, 0x00, 0x00, 0x26, 0x00, 
    0x00, 0xB3, 0x06, 0x02, 0x00, 0x92, 0x64, 0x64, 0x00, 0x99, 0x24, 0x64, 
    0x00, 0x2A, 0x64, 0x00, 0xE3, 0x00, 0x40, 0x00, 0xE0, 0x00, 0x40, 0x01, 
    0xE3, 0x5D, 0x3B, 0x01, 0xE0, 0x3B, 0x37, 0x00, 0xE3, 0x3B, 0x37, 0x01, 
    0x19, 0x33, 0x01, 0x77, 0x2E, 0x00, 0xE0, 0x77, 0x2E, 0x01, 0xE3, 0x55, 
    0x2A, 0x01, 0x97, 0x4F, 0x00, 0x00, 0x96, 0x61, 0x00, 0x00, 0x97, 0x5A, 
    0x64, 0x00, 0xE0, 0x33, 0x26, 0x00, 0xE3, 0x33, 0x26, 0x00, 0x96, 0x6C, 
    0x64, 0x01, 0xE3, 0x11, 0x22, 0x01, 0x6F, 0x1D, 0x00, 0xE0, 0x6F, 0x1D, 
    0x01, 0xE3, 0x4D, 0x19, 0x01, 0x9A, 0x4F, 0x00, 0x00, 0xE0, 0x2B, 0x15, 
    0x00, 0x9A, 0x47, 0x64, 0x00, 0xE3, 0x2B, 0x15, 0x01, 0x09, 0x11, 0x01, 
    0x67, 0x0C, 0x00, 0xE0, 0x67, 0x0C, 0x01, 0xE3, 0x45, 0x08, 0x01, 0x23, 
    0x04, 0x00, 0xE0, 0x23, 0x04, 0x01, 0xE3, 0x01, 0x00, 0x05, 0x9B, 0x47, 
    0x00, 0x00, 0x4F, 0x64, 0x0A, 0x92, 0x64, 0x00, 0x00, 0x99, 0x24, 0x00, 
    0x00, 0x2A, 0x00, 0x00, 0x2A, 0x64, 0x00, 0x92, 0x53, 0x64, 0x06, 0x97, 
    0x5A, 0x00, 0x00, 0x96, 0x6C, 0x00, 0x00, 0x65, 0x64, 0x00, 0x97, 0x53, 
    0x64, 0x18, 0x99, 0x2A, 0x00, 0x00, 0x3B, 0x00, 0x00, 0x92, 0x53, 0x00, 
    0x00, 0x99, 0x26, 0x64, 0x00, 0x92, 0x5F, 0x64, 0x00, 0x99, 0x2A, 0x64, 
    0x00, 0x3B, 0x7F, 0x06, 0x96, 0x65, 0x00, 0x00, 0x97, 0x53, 0x00, 0x00, 
    0x5A, 0x64, 0x00, 0x96, 0x6C, 0x64, 0x0E, 0xEB, 0x00, 0x40, 0x02, 0x3B, 
    0x37, 0x02, 0x77, 0x2E, 0x02, 0x33, 0x26, 0x02, 0x6F, 0x1D, 0x02, 0x92, 
    0x5F, 0x00, 0x00, 0x99, 0x26, 0x00, 0x00, 0x2A, 0x00, 0x00, 0x90, 0x4F, 
    0x00, 0x00, 0x93, 0x4C, 0x00, 0x00, 0x42, 0x64, 0x00, 0x99, 0x24, 0x64, 
    0x00, 0x2A, 0x64, 0x00, 0x92, 0x64, 0x64, 0x00, 0xB0, 0x06, 0x02, 0x00, 
    0xE3, 0x00, 0x40, 0x00, 0xB3, 0x06, 0x02, 0x00, 0x90, 0x45, 0x64, 0x00, 
    0xEB, 0x2B, 0x15, 0x00, 0xE0, 0x00, 0x40, 0x02, 0xEB, 0x67, 0x0C, 0x02, 
    0x23, 0x04, 0x02, 0x97, 0x5A, 0x00, 0x00, 0x96, 0x6C, 0x00, 0x01, 0x97, 
    0x50, 0x64, 0x00, 0x96, 0x62, 0x64, 0x03, 0x9A, 0x47, 0x00, 0x00, 0x4F, 
    0x64, 0x14, 0x99, 0x2A, 0x00, 0x00, 0x24, 0x00, 0x00, 0x92, 0x64, 0x00, 
    0x00, 0x99, 0x2A, 0x7F, 0x00, 0x92, 0x5F, 0x64, 0x07, 0x97, 0x50, 0x00, 
    0x00, 0x96, 0x62, 0x00, 0x00, 0x97, 0x52, 0x64, 0x00, 0x96, 0x64, 0x64, 
    0x17, 0x99, 0x2A, 0x00, 0x00, 0x92, 0x5F, 0x00, 0x00, 0x99, 0x2A, 0x64, 
    0x00, 0x92, 0x53, 0x64, 0x07, 0x97, 0x52, 0x00, 0x00, 0x96, 0x64, 0x00, 
    0x00, 0x62, 0x64, 0x00, 0x97, 0x50, 0x64, 0x03, 0xEA, 0x00, 0x40, 0x02, 
    0x3B, 0x37, 0x02, 0x77, 0x2E, 0x02, 0x33, 0x26, 0x02, 0x6F, 0x1D, 0x02, 
    0x9B, 0x4F, 0x00, 0x00, 0xBB, 0x06, 0x02, 0x00, 0xEA, 0x2B, 0x15, 0x00, 
    0x9B, 0x45, 0x64, 0x00, 0xEB, 0x00, 0x40, 0x02, 0xEA, 0x67, 0x0C, 0x02, 
    0x23, 0x04, 0x06, 0x99, 0x3B, 0x00, 0x00, 0x93, 0x42, 0x00, 0x00, 0x99, 
    0x2A, 0x00, 0x00, 0x92, 0x53, 0x00, 0x00, 0x90, 0x45, 0x00, 0x00, 0x99, 
    0x24, 0x64, 0x00, 0x2A, 0x64, 0x00, 0x90, 0x4E, 0x64, 0x00, 0x92, 0x64, 
    0x64, 0x00, 0x99, 0x3B, 0x7F, 0x00, 0x26, 0x64, 0x00, 0x93, 0x4A, 0x64, 
    0x07, 0x96, 0x62, 0x00, 0x00, 0x97, 0x50, 0x00, 0x00, 0x96, 0x6C, 0x64, 
    0x00, 0x97, 0x5A, 0x64, 0x17, 0x92, 0x64, 0x00, 0x00, 0x99, 0x2A, 0x00, 
    0x00, 0x24, 0x00, 0x00, 0x26, 0x00, 0x00, 0x26, 0x4B, 0x00, 0x2E, 0x7F, 
    0x00, 0x92, 0x46, 0x64, 0x07, 0x96, 0x6C, 0x00, 0x00, 0x97, 0x5A, 0x00, 
    0x01, 0x57, 0x64, 0x00, 0x96, 0x69, 0x64, 0x16, 0x99, 0x26, 0x00, 0x00, 
    0x2A, 0x00, 0x00, 0x92, 0x46, 0x00, 0x00, 0xE3, 0x00, 0x40, 0x00, 0xE0, 
    0x00, 0x40, 0x00, 0x99, 0x2A, 0x7F, 0x00, 0x92, 0x64, 0x64, 0x00, 0x99, 
    0x24, 0x64, 0x01, 0xE0, 0x5D, 0x3B, 0x00, 0xE3, 0x5D, 0x3B, 0x01, 0x3B, 
    0x37, 0x01, 0x19, 0x33, 0x00, 0xE0, 0x19, 0x33, 0x01, 0xE3, 0x77, 0x2E, 
    0x01, 0x55, 0x2A, 0x00, 0xE0, 0x55, 0x2A, 0x01, 0xE3, 0x33, 0x26, 0x01, 
    0x11, 0x22, 0x00, 0xE0, 0x11, 0x22, 0x01, 0x97, 0x57, 0x00, 0x00, 0x96, 
    0x69, 0x00, 0x00, 0x97, 0x5A, 0x64, 0x00, 0x96, 0x6C, 0x64, 0x00, 0xE3, 
    0x6F, 0x1D, 0x01, 0xE0, 0x4D, 0x19, 0x00, 0xE3, 0x4D, 0x19, 0x01, 0x9A, 
    0x4F, 0x00, 0x00, 0xBA, 0x06, 0x02, 0x00, 0xE3, 0x2B, 0x15, 0x00, 0xEA, 
    0x00, 0x40, 0x00, 0x9A, 0x45, 0x64, 0x01, 0xE0, 0x09, 0x11, 0x00, 0xE3, 
    0x09, 0x11, 0x01, 0x67, 0x0C, 0x01, 0x45, 0x08, 0x00, 0xE0, 0x45, 0x08, 
    0x01, 0xE3, 0x23, 0x04, 0x01, 0x01, 0x00, 0x00, 0xE0, 0x01, 0x00, 0x05, 
    0x9B, 0x45, 0x00, 0x00, 0x4E, 0x64, 0x0A, 0x99, 0x2A, 0x00, 0x00, 0x24, 
    0x00, 0x00, 0x92, 0x64, 0x00, 0x00, 0x99, 0x2A, 0x50, 0x00, 0x92, 0x53, 
    0x64, 0x08, 0x97, 0x5A, 0x00, 0x00, 0x96, 0x6C, 0x00, 0x00, 0x97, 0x54, 
    0x64, 0x00, 0x96, 0x66, 0x64, 0x16, 0x99, 0x3B, 0x00, 0x00, 0x2A, 0x00, 
    0x00, 0x92, 0x53, 0x00, 0x00, 0x5F, 0x64, 0x00, 0x99, 0x26, 0x64, 0x00, 
    0x3B, 0x7F, 0x00, 0x2A, 0x5A, 0x08, 0x97, 0x54, 0x00, 0x00, 0x96, 0x66, 
    0x00, 0x00, 0x62, 0x64, 0x00, 0x97, 0x50, 0x64, 0x0C, 0xEB, 0x00, 0x40, 
    0x01, 0x5D, 0x3B, 0x02, 0x19, 0x33, 0x02, 0x55, 0x2A, 0x02, 0x11, 0x22, 
    0x02, 0x4D, 0x19, 0x01, 0x99, 0x26, 0x00, 0x00, 0x92, 0x5F, 0x00, 0x00, 
    0x90, 0x4E, 0x00, 0x00, 0x93, 0x4A, 0x00, 0x00, 0x99, 0x2E, 0x00, 0x00, 
    0x2A, 0x64, 0x00, 0xE3, 0x00, 0x40, 0x00, 0x92, 0x64, 0x64, 0x00, 0x90, 
    0x43, 0x64, 0x00, 0xE0, 0x00, 0x40, 0x00, 0x99, 0x24, 0x64, 0x00, 0x93, 
    0x40, 0x64, 0x01, 0xEB, 0x09, 0x11, 0x02, 0x45, 0x08, 0x02, 0x01, 0x00, 
    0x03, 0x96, 0x62, 0x00, 0x00, 0x97, 0x50, 0x00, 0x01, 0x56, 0x64, 0x00, 
    0x96, 0x68, 0x64, 0x01, 0x9A, 0x45, 0x00, 0x00, 0x4E, 0x64, 0x14, 0x99, 
    0x2A, 0x00, 0x00, 0x92, 0x64, 0x00, 0x00, 0x99, 0x24, 0x00, 0x00, 0x92, 
    0x5F, 0x64, 0x00, 0x99, 0x2A, 0x7F, 0x09, 0x97, 0x56, 0x00, 0x00, 0x96, 
    0x68, 0x00, 0x00, 0x66, 0x64, 0x00, 0x97, 0x54, 0x64, 0x15, 0x92, 0x5F, 
    0x00, 0x00, 0x99, 0x2A, 0x00, 0x00, 0x2A, 0x50, 0x00, 0x92, 0x53, 0x64, 
    0x09, 0x96, 0x66, 0x00, 0x00, 0x97, 0x54, 0x00, 0x00, 0x55, 0x64, 0x00, 
    0x96, 0x67, 0x64, 0x01, 0xEA, 0x00, 0x40, 0x01, 0x5D, 0x3B, 0x02, 0x19, 
    0x33, 0x02, 0x55, 0x2A, 0x02, 0x11, 0x22, 0x02, 0x4D, 0x19, 0x01, 0x9B, 
    0x4E, 0x00, 0x00, 0x43, 0x64, 0x00, 0xEB, 0x00, 0x40, 0x01, 0xEA, 0x09, 
    0x11, 0x02, 0x45, 0x08, 0x02, 0x01, 0x00, 0x05, 0x99, 0x2A, 0x00, 0x00, 
    0x90, 0x43, 0x00, 0x00, 0x99, 0x3B, 0x00, 0x00, 0x93, 0x40, 0x00, 0x00, 
    0x92, 0x53, 0x00, 0x00, 0xB3, 0x06, 0x01, 0x00, 0x93, 0x48, 0x64, 0x00, 
    0x90, 0x4C, 0x64, 0x00, 0x92, 0x64, 0x64, 0x00, 0x99, 0x26, 0x64, 0x00, 
    0xB0, 0x06, 0x01, 0x00, 0x99, 0x2A, 0x5A, 0x00, 0x3B, 0x7F, 0x00, 0x24, 
    0x64, 0x09, 0x97, 0x55, 0x00, 0x00, 0x96, 0x67, 0x00, 0x00, 0x63, 0x64, 
    0x00, 0x97, 0x51, 0x64, 0x15, 0x99, 0x26, 0x00, 0x00, 0x92, 0x64, 0x00, 
    0x00, 0x99, 0x2A, 0x00, 0x00, 0x24, 0x00, 0x00, 0x2A, 0x7F, 0x00, 0x26, 
    0x4B, 0x00, 0x92, 0x46, 0x64, 0x09, 0x96, 0x63, 0x00, 0x00, 0x97, 0x51, 
    0x00, 0x01, 0x53, 0x64, 0x00, 0x96, 0x65, 0x64, 0x14, 0x99, 0x2A, 0x00, 
    0x00, 0x26, 0x00, 0x00, 0x92, 0x46, 0x00, 0x00, 0x64, 0x64, 0x00, 0xE3, 
    0x00, 0x40, 0x00, 0x99, 0x2A, 0x64, 0x00, 0xE0, 0x00, 0x40, 0x00, 0x99, 
    0x24, 0x64, 0x01, 0xE3, 0x5D, 0x3B, 0x01, 0x3B, 0x37, 0x00, 0xE0, 0x3B, 
    0x37, 0x01, 0xE3, 0x19, 0x33, 0x01, 0xE0, 0x77, 0x2E, 0x00, 0xE3, 0x77, 
    0x2E, 0x01, 0x55, 0x2A, 0x01, 0xE0, 0x33, 0x26, 0x00, 0xE3, 0x33, 0x26, 
    0x01, 0x11, 0x22, 0x01, 0xE0, 0x6F, 0x1D, 0x00, 0xE3, 0x6F, 0x1D, 0x01, 
    0x4D, 0x19, 0x01, 0x9A, 0x4E, 0x00, 0x00, 0x97, 0x53, 0x00, 0x00, 0x96, 
    0x65, 0x00, 0x00, 0xE0, 0x2B, 0x15, 0x00, 0x9A, 0x43, 0x64, 0x00, 0x97, 
    0x51, 0x64, 0x00, 0xE3, 0x2B, 0x15, 0x00, 0xEA, 0x00, 0x40, 0x00, 0x96, 
    0x63, 0x64, 0x01, 0xE3, 0x09, 0x11, 0x01, 0x67, 0x0C, 0x00, 0xE0, 0x67, 
    0x0C, 0x01, 0xE3, 0x45, 0x08, 0x01, 0xE0, 0x23, 0x04, 0x00, 0xE3, 0x23, 
    0x04, 0x01, 0x01, 0x00, 0x05, 0x9B, 0x43, 0x00, 0x00, 0x4C, 0x64, 0x00, 
    0xBB, 0x06, 0x01, 0x0A, 0x99, 0x2A, 0x00, 0x00, 0x92, 0x64, 0x00, 0x00, 
    0x99, 0x24, 0x00, 0x00, 0x92, 0x53, 0x64, 0x00, 0x99, 0x2A, 0x64, 0x0A, 
    0x97, 0x51, 0x00, 0x00, 0x96, 0x63, 0x00, 0x00, 0x97, 0x57, 0x64, 0x00, 
    0x96, 0x69, 0x64, 0x14, 0x92, 0x53, 0x00, 0x00, 0x99, 0x2A, 0x00, 0x00, 
    0x3B, 0x00, 0x00, 0x3B, 0x7F, 0x00, 0x2A, 0x64, 0x00, 0x92, 0x5F, 0x64, 
    0x00, 0x99, 0x26, 0x64, 0x0A, 0x97, 0x57, 0x00, 0x00, 0x96, 0x69, 0x00, 
    0x00, 0x97, 0x50, 0x64, 0x00, 0x96, 0x62, 0x64, 0x0A, 0xEB, 0x00, 0x40, 
    0x02, 0x3B, 0x37, 0x02, 0x77, 0x2E, 0x02, 0x33, 0x26, 0x02, 0x6F, 0x1D, 
    0x02, 0x99, 0x2A, 0x00, 0x00, 0x92, 0x5F, 0x00, 0x00, 0x99, 0x26, 0x00, 
    0x00, 0x2A, 0x64, 0x00, 0x92, 0x64, 0x64, 0x00, 0xEB, 0x2B, 0x15, 0x00, 
    0x99, 0x24, 0x64, 0x02, 0xEB, 0x67, 0x0C, 0x02, 0x23, 0x04, 0x06, 0x9A, 
    0x43, 0x00, 0x00, 0x97, 0x50, 0x00, 0x00, 0x96, 0x62, 0x00, 0x00, 0x9A, 
    0x4C, 0x64, 0x00, 0xBA, 0x06, 0x01, 0x01, 0x97, 0x53, 0x64, 0x00, 0x96, 
    0x65, 0x64, 0x13, 0x99, 0x2A, 0x00, 0x00, 0x93, 0x48, 0x00, 0x00, 0x90, 
    0x4C, 0x00, 0x00, 0x92, 0x64, 0x00, 0x00, 0x99, 0x24, 0x00, 0x00, 0xE0, 
    0x00, 0x40, 0x00, 0x93, 0x53, 0x64, 0x00, 0x90, 0x57, 0x64, 0x00, 0x99, 
    0x2A, 0x7F, 0x00, 0xE3, 0x00, 0x40, 0x00, 0x92, 0x5F, 0x64, 0x0B, 0x97, 
    0x53, 0x00, 0x00, 0x96, 0x65, 0x00, 0x00, 0x97, 0x4E, 0x64, 0x00, 0x96, 
    0x60, 0x64, 0x13, 0x92, 0x5F, 0x00, 0x00, 0x99, 0x2A, 0x00, 0x00, 0x2A, 
    0x64, 0x00, 0x92, 0x53, 0x64, 0x0A, 0xEA, 0x00, 0x40, 0x01, 0x97, 0x4E, 
    0x00, 0x00, 0x96, 0x60, 0x00, 0x00, 0x97, 0x55, 0x64, 0x00, 0x96, 0x67, 
    0x64, 0x01, 0xEA, 0x3B, 0x37, 0x02, 0x77, 0x2E, 0x02, 0x33, 0x26, 0x02, 
    0x6F, 0x1D, 0x02, 0x2B, 0x15, 0x02, 0x67, 0x0C, 0x02, 0x23, 0x04, 0x06, 
    0x99, 0x2A, 0x00, 0x00, 0x3B, 0x00, 0x00, 0x92, 0x53, 0x00, 0x00, 0x64, 
    0x64, 0x00, 0x99, 0x2A, 0x64, 0x00, 0x26, 0x64, 0x00, 0x3B, 0x7F, 0x00, 
    0x24, 0x64, 0x0B, 0x97, 0x55, 0x00, 0x00, 0x96, 0x67, 0x00, 0x00, 0x97, 
    0x56, 0x64, 0x00, 0x96, 0x68, 0x64, 0x09, 0x9B, 0x4C, 0x00, 0x00, 0xEB, 
    0x00, 0x40, 0x00, 0x9B, 0x57, 0x64, 0x0A, 0x92, 0x64, 0x00, 0x00, 0x99, 
    0x2A, 0x00, 0x00, 0x26, 0x00, 0x00, 0x24, 0x00, 0x00, 0x92, 0x46, 0x64, 
    0x00, 0x99, 0x2E, 0x7F, 0x00, 0x26, 0x4B, 0x0B, 0x96, 0x68, 0x00, 0x00, 
    0x97, 0x56, 0x00, 0x01, 0x57, 0x64, 0x00, 0x96, 0x69, 0x64, 0x12, 0x92, 
    0x46, 0x00, 0x00, 0x93, 0x53, 0x00, 0x00, 0x99, 0x2A, 0x00, 0x00, 0x26, 
    0x00, 0x00, 0x90, 0x57, 0x00, 0x00, 0x99, 0x24, 0x64, 0x00, 0x93, 0x53, 
    0x64, 0x00, 0xB3, 0x64, 0x00, 0x00, 0x65, 0x00, 0x00, 0x06, 0x02, 0x00, 
    0x90, 0x56, 0x64, 0x00, 0xB0, 0x65, 0x00, 0x00, 0x06, 0x01, 0x00, 0x99, 
    0x2A, 0x7F, 0x00, 0x92, 0x64, 0x64, 0x00, 0xB0, 0x64, 0x00, 0x0C, 0x97, 
    0x57, 0x00, 0x00, 0x96, 0x69, 0x00, 0x0E, 0x68, 0x64, 0x00, 0x97, 0x56, 
    0x64, 0x04, 0x99, 0x24, 0x00, 0x00, 0x2A, 0x00, 0x00, 0x92, 0x64, 0x00, 
    0x00, 0x53, 0x64, 0x00, 0x99, 0x2A, 0x50, 0x0A, 0x9A, 0x4C, 0x00, 0x00, 
    0xEA, 0x00, 0x40, 0x00, 0x9A, 0x57, 0x64, 0x10, 0x96, 0x68, 0x00, 0x00, 
    0x97, 0x56, 0x00, 0x00, 0x96, 0x67, 0x64, 0x00, 0x97, 0x55, 0x64, 0x04, 
    0x99, 0x3B, 0x00, 0x00, 0x2A, 0x00, 0x00, 0x92, 0x53, 0x00, 0x00, 0x5F, 
    0x64, 0x00, 0x99, 0x3B, 0x7F, 0x00, 0x26, 0x64, 0x00, 0x2A, 0x5A, 0x14, 
    0x9B, 0x57, 0x00, 0x00, 0xBB, 0x64, 0x00, 0x00, 0x06, 0x01, 0x00, 0x65, 
    0x00, 0x00, 0x9B, 0x56, 0x64, 0x06, 0x96, 0x67, 0x00, 0x00, 0x97, 0x55, 
    0x00, 0x01, 0x57, 0x64, 0x00, 0x96, 0x69, 0x64, 0x03, 0x90, 0x56, 0x00, 
    0x00, 0x92, 0x5F, 0x00, 0x00, 0x93, 0x53, 0x00, 0x00, 0x99, 0x26, 0x00, 
    0x00, 0x2E, 0x00, 0x00, 0x92, 0x64, 0x64, 0x00, 0x99, 0x2A, 0x64, 0x00, 
    0x93, 0x4A, 0x64, 0x00, 0x90, 0x4E, 0x64, 0x00, 0x99, 0x24, 0x64, 0x1B, 
    0x97, 0x57, 0x00, 0x00, 0x96, 0x69, 0x00, 0x00, 0x97, 0x4F, 0x64, 0x00, 
    0x96, 0x61, 0x64, 0x03, 0x92, 0x64, 0x00, 0x00, 0x99, 0x2A, 0x00, 0x00, 
    0x24, 0x00, 0x00, 0x92, 0x5F, 0x64, 0x00, 0x99, 0x2A, 0x7F, 0x1B, 0x97, 
    0x4F, 0x00, 0x00, 0x96, 0x61, 0x00, 0x00, 0x66, 0x64, 0x00, 0x97, 0x54, 
    0x64, 0x03, 0x92, 0x5F, 0x00, 0x00, 0x99, 0x2A, 0x00, 0x00, 0x92, 0x53, 
    0x64, 0x00, 0x99, 0x2A, 0x50, 0x0A, 0x9A, 0x57, 0x00, 0x00, 0x56, 0x64, 
    0x00, 0xBA, 0x65, 0x00, 0x00, 0x06, 0x01, 0x00, 0x64, 0x00, 0x0A, 0x9B, 
    0x56, 0x00, 0x00, 0x4E, 0x64, 0x07, 0x96, 0x66, 0x00, 0x00, 0x97, 0x54, 
    0x00, 0x00, 0x52, 0x64, 0x00, 0x96, 0x64, 0x64, 0x03, 0x93, 0x4A, 0x00, 
    0x00, 0x99, 0x2A, 0x00, 0x00, 0x90, 0x4E, 0x00, 0x00, 0x92, 0x53, 0x00, 
    0x00, 0x99, 0x3B, 0x00, 0x00, 0x24, 0x64, 0x00, 0x92, 0x64, 0x64, 0x00, 
    0x90, 0x56, 0x64, 0x00, 0x93, 0x53, 0x64, 0x00, 0x99, 0x2A, 0x5A, 0x00, 
    0x3B, 0x7F, 0x00, 0x26, 0x64, 0x1B, 0x97, 0x52, 0x00, 0x00, 0x96, 0x64, 
    0x00, 0x01, 0x97, 0x55, 0x64, 0x00, 0x96, 0x67, 0x64, 0x02, 0x92, 0x64, 
    0x00, 0x00, 0x99, 0x24, 0x00, 0x00, 0x2A, 0x00, 0x00, 0x26, 0x00, 0x00, 
    0x26, 0x4B, 0x00, 0x92, 0x46, 0x64, 0x00, 0x99, 0x2A, 0x7F, 0x1C, 0x97, 
    0x55, 0x00, 0x00, 0x96, 0x67, 0x00, 0x00, 0x97, 0x57, 0x64, 0x00, 0x96, 
    0x69, 0x64, 0x02, 0x99, 0x26, 0x00, 0x00, 0x2A, 0x00, 0x00, 0x92, 0x46, 
    0x00, 0x00, 0x64, 0x64, 0x00, 0xE3, 0x00, 0x40, 0x00, 0xE0, 0x00, 0x40, 
    0x00, 0x99, 0x24, 0x64, 0x00, 0x2A, 0x64, 0x01, 0xE3, 0x5D, 0x3B, 0x00, 
    0xE0, 0x5D, 0x3B, 0x01, 0xE3, 0x3B, 0x37, 0x01, 0xE0, 0x19, 0x33, 0x00, 
    0xE3, 0x19, 0x33, 0x01, 0x77, 0x2E, 0x01, 0x55, 0x2A, 0x00, 0xE0, 0x55, 
    0x2A, 0x01, 0xE3, 0x33, 0x26, 0x01, 0x11, 0x22, 0x00, 0xE0, 0x11, 0x22, 
    0x01, 0xE3, 0x6F, 0x1D, 0x01, 0xE0, 0x4D, 0x19, 0x00, 0xE3, 0x4D, 0x19, 
    0x01, 0x9A, 0x56, 0x00, 0x00, 0x4E, 0x64, 0x00, 0xE3, 0x2B, 0x15, 0x01, 
    0x09, 0x11, 0x00, 0xE0, 0x09, 0x11, 0x01, 0xE3, 0x67, 0x0C, 0x01, 0xE0, 
    0x45, 0x08, 0x00, 0xE3, 0x45, 0x08, 0x01, 0x23, 0x04, 0x01, 0x01, 0x00, 
    0x00, 0xE0, 0x01, 0x00, 0x05, 0x9B, 0x4E, 0x00, 0x00, 0x56, 0x64, 0x08, 
    0x97, 0x57, 0x00, 0x00, 0x96, 0x69, 0x00, 0x00, 0x67, 0x64, 0x00, 0x97, 
    0x55, 0x64, 0x02, 0x99, 0x2A, 0x00, 0x00, 0x92, 0x64, 0x00, 0x00, 0x99, 
    0x24, 0x00, 0x00, 0x2A, 0x64, 0x00, 0x92, 0x53, 0x64, 0x1C, 0x96, 0x67, 
    0x00, 0x00, 0x97, 0x55, 0x00, 0x00, 0x96, 0x62, 0x64, 0x00, 0x97, 0x50, 
    0x64, 0x02, 0x99, 0x3B, 0x00, 0x00, 0x2A, 0x00, 0x00, 0x92, 0x53, 0x00, 
    0x00, 0x99, 0x26, 0x64, 0x00, 0x2A, 0x64, 0x00, 0x3B, 0x7F, 0x00, 0x92, 
    0x5F, 0x64, 0x14, 0xEB, 0x00, 0x40, 0x01, 0x5D, 0x3B, 0x02, 0x19, 0x33, 
    0x02, 0x55, 0x2A, 0x02, 0x11, 0x22, 0x01, 0x96, 0x62, 0x00, 0x00, 0x97, 
    0x50, 0x00, 0x01, 0xEB, 0x4D, 0x19, 0x00, 0x97, 0x51, 0x64, 0x00, 0x96, 
    0x63, 0x64, 0x01, 0x99, 0x26, 0x00, 0x00, 0x2A, 0x00, 0x00, 0x90, 0x56, 
    0x00, 0x00, 0x92, 0x5F, 0x00, 0x00, 0x93, 0x53, 0x00, 0x00, 0x92, 0x64, 
    0x64, 0x00, 0x99, 0x2A, 0x64, 0x00, 0x90, 0x4C, 0x64, 0x00, 0xE0, 0x00, 
    0x40, 0x00, 0x93, 0x49, 0x64, 0x00, 0x99, 0x24, 0x64, 0x00, 0xE3, 0x00, 
    0x40, 0x01, 0xEB, 0x09, 0x11, 0x02, 0x45, 0x08, 0x02, 0x01, 0x00, 0x05, 
    0x9A, 0x4E, 0x00, 0x00, 0x56, 0x64, 0x13, 0x96, 0x63, 0x00, 0x00, 0x97, 
    0x51, 0x00, 0x00, 0x96, 0x6B, 0x64, 0x00, 0x97, 0x59, 0x64, 0x01, 0x92, 
    0x64, 0x00, 0x00, 0x99, 0x2A, 0x00, 0x00, 0x24, 0x00, 0x00, 0x92, 0x5F, 
    0x64, 0x00, 0x99, 0x2A, 0x7F, 0x1D, 0x96, 0x6B, 0x00, 0x00, 0x97, 0x59, 
    0x00, 0x00, 0x55, 0x64, 0x00, 0x96, 0x67, 0x64, 0x01, 0x92, 0x5F, 0x00, 
    0x00, 0x99, 0x2A, 0x00, 0x00, 0x2A, 0x64, 0x00, 0x92, 0x53, 0x64, 0x0A, 
    0xEA, 0x00, 0x40, 0x01, 0x5D, 0x3B, 0x02, 0x19, 0x33, 0x02, 0x55, 0x2A, 
    0x02, 0x11, 0x22, 0x02, 0x4D, 0x19, 0x01, 0x9B, 0x56, 0x00, 0x00, 0xEB, 
    0x00, 0x40, 0x00, 0x9B, 0x4C, 0x64, 0x01, 0xEA, 0x09, 0x11, 0x02, 0x45, 
    0x08, 0x02, 0x01, 0x00, 0x04, 0x97, 0x55, 0x00, 0x00, 0x96, 0x67, 0x00, 
    0x00, 0x69, 0x64, 0x00, 0x97, 0x57, 0x64, 0x01, 0x99, 0x3B, 0x00, 0x00, 
    0x90, 0x4C, 0x00, 0x00, 0x93, 0x49, 0x00, 0x00, 0x92, 0x53, 0x00, 0x00, 
    0x99, 0x2A, 0x00, 0x00, 0x90, 0x55, 0x64, 0x00, 0x99, 0x24, 0x64, 0x00, 
    0x2A, 0x64, 0x00, 0x3B, 0x7F, 0x00, 0x92, 0x64, 0x64, 0x00, 0x93, 0x51, 
    0x64, 0x00, 0x99, 0x26, 0x64, 0x1D, 0x96, 0x69, 0x00, 0x00, 0x97, 0x57, 
    0x00, 0x01, 0x99, 0x24, 0x00, 0x00, 0x2A, 0x00, 0x00, 0x92, 0x64, 0x00, 
    0x00, 0x99, 0x26, 0x00, 0x00, 0x96, 0x62, 0x64, 0x00, 0x92, 0x46, 0x64, 
    0x00, 0x99, 0x2E, 0x7F, 0x00, 0x26, 0x4B, 0x00, 0x97, 0x50, 0x64, 0x1E, 
    0x50, 0x00, 0x00, 0x96, 0x62, 0x00, 0x00, 0x99, 0x2A, 0x00, 0x00, 0x26, 
    0x00, 0x00, 0x92, 0x46, 0x00, 0x00, 0xB3, 0x06, 0x02, 0x00, 0xB0, 0x06, 
    0x02, 0x00, 0x96, 0x64, 0x64, 0x00, 0xE3, 0x00, 0x40, 0x00, 0xE0, 0x00, 
    0x40, 0x00, 0x99, 0x2A, 0x7F, 0x00, 0x97, 0x52, 0x64, 0x00, 0x92, 0x64, 
    0x64, 0x00, 0x99, 0x24, 0x64, 0x01, 0xE3, 0x5D, 0x3B, 0x01, 0x3B, 0x37, 
    0x00, 0xE0, 0x3B, 0x37, 0x01, 0xE3, 0x19, 0x33, 0x01, 0x77, 0x2E, 0x00, 
    0xE0, 0x77, 0x2E, 0x01, 0xE3, 0x55, 0x2A, 0x01, 0xE0, 0x33, 0x26, 0x00, 
    0xE3, 0x33, 0x26, 0x01, 0x11, 0x22, 0x01, 0x6F, 0x1D, 0x00, 0xE0, 0x6F, 
    0x1D, 0x01, 0xE3, 0x4D, 0x19, 0x01, 0x9A, 0x56, 0x00, 0x00, 0xE0, 0x2B, 
    0x15, 0x00, 0x9A, 0x4C, 0x64, 0x00, 0xEA, 0x00, 0x40, 0x00, 0xE3, 0x2B, 
    0x15, 0x01, 0x09, 0x11, 0x01, 0xE0, 0x67, 0x0C, 0x00, 0xE3, 0x67, 0x0C, 
    0x01, 0x45, 0x08, 0x01, 0x23, 0x04, 0x00, 0xE0, 0x23, 0x04, 0x01, 0xE3, 
    0x01, 0x00, 0x05, 0x9B, 0x4C, 0x00, 0x00, 0x55, 0x64, 0x0A, 0x96, 0x64, 
    0x00, 0x00, 0x99, 0x2A, 0x00, 0x00, 0x97, 0x52, 0x00, 0x00, 0x99, 0x24, 
    0x00, 0x00, 0x92, 0x64, 0x00, 0x00, 0x97, 0x55, 0x64, 0x00, 0x92, 0x53, 
    0x64, 0x00, 0x99, 0x2A, 0x50, 0x00, 0x96, 0x67, 0x64, 0x1E, 0x67, 0x00, 
    0x00, 0x97, 0x55, 0x00, 0x00, 0x99, 0x2A, 0x00, 0x00, 0x92, 0x53, 0x00, 
    0x00, 0x99, 0x3B, 0x00, 0x00, 0x92, 0x5F, 0x64, 0x00, 0x97, 0x57, 0x64, 
    0x00, 0x99, 0x2A, 0x5A, 0x00, 0x26, 0x64, 0x00, 0x3B, 0x7F, 0x00, 0x96, 
    0x69, 0x64, 0x14, 0xBB, 0x06, 0x02, 0x00, 0xEB, 0x00, 0x40, 0x02, 0x3B, 
    0x37, 0x02, 0x77, 0x2E, 0x02, 0x33, 0x26, 0x02, 0x6F, 0x1D, 0x02, 0x96, 
    0x69, 0x00, 0x00, 0x97, 0x57, 0x00, 0x00, 0x99, 0x2E, 0x00, 0x00, 0x93, 
    0x51, 0x00, 0x00, 0x90, 0x55, 0x00, 0x00, 0x92, 0x5F, 0x00, 0x00, 0x99, 
    0x26, 0x00, 0x00, 0xE3, 0x00, 0x40, 0x00, 0xE0, 0x00, 0x40, 0x00, 0x90, 
    0x4A, 0x64, 0x00, 0x93, 0x47, 0x64, 0x00, 0xB3, 0x06, 0x01, 0x00, 0x99, 
    0x2A, 0x64, 0x00, 0xEB, 0x2B, 0x15, 0x00, 0x92, 0x64, 0x64, 0x00, 0x99, 
    0x24, 0x64, 0x01, 0x97, 0x56, 0x64, 0x00, 0x96, 0x68, 0x64, 0x01, 0xEB, 
    0x67, 0x0C, 0x02, 0x23, 0x04, 0x06, 0x9A, 0x4C, 0x00, 0x00, 0x55, 0x64, 
    0x14, 0x99, 0x24, 0x00, 0x00, 0x92, 0x64, 0x00, 0x00, 0x99, 0x2A, 0x00, 
    0x00, 0x2A, 0x7F, 0x00, 0x92, 0x5F, 0x64, 0x01, 0x97, 0x56, 0x00, 0x00, 
    0x96, 0x68, 0x00, 0x00, 0x6A, 0x64, 0x00, 0x97, 0x58, 0x64, 0x1D, 0x99, 
    0x2A, 0x00, 0x00, 0x92, 0x5F, 0x00, 0x00, 0x99, 0x2A, 0x50, 0x00, 0x92, 
    0x53, 0x64, 0x01, 0x96, 0x6A, 0x00, 0x00, 0x97, 0x58, 0x00, 0x00, 0x96, 
    0x6B, 0x64, 0x00, 0x97, 0x59, 0x64, 0x09, 0xBA, 0x06, 0x02, 0x00, 0xEA, 
    0x00, 0x40, 0x02, 0x3B, 0x37, 0x02, 0x77, 0x2E, 0x02, 0x33, 0x26, 0x02, 
    0x6F, 0x1D, 0x02, 0x9B, 0x55, 0x00, 0x00, 0x4A, 0x64, 0x00, 0xEB, 0x00, 
    0x40, 0x00, 0xEA, 0x2B, 0x15, 0x02, 0x67, 0x0C, 0x02, 0x23, 0x04, 0x06, 
    0x93, 0x47, 0x00, 0x00, 0x99, 0x2A, 0x00, 0x00, 0x3B, 0x00, 0x00, 0x92, 
    0x53, 0x00, 0x00, 0x90, 0x4A, 0x00, 0x00, 0x99, 0x3B, 0x7F, 0x00, 0x92, 
    0x64, 0x64, 0x00, 0x90, 0x53, 0x64, 0x00, 0x99, 0x24, 0x64, 0x00, 0x26, 
    0x64, 0x00, 0x93, 0x4F, 0x64, 0x00, 0x99, 0x2A, 0x5A, 0x01, 0x97, 0x59, 
    0x00, 0x00, 0x96, 0x6B, 0x00, 0x00, 0x68, 0x64, 0x00, 0x97, 0x56, 0x64, 
    0x1D, 0x92, 0x64, 0x00, 0x00, 0x99, 0x2A, 0x00, 0x00, 0x24, 0x00, 0x00, 
    0x26, 0x00, 0x00, 0x26, 0x4B, 0x00, 0x2A, 0x7F, 0x00, 0x92, 0x46, 0x64, 
    0x01, 0x96, 0x68, 0x00, 0x00, 0x97, 0x56, 0x00, 0x01, 0x96, 0x67, 0x64, 
    0x00, 0x97, 0x55, 0x64, 0x1C, 0x99, 0x26, 0x00, 0x00, 0x2A, 0x00, 0x00, 
    0x92, 0x46, 0x00, 0x00, 0xE3, 0x00, 0x40, 0x00, 0x99, 0x2A, 0x64, 0x00, 
    0x92, 0x64, 0x64, 0x00, 0x99, 0x24, 0x64, 0x00, 0xE0, 0x00, 0x40, 0x01, 
    0xE3, 0x5D, 0x3B, 0x00, 0xE0, 0x5D, 0x3B, 0x01, 0x96, 0x67, 0x00, 0x00, 
    0x97, 0x55, 0x00, 0x00, 0x54, 0x64, 0x00, 0x96, 0x66, 0x64, 0x00, 0xE3, 
    0x3B, 0x37, 0x01, 0x19, 0x33, 0x00, 0xE0, 0x19, 0x33, 0x01, 0xE3, 0x77, 
    0x2E, 0x01, 0xE0, 0x55, 0x2A, 0x00, 0xE3, 0x55, 0x2A, 0x01, 0x33, 0x26, 
    0x01, 0x11, 0x22, 0x00, 0xE0, 0x11, 0x22, 0x01, 0xE3, 0x6F, 0x1D, 0x01, 
    0x4D, 0x19, 0x00, 0xE0, 0x4D, 0x19, 0x01, 0x9A, 0x55, 0x00, 0x00, 0xE3, 
    0x2B, 0x15, 0x00, 0xEA, 0x00, 0x40, 0x00, 0x9A, 0x4A, 0x64, 0x01, 0xE3, 
    0x09, 0x11, 0x00, 0xE0, 0x09, 0x11, 0x01, 0xE3, 0x67, 0x0C, 0x01, 0x45, 
    0x08, 0x00, 0xE0, 0x45, 0x08, 0x01, 0xE3, 0x23, 0x04, 0x01, 0x01, 0x00, 
    0x00, 0xE0, 0x01, 0x00, 0x05, 0x9B, 0x4A, 0x00, 0x00, 0x53, 0x64, 0x0A, 
    0x92, 0x64, 0x00, 0x00, 0x99, 0x24, 0x00, 0x00, 0x2A, 0x00, 0x00, 0x92, 
    0x53, 0x64, 0x00, 0x99, 0x2A, 0x64, 0x02, 0x97, 0x54, 0x00, 0x00, 0x96, 
    0x66, 0x00, 0x00, 0x65, 0x64, 0x00, 0x97, 0x53, 0x64, 0x1C, 0x92, 0x53, 
    0x00, 0x00, 0x99, 0x2A, 0x00, 0x00, 0x3B, 0x00, 0x00, 0x2A, 0x64, 0x00, 
    0x26, 0x64, 0x00, 0x3B, 0x7F, 0x00, 0x92, 0x5F, 0x64, 0x02, 0x96, 0x65, 
    0x00, 0x00, 0x97, 0x53, 0x00, 0x00, 0x96, 0x67, 0x64, 0x00, 0x97, 0x55, 
    0x64, 0x12, 0xEB, 0x00, 0x40, 0x01, 0x5D, 0x3B, 0x02, 0x19, 0x33, 0x02, 
    0x55, 0x2A, 0x02, 0x11, 0x22, 0x02, 0x4D, 0x19, 0x01, 0x99, 0x26, 0x00, 
    0x00, 0x2A, 0x00, 0x00, 0x92, 0x5F, 0x00, 0x00, 0x99, 0x24, 0x64, 0x00, 
    0x92, 0x64, 0x64, 0x00, 0x99, 0x2A, 0x64, 0x01, 0xEB, 0x09, 0x11, 0x01, 
    0x96, 0x67, 0x00, 0x00, 0x97, 0x55, 0x00, 0x01, 0x56, 0x64, 0x00, 0xEB, 
    0x45, 0x08, 0x00, 0x96, 0x68, 0x64, 0x02, 0xEB, 0x01, 0x00, 0x05, 0x9A, 
    0x4A, 0x00, 0x00, 0x53, 0x64, 0x14, 0x99, 0x24, 0x00, 0x00, 0x92, 0x64, 
    0x00, 0x00, 0x99, 0x2A, 0x00, 0x00, 0x2A, 0x7F, 0x00, 0x92, 0x5F, 0x64, 
    0x03, 0x96, 0x68, 0x00, 0x00, 0x97, 0x56, 0x00, 0x00, 0x96, 0x62, 0x64, 
    0x00, 0x97, 0x50, 0x64, 0x1B, 0x99, 0x2A, 0x00, 0x00, 0x92, 0x5F, 0x00, 
    0x00, 0x99, 0x2A, 0x64, 0x00, 0x92, 0x53, 0x64, 0x03, 0x96, 0x62, 0x00, 
    0x00, 0x97, 0x50, 0x00, 0x00, 0x96, 0x65, 0x64, 0x00, 0x97, 0x53, 0x64, 
    0x07, 0xEA, 0x00, 0x40, 0x01, 0x5D, 0x3B, 0x02, 0x19, 0x33, 0x02, 0x55, 
    0x2A, 0x02, 0x11, 0x22, 0x02, 0x4D, 0x19, 0x02, 0x09, 0x11, 0x02, 0x45, 
    0x08, 0x02, 0x01, 0x00, 0x05, 0x99, 0x2A, 0x00, 0x00, 0x3B, 0x00, 0x00, 
    0x92, 0x53, 0x00, 0x00, 0x99, 0x2A, 0x64, 0x00, 0x24, 0x64, 0x00, 0x92, 
    0x64, 0x64, 0x00, 0x99, 0x26, 0x64, 0x00, 0x3B, 0x7F, 0x03, 0x96, 0x65, 
    0x00, 0x00, 0x97, 0x53, 0x00, 0x00, 0x96, 0x69, 0x64, 0x00, 0x97, 0x57, 
    0x64, 0x1B, 0x99, 0x24, 0x00, 0x00, 0x2A, 0x00, 0x00, 0x26, 0x00, 0x00, 
    0x92, 0x64, 0x00, 0x00, 0x46, 0x64, 0x00, 0x99, 0x26, 0x4B, 0x00, 0x2E, 
    0x7F, 0x03, 0x96, 0x69, 0x00, 0x00, 0x97, 0x57, 0x00, 0x01, 0x96, 0x62, 
    0x64, 0x00, 0x97, 0x50, 0x64, 0x1A, 0x92, 0x46, 0x00, 0x00, 0x93, 0x4F, 
    0x00, 0x00, 0x90, 0x53, 0x00, 0x00, 0x99, 0x2A, 0x00, 0x00, 0x26, 0x00, 
    0x00, 0xE0, 0x00, 0x40, 0x00, 0xB3, 0x06, 0x01, 0x00, 0xE3, 0x00, 0x40, 
    0x00, 0x93, 0x4C, 0x64, 0x00, 0x99, 0x2A, 0x7F, 0x00, 0x24, 0x64, 0x00, 
    0x92, 0x64, 0x64, 0x00, 0xB0, 0x06, 0x01, 0x00, 0x90, 0x4F, 0x64, 0x04, 
    0x96, 0x62, 0x00, 0x00, 0x97, 0x50, 0x00, 0x00, 0x51, 0x64, 0x00, 0x96, 
    0x63, 0x64, 0x1A, 0x99, 0x24, 0x00, 0x00, 0x2A, 0x00, 0x00, 0x92, 0x64, 
    0x00, 0x00, 0x99, 0x2A, 0x50, 0x00, 0x92, 0x53, 0x64, 0x04, 0x97, 0x51, 
    0x00, 0x00, 0x96, 0x63, 0x00, 0x00, 0x97, 0x59, 0x64, 0x00, 0x96, 0x6B, 
    0x64, 0x1A, 0x99, 0x3B, 0x00, 0x00, 0x2A, 0x00, 0x00, 0x92, 0x53, 0x00, 
    0x00, 0x99, 0x26, 0x64, 0x00, 0x92, 0x5F, 0x64, 0x00, 0x99, 0x3B, 0x7F, 
    0x00, 0x2A, 0x5A, 0x04, 0x97, 0x59, 0x00, 0x00, 0x96, 0x6B, 0x00, 0x00, 
    0x97, 0x4E, 0x64, 0x00, 0x96, 0x60, 0x64, 0x10, 0x9B, 0x53, 0x00, 0x00, 
    0x4F, 0x64, 0x00, 0xBB, 0x06, 0x01, 0x00, 0xEB, 0x00, 0x40, 0x0A, 0x92, 
    0x5F, 0x00, 0x00, 0x99, 0x26, 0x00, 0x00, 0x2E, 0x00, 0x00, 0x93, 0x4C, 
    0x00, 0x00, 0x90, 0x4F, 0x00, 0x00, 0x93, 0x43, 0x64, 0x00, 0x99, 0x2A, 
    0x64, 0x00, 0x90, 0x47, 0x64, 0x00, 0x99, 0x24, 0x64, 0x00, 0x92, 0x64, 
    0x64, 0x04, 0x97, 0x4E, 0x00, 0x00, 0x96, 0x60, 0x00, 0x01, 0x6C, 0x64, 
    0x00, 0x97, 0x5A, 0x64, 0x19, 0x99, 0x2A, 0x00, 0x00, 0x24, 0x00, 0x00, 
    0x92, 0x64, 0x00, 0x00, 0x5F, 0x64, 0x00, 0x99, 0x2A, 0x7F, 0x05, 0x96, 
    0x6C, 0x00, 0x00, 0x97, 0x5A, 0x00, 0x00, 0x53, 0x64, 0x00, 0x96, 0x65, 
    0x64, 0x19, 0x92, 0x5F, 0x00, 0x00, 0x99, 0x2A, 0x00, 0x00, 0x2A, 0x50, 
    0x00, 0x92, 0x53, 0x64, 0x05, 0x97, 0x53, 0x00, 0x00, 0x96, 0x65, 0x00, 
    0x00, 0x61, 0x64, 0x00, 0x97, 0x4F, 0x64, 0x05, 0x9A, 0x53, 0x00, 0x00, 
    0xBA, 0x06, 0x01, 0x00, 0x9A, 0x4F, 0x64, 0x00, 0xEA, 0x00, 0x40, 0x0A, 
    0x9B, 0x4F, 0x00, 0x00, 0x47, 0x64, 0x0A, 0x99, 0x3B, 0x00, 0x00, 0x93, 
    0x43, 0x00, 0x00, 0x90, 0x47, 0x00, 0x00, 0x92, 0x53, 0x00, 0x00, 0x99, 
    0x2A, 0x00, 0x00, 0x93, 0x4C, 0x64, 0x00, 0x99, 0x2A, 0x5A, 0x00, 0x24, 
    0x64, 0x00, 0x26, 0x64, 0x00, 0x90, 0x4F, 0x64, 0x00, 0x99, 0x3B, 0x7F, 
    0x00, 0x92, 0x64, 0x64, 0x05, 0x97, 0x4F, 0x00, 0x00, 0x96, 0x61, 0x00, 
    0x00, 0x97, 0x56, 0x64, 0x00, 0x96, 0x68, 0x64, 0x19, 0x99, 0x26, 0x00, 
    0x00, 0x24, 0x00, 0x00, 0x92, 0x64, 0x00, 0x00, 0x99, 0x2A, 0x00, 0x00, 
    0x26, 0x4B, 0x00, 0x92, 0x46, 0x64, 0x00, 0x99, 0x2A, 0x7F, 0x05, 0x96, 
    0x68, 0x00, 0x00, 0x97, 0x56, 0x00, 0x01, 0x96, 0x61, 0x64, 0x00, 0x97, 
    0x4F, 0x64, 0x18, 0x99, 0x26, 0x00, 0x00, 0x2A, 0x00, 0x00, 0x92, 0x46, 
    0x00, 0x00, 0x99, 0x2A, 0x64, 0x00, 0xE3, 0x00, 0x40, 0x00, 0xE0, 0x00, 
    0x40, 0x00, 0x92, 0x64, 0x64, 0x00, 0x99, 0x24, 0x64, 0x00, 0xB3, 0x06, 
    0x02, 0x01, 0xE3, 0x5D, 0x3B, 0x01, 0xE0, 0x3B, 0x37, 0x00, 0xE3, 0x3B, 
    0x37, 0x01, 0x19, 0x33, 0x01, 0xE0, 0x77, 0x2E, 0x00, 0xE3, 0x77, 0x2E, 
    0x01, 0x55, 0x2A, 0x01, 0x96, 0x61, 0x00, 0x00, 0x97, 0x4F, 0x00, 0x00, 
    0xE0, 0x33, 0x26, 0x00, 0x97, 0x5A, 0x64, 0x00, 0xE3, 0x33, 0x26, 0x00, 
    0x96, 0x6C, 0x64, 0x01, 0xE3, 0x11, 0x22, 0x01, 0x6F, 0x1D, 0x00, 0xE0, 
    0x6F, 0x1D, 0x01, 0xE3, 0x4D, 0x19, 0x01, 0x9A, 0x4F, 0x00, 0x00, 0xE3, 
    0x2B, 0x15, 0x00, 0xE0, 0x2B, 0x15, 0x00, 0x9A, 0x47, 0x64, 0x01, 0xE3, 
    0x09, 0x11, 0x01, 0xE0, 0x67, 0x0C, 0x00, 0xE3, 0x67, 0x0C, 0x01, 0x45, 
    0x08, 0x01, 0xE0, 0x23, 0x04, 0x00, 0xE3, 0x23, 0x04, 0x01, 0x01, 0x00, 
    0x05, 0x9B, 0x47, 0x00, 0x00, 0x4F, 0x64, 0x0A, 0x99, 0x2A, 0x00, 0x00, 
    0x24, 0x00, 0x00, 0x92, 0x64, 0x00, 0x00, 0x53, 0x64, 0x00, 0x99, 0x2A, 
    0x64, 0x06, 0x97, 0x5A, 0x00, 0x00, 0x96, 0x6C, 0x00, 0x00, 0x97, 0x53, 
    0x64, 0x00, 0x96, 0x65, 0x64, 0x18, 0x99, 0x3B, 0x00, 0x00, 0x92, 0x53, 
    0x00, 0x00, 0x99, 0x2A, 0x00, 0x00, 0x92, 0x5F, 0x64, 0x00, 0x99, 0x2A, 
    0x64, 0x00, 0x3B, 0x7F, 0x00, 0x26, 0x64, 0x06, 0x97, 0x53, 0x00, 0x00, 
    0x96, 0x65, 0x00, 0x00, 0x6C, 0x64, 0x00, 0x97, 0x5A, 0x64, 0x0E, 0xEB, 
    0x00, 0x40, 0x02, 0x3B, 0x37, 0x02, 0x77, 0x2E, 0x02, 0x33, 0x26, 0x02, 
    0x6F, 0x1D, 0x02, 0x92, 0x5F, 0x00, 0x00, 0x93, 0x4C, 0x00, 0x00, 0x90, 
    0x4F, 0x00, 0x00, 0x99, 0x2A, 0x00, 0x00, 0x26, 0x00, 0x00, 0x92, 0x64, 
    0x64, 0x00, 0x99, 0x24, 0x64, 0x00, 0xB3, 0x06, 0x02, 0x00, 0x93, 0x42, 
    0x64, 0x00, 0xE3, 0x00, 0x40, 0x00, 0xEB, 0x2B, 0x15, 0x00, 0xE0, 0x00, 
    0x40, 0x00, 0xB0, 0x06, 0x02, 0x00, 0x90, 0x45, 0x64, 0x00, 0x99, 0x2A, 
    0x64, 0x02, 0xEB, 0x67, 0x0C, 0x02, 0x23, 0x04, 0x02, 0x96, 0x6C, 0x00, 
    0x00, 0x97, 0x5A, 0x00, 0x01, 0x50, 0x64, 0x00, 0x96, 0x62, 0x64, 0x03, 
    0x9A, 0x47, 0x00, 0x00, 0x4F, 0x64, 0x14, 0x99, 0x2A, 0x00, 0x00, 0x92, 
    0x64, 0x00, 0x00, 0x99, 0x24, 0x00, 0x00, 0x2A, 0x7F, 0x00, 0x92, 0x5F, 
    0x64, 0x07, 0x96, 0x62, 0x00, 0x00, 0x97, 0x50, 0x00, 0x00, 0x96, 0x64, 
    0x64, 0x00, 0x97, 0x52, 0x64, 0x17, 0x99, 0x2A, 0x00, 0x00, 0x92, 0x5F, 
    0x00, 0x00, 0x53, 0x64, 0x00, 0x99, 0x2A, 0x64, 0x07, 0x96, 0x64, 0x00, 
    0x00, 0x97, 0x52, 0x00, 0x00, 0x50, 0x64, 0x00, 0x96, 0x62, 0x64, 0x03, 
    0xEA, 0x00, 0x40, 0x02, 0x3B, 0x37, 0x02, 0x77, 0x2E, 0x02, 0x33, 0x26, 
    0x02, 0x6F, 0x1D, 0x02, 0x9B, 0x4F, 0x00, 0x00, 0xEB, 0x00, 0x40, 0x00, 
    0xEA, 0x2B, 0x15, 0x00, 0x9B, 0x45, 0x64, 0x00, 0xBB, 0x06, 0x02, 0x02, 
    0xEA, 0x67, 0x0C, 0x02, 0x23, 0x04, 0x06, 0x90, 0x45, 0x00, 0x00, 0x99, 
    0x2A, 0x00, 0x00, 0x92, 0x53, 0x00, 0x00, 0x93, 0x42, 0x00, 0x00, 0x99, 
    0x3B, 0x00, 0x00, 0x24, 0x64, 0x00, 0x93, 0x4A, 0x64, 0x00, 0x99, 0x3B, 
    0x7F, 0x00, 0x2A, 0x64, 0x00, 0x92, 0x64, 0x64, 0x00, 0x90, 0x4E, 0x64, 
    0x00, 0x99, 0x26, 0x64, 0x07, 0x97, 0x50, 0x00, 0x00, 0x96, 0x62, 0x00, 
    0x00, 0x6C, 0x64, 0x00, 0x97, 0x5A, 0x64, 0x17, 0x99, 0x24, 0x00, 0x00, 
    0x2A, 0x00, 0x00, 0x92, 0x64, 0x00, 0x00, 0x99, 0x26, 0x00, 0x00, 0x2E, 
    0x7F, 0x00, 0x92, 0x46, 0x64, 0x00, 0x99, 0x26, 0x4B, 0x07, 0x97, 0x5A, 
    0x00, 0x00, 0x96, 0x6C, 0x00, 0x01, 0x97, 0x57, 0x64, 0x00, 0x96, 0x69, 
    0x64, 0x16, 0x92, 0x46, 0x00, 0x00, 0x99, 0x26, 0x00, 0x00, 0x2A, 0x00, 
    0x00, 0xE3, 0x00, 0x40, 0x00, 0xE0, 0x00, 0x40, 0x00, 0x92, 0x64, 0x64, 
    0x00, 0x99, 0x24, 0x64, 0x00, 0x2A, 0x7F, 0x01, 0xE0, 0x5D, 0x3B, 0x00, 
    0xE3, 0x5D, 0x3B, 0x01, 0x3B, 0x37, 0x01, 0xE0, 0x19, 0x33, 0x00, 0xE3, 
    0x19, 0x33, 0x01, 0x77, 0x2E, 0x01, 0x55, 0x2A, 0x00, 0xE0, 0x55, 0x2A, 
    0x01, 0xE3, 0x33, 0x26, 0x01, 0x11, 0x22, 0x00, 0xE0, 0x11, 0x22, 0x01, 
    0x96, 0x69, 0x00, 0x00, 0x97, 0x57, 0x00, 0x00, 0x96, 0x6C, 0x64, 0x00, 
    0xE3, 0x6F, 0x1D, 0x00, 0x97, 0x5A, 0x64, 0x01, 0xE3, 0x4D, 0x19, 0x00, 
    0xE0, 0x4D, 0x19, 0x01, 0x9A, 0x4F, 0x00, 0x00, 0xE3, 0x2B, 0x15, 0x00, 
    0xBA, 0x06, 0x02, 0x00, 0xEA, 0x00, 0x40, 0x00, 0x9A, 0x45, 0x64, 0x01, 
    0xE0, 0x09, 0x11, 0x00, 0xE3, 0x09, 0x11, 0x01, 0x67, 0x0C, 0x01, 0xE0, 
    0x45, 0x08, 0x00, 0xE3, 0x45, 0x08, 0x01, 0x23, 0x04, 0x01, 0xE0, 0x01, 
    0x00, 0x00, 0xE3, 0x01, 0x00, 0x05, 0x9B, 0x45, 0x00, 0x00, 0x4E, 0x64, 
    0x0A, 0x99, 0x2A, 0x00, 0x00, 0x92, 0x64, 0x00, 0x00, 0x99, 0x24, 0x00, 
    0x00, 0x92, 0x53, 0x64, 0x00, 0x99, 0x2A, 0x50, 0x08, 0x96, 0x6C, 0x00, 
    0x00, 0x97, 0x5A, 0x00, 0x00, 0x54, 0x64, 0x00, 0x96, 0x66, 0x64, 0x16, 
    0x99, 0x2A, 0x00, 0x00, 0x92, 0x53, 0x00, 0x00, 0x99, 0x3B, 0x00, 0x00, 
    0x26, 0x64, 0x00, 0x92, 0x5F, 0x64, 0x00, 0x99, 0x2A, 0x5A, 0x00, 0x3B, 
    0x7F, 0x08, 0x97, 0x54, 0x00, 0x00, 0x96, 0x66, 0x00, 0x00, 0x97, 0x50, 
    0x64, 0x00, 0x96, 0x62, 0x64, 0x0C, 0xEB, 0x00, 0x40, 0x01, 0x5D, 0x3B, 
    0x02, 0x19, 0x33, 0x02, 0x55, 0x2A, 0x02, 0x11, 0x22, 0x02, 0x4D, 0x19, 
    0x01, 0x92, 0x5F, 0x00, 0x00, 0x93, 0x4A, 0x00, 0x00, 0x99, 0x26, 0x00, 
    0x00, 0x90, 0x4E, 0x00, 0x00, 0x99, 0x2E, 0x00, 0x00, 0x93, 0x40, 0x64, 
    0x00, 0xE0, 0x00, 0x40, 0x00, 0x92, 0x64, 0x64, 0x00, 0xE3, 0x00, 0x40, 
    0x00, 0x99, 0x24, 0x64, 0x00, 0x90, 0x43, 0x64, 0x00, 0x99, 0x2A, 0x64, 
    0x01, 0xEB, 0x09, 0x11, 0x02, 0x45, 0x08, 0x02, 0x01, 0x00, 0x03, 0x97, 
    0x50, 0x00, 0x00, 0x96, 0x62, 0x00, 0x01, 0x97, 0x56, 0x64, 0x00, 0x96, 
    0x68, 0x64, 0x01, 0x9A, 0x45, 0x00, 0x00, 0x4E, 0x64, 0x14, 0x99, 0x2A, 
    0x00, 0x00, 0x24, 0x00, 0x00, 0x92, 0x64, 0x00, 0x00, 0x99, 0x2A, 0x7F, 
    0x00, 0x92, 0x5F, 0x64, 0x09, 0x96, 0x68, 0x00, 0x00, 0x97, 0x56, 0x00, 
    0x00, 0x96, 0x66, 0x64, 0x00, 0x97, 0x54, 0x64, 0x15, 0x99, 0x2A, 0x00, 
    0x00, 0x92, 0x5F, 0x00, 0x00, 0x53, 0x64, 0x00, 0x99, 0x2A, 0x50, 0x09, 
    0x96, 0x66, 0x00, 0x00, 0x97, 0x54, 0x00, 0x00, 0x55, 0x64, 0x00, 0x96, 
    0x67, 0x64, 0x01, 0xEA, 0x00, 0x40, 0x01, 0x5D, 0x3B, 0x02, 0x19, 0x33, 
    0x02, 0x55, 0x2A, 0x02, 0x11, 0x22, 0x02, 0x4D, 0x19, 0x01, 0x9B, 0x4E, 
    0x00, 0x00, 0x43, 0x64, 0x00, 0xEB, 0x00, 0x40, 0x01, 0xEA, 0x09, 0x11, 
    0x02, 0x45, 0x08, 0x02, 0x01, 0x00, 0x05, 0x99, 0x3B, 0x00, 0x00, 0x2A, 
    0x00, 0x00, 0x93, 0x40, 0x00, 0x00, 0x92, 0x53, 0x00, 0x00, 0x90, 0x43, 
    0x00, 0x00, 0x93, 0x48, 0x64, 0x00, 0x92, 0x64, 0x64, 0x00, 0x99, 0x2A, 
    0x5A, 0x00, 0xB3, 0x06, 0x01, 0x00, 0xB0, 0x06, 0x01, 0x00, 0x90, 0x4C, 
    0x64, 0x00, 0x99, 0x26, 0x64, 0x00, 0x24, 0x64, 0x00, 0x3B, 0x7F, 0x09, 
    0x97, 0x55, 0x00, 0x00, 0x96, 0x67, 0x00, 0x00, 0x63, 0x64, 0x00, 0x97, 
    0x51, 0x64, 0x15, 0x92, 0x64, 0x00, 0x00, 0x99, 0x24, 0x00, 0x00, 0x26, 
    0x00, 0x00, 0x2A, 0x00, 0x00, 0x2A, 0x7F, 0x00, 0x92, 0x46, 0x64, 0x00, 
    0x99, 0x26, 0x4B, 0x09, 0x97, 0x51, 0x00, 0x00, 0x96, 0x63, 0x00, 0x01, 
    0x97, 0x53, 0x64, 0x00, 0x96, 0x65, 0x64, 0x14, 0x99, 0x2A, 0x00, 0x00, 
    0x92, 0x46, 0x00, 0x00, 0x99, 0x26, 0x00, 0x00, 0xE3, 0x00, 0x40, 0x00, 
    0x99, 0x2A, 0x64, 0x00, 0xE0, 0x00, 0x40, 0x00, 0x99, 0x24, 0x64, 0x00, 
    0x92, 0x64, 0x64, 0x01, 0xE3, 0x5D, 0x3B, 0x01, 0xE0, 0x3B, 0x37, 0x00, 
    0xE3, 0x3B, 0x37, 0x01, 0x19, 0x33, 0x01, 0x77, 0x2E, 0x00, 0xE0, 0x77, 
    0x2E, 0x01, 0xE3, 0x55, 0x2A, 0x01, 0xE0, 0x33, 0x26, 0x00, 0xE3, 0x33, 
    0x26, 0x01, 0x11, 0x22, 0x01, 0xE0, 0x6F, 0x1D, 0x00, 0xE3, 0x6F, 0x1D, 
    0x01, 0x4D, 0x19, 0x01, 0x9A, 0x4E, 0x00, 0x00, 0x97, 0x53, 0x00, 0x00, 
    0x96, 0x65, 0x00, 0x00, 0xE3, 0x2B, 0x15, 0x00, 0x9A, 0x43, 0x64, 0x00, 
    0x96, 0x63, 0x64, 0x00, 0x97, 0x51, 0x64, 0x00, 0xEA, 0x00, 0x40, 0x00, 
    0xE0, 0x2B, 0x15, 0x01, 0xE3, 0x09, 0x11, 0x01, 0xE0, 0x67, 0x0C, 0x00, 
    0xE3, 0x67, 0x0C, 0x01, 0x45, 0x08, 0x01, 0x23, 0x04, 0x00, 0xE0, 0x23, 
    0x04, 0x01, 0xE3, 0x01, 0x00, 0x05, 0x9B, 0x43, 0x00, 0x00, 0x4C, 0x64, 
    0x00, 0xBB, 0x06, 0x01, 0x0A, 0x99, 0x2A, 0x00, 0x00, 0x24, 0x00, 0x00, 
    0x92, 0x64, 0x00, 0x00, 0x53, 0x64, 0x00, 0x99, 0x2A, 0x64, 0x0A, 0x97, 
    0x51, 0x00, 0x00, 0x96, 0x63, 0x00, 0x00, 0x69, 0x64, 0x00, 0x97, 0x57, 
    0x64, 0x14, 0x99, 0x2A, 0x00, 0x00, 0x92, 0x53, 0x00, 0x00, 0x99, 0x3B, 
    0x00, 0x00, 0x92, 0x5F, 0x64, 0x00, 0x99, 0x2A, 0x64, 0x00, 0x3B, 0x7F, 
    0x00, 0x26, 0x64, 0x0A, 0x96, 0x69, 0x00, 0x00, 0x97, 0x57, 0x00, 0x00, 
    0x96, 0x62, 0x64, 0x00, 0x97, 0x50, 0x64, 0x0A, 0xEB, 0x00, 0x40, 0x02, 
    0x3B, 0x37, 0x02, 0x77, 0x2E, 0x02, 0x33, 0x26, 0x02, 0x6F, 0x1D, 0x02, 
    0x92, 0x5F, 0x00, 0x00, 0x99, 0x2A, 0x00, 0x00, 0x26, 0x00, 0x00, 0x2A, 
    0x64, 0x00, 0x24, 0x64, 0x00, 0x92, 0x64, 0x64, 0x00, 0xEB, 0x2B, 0x15, 
    0x02, 0x67, 0x0C, 0x02, 0x23, 0x04, 0x06, 0x96, 0x62, 0x00, 0x00, 0x9A, 
    0x43, 0x00, 0x00, 0x97, 0x50, 0x00, 0x00, 0x9A, 0x4C, 0x64, 0x00, 0xBA, 
    0x06, 0x01, 0x01, 0x96, 0x65, 0x64, 0x00, 0x97, 0x53, 0x64, 0x13, 0x99, 
    0x24, 0x00, 0x00, 0x93, 0x48, 0x00, 0x00, 0x99, 0x2A, 0x00, 0x00, 0x90, 
    0x4C, 0x00, 0x00, 0x92, 0x64, 0x00, 0x00, 0x5F, 0x64, 0x00, 0x99, 0x2A, 
    0x7F, 0x00, 0x26, 0x64, 0x00, 0x93, 0x53, 0x64, 0x00, 0xE3, 0x00, 0x40, 
    0x00, 0x90, 0x57, 0x64, 0x00, 0xE0, 0x00, 0x40, 0x0B, 0x96, 0x65, 0x00, 
    0x00, 0x97, 0x53, 0x00, 0x00, 0x96, 0x60, 0x64, 0x00, 0x97, 0x4E, 0x64, 
    0x13, 0x92, 0x5F, 0x00, 0x00, 0x99, 0x2A, 0x00, 0x00, 0x92, 0x53, 0x64, 
    0x00, 0x99, 0x2A, 0x64, 0x0A, 0xEA, 0x00, 0x40, 0x01, 0x97, 0x4E, 0x00, 
    0x00, 0x96, 0x60, 0x00, 0x00, 0x97, 0x55, 0x64, 0x00, 0x96, 0x67, 0x64, 
    0x01, 0xEA, 0x3B, 0x37, 0x02, 0x77, 0x2E, 0x02, 0x33, 0x26, 0x02, 0x6F, 
    0x1D, 0x02, 0x2B, 0x15, 0x02, 0x67, 0x0C, 0x02, 0x23, 0x04, 0x06, 0x99, 
    0x3B, 0x00, 0x00, 0x2A, 0x00, 0x00, 0x92, 0x53, 0x00, 0x00, 0x99, 0x3B, 
    0x7F, 0x00, 0x2A, 0x64, 0x00, 0x24, 0x64, 0x00, 0x26, 0x64, 0x00, 0x92, 
    0x64, 0x64, 0x0B, 0x97, 0x55, 0x00, 0x00, 0x96, 0x67, 0x00, 0x00, 0x97, 
    0x56, 0x64, 0x00, 0x96, 0x68, 0x64, 0x09, 0x9B, 0x4C, 0x00, 0x00, 0x57, 
    0x64, 0x00, 0xEB, 0x00, 0x40, 0x0A, 0x99, 0x2A, 0x00, 0x00, 0x26, 0x00, 
    0x00, 0x24, 0x00, 0x00, 0x92, 0x64, 0x00, 0x00, 0x99, 0x2E, 0x7F, 0x00, 
    0x92, 0x46, 0x64, 0x00, 0x99, 0x26, 0x4B, 0x0B, 0x96, 0x68, 0x00, 0x00, 
    0x97, 0x56, 0x00, 0x01, 0x57, 0x64, 0x00, 0x96, 0x69, 0x64, 0x12, 0x93, 
    0x53, 0x00, 0x00, 0x99, 0x26, 0x00, 0x00, 0x2A, 0x00, 0x00, 0x92, 0x46, 
    0x00, 0x00, 0x90, 0x57, 0x00, 0x00, 0x99, 0x26, 0x00, 0x00, 0x24, 0x64, 
    0x00, 0xB0, 0x06, 0x18, 0x00, 0x90, 0x40, 0x64, 0x00, 0x92, 0x23, 0x64, 
    0x00, 0x99, 0x2A, 0x7F, 0x0C, 0x97, 0x57, 0x00, 0x00, 0x96, 0x69, 0x00, 
    0x0E, 0x68, 0x64, 0x00, 0x97, 0x56, 0x64, 0x04, 0x99, 0x24, 0x00, 0x00, 
    0x2A, 0x00, 0x00, 0x92, 0x23, 0x00, 0x00, 0x2F, 0x64, 0x00, 0x91, 0x53, 
    0x64, 0x00, 0x99, 0x2A, 0x50, 0x0A, 0x9A, 0x4C, 0x00, 0x00, 0xEA, 0x00, 
    0x40, 0x00, 0x9A, 0x57, 0x64, 0x10, 0x96, 0x68, 0x00, 0x00, 0x97, 0x56, 
    0x00, 0x00, 0x96, 0x67, 0x64, 0x00, 0x97, 0x55, 0x64, 0x04, 0x92, 0x2F, 
    0x00, 0x00, 0x99, 0x2A, 0x00, 0x00, 0x91, 0x53, 0x00, 0x00, 0x99, 0x3B, 
    0x00, 0x00, 0x3B, 0x7F, 0x00, 0x26, 0x64, 0x00, 0x91, 0x5F, 0x64, 0x00, 
    0x99, 0x2A, 0x5A, 0x14, 0x9B, 0x57, 0x00, 0x00, 0x40, 0x64, 0x00, 0xBB, 
    0x06, 0x18, 0x06, 0x96, 0x67, 0x00, 0x00, 0x97, 0x55, 0x00, 0x01, 0x57, 
    0x64, 0x00, 0x96, 0x69, 0x64, 0x03, 0x99, 0x26, 0x00, 0x00, 0x2E, 0x00, 
    0x00, 0x91, 0x5F, 0x00, 0x00, 0x90, 0x40, 0x00, 0x00, 0x92, 0x23, 0x64, 
    0x00, 0x90, 0x3F, 0x64, 0x00, 0x99, 0x24, 0x64, 0x00, 0x2A, 0x64, 0x1B, 
    0x97, 0x57, 0x00, 0x00, 0x96, 0x69, 0x00, 0x00, 0x97, 0x4F, 0x64, 0x00, 
    0x96, 0x61, 0x64, 0x03, 0x99, 0x24, 0x00, 0x00, 0x92, 0x23, 0x00, 0x00, 
    0x99, 0x2A, 0x00, 0x00, 0x2A, 0x7F, 0x00, 0x91, 0x5F, 0x64, 0x00, 0x92, 
    0x2F, 0x64, 0x1B, 0x97, 0x4F, 0x00, 0x00, 0x96, 0x61, 0x00, 0x00, 0x97, 
    0x54, 0x64, 0x00, 0x96, 0x66, 0x64, 0x03, 0x90, 0x3F, 0x00, 0x00, 0x91, 
    0x5F, 0x00, 0x00, 0x99, 0x2A, 0x00, 0x00, 0x92, 0x2F, 0x00, 0x00, 0x91, 
    0x53, 0x64, 0x00, 0x92, 0x2F, 0x64, 0x00, 0x99, 0x2A, 0x50, 0x00, 0x90, 
    0x3F, 0x64, 0x0A, 0x9A, 0x57, 0x00, 0x00, 0xBA, 0x06, 0x18, 0x00, 0x9A, 
    0x40, 0x64, 0x0A, 0x9B, 0x40, 0x00, 0x00, 0x3F, 0x64, 0x07, 0x97, 0x54, 
    0x00, 0x00, 0x96, 0x66, 0x00, 0x00, 0x64, 0x64, 0x00, 0x97, 0x52, 0x64, 
    0x03, 0x91, 0x53, 0x00, 0x00, 0x99, 0x2A, 0x00, 0x00, 0x3B, 0x00, 0x00, 
    0x92, 0x2F, 0x00, 0x00, 0x90, 0x3F, 0x00, 0x00, 0x99, 0x2A, 0x5A, 0x00, 
    0x90, 0x3B, 0x64, 0x00, 0x99, 0x26, 0x64, 0x00, 0x24, 0x64, 0x00, 0x3B, 
    0x7F, 0x1B, 0x96, 0x64, 0x00, 0x00, 0x97, 0x52, 0x00, 0x01, 0x55, 0x64, 
    0x00, 0x96, 0x67, 0x64, 0x02, 0x99, 0x2A, 0x00, 0x00, 0x24, 0x00, 0x00, 
    0x26, 0x00, 0x00, 0x26, 0x4B, 0x00, 0x2A, 0x7F, 0x00, 0x92, 0x2F, 0x64, 
    0x14, 0x9B, 0x3F, 0x00, 0x00, 0x3F, 0x64, 0x08, 0x97, 0x55, 0x00, 0x00, 
    0x96, 0x67, 0x00, 0x00, 0x69, 0x64, 0x00, 0x97, 0x57, 0x64, 0x02, 0x99, 
    0x2A, 0x00, 0x00, 0x90, 0x3B, 0x00, 0x00, 0x99, 0x26, 0x00, 0x00, 0x92, 
    0x2F, 0x00, 0x00, 0x99, 0x24, 0x64, 0x00, 0x2A, 0x64, 0x00, 0x90, 0x39, 
    0x64, 0x00, 0x92, 0x23, 0x64, 0x0A, 0x9A, 0x40, 0x00, 0x00, 0x3F, 0x64, 
    0x0A, 0x9B, 0x3F, 0x00, 0x00, 0x3B, 0x64, 0x08, 0x96, 0x69, 0x00, 0x00, 
    0x97, 0x57, 0x00, 0x00, 0x55, 0x64, 0x00, 0x96, 0x67, 0x64, 0x02, 0x99, 
    0x24, 0x00, 0x00, 0x2A, 0x00, 0x00, 0x90, 0x39, 0x00, 0x00, 0x92, 0x23, 
    0x00, 0x00, 0x99, 0x2A, 0x64, 0x00, 0x92, 0x2F, 0x64, 0x00, 0x91, 0x53, 
    0x64, 0x00, 0x90, 0x3B, 0x64, 0x1C, 0x97, 0x55, 0x00, 0x00, 0x96, 0x67, 
    0x00, 0x00, 0x62, 0x64, 0x00, 0x97, 0x50, 0x64, 0x02, 0x99, 0x2A, 0x00, 
    0x00, 0x91, 0x53, 0x00, 0x00, 0x92, 0x2F, 0x00, 0x00, 0x99, 0x3B, 0x00, 
    0x00, 0x91, 0x5F, 0x64, 0x00, 0x99, 0x3B, 0x7F, 0x00, 0x2A, 0x64, 0x00, 
    0x26, 0x64, 0x0A, 0x9A, 0x3F, 0x00, 0x00, 0x3F, 0x64, 0x0A, 0x9B, 0x3B, 
    0x00, 0x00, 0x39, 0x64, 0x08, 0x96, 0x62, 0x00, 0x00, 0x97, 0x50, 0x00, 
    0x01, 0x51, 0x64, 0x00, 0x96, 0x63, 0x64, 0x01, 0x99, 0x2A, 0x00, 0x00, 
    0x91, 0x5F, 0x00, 0x00, 0x99, 0x26, 0x00, 0x00, 0x2A, 0x64, 0x00, 0x24, 
    0x64, 0x00, 0x92, 0x23, 0x64, 0x0A, 0x9A, 0x3F, 0x00, 0x00, 0x3B, 0x64, 
    0x0A, 0x9B, 0x39, 0x00, 0x00, 0x3B, 0x64, 0x09, 0x96, 0x63, 0x00, 0x00, 
    0x97, 0x51, 0x00, 0x00, 0x96, 0x6B, 0x64, 0x00, 0x97, 0x59, 0x64, 0x01, 
    0x99, 0x2A, 0x00, 0x00, 0x24, 0x00, 0x00, 0x92, 0x23, 0x00, 0x00, 0x91, 
    0x5F, 0x64, 0x00, 0x99, 0x2A, 0x7F, 0x00, 0x92, 0x2F, 0x64, 0x1D, 0x96, 
    0x6B, 0x00, 0x00, 0x97, 0x59, 0x00, 0x00, 0x55, 0x64, 0x00, 0x96, 0x67, 
    0x64, 0x01, 0x91, 0x5F, 0x00, 0x00, 0x99, 0x2A, 0x00, 0x00, 0x92, 0x2F, 
    0x00, 0x00, 0x99, 0x2A, 0x64, 0x00, 0x92, 0x2F, 0x64, 0x00, 0x91, 0x53, 
    0x64, 0x0A, 0x9A, 0x3B, 0x00, 0x00, 0x39, 0x64, 0x13, 0x96, 0x67, 0x00, 
    0x00, 0x97, 0x55, 0x00, 0x00, 0x57, 0x64, 0x00, 0x96, 0x69, 0x64, 0x01, 
    0x99, 0x3B, 0x00, 0x00, 0x2A, 0x00, 0x00, 0x92, 0x2F, 0x00, 0x00, 0x91, 
    0x53, 0x00, 0x00, 0x99, 0x26, 0x64, 0x00, 0x3B, 0x7F, 0x00, 0x2A, 0x64, 
    0x00, 0x24, 0x64, 0x0A, 0x9A, 0x39, 0x00, 0x00, 0x3B, 0x64, 0x13, 0x97, 
    0x57, 0x00, 0x00, 0x96, 0x69, 0x00, 0x01, 0x99, 0x26, 0x00, 0x00, 0x2A, 
    0x00, 0x00, 0x24, 0x00, 0x00, 0x96, 0x62, 0x64, 0x00, 0x92, 0x2F, 0x64, 
    0x00, 0x99, 0x2E, 0x7F, 0x00, 0x26, 0x4B, 0x00, 0x97, 0x50, 0x64, 0x1E, 
    0x50, 0x00, 0x00, 0x92, 0x2F, 0x00, 0x00, 0x99, 0x2A, 0x00, 0x00, 0x96, 
    0x62, 0x00, 0x00, 0x99, 0x26, 0x00, 0x00, 0x90, 0x3B, 0x00, 0x00, 0x99, 
    0x2A, 0x7F, 0x00, 0x96, 0x64, 0x64, 0x00, 0x97, 0x52, 0x64, 0x00, 0x90, 
    0x40, 0x64, 0x00, 0x99, 0x24, 0x64, 0x00, 0x92, 0x23, 0x64, 0x1E, 0x23, 
    0x00, 0x00, 0x97, 0x52, 0x00, 0x00, 0x99, 0x2A, 0x00, 0x00, 0x96, 0x64, 
    0x00, 0x00, 0x99, 0x24, 0x00, 0x00, 0x92, 0x2F, 0x64, 0x00, 0x97, 0x55, 
    0x64, 0x00, 0x91, 0x53, 0x64, 0x00, 0x96, 0x67, 0x64, 0x00, 0x99, 0x2A, 
    0x50, 0x1E, 0x96, 0x67, 0x00, 0x00, 0x91, 0x53, 0x00, 0x00, 0x92, 0x2F, 
    0x00, 0x00, 0x99, 0x2A, 0x00, 0x00, 0x3B, 0x00, 0x00, 0x97, 0x55, 0x00, 
    0x00, 0x99, 0x26, 0x64, 0x00, 0x2A, 0x5A, 0x00, 0x97, 0x57, 0x64, 0x00, 
    0x96, 0x69, 0x64, 0x00, 0x91, 0x5F, 0x64, 0x00, 0x99, 0x3B, 0x7F, 0x14, 
    0x9B, 0x3B, 0x00, 0x00, 0x40, 0x64, 0x0A, 0x91, 0x5F, 0x00, 0x00, 0x90, 
    0x40, 0x00, 0x00, 0x97, 0x57, 0x00, 0x00, 0x99, 0x2E, 0x00, 0x00, 0x96, 
    0x69, 0x00, 0x00, 0x99, 0x26, 0x00, 0x00, 0x90, 0x3F, 0x64, 0x00, 0x99, 
    0x2A, 0x64, 0x00, 0x24, 0x64, 0x00, 0x92, 0x23, 0x64, 0x01, 0x97, 0x56, 
    0x64, 0x00, 0x96, 0x68, 0x64, 0x1D, 0x92, 0x23, 0x00, 0x00, 0x99, 0x24, 
    0x00, 0x00, 0x2A, 0x00, 0x00, 0x91, 0x5F, 0x64, 0x00, 0x99, 0x2A, 0x7F, 
    0x00, 0x92, 0x2F, 0x64, 0x01, 0x97, 0x56, 0x00, 0x00, 0x96, 0x68, 0x00, 
    0x00, 0x6A, 0x64, 0x00, 0x97, 0x58, 0x64, 0x1D, 0x91, 0x5F, 0x00, 0x00, 
    0x90, 0x3F, 0x00, 0x00, 0x92, 0x2F, 0x00, 0x00, 0x99, 0x2A, 0x00, 0x00, 
    0x92, 0x2F, 0x64, 0x00, 0x90, 0x3F, 0x64, 0x00, 0x91, 0x53, 0x64, 0x00, 
    0x99, 0x2A, 0x50, 0x01, 0x96, 0x6A, 0x00, 0x00, 0x97, 0x58, 0x00, 0x00, 
    0x96, 0x6B, 0x64, 0x00, 0x97, 0x59, 0x64, 0x09, 0x9A, 0x3B, 0x00, 0x00, 
    0x40, 0x64, 0x0A, 0x9B, 0x40, 0x00, 0x00, 0x3F, 0x64, 0x0A, 0x90, 0x3F, 
    0x00, 0x00, 0x92, 0x2F, 0x00, 0x00, 0x91, 0x53, 0x00, 0x00, 0x99, 0x3B, 
    0x00, 0x00, 0x2A, 0x00, 0x00, 0x90, 0x3B, 0x64, 0x00, 0x99, 0x24, 0x64, 
    0x00, 0x26, 0x64, 0x00, 0x3B, 0x7F, 0x00, 0x2A, 0x5A, 0x01, 0x96, 0x6B, 
    0x00, 0x00, 0x97, 0x59, 0x00, 0x00, 0x56, 0x64, 0x00, 0x96, 0x68, 0x64, 
    0x1D, 0x99, 0x26, 0x00, 0x00, 0x2A, 0x00, 0x00, 0x24, 0x00, 0x00, 0x26, 
    0x4B, 0x00, 0x92, 0x2F, 0x64, 0x00, 0x99, 0x2A, 0x7F, 0x01, 0x97, 0x56, 
    0x00, 0x00, 0x96, 0x68, 0x00, 0x01, 0x97, 0x55, 0x64, 0x00, 0x96, 0x67, 
    0x64, 0x12, 0x9B, 0x3F, 0x00, 0x00, 0x3F, 0x64, 0x0A, 0x99, 0x26, 0x00, 
    0x00, 0x90, 0x3B, 0x00, 0x00, 0x92, 0x2F, 0x00, 0x00, 0x99, 0x2A, 0x00, 
    0x00, 0x92, 0x23, 0x64, 0x00, 0x90, 0x44, 0x64, 0x00, 0x99, 0x24, 0x64, 
    0x00, 0x2A, 0x64, 0x02, 0x97, 0x55, 0x00, 0x00, 0x96, 0x67, 0x00, 0x00, 
    0x97, 0x54, 0x64, 0x00, 0x96, 0x66, 0x64, 0x08, 0x9A, 0x40, 0x00, 0x00, 
    0x3F, 0x64, 0x0A, 0x9B, 0x3F, 0x00, 0x00, 0x3B, 0x64, 0x0A, 0x92, 0x23, 
    0x00, 0x00, 0x99, 0x24, 0x00, 0x00, 0x90, 0x44, 0x00, 0x00, 0x99, 0x2A, 
    0x00, 0x00, 0x91, 0x53, 0x64, 0x00, 0x92, 0x2F, 0x64, 0x00, 0x99, 0x2A, 
    0x64, 0x00, 0x90, 0x42, 0x64, 0x02, 0x97, 0x54, 0x00, 0x00, 0x96, 0x66, 
    0x00, 0x00, 0x97, 0x53, 0x64, 0x00, 0x96, 0x65, 0x64, 0x1C, 0x92, 0x2F, 
    0x00, 0x00, 0x99, 0x3B, 0x00, 0x00, 0x2A, 0x00, 0x00, 0x91, 0x53, 0x00, 
    0x00, 0x99, 0x26, 0x64, 0x00, 0x91, 0x5F, 0x64, 0x00, 0x99, 0x2A, 0x64, 
    0x00, 0x3B, 0x7F, 0x02, 0x97, 0x53, 0x00, 0x00, 0x96, 0x65, 0x00, 0x00, 
    0x67, 0x64, 0x00, 0x97, 0x55, 0x64, 0x08, 0x9A, 0x3F, 0x00, 0x00, 0x3F, 
    0x64, 0x0A, 0x9B, 0x3B, 0x00, 0x00, 0x44, 0x64, 0x0A, 0x99, 0x26, 0x00, 
    0x00, 0x2A, 0x00, 0x00, 0x91, 0x5F, 0x00, 0x00, 0x99, 0x24, 0x64, 0x00, 
    0x92, 0x23, 0x64, 0x00, 0x99, 0x2A, 0x64, 0x02, 0x96, 0x67, 0x00, 0x00, 
    0x97, 0x55, 0x00, 0x01, 0x56, 0x64, 0x00, 0x96, 0x68, 0x64, 0x07, 0x9A, 
    0x3F, 0x00, 0x00, 0x3B, 0x64, 0x0A, 0x9B, 0x44, 0x00, 0x00, 0x42, 0x64, 
    0x0A, 0x92, 0x23, 0x00, 0x00, 0x99, 0x24, 0x00, 0x00, 0x2A, 0x00, 0x00, 
    0x2A, 0x7F, 0x00, 0x91, 0x5F, 0x64, 0x00, 0x92, 0x2F, 0x64, 0x03, 0x97, 
    0x56, 0x00, 0x00, 0x96, 0x68, 0x00, 0x00, 0x62, 0x64, 0x00, 0x97, 0x50, 
    0x64, 0x1B, 0x91, 0x5F, 0x00, 0x00, 0x99, 0x2A, 0x00, 0x00, 0x92, 0x2F, 
    0x00, 0x00, 0x91, 0x53, 0x64, 0x00, 0x99, 0x2A, 0x64, 0x00, 0x92, 0x2F, 
    0x64, 0x03, 0x96, 0x62, 0x00, 0x00, 0x97, 0x50, 0x00, 0x00, 0x96, 0x65, 
    0x64, 0x00, 0x97, 0x53, 0x64, 0x07, 0x9A, 0x3B, 0x00, 0x00, 0x44, 0x64, 
    0x14, 0x99, 0x3B, 0x00, 0x00, 0x2A, 0x00, 0x00, 0x91, 0x53, 0x00, 0x00, 
    0x92, 0x2F, 0x00, 0x00, 0x99, 0x24, 0x64, 0x00, 0x2A, 0x64, 0x00, 0x26, 
    0x64, 0x00, 0x3B, 0x7F, 0x03, 0x96, 0x65, 0x00, 0x00, 0x97, 0x53, 0x00, 
    0x00, 0x57, 0x64, 0x00, 0x96, 0x69, 0x64, 0x07, 0x9A, 0x44, 0x00, 0x00, 
    0x42, 0x64, 0x14, 0x99, 0x24, 0x00, 0x00, 0x2A, 0x00, 0x00, 0x26, 0x00, 
    0x00, 0x92, 0x2F, 0x64, 0x00, 0x99, 0x2E, 0x7F, 0x00, 0x26, 0x4B, 0x03, 
    0x97, 0x57, 0x00, 0x00, 0x96, 0x69, 0x00, 0x01, 0x97, 0x50, 0x64, 0x00, 
    0x96, 0x62, 0x64, 0x1A, 0x92, 0x2F, 0x00, 0x00, 0x90, 0x42, 0x00, 0x00, 
    0x99, 0x2A, 0x00, 0x00, 0x26, 0x00, 0x00, 0x2A, 0x7F, 0x00, 0x90, 0x40, 
    0x64, 0x00, 0x92, 0x23, 0x64, 0x00, 0x99, 0x24, 0x64, 0x04, 0x96, 0x62, 
    0x00, 0x00, 0x97, 0x50, 0x00, 0x00, 0x51, 0x64, 0x00, 0x96, 0x63, 0x64, 
    0x1A, 0x99, 0x2A, 0x00, 0x00, 0x92, 0x23, 0x00, 0x00, 0x99, 0x24, 0x00, 
    0x00, 0x91, 0x53, 0x64, 0x00, 0x92, 0x2F, 0x64, 0x00, 0x99, 0x2A, 0x50, 
    0x04, 0x97, 0x51, 0x00, 0x00, 0x96, 0x63, 0x00, 0x00, 0x97, 0x59, 0x64, 
    0x00, 0x96, 0x6B, 0x64, 0x1A, 0x99, 0x3B, 0x00, 0x00, 0x92, 0x2F, 0x00, 
    0x00, 0x91, 0x53, 0x00, 0x00, 0x99, 0x2A, 0x00, 0x00, 0x3B, 0x7F, 0x00, 
    0x91, 0x5F, 0x64, 0x00, 0x99, 0x2A, 0x5A, 0x00, 0x26, 0x64, 0x04, 0x97, 
    0x59, 0x00, 0x00, 0x96, 0x6B, 0x00, 0x00, 0x97, 0x4E, 0x64, 0x00, 0x96, 
    0x60, 0x64, 0x10, 0x9B, 0x42, 0x00, 0x00, 0x40, 0x64, 0x0A, 0x91, 0x5F, 
    0x00, 0x00, 0x99, 0x2E, 0x00, 0x00, 0x90, 0x40, 0x00, 0x00, 0x99, 0x26, 
    0x00, 0x00, 0x90, 0x3F, 0x64, 0x00, 0x99, 0x2A, 0x64, 0x00, 0x92, 0x23, 
    0x64, 0x00, 0x99, 0x24, 0x64, 0x04, 0x97, 0x4E, 0x00, 0x00, 0x96, 0x60, 
    0x00, 0x01, 0x97, 0x5A, 0x64, 0x00, 0x96, 0x6C, 0x64, 0x19, 0x92, 0x23, 
    0x00, 0x00, 0x99, 0x2A, 0x00, 0x00, 0x24, 0x00, 0x00, 0x92, 0x2F, 0x64, 
    0x00, 0x99, 0x2A, 0x7F, 0x00, 0x91, 0x5F, 0x64, 0x05, 0x97, 0x5A, 0x00, 
    0x00, 0x96, 0x6C, 0x00, 0x00, 0x97, 0x53, 0x64, 0x00, 0x96, 0x65, 0x64, 
    0x19, 0x92, 0x2F, 0x00, 0x00, 0x90, 0x3F, 0x00, 0x00, 0x91, 0x5F, 0x00, 
    0x00, 0x99, 0x2A, 0x00, 0x00, 0x90, 0x3F, 0x64, 0x00, 0x91, 0x53, 0x64, 
    0x00, 0x99, 0x2A, 0x50, 0x00, 0x92, 0x2F, 0x64, 0x05, 0x97, 0x53, 0x00, 
    0x00, 0x96, 0x65, 0x00, 0x00, 0x61, 0x64, 0x00, 0x97, 0x4F, 0x64, 0x05, 
    0x9A, 0x42, 0x00, 0x00, 0x40, 0x64, 0x0A, 0x9B, 0x40, 0x00, 0x00, 0x3F, 
    0x64, 0x0A, 0x90, 0x3F, 0x00, 0x00, 0x99, 0x3B, 0x00, 0x00, 0x91, 0x53, 
    0x00, 0x00, 0x92, 0x2F, 0x00, 0x00, 0x99, 0x2A, 0x00, 0x00, 0x2A, 0x5A, 
    0x00, 0x24, 0x64, 0x00, 0x26, 0x64, 0x00, 0x90, 0x3B, 0x64, 0x00, 0x99, 
    0x3B, 0x7F, 0x05, 0x96, 0x61, 0x00, 0x00, 0x97, 0x4F, 0x00, 0x00, 0x96, 
    0x68, 0x64, 0x00, 0x97, 0x56, 0x64, 0x19, 0x99, 0x26, 0x00, 0x00, 0x2A, 
    0x00, 0x00, 0x24, 0x00, 0x00, 0x2A, 0x7F, 0x00, 0x26, 0x4B, 0x00, 0x92, 
    0x2F, 0x64, 0x05, 0x96, 0x68, 0x00, 0x00, 0x97, 0x56, 0x00, 0x01, 0x96, 
    0x61, 0x64, 0x00, 0x97, 0x4F, 0x64, 0x0E, 0x9B, 0x3F, 0x00, 0x00, 0x3F, 
    0x64, 0x0A, 0x90, 0x3B, 0x00, 0x00, 0x99, 0x26, 0x00, 0x00, 0x2A, 0x00, 
    0x00, 0x92, 0x2F, 0x00, 0x00, 0x99, 0x24, 0x64, 0x00, 0x92, 0x23, 0x64, 
    0x00, 0x99, 0x2A, 0x64, 0x00, 0x90, 0x39, 0x64, 0x06, 0x97, 0x4F, 0x00, 
    0x00, 0x96, 0x61, 0x00, 0x00, 0x97, 0x5A, 0x64, 0x00, 0x96, 0x6C, 0x64, 
    0x04, 0x9A, 0x40, 0x00, 0x00, 0x3F, 0x64, 0x0A, 0x9B, 0x3F, 0x00, 0x00, 
    0x3B, 0x64, 0x0A, 0x99, 0x24, 0x00, 0x00, 0x92, 0x23, 0x00, 0x00, 0x90, 
    0x39, 0x00, 0x00, 0x99, 0x2A, 0x00, 0x00, 0x92, 0x2F, 0x64, 0x00, 0x91, 
    0x53, 0x64, 0x00, 0x90, 0x3B, 0x64, 0x00, 0x99, 0x2A, 0x64, 0x06, 0x97, 
    0x5A, 0x00, 0x00, 0x96, 0x6C, 0x00, 0x00, 0x97, 0x53, 0x64, 0x00, 0x96, 
    0x65, 0x64, 0x18, 0x91, 0x53, 0x00, 0x00, 0x99, 0x2A, 0x00, 0x00, 0x92, 
    0x2F, 0x00, 0x00, 0x99, 0x3B, 0x00, 0x00, 0x26, 0x64, 0x00, 0x91, 0x5F, 
    0x64, 0x00, 0x99, 0x3B, 0x7F, 0x00, 0x2A, 0x64, 0x06, 0x97, 0x53, 0x00, 
    0x00, 0x96, 0x65, 0x00, 0x00, 0x97, 0x5A, 0x64, 0x00, 0x96, 0x6C, 0x64, 
    0x04, 0x9A, 0x3F, 0x00, 0x00, 0x3F, 0x64, 0x0A, 0x9B, 0x3B, 0x00, 0x00, 
    0x39, 0x64, 0x0A, 0x99, 0x26, 0x00, 0x00, 0x2A, 0x00, 0x00, 0x91, 0x5F, 
    0x00, 0x00, 0x99, 0x24, 0x64, 0x00, 0x92, 0x23, 0x64, 0x00, 0x99, 0x2A, 
    0x64, 0x06, 0x97, 0x5A, 0x00, 0x00, 0x96, 0x6C, 0x00, 0x01, 0x97, 0x50, 
    0x64, 0x00, 0x96, 0x62, 0x64, 0x03, 0x9A, 0x3F, 0x00, 0x00, 0x3B, 0x64, 
    0x0A, 0x9B, 0x39, 0x00, 0x00, 0x3B, 0x64, 0x0A, 0x99, 0x2A, 0x00, 0x00, 
    0x92, 0x23, 0x00, 0x00, 0x99, 0x24, 0x00, 0x00, 0x92, 0x2F, 0x64, 0x00, 
    0x99, 0x2A, 0x7F, 0x00, 0x91, 0x5F, 0x64, 0x07, 0x97, 0x50, 0x00, 0x00, 
    0x96, 0x62, 0x00, 0x00, 0x64, 0x64, 0x00, 0x97, 0x52, 0x64, 0x17, 0x92, 
    0x2F, 0x00, 0x00, 0x99, 0x2A, 0x00, 0x00, 0x91, 0x5F, 0x00, 0x00, 0x53, 
    0x64, 0x00, 0x92, 0x2F, 0x64, 0x00, 0x99, 0x2A, 0x64, 0x07, 0x96, 0x64, 
    0x00, 0x00, 0x97, 0x52, 0x00, 0x00, 0x96, 0x62, 0x64, 0x00, 0x97, 0x50, 
    0x64, 0x03, 0x9A, 0x3B, 0x00, 0x00, 0x39, 0x64, 0x14, 0x91, 0x53, 0x00, 
    0x00, 0x99, 0x2A, 0x00, 0x00, 0x92, 0x2F, 0x00, 0x00, 0x99, 0x3B, 0x00, 
    0x00, 0x2A, 0x64, 0x00, 0x24, 0x64, 0x00, 0x26, 0x64, 0x00, 0x3B, 0x7F, 
    0x07, 0x96, 0x62, 0x00, 0x00, 0x97, 0x50, 0x00, 0x00, 0x96, 0x6C, 0x64, 
    0x00, 0x97, 0x5A, 0x64, 0x03, 0x9A, 0x39, 0x00, 0x00, 0x3B, 0x64, 0x14, 
    0x99, 0x24, 0x00, 0x00, 0x2A, 0x00, 0x00, 0x26, 0x00, 0x00, 0x2E, 0x7F, 
    0x00, 0x92, 0x2F, 0x64, 0x00, 0x99, 0x26, 0x4B, 0x07, 0x96, 0x6C, 0x00, 
    0x00, 0x97, 0x5A, 0x00, 0x01, 0x57, 0x64, 0x00, 0x96, 0x69, 0x64, 0x16, 
    0x92, 0x2F, 0x00, 0x00, 0x90, 0x3B, 0x00, 0x00, 0x99, 0x2A, 0x00, 0x00, 
    0x26, 0x00, 0x00, 0x90, 0x40, 0x64, 0x00, 0x99, 0x24, 0x64, 0x00, 0x2A, 
    0x7F, 0x00, 0x92, 0x23, 0x64, 0x08, 0x96, 0x69, 0x00, 0x00, 0x97, 0x57, 
    0x00, 0x00, 0x96, 0x6C, 0x64, 0x00, 0x97, 0x5A, 0x64, 0x16, 0x99, 0x2A, 
    0x00, 0x00, 0x24, 0x00, 0x00, 0x92, 0x23, 0x00, 0x00, 0x91, 0x53, 0x64, 
    0x00, 0x99, 0x2A, 0x50, 0x00, 0x92, 0x2F, 0x64, 0x08, 0x96, 0x6C, 0x00, 
    0x00, 0x97, 0x5A, 0x00, 0x00, 0x96, 0x66, 0x64, 0x00, 0x97, 0x54, 0x64, 
    0x16, 0x91, 0x53, 0x00, 0x00, 0x99, 0x3B, 0x00, 0x00, 0x2A, 0x00, 0x00, 
    0x92, 0x2F, 0x00, 0x00, 0x99, 0x2A, 0x5A, 0x00, 0x3B, 0x7F, 0x00, 0x91, 
    0x5F, 0x64, 0x00, 0x99, 0x26, 0x64, 0x08, 0x96, 0x66, 0x00, 0x00, 0x97, 
    0x54, 0x00, 0x00, 0x50, 0x64, 0x00, 0x96, 0x62, 0x64, 0x0C, 0x9B, 0x3B, 
    0x00, 0x00, 0x40, 0x64, 0x0A, 0x90, 0x40, 0x00, 0x00, 0x99, 0x2E, 0x00, 
    0x00, 0x91, 0x5F, 0x00, 0x00, 0x99, 0x26, 0x00, 0x00, 0x92, 0x23, 0x64, 
    0x00, 0x99, 0x24, 0x64, 0x00, 0x2A, 0x64, 0x00, 0x90, 0x3F, 0x64, 0x08, 
    0x97, 0x50, 0x00, 0x00, 0x96, 0x62, 0x00, 0x01, 0x97, 0x56, 0x64, 0x00, 
    0x96, 0x68, 0x64, 0x15, 0x99, 0x24, 0x00, 0x00, 0x2A, 0x00, 0x00, 0x92, 
    0x23, 0x00, 0x00, 0x99, 0x2A, 0x7F, 0x00, 0x92, 0x2F, 0x64, 0x00, 0x91, 
    0x5F, 0x64, 0x09, 0x97, 0x56, 0x00, 0x00, 0x96, 0x68, 0x00, 0x00, 0x97, 
    0x54, 0x64, 0x00, 0x96, 0x66, 0x64, 0x15, 0x92, 0x2F, 0x00, 0x00, 0x99, 
    0x2A, 0x00, 0x00, 0x90, 0x3F, 0x00, 0x00, 0x91, 0x5F, 0x00, 0x00, 0x53, 
    0x64, 0x00, 0x90, 0x3F, 0x64, 0x00, 0x99, 0x2A, 0x50, 0x00, 0x92, 0x2F, 
    0x64, 0x09, 0x96, 0x66, 0x00, 0x00, 0x97, 0x54, 0x00, 0x00, 0x96, 0x67, 
    0x64, 0x00, 0x97, 0x55, 0x64, 0x01, 0x9A, 0x3B, 0x00, 0x00, 0x40, 0x64, 
    0x0A, 0x9B, 0x40, 0x00, 0x00, 0x3F, 0x64, 0x0A, 0x92, 0x2F, 0x00, 0x00, 
    0x91, 0x53, 0x00, 0x00, 0x99, 0x2A, 0x00, 0x00, 0x3B, 0x00, 0x00, 0x90, 
    0x3F, 0x00, 0x00, 0x99, 0x24, 0x64, 0x00, 0x3B, 0x7F, 0x00, 0x26, 0x64, 
    0x00, 0x2A, 0x5A, 0x00, 0x90, 0x3B, 0x64, 0x09, 0x96, 0x67, 0x00, 0x00, 
    0x97, 0x55, 0x00, 0x00, 0x96, 0x63, 0x64, 0x00, 0x97, 0x51, 0x64, 0x15, 
    0x99, 0x26, 0x00, 0x00, 0x2A, 0x00, 0x00, 0x24, 0x00, 0x00, 0x2A, 0x7F, 
    0x00, 0x26, 0x4B, 0x00, 0x92, 0x2F, 0x64, 0x09, 0x96, 0x63, 0x00, 0x00, 
    0x97, 0x51, 0x00, 0x01, 0x53, 0x64, 0x00, 0x96, 0x65, 0x64, 0x0A, 0x9B, 
    0x3F, 0x00, 0x00, 0x3F, 0x64, 0x0A, 0x99, 0x26, 0x00, 0x00, 0x90, 0x3B, 
    0x00, 0x00, 0x92, 0x2F, 0x00, 0x00, 0x99, 0x2A, 0x00, 0x00, 0x90, 0x43, 
    0x64, 0x00, 0x99, 0x24, 0x64, 0x00, 0x92, 0x26, 0x64, 0x00, 0x99, 0x2A, 
    0x64, 0x0A, 0x9A, 0x40, 0x00, 0x00, 0x97, 0x53, 0x00, 0x00, 0x96, 0x65, 
    0x00, 0x00, 0x63, 0x64, 0x00, 0x9A, 0x3F, 0x64, 0x00, 0x97, 0x51, 0x64, 
    0x0A, 0x9B, 0x3F, 0x00, 0x00, 0x3B, 0x64, 0x0A, 0x90, 0x43, 0x00, 0x00, 
    0x92, 0x26, 0x00, 0x00, 0x99, 0x24, 0x00, 0x00, 0x2A, 0x00, 0x00, 0x92, 
    0x32, 0x64, 0x00, 0x99, 0x2A, 0x64, 0x00, 0x90, 0x42, 0x64, 0x00, 0x91, 
    0x53, 0x64, 0x0A, 0x96, 0x63, 0x00, 0x00, 0x97, 0x51, 0x00, 0x00, 0x57, 
    0x64, 0x00, 0x96, 0x69, 0x64, 0x14, 0x92, 0x32, 0x00, 0x00, 0x99, 0x3B, 
    0x00, 0x00, 0x2A, 0x00, 0x00, 0x91, 0x53, 0x00, 0x00, 0x99, 0x2A, 0x64, 
    0x00, 0x26, 0x64, 0x00, 0x3B, 0x7F, 0x00, 0x91, 0x5F, 0x64, 0x0A, 0x9A, 
    0x3F, 0x00, 0x00, 0x97, 0x57, 0x00, 0x00, 0x96, 0x69, 0x00, 0x00, 0x9A, 
    0x3F, 0x64, 0x00, 0x96, 0x62, 0x64, 0x00, 0x97, 0x50, 0x64, 0x0A, 0x9B, 
    0x3B, 0x00, 0x00, 0x43, 0x64, 0x0A, 0x99, 0x2A, 0x00, 0x00, 0x26, 0x00, 
    0x00, 0x91, 0x5F, 0x00, 0x00, 0x99, 0x2A, 0x64, 0x00, 0x92, 0x26, 0x64, 
    0x00, 0x99, 0x24, 0x64, 0x0A, 0x9A, 0x3F, 0x00, 0x00, 0x96, 0x62, 0x00, 
    0x00, 0x97, 0x50, 0x00, 0x00, 0x9A, 0x3B, 0x64, 0x01, 0x96, 0x65, 0x64, 
    0x00, 0x97, 0x53, 0x64, 0x09, 0x9B, 0x43, 0x00, 0x00, 0x42, 0x64, 0x0A, 
    0x99, 0x24, 0x00, 0x00, 0x2A, 0x00, 0x00, 0x92, 0x26, 0x00, 0x00, 0x99, 
    0x2A, 0x7F, 0x00, 0x92, 0x32, 0x64, 0x00, 0x91, 0x5F, 0x64, 0x0B, 0x96, 
    0x65, 0x00, 0x00, 0x97, 0x53, 0x00, 0x00, 0x4E, 0x64, 0x00, 0x96, 0x60, 
    0x64, 0x13, 0x92, 0x32, 0x00, 0x00, 0x99, 0x2A, 0x00, 0x00, 0x91, 0x5F, 
    0x00, 0x00, 0x92, 0x32, 0x64, 0x00, 0x91, 0x53, 0x64, 0x00, 0x99, 0x2A, 
    0x64, 0x0A, 0x9A, 0x3B, 0x00, 0x00, 0x43, 0x64, 0x01, 0x97, 0x4E, 0x00, 
    0x00, 0x96, 0x60, 0x00, 0x00, 0x97, 0x55, 0x64, 0x00, 0x96, 0x67, 0x64, 
    0x13, 0x92, 0x32, 0x00, 0x00, 0x99, 0x2A, 0x00, 0x00, 0x91, 0x53, 0x00, 
    0x00, 0x99, 0x3B, 0x00, 0x00, 0x2A, 0x64, 0x00, 0x3B, 0x7F, 0x00, 0x24, 
    0x64, 0x00, 0x26, 0x64, 0x0A, 0x9A, 0x43, 0x00, 0x00, 0x42, 0x64, 0x01, 
    0x97, 0x55, 0x00, 0x00, 0x96, 0x67, 0x00, 0x00, 0x97, 0x56, 0x64, 0x00, 
    0x96, 0x68, 0x64, 0x13, 0x99, 0x2A, 0x00, 0x00, 0x24, 0x00, 0x00, 0x26, 
    0x00, 0x00, 0x26, 0x4B, 0x00, 0x2E, 0x7F, 0x00, 0x92, 0x32, 0x64, 0x0B, 
    0x97, 0x56, 0x00, 0x00, 0x96, 0x68, 0x00, 0x01, 0x97, 0x57, 0x64, 0x00, 
    0x96, 0x69, 0x64, 0x12, 0x99, 0x26, 0x00, 0x00, 0x2A, 0x00, 0x00, 0x92, 
    0x32, 0x00, 0x00, 0x90, 0x42, 0x00, 0x00, 0x92, 0x2B, 0x64, 0x00, 0x90, 
    0x48, 0x64, 0x00, 0x99, 0x2A, 0x7F, 0x00, 0x91, 0x67, 0x64, 0x0C, 0x97, 
    0x57, 0x00, 0x00, 0x96, 0x69, 0x00, 0x0E, 0x97, 0x56, 0x64, 0x00, 0x96, 
    0x68, 0x64, 0x04, 0x90, 0x48, 0x00, 0x00, 0x99, 0x2A, 0x00, 0x00, 0x92, 
    0x2B, 0x00, 0x00, 0x91, 0x67, 0x00, 0x00, 0x99, 0x2A, 0x50, 0x00, 0x91, 
    0x4A, 0x64, 0x00, 0x90, 0x47, 0x64, 0x00, 0x92, 0x37, 0x64, 0x1A, 0x97, 
    0x56, 0x00, 0x00, 0x96, 0x68, 0x00, 0x00, 0x67, 0x64, 0x00, 0x97, 0x55, 
    0x64, 0x04, 0x99, 0x2A, 0x00, 0x00, 0x90, 0x47, 0x00, 0x00, 0x91, 0x4A, 
    0x00, 0x00, 0x99, 0x3B, 0x00, 0x00, 0x92, 0x37, 0x00, 0x00, 0x99, 0x3B, 
    0x7F, 0x00, 0x91, 0x56, 0x64, 0x00, 0x99, 0x26, 0x64, 0x00, 0x2A, 0x5A, 
    0x00, 0x90, 0x48, 0x64, 0x14, 0x9B, 0x42, 0x00, 0x00, 0x48, 0x64, 0x06, 
    0x96, 0x67, 0x00, 0x00, 0x97, 0x55, 0x00, 0x01, 0x96, 0x69, 0x64, 0x00, 
    0x97, 0x57, 0x64, 0x03, 0x91, 0x56, 0x00, 0x00, 0x99, 0x26, 0x00, 0x00, 
    0x2E, 0x00, 0x00, 0x90, 0x48, 0x00, 0x00, 0x47, 0x64, 0x00, 0x92, 0x2B, 
    0x64, 0x00, 0x91, 0x67, 0x64, 0x00, 0x99, 0x2A, 0x64, 0x14, 0x9B, 0x48, 
    0x00, 0x00, 0x47, 0x64, 0x07, 0x96, 0x69, 0x00, 0x00, 0x97, 0x57, 0x00, 
    0x00, 0x96, 0x61, 0x64, 0x00, 0x97, 0x4F, 0x64, 0x03, 0x91, 0x67, 0x00, 
    0x00, 0x90, 0x47, 0x00, 0x00, 0x99, 0x2A, 0x00, 0x00, 0x92, 0x2B, 0x00, 
    0x00, 0x37, 0x64, 0x00, 0x90, 0x48, 0x64, 0x00, 0x91, 0x56, 0x64, 0x00, 
    0x99, 0x2A, 0x7F, 0x14, 0x9B, 0x47, 0x00, 0x00, 0x48, 0x64, 0x07, 0x96, 
    0x61, 0x00, 0x00, 0x97, 0x4F, 0x00, 0x00, 0x54, 0x64, 0x00, 0x96, 0x66, 
    0x64, 0x03, 0x90, 0x48, 0x00, 0x00, 0x92, 0x37, 0x00, 0x00, 0x99, 0x2A, 
    0x00, 0x00, 0x91, 0x56, 0x00, 0x00, 0x92, 0x37, 0x64, 0x00, 0x90, 0x47, 
    0x64, 0x00, 0x91, 0x4A, 0x64, 0x00, 0x99, 0x2A, 0x50, 0x0A, 0x9A, 0x42, 
    0x00, 0x00, 0x48, 0x64, 0x0A, 0x9B, 0x48, 0x00, 0x00, 0x47, 0x64, 0x07, 
    0x96, 0x66, 0x00, 0x00, 0x97, 0x54, 0x00, 0x00, 0x96, 0x64, 0x64, 0x00, 
    0x97, 0x52, 0x64, 0x03, 0x91, 0x4A, 0x00, 0x00, 0x92, 0x37, 0x00, 0x00, 
    0x99, 0x3B, 0x00, 0x00, 0x90, 0x47, 0x00, 0x00, 0x99, 0x2A, 0x00, 0x00, 
    0x91, 0x67, 0x64, 0x00, 0x99, 0x2A, 0x5A, 0x00, 0x3B, 0x7F, 0x00, 0x90, 
    0x43, 0x64, 0x00, 0x99, 0x26, 0x64, 0x0A, 0x9A, 0x48, 0x00, 0x00, 0x47, 
    0x64, 0x0A, 0x9B, 0x47, 0x00, 0x00, 0x48, 0x64, 0x07, 0x97, 0x52, 0x00, 
    0x00, 0x96, 0x64, 0x00, 0x01, 0x97, 0x55, 0x64, 0x00, 0x96, 0x67, 0x64, 
    0x02, 0x91, 0x67, 0x00, 0x00, 0x99, 0x26, 0x00, 0x00, 0x2A, 0x00, 0x00, 
    0x2A, 0x7F, 0x00, 0x92, 0x37, 0x64, 0x00, 0x91, 0x42, 0x64, 0x0A, 0x9A, 
    0x47, 0x00, 0x00, 0x48, 0x64, 0x0A, 0x9B, 0x48, 0x00, 0x00, 0x47, 0x64, 
    0x08, 0x97, 0x55, 0x00, 0x00, 0x96, 0x67, 0x00, 0x00, 0x69, 0x64, 0x00, 
    0x97, 0x57, 0x64, 0x02, 0x92, 0x37, 0x00, 0x00, 0x99, 0x2A, 0x00, 0x00, 
    0x90, 0x43, 0x00, 0x00, 0x91, 0x42, 0x00, 0x00, 0x90, 0x43, 0x64, 0x00, 
    0x92, 0x26, 0x64, 0x00, 0x99, 0x2A, 0x64, 0x00, 0x91, 0x67, 0x64, 0x0A, 
    0x9A, 0x48, 0x00, 0x00, 0x47, 0x64, 0x0A, 0x9B, 0x47, 0x00, 0x00, 0x43, 
    0x64, 0x08, 0x96, 0x69, 0x00, 0x00, 0x97, 0x57, 0x00, 0x00, 0x55, 0x64, 
    0x00, 0x96, 0x67, 0x64, 0x02, 0x92, 0x26, 0x00, 0x00, 0x91, 0x67, 0x00, 
    0x00, 0x99, 0x2A, 0x00, 0x00, 0x2A, 0x64, 0x00, 0x92, 0x32, 0x64, 0x00, 
    0x91, 0x4A, 0x64, 0x0A, 0x9A, 0x47, 0x00, 0x00, 0x48, 0x64, 0x12, 0x97, 
    0x55, 0x00, 0x00, 0x96, 0x67, 0x00, 0x00, 0x62, 0x64, 0x00, 0x97, 0x50, 
    0x64, 0x02, 0x99, 0x2A, 0x00, 0x00, 0x3B, 0x00, 0x00, 0x92, 0x32, 0x00, 
    0x00, 0x91, 0x4A, 0x00, 0x00, 0x99, 0x3B, 0x7F, 0x00, 0x91, 0x56, 0x64, 
    0x00, 0x99, 0x2A, 0x64, 0x00, 0x26, 0x64, 0x0A, 0x9A, 0x48, 0x00, 0x00, 
    0x47, 0x64, 0x0A, 0x9B, 0x43, 0x00, 0x00, 0x43, 0x64, 0x08, 0x96, 0x62, 
    0x00, 0x00, 0x97, 0x50, 0x00, 0x01, 0x51, 0x64, 0x00, 0x96, 0x63, 0x64, 
    0x01, 0x91, 0x56, 0x00, 0x00, 0x99, 0x26, 0x00, 0x00, 0x90, 0x43, 0x00, 
    0x00, 0x99, 0x2A, 0x00, 0x00, 0x90, 0x42, 0x64, 0x00, 0x91, 0x67, 0x64, 
    0x00, 0x92, 0x26, 0x64, 0x00, 0x99, 0x2A, 0x64, 0x0A, 0x9A, 0x47, 0x00, 
    0x00, 0x43, 0x64, 0x13, 0x97, 0x51, 0x00, 0x00, 0x96, 0x63, 0x00, 0x00, 
    0x6B, 0x64, 0x00, 0x97, 0x59, 0x64, 0x01, 0x91, 0x67, 0x00, 0x00, 0x99, 
    0x2A, 0x00, 0x00, 0x92, 0x26, 0x00, 0x00, 0x99, 0x2A, 0x7F, 0x00, 0x91, 
    0x56, 0x64, 0x00, 0x92, 0x32, 0x64, 0x1D, 0x96, 0x6B, 0x00, 0x00, 0x97, 
    0x59, 0x00, 0x00, 0x55, 0x64, 0x00, 0x96, 0x67, 0x64, 0x01, 0x91, 0x56, 
    0x00, 0x00, 0x99, 0x2A, 0x00, 0x00, 0x92, 0x32, 0x00, 0x00, 0x32, 0x64, 
    0x00, 0x99, 0x2A, 0x64, 0x00, 0x91, 0x4A, 0x64, 0x0A, 0x9A, 0x43, 0x00, 
    0x00, 0x43, 0x64, 0x0A, 0x9B, 0x43, 0x00, 0x00, 0x42, 0x64, 0x09, 0x96, 
    0x67, 0x00, 0x00, 0x97, 0x55, 0x00, 0x00, 0x57, 0x64, 0x00, 0x96, 0x69, 
    0x64, 0x01, 0x99, 0x3B, 0x00, 0x00, 0x90, 0x42, 0x00, 0x00, 0x92, 0x32, 
    0x00, 0x00, 0x99, 0x2A, 0x00, 0x00, 0x91, 0x4A, 0x00, 0x00, 0x99, 0x26, 
    0x64, 0x00, 0x91, 0x67, 0x64, 0x00, 0x99, 0x2A, 0x64, 0x00, 0x3B, 0x7F, 
    0x00, 0x90, 0x3E, 0x64, 0x1D, 0x97, 0x57, 0x00, 0x00, 0x96, 0x69, 0x00, 
    0x01, 0x91, 0x67, 0x00, 0x00, 0x99, 0x2A, 0x00, 0x00, 0x26, 0x00, 0x00, 
    0x2E, 0x7F, 0x00, 0x91, 0x42, 0x64, 0x00, 0x97, 0x50, 0x64, 0x00, 0x92, 
    0x32, 0x64, 0x00, 0x96, 0x62, 0x64, 0x1E, 0x62, 0x00, 0x00, 0x97, 0x50, 
    0x00, 0x00, 0x91, 0x42, 0x00, 0x00, 0x90, 0x3E, 0x00, 0x00, 0x92, 0x32, 
    0x00, 0x00, 0x99, 0x2A, 0x00, 0x00, 0x91, 0x67, 0x64, 0x00, 0x92, 0x2B, 
    0x64, 0x00, 0x99, 0x2A, 0x7F, 0x00, 0x96, 0x64, 0x64, 0x00, 0x97, 0x52, 
    0x64, 0x00, 0x90, 0x48, 0x64, 0x0A, 0x9A, 0x43, 0x00, 0x00, 0x42, 0x64, 
    0x0A, 0x9B, 0x42, 0x00, 0x00, 0x3E, 0x64, 0x0A, 0x97, 0x52, 0x00, 0x00, 
    0x99, 0x2A, 0x00, 0x00, 0x96, 0x64, 0x00, 0x00, 0x92, 0x2B, 0x00, 0x00, 
    0x90, 0x48, 0x00, 0x00, 0x91, 0x67, 0x00, 0x00, 0x97, 0x55, 0x64, 0x00, 
    0x92, 0x37, 0x64, 0x00, 0x96, 0x67, 0x64, 0x00, 0x90, 0x47, 0x64, 0x00, 
    0x91, 0x4A, 0x64, 0x00, 0x99, 0x2A, 0x50, 0x1E, 0x91, 0x4A, 0x00, 0x00, 
    0x90, 0x47, 0x00, 0x00, 0x92, 0x37, 0x00, 0x00, 0x97, 0x55, 0x00, 0x00, 
    0x96, 0x67, 0x00, 0x00, 0x99, 0x2A, 0x00, 0x00, 0x3B, 0x00, 0x00, 0x96, 
    0x69, 0x64, 0x00, 0x99, 0x26, 0x64, 0x00, 0x97, 0x57, 0x64, 0x00, 0x90, 
    0x48, 0x64, 0x00, 0x91, 0x56, 0x64, 0x00, 0x99, 0x2A, 0x5A, 0x00, 0x3B, 
    0x7F, 0x14, 0x9B, 0x3E, 0x00, 0x00, 0x48, 0x64, 0x0A, 0x91, 0x56, 0x00, 
    0x00, 0x97, 0x57, 0x00, 0x00, 0x99, 0x2E, 0x00, 0x00, 0x90, 0x48, 0x00, 
    0x00, 0x99, 0x26, 0x00, 0x00, 0x96, 0x69, 0x00, 0x00, 0x91, 0x67, 0x64, 
    0x00, 0x99, 0x2A, 0x64, 0x00, 0x92, 0x2B, 0x64, 0x00, 0x90, 0x47, 0x64, 
    0x01, 0x96, 0x68, 0x64, 0x00, 0x97, 0x56, 0x64, 0x09, 0x9A, 0x42, 0x00, 
    0x00, 0x3E, 0x64, 0x0A, 0x9B, 0x48, 0x00, 0x00, 0x47, 0x64, 0x0A, 0x92, 
    0x2B, 0x00, 0x00, 0x90, 0x47, 0x00, 0x00, 0x99, 0x2A, 0x00, 0x00, 0x91, 
    0x67, 0x00, 0x00, 0x56, 0x64, 0x00, 0x99, 0x2A, 0x7F, 0x00, 0x92, 0x37, 
    0x64, 0x00, 0x90, 0x48, 0x64, 0x01, 0x96, 0x68, 0x00, 0x00, 0x97, 0x56, 
    0x00, 0x00, 0x96, 0x6A, 0x64, 0x00, 0x97, 0x58, 0x64, 0x13, 0x9B, 0x47, 
    0x00, 0x00, 0x48, 0x64, 0x0A, 0x91, 0x56, 0x00, 0x00, 0x99, 0x2A, 0x00, 
    0x00, 0x92, 0x37, 0x00, 0x00, 0x90, 0x48, 0x00, 0x00, 0x99, 0x2A, 0x50, 
    0x00, 0x90, 0x47, 0x64, 0x00, 0x92, 0x37, 0x64, 0x00, 0x91, 0x4A, 0x64, 
    0x01, 0x96, 0x6A, 0x00, 0x00, 0x97, 0x58, 0x00, 0x00, 0x96, 0x6B, 0x64, 
    0x00, 0x97, 0x59, 0x64, 0x09, 0x9A, 0x3E, 0x00, 0x00, 0x48, 0x64, 0x0A, 
    0x9B, 0x48, 0x00, 0x00, 0x47, 0x64, 0x0A, 0x99, 0x2A, 0x00, 0x00, 0x92, 
    0x37, 0x00, 0x00, 0x90, 0x47, 0x00, 0x00, 0x91, 0x4A, 0x00, 0x00, 0x99, 
    0x3B, 0x00, 0x00, 0x3B, 0x7F, 0x00, 0x90, 0x43, 0x64, 0x00, 0x91, 0x67, 
    0x64, 0x00, 0x99, 0x2A, 0x5A, 0x00, 0x26, 0x64, 0x01, 0x96, 0x6B, 0x00, 
    0x00, 0x97, 0x59, 0x00, 0x00, 0x56, 0x64, 0x00, 0x96, 0x68, 0x64, 0x09, 
    0x9A, 0x48, 0x00, 0x00, 0x47, 0x64, 0x0A, 0x9B, 0x47, 0x00, 0x00, 0x48, 
    0x64, 0x0A, 0x99, 0x2A, 0x00, 0x00, 0x91, 0x67, 0x00, 0x00, 0x99, 0x26, 
    0x00, 0x00, 0x92, 0x37, 0x64, 0x00, 0x99, 0x2A, 0x7F, 0x00, 0x91, 0x42, 
    0x64, 0x01, 0x97, 0x56, 0x00, 0x00, 0x96, 0x68, 0x00, 0x01, 0x67, 0x64, 
    0x00, 0x97, 0x55, 0x64, 0x08, 0x9A, 0x47, 0x00, 0x00, 0x48, 0x64, 0x0A, 
    0x9B, 0x48, 0x00, 0x00, 0x47, 0x64, 0x0A, 0x90, 0x43, 0x00, 0x00, 0x92, 
    0x37, 0x00, 0x00, 0x99, 0x2A, 0x00, 0x00, 0x91, 0x42, 0x00, 0x00, 0x67, 
    0x64, 0x00, 0x92, 0x26, 0x64, 0x00, 0x99, 0x2A, 0x64, 0x00, 0x90, 0x4A, 
    0x64, 0x02, 0x96, 0x67, 0x00, 0x00, 0x97, 0x55, 0x00, 0x00, 0x54, 0x64, 
    0x00, 0x96, 0x66, 0x64, 0x08, 0x9A, 0x48, 0x00, 0x00, 0x47, 0x64, 0x0A, 
    0x9B, 0x47, 0x00, 0x00, 0x43, 0x64, 0x0A, 0x91, 0x67, 0x00, 0x00, 0x92, 
    0x26, 0x00, 0x00, 0x99, 0x2A, 0x00, 0x00, 0x92, 0x32, 0x64, 0x00, 0x99, 
    0x2A, 0x64, 0x00, 0x91, 0x4A, 0x64, 0x02, 0x97, 0x54, 0x00, 0x00, 0x96, 
    0x66, 0x00, 0x00, 0x65, 0x64, 0x00, 0x97, 0x53, 0x64, 0x08, 0x9A, 0x47, 
    0x00, 0x00, 0x48, 0x64, 0x14, 0x99, 0x3B, 0x00, 0x00, 0x92, 0x32, 0x00, 
    0x00, 0x99, 0x2A, 0x00, 0x00, 0x91, 0x4A, 0x00, 0x00, 0x56, 0x64, 0x00, 
    0x99, 0x3B, 0x7F, 0x00, 0x26, 0x64, 0x00, 0x2A, 0x64, 0x02, 0x96, 0x65, 
    0x00, 0x00, 0x97, 0x53, 0x00, 0x00, 0x55, 0x64, 0x00, 0x96, 0x67, 0x64, 
    0x08, 0x9A, 0x48, 0x00, 0x00, 0x47, 0x64, 0x0A, 0x9B, 0x43, 0x00, 0x00, 
    0x4A, 0x64, 0x0A, 0x91, 0x56, 0x00, 0x00, 0x99, 0x2A, 0x00, 0x00, 0x26, 
    0x00, 0x00, 0x92, 0x26, 0x64, 0x00, 0x99, 0x2A, 0x64, 0x00, 0x91, 0x67, 
    0x64, 0x02, 0x97, 0x55, 0x00, 0x00, 0x96, 0x67, 0x00, 0x01, 0x97, 0x56, 
    0x64, 0x00, 0x96, 0x68, 0x64, 0x07, 0x9A, 0x47, 0x00, 0x00, 0x43, 0x64, 
    0x14, 0x92, 0x26, 0x00, 0x00, 0x99, 0x2A, 0x00, 0x00, 0x91, 0x67, 0x00, 
    0x00, 0x99, 0x2A, 0x7F, 0x00, 0x92, 0x32, 0x64, 0x00, 0x91, 0x56, 0x64, 
    0x03, 0x97, 0x56, 0x00, 0x00, 0x96, 0x68, 0x00, 0x00, 0x97, 0x50, 0x64, 
    0x00, 0x96, 0x62, 0x64, 0x1B, 0x92, 0x32, 0x00, 0x00, 0x99, 0x2A, 0x00, 
    0x00, 0x91, 0x56, 0x00, 0x00, 0x99, 0x2A, 0x64, 0x00, 0x92, 0x32, 0x64, 
    0x00, 0x91, 0x4A, 0x64, 0x03, 0x97, 0x50, 0x00, 0x00, 0x96, 0x62, 0x00, 
    0x00, 0x97, 0x53, 0x64, 0x00, 0x96, 0x65, 0x64, 0x07, 0x9A, 0x43, 0x00, 
    0x00, 0x4A, 0x64, 0x14, 0x99, 0x3B, 0x00, 0x00, 0x2A, 0x00, 0x00, 0x92, 
    0x32, 0x00, 0x00, 0x91, 0x4A, 0x00, 0x00, 0x99, 0x3B, 0x7F, 0x00, 0x91, 
    0x67, 0x64, 0x00, 0x99, 0x26, 0x64, 0x00, 0x2A, 0x64, 0x03, 0x97, 0x53, 
    0x00, 0x00, 0x96, 0x65, 0x00, 0x00, 0x97, 0x57, 0x64, 0x00, 0x96, 0x69, 
    0x64, 0x1B, 0x99, 0x2A, 0x00, 0x00, 0x26, 0x00, 0x00, 0x91, 0x67, 0x00, 
    0x00, 0x92, 0x32, 0x64, 0x00, 0x99, 0x2E, 0x7F, 0x00, 0x91, 0x42, 0x64, 
    0x03, 0x97, 0x57, 0x00, 0x00, 0x96, 0x69, 0x00, 0x01, 0x97, 0x50, 0x64, 
    0x00, 0x96, 0x62, 0x64, 0x1A, 0x92, 0x32, 0x00, 0x00, 0x99, 0x2A, 0x00, 
    0x00, 0x90, 0x4A, 0x00, 0x00, 0x91, 0x42, 0x00, 0x00, 0x90, 0x48, 0x64, 
    0x00, 0x99, 0x2A, 0x7F, 0x00, 0x92, 0x2B, 0x64, 0x00, 0x91, 0x67, 0x64, 
    0x04, 0x96, 0x62, 0x00, 0x00, 0x97, 0x50, 0x00, 0x00, 0x96, 0x63, 0x64, 
    0x00, 0x97, 0x51, 0x64, 0x1A, 0x90, 0x48, 0x00, 0x00, 0x92, 0x2B, 0x00, 
    0x00, 0x91, 0x67, 0x00, 0x00, 0x99, 0x2A, 0x00, 0x00, 0x2A, 0x50, 0x00, 
    0x91, 0x4A, 0x64, 0x00, 0x90, 0x47, 0x64, 0x00, 0x92, 0x37, 0x64, 0x04, 
    0x97, 0x51, 0x00, 0x00, 0x96, 0x63, 0x00, 0x00, 0x97, 0x59, 0x64, 0x00, 
    0x96, 0x6B, 0x64, 0x1A, 0x91, 0x4A, 0x00, 0x00, 0x99, 0x2A, 0x00, 0x00, 
    0x90, 0x47, 0x00, 0x00, 0x92, 0x37, 0x00, 0x00, 0x99, 0x3B, 0x00, 0x00, 
    0x26, 0x64, 0x00, 0x91, 0x56, 0x64, 0x00, 0x99, 0x2A, 0x5A, 0x00, 0x3B, 
    0x7F, 0x00, 0x90, 0x48, 0x64, 0x04, 0x97, 0x59, 0x00, 0x00, 0x96, 0x6B, 
    0x00, 0x00, 0x97, 0x4E, 0x64, 0x00, 0x96, 0x60, 0x64, 0x10, 0x9B, 0x4A, 
    0x00, 0x00, 0x48, 0x64, 0x0A, 0x99, 0x26, 0x00, 0x00, 0x91, 0x56, 0x00, 
    0x00, 0x90, 0x48, 0x00, 0x00, 0x99, 0x2E, 0x00, 0x00, 0x92, 0x2B, 0x64, 
    0x00, 0x91, 0x67, 0x64, 0x00, 0x99, 0x2A, 0x64, 0x00, 0x90, 0x47, 0x64, 
    0x04, 0x96, 0x60, 0x00, 0x00, 0x97, 0x4E, 0x00, 0x01, 0x5A, 0x64, 0x00, 
    0x96, 0x6C, 0x64, 0x0F, 0x9B, 0x48, 0x00, 0x00, 0x47, 0x64, 0x0A, 0x92, 
    0x2B, 0x00, 0x00, 0x91, 0x67, 0x00, 0x00, 0x90, 0x47, 0x00, 0x00, 0x99, 
    0x2A, 0x00, 0x00, 0x91, 0x56, 0x64, 0x00, 0x99, 0x2A, 0x7F, 0x00, 0x92, 
    0x37, 0x64, 0x00, 0x90, 0x48, 0x64, 0x05, 0x96, 0x6C, 0x00, 0x00, 0x97, 
    0x5A, 0x00, 0x00, 0x53, 0x64, 0x00, 0x96, 0x65, 0x64, 0x0F, 0x9B, 0x47, 
    0x00, 0x00, 0x48, 0x64, 0x0A, 0x91, 0x56, 0x00, 0x00, 0x99, 0x2A, 0x00, 
    0x00, 0x92, 0x37, 0x00, 0x00, 0x90, 0x48, 0x00, 0x00, 0x92, 0x37, 0x64, 
    0x00, 0x90, 0x47, 0x64, 0x00, 0x99, 0x2A, 0x50, 0x00, 0x91, 0x4A, 0x64, 
    0x05, 0x97, 0x53, 0x00, 0x00, 0x96, 0x65, 0x00, 0x00, 0x97, 0x4F, 0x64, 
    0x00, 0x96, 0x61, 0x64, 0x05, 0x9A, 0x4A, 0x00, 0x00, 0x48, 0x64, 0x0A, 
    0x9B, 0x48, 0x00, 0x00, 0x47, 0x64, 0x0A, 0x92, 0x37, 0x00, 0x00, 0x99, 
    0x2A, 0x00, 0x00, 0x90, 0x47, 0x00, 0x00, 0x99, 0x3B, 0x00, 0x00, 0x91, 
    0x4A, 0x00, 0x00, 0x67, 0x64, 0x00, 0x99, 0x3B, 0x7F, 0x00, 0x26, 0x64, 
    0x00, 0x2A, 0x5A, 0x00, 0x90, 0x43, 0x64, 0x05, 0x97, 0x4F, 0x00, 0x00, 
    0x96, 0x61, 0x00, 0x00, 0x97, 0x56, 0x64, 0x00, 0x96, 0x68, 0x64, 0x05, 
    0x9A, 0x48, 0x00, 0x00, 0x47, 0x64, 0x0A, 0x9B, 0x47, 0x00, 0x00, 0x48, 
    0x64, 0x0A, 0x91, 0x67, 0x00, 0x00, 0x99, 0x2A, 0x00, 0x00, 0x26, 0x00, 
    0x00, 0x91, 0x42, 0x64, 0x00, 0x99, 0x2A, 0x7F, 0x00, 0x92, 0x37, 0x64, 
    0x05, 0x97, 0x56, 0x00, 0x00, 0x96, 0x68, 0x00, 0x01, 0x97, 0x4F, 0x64, 
    0x00, 0x96, 0x61, 0x64, 0x04, 0x9A, 0x47, 0x00, 0x00, 0x48, 0x64, 0x0A, 
    0x9B, 0x48, 0x00, 0x00, 0x47, 0x64, 0x0A, 0x90, 0x43, 0x00, 0x00, 0x91, 
    0x42, 0x00, 0x00, 0x92, 0x37, 0x00, 0x00, 0x99, 0x2A, 0x00, 0x00, 0x91, 
    0x67, 0x64, 0x00, 0x90, 0x43, 0x64, 0x00, 0x99, 0x2A, 0x64, 0x00, 0x92, 
    0x26, 0x64, 0x06, 0x97, 0x4F, 0x00, 0x00, 0x96, 0x61, 0x00, 0x00, 0x6C, 
    0x64, 0x00, 0x97, 0x5A, 0x64, 0x04, 0x9A, 0x48, 0x00, 0x00, 0x47, 0x64, 
    0x0A, 0x9B, 0x47, 0x00, 0x00, 0x43, 0x64, 0x0A, 0x91, 0x67, 0x00, 0x00, 
    0x99, 0x2A, 0x00, 0x00, 0x92, 0x26, 0x00, 0x00, 0x32, 0x64, 0x00, 0x99, 
    0x2A, 0x64, 0x00, 0x91, 0x4A, 0x64, 0x06, 0x96, 0x6C, 0x00, 0x00, 0x97, 
    0x5A, 0x00, 0x00, 0x96, 0x65, 0x64, 0x00, 0x97, 0x53, 0x64, 0x04, 0x9A, 
    0x47, 0x00, 0x00, 0x48, 0x64, 0x14, 0x92, 0x32, 0x00, 0x00, 0x99, 0x3B, 
    0x00, 0x00, 0x91, 0x4A, 0x00, 0x00, 0x99, 0x2A, 0x00, 0x00, 0x26, 0x64, 
    0x00, 0x91, 0x56, 0x64, 0x00, 0x99, 0x2A, 0x64, 0x00, 0x3B, 0x7F, 0x06, 
    0x96, 0x65, 0x00, 0x00, 0x97, 0x53, 0x00, 0x00, 0x5A, 0x64, 0x00, 0x96, 
    0x6C, 0x64, 0x04, 0x9A, 0x48, 0x00, 0x00, 0x47, 0x64, 0x0A, 0x9B, 0x43, 
    0x00, 0x00, 0x43, 0x64, 0x0A, 0x99, 0x26, 0x00, 0x00, 0x2A, 0x00, 0x00, 
    0x90, 0x43, 0x00, 0x00, 0x91, 0x56, 0x00, 0x00, 0x67, 0x64, 0x00, 0x90, 
    0x42, 0x64, 0x00, 0x92, 0x26, 0x64, 0x00, 0x99, 0x2A, 0x64, 0x06, 0x97, 
    0x5A, 0x00, 0x00, 0x96, 0x6C, 0x00, 0x01, 0x97, 0x50, 0x64, 0x00, 0x96, 
    0x62, 0x64, 0x03, 0x9A, 0x47, 0x00, 0x00, 0x43, 0x64, 0x14, 0x92, 0x26, 
    0x00, 0x00, 0x99, 0x2A, 0x00, 0x00, 0x91, 0x67, 0x00, 0x00, 0x99, 0x2A, 
    0x7F, 0x00, 0x92, 0x32, 0x64, 0x00, 0x91, 0x56, 0x64, 0x07, 0x97, 0x50, 
    0x00, 0x00, 0x96, 0x62, 0x00, 0x00, 0x64, 0x64, 0x00, 0x97, 0x52, 0x64, 
    0x17, 0x92, 0x32, 0x00, 0x00, 0x99, 0x2A, 0x00, 0x00, 0x91, 0x56, 0x00, 
    0x00, 0x4A, 0x64, 0x00, 0x99, 0x2A, 0x64, 0x00, 0x92, 0x32, 0x64, 0x07, 
    0x96, 0x64, 0x00, 0x00, 0x97, 0x52, 0x00, 0x00, 0x50, 0x64, 0x00, 0x96, 
    0x62, 0x64, 0x03, 0x9A, 0x43, 0x00, 0x00, 0x43, 0x64, 0x0A, 0x9B, 0x43, 
    0x00, 0x00, 0x42, 0x64, 0x0A, 0x90, 0x42, 0x00, 0x00, 0x99, 0x2A, 0x00, 
    0x00, 0x91, 0x4A, 0x00, 0x00, 0x92, 0x32, 0x00, 0x00, 0x99, 0x3B, 0x00, 
    0x00, 0x91, 0x67, 0x64, 0x00, 0x90, 0x3E, 0x64, 0x00, 0x99, 0x2A, 0x64, 
    0x00, 0x3B, 0x7F, 0x00, 0x26, 0x64, 0x07, 0x97, 0x50, 0x00, 0x00, 0x96, 
    0x62, 0x00, 0x00, 0x6C, 0x64, 0x00, 0x97, 0x5A, 0x64, 0x17, 0x91, 0x67, 
    0x00, 0x00, 0x99, 0x2A, 0x00, 0x00, 0x26, 0x00, 0x00, 0x2E, 0x7F, 0x00, 
    0x91, 0x42, 0x64, 0x00, 0x92, 0x32, 0x64, 0x07, 0x96, 0x6C, 0x00, 0x00, 
    0x97, 0x5A, 0x00, 0x01, 0x96, 0x69, 0x64, 0x00, 0x97, 0x57, 0x64, 0x16, 
    0x99, 0x2A, 0x00, 0x00, 0x91, 0x42, 0x00, 0x00, 0x90, 0x3E, 0x00, 0x00, 
    0x92, 0x32, 0x00, 0x00, 0x90, 0x48, 0x64, 0x00, 0x99, 0x2A, 0x7F, 0x00, 
    0x92, 0x2B, 0x64, 0x00, 0x91, 0x67, 0x64, 0x08, 0x96, 0x69, 0x00, 0x00, 
    0x97, 0x57, 0x00, 0x00, 0x96, 0x6C, 0x64, 0x00, 0x97, 0x5A, 0x64, 0x02, 
    0x9A, 0x43, 0x00, 0x00, 0x42, 0x64, 0x0A, 0x9B, 0x42, 0x00, 0x00, 0x3E, 
    0x64, 0x0A, 0x90, 0x48, 0x00, 0x00, 0x99, 0x2A, 0x00, 0x00, 0x92, 0x2B, 
    0x00, 0x00, 0x91, 0x67, 0x00, 0x00, 0x4A, 0x64, 0x00, 0x99, 0x2A, 0x50, 
    0x00, 0x92, 0x37, 0x64, 0x00, 0x90, 0x47, 0x64, 0x08, 0x96, 0x6C, 0x00, 
    0x00, 0x97, 0x5A, 0x00, 0x00, 0x54, 0x64, 0x00, 0x96, 0x66, 0x64, 0x16, 
    0x92, 0x37, 0x00, 0x00, 0x99, 0x3B, 0x00, 0x00, 0x2A, 0x00, 0x00, 0x91, 
    0x4A, 0x00, 0x00, 0x90, 0x47, 0x00, 0x00, 0x99, 0x2A, 0x5A, 0x00, 0x90, 
    0x48, 0x64, 0x00, 0x99, 0x3B, 0x7F, 0x00, 0x26, 0x64, 0x00, 0x91, 0x56, 
    0x64, 0x08, 0x97, 0x54, 0x00, 0x00, 0x96, 0x66, 0x00, 0x00, 0x62, 0x64, 
    0x00, 0x97, 0x50, 0x64, 0x0C, 0x9B, 0x3E, 0x00, 0x00, 0x48, 0x64, 0x0A, 
    0x90, 0x48, 0x00, 0x00, 0x99, 0x26, 0x00, 0x00, 0x91, 0x56, 0x00, 0x00, 
    0x99, 0x2E, 0x00, 0x00, 0x2A, 0x64, 0x00, 0x90, 0x47, 0x64, 0x00, 0x92, 
    0x2B, 0x64, 0x00, 0x91, 0x67, 0x64, 0x08, 0x96, 0x62, 0x00, 0x00, 0x97, 
    0x50, 0x00, 0x01, 0x56, 0x64, 0x00, 0x96, 0x68, 0x64, 0x01, 0x9A, 0x42, 
    0x00, 0x00, 0x3E, 0x64, 0x0A, 0x9B, 0x48, 0x00, 0x00, 0x47, 0x64, 0x0A, 
    0x92, 0x2B, 0x00, 0x00, 0x90, 0x47, 0x00, 0x00, 0x91, 0x67, 0x00, 0x00, 
    0x99, 0x2A, 0x00, 0x00, 0x90, 0x48, 0x64, 0x00, 0x99, 0x2A, 0x7F, 0x00, 
    0x91, 0x56, 0x64, 0x00, 0x92, 0x37, 0x64, 0x09, 0x97, 0x56, 0x00, 0x00, 
    0x96, 0x68, 0x00, 0x00, 0x97, 0x54, 0x64, 0x00, 0x96, 0x66, 0x64, 0x0B, 
    0x9B, 0x47, 0x00, 0x00, 0x48, 0x64, 0x0A, 0x90, 0x48, 0x00, 0x00, 0x99, 
    0x2A, 0x00, 0x00, 0x91, 0x56, 0x00, 0x00, 0x92, 0x37, 0x00, 0x00, 0x99, 
    0x2A, 0x50, 0x00, 0x92, 0x37, 0x64, 0x00, 0x90, 0x47, 0x64, 0x00, 0x91, 
    0x4A, 0x64, 0x09, 0x97, 0x54, 0x00, 0x00, 0x96, 0x66, 0x00, 0x00, 0x67, 
    0x64, 0x00, 0x97, 0x55, 0x64, 0x01, 0x9A, 0x3E, 0x00, 0x00, 0x48, 0x64, 
    0x0A, 0x9B, 0x48, 0x00, 0x00, 0x47, 0x64, 0x0A, 0x99, 0x3B, 0x00, 0x00, 
    0x2A, 0x00, 0x00, 0x90, 0x47, 0x00, 0x00, 0x92, 0x37, 0x00, 0x00, 0x91, 
    0x4A, 0x00, 0x00, 0x99, 0x2A, 0x5A, 0x00, 0x3B, 0x7F, 0x00, 0x91, 0x67, 
    0x64, 0x00, 0x90, 0x48, 0x64, 0x00, 0x99, 0x26, 0x64, 0x09, 0x97, 0x55, 
    0x00, 0x00, 0x96, 0x67, 0x00, 0x00, 0x97, 0x51, 0x64, 0x00, 0x96, 0x63, 
    0x64, 0x01, 0x9A, 0x48, 0x00, 0x00, 0x47, 0x64, 0x0A, 0x9B, 0x47, 0x00, 
    0x00, 0x48, 0x64, 0x0A, 0x90, 0x48, 0x00, 0x00, 0x91, 0x67, 0x00, 0x00, 
    0x99, 0x26, 0x00, 0x00, 0x2A, 0x00, 0x00, 0x92, 0x37, 0x64, 0x00, 0x91, 
    0x42, 0x64, 0x00, 0x99, 0x2A, 0x7F, 0x00, 0x90, 0x47, 0x64, 0x09, 0x96, 
    0x63, 0x00, 0x00, 0x97, 0x51, 0x00, 0x01, 0x9A, 0x47, 0x00, 0x00, 0x97, 
    0x53, 0x64, 0x00, 0x9A, 0x48, 0x64, 0x00, 0x96, 0x65, 0x64, 0x0A, 0x9B, 
    0x48, 0x00, 0x00, 0x47, 0x64, 0x0A, 0x90, 0x47, 0x00, 0x00, 0x92, 0x37, 
    0x00, 0x00, 0x91, 0x42, 0x00, 0x00, 0x99, 0x2A, 0x00, 0x00, 0x92, 0x23, 
    0x64, 0x00, 0x99, 0x2A, 0x64, 0x00, 0x90, 0x45, 0x64, 0x00, 0x99, 0x24, 
    0x64, 0x0A, 0x9A, 0x48, 0x00, 0x00, 0x97, 0x53, 0x00, 0x00, 0x96, 0x65, 
    0x00, 0x00, 0x9A, 0x47, 0x64, 0x00, 0x97, 0x51, 0x64, 0x00, 0x96, 0x63, 
    0x64, 0x0A, 0x9B, 0x47, 0x00, 0x00, 0x48, 0x64, 0x0A, 0x99, 0x24, 0x00, 
    0x00, 0x92, 0x23, 0x00, 0x00, 0x99, 0x2A, 0x00, 0x00, 0x90, 0x45, 0x00, 
    0x00, 0x91, 0x53, 0x64, 0x00, 0x99, 0x2A, 0x64, 0x00, 0x90, 0x44, 0x64, 
    0x00, 0x92, 0x2F, 0x64, 0x0A, 0x9A, 0x47, 0x00, 0x00, 0x97, 0x51, 0x00, 
    0x00, 0x96, 0x63, 0x00, 0x00, 0x9A, 0x48, 0x64, 0x00, 0x96, 0x69, 0x64, 
    0x00, 0x97, 0x57, 0x64, 0x0A, 0x9B, 0x48, 0x00, 0x00, 0x47, 0x64, 0x0A, 
    0x92, 0x2F, 0x00, 0x00, 0x91, 0x53, 0x00, 0x00, 0x99, 0x2A, 0x00, 0x00, 
    0x3B, 0x00, 0x00, 0x90, 0x44, 0x00, 0x00, 0x45, 0x64, 0x00, 0x99, 0x3B, 
    0x7F, 0x00, 0x26, 0x64, 0x00, 0x2A, 0x64, 0x00, 0x91, 0x5F, 0x64, 0x0A, 
    0x96, 0x69, 0x00, 0x00, 0x9A, 0x48, 0x00, 0x00, 0x97, 0x57, 0x00, 0x00, 
    0x50, 0x64, 0x00, 0x96, 0x62, 0x64, 0x00, 0x9A, 0x47, 0x64, 0x0A, 0x9B, 
    0x47, 0x00, 0x00, 0x45, 0x64, 0x0A, 0x91, 0x5F, 0x00, 0x00, 0x90, 0x45, 
    0x00, 0x00, 0x99, 0x2A, 0x00, 0x00, 0x26, 0x00, 0x00, 0x2A, 0x64, 0x00, 
    0x92, 0x23, 0x64, 0x00, 0x90, 0x44, 0x64, 0x00, 0x99, 0x24, 0x64, 0x0A, 
    0x97, 0x50, 0x00, 0x00, 0x96, 0x62, 0x00, 0x00, 0x9A, 0x47, 0x00, 0x00, 
    0x48, 0x64, 0x01, 0x97, 0x53, 0x64, 0x00, 0x96, 0x65, 0x64, 0x09, 0x9B, 
    0x45, 0x00, 0x00, 0x44, 0x64, 0x0A, 0x99, 0x24, 0x00, 0x00, 0x2A, 0x00, 
    0x00, 0x90, 0x44, 0x00, 0x00, 0x92, 0x23, 0x00, 0x00, 0x91, 0x5F, 0x64, 
    0x00, 0x90, 0x45, 0x64, 0x00, 0x92, 0x2F, 0x64, 0x00, 0x99, 0x2A, 0x7F, 
    0x0A, 0x9A, 0x48, 0x00, 0x00, 0x47, 0x64, 0x01, 0x97, 0x53, 0x00, 0x00, 
    0x96, 0x65, 0x00, 0x00, 0x60, 0x64, 0x00, 0x97, 0x4E, 0x64, 0x09, 0x9B, 
    0x44, 0x00, 0x00, 0x45, 0x64, 0x0A, 0x91, 0x5F, 0x00, 0x00, 0x92, 0x2F, 
    0x00, 0x00, 0x90, 0x45, 0x00, 0x00, 0x99, 0x2A, 0x00, 0x00, 0x90, 0x44, 
    0x64, 0x00, 0x91, 0x53, 0x64, 0x00, 0x99, 0x2A, 0x64, 0x00, 0x92, 0x2F, 
    0x64, 0x0A, 0x9A, 0x47, 0x00, 0x00, 0x45, 0x64, 0x01, 0x97, 0x4E, 0x00, 
    0x00, 0x96, 0x60, 0x00, 0x00, 0x67, 0x64, 0x00, 0x97, 0x55, 0x64, 0x09, 
    0x9B, 0x45, 0x00, 0x00, 0x44, 0x64, 0x0A, 0x90, 0x44, 0x00, 0x00, 0x99, 
    0x2A, 0x00, 0x00, 0x91, 0x53, 0x00, 0x00, 0x92, 0x2F, 0x00, 0x00, 0x99, 
    0x3B, 0x00, 0x00, 0x90, 0x45, 0x64, 0x00, 0x99, 0x2A, 0x64, 0x00, 0x26, 
    0x64, 0x00, 0x3B, 0x7F, 0x00, 0x24, 0x64, 0x0A, 0x9A, 0x45, 0x00, 0x00, 
    0x44, 0x64, 0x01, 0x96, 0x67, 0x00, 0x00, 0x97, 0x55, 0x00, 0x00, 0x56, 
    0x64, 0x00, 0x96, 0x68, 0x64, 0x09, 0x9B, 0x44, 0x00, 0x00, 0x45, 0x64, 
    0x0A, 0x90, 0x45, 0x00, 0x00, 0x99, 0x26, 0x00, 0x00, 0x24, 0x00, 0x00, 
    0x2A, 0x00, 0x00, 0x92, 0x2F, 0x64, 0x00, 0x99, 0x2E, 0x7F, 0x00, 0x26, 
    0x4B, 0x00, 0x90, 0x44, 0x64, 0x0A, 0x9A, 0x44, 0x00, 0x00, 0x45, 0x64, 
    0x01, 0x96, 0x68, 0x00, 0x00, 0x97, 0x56, 0x00, 0x01, 0x96, 0x69, 0x64, 
    0x00, 0x97, 0x57, 0x64, 0x08, 0x9B, 0x45, 0x00, 0x00, 0x44, 0x64, 0x0A, 
    0x92, 0x2F, 0x00, 0x00, 0x99, 0x2A, 0x00, 0x00, 0x26, 0x00, 0x00, 0x90, 
    0x44, 0x00, 0x00, 0xE0, 0x00, 0x40, 0x00, 0xB0, 0x64, 0x00, 0x00, 0x99, 
    0x2A, 0x7F, 0x00, 0x92, 0x28, 0x64, 0x00, 0x90, 0x4A, 0x64, 0x00, 0xB0, 
    0x06, 0x0C, 0x00, 0x65, 0x00, 0x00, 0x99, 0x24, 0x64, 0x0A, 0x9A, 0x45, 
    0x00, 0x00, 0x44, 0x64, 0x02, 0x97, 0x57, 0x00, 0x00, 0x96, 0x69, 0x00, 
    0x08, 0x9B, 0x44, 0x00, 0x00, 0x45, 0x64, 0x06, 0x96, 0x68, 0x64, 0x00, 
    0x97, 0x56, 0x64, 0x04, 0x99, 0x2A, 0x00, 0x00, 0x92, 0x28, 0x00, 0x00, 
    0x90, 0x4A, 0x00, 0x00, 0x99, 0x24, 0x00, 0x00, 0x91, 0x53, 0x64, 0x00, 
    0x90, 0x49, 0x64, 0x00, 0x92, 0x34, 0x64, 0x00, 0x99, 0x2A, 0x50, 0x0A, 
    0x9A, 0x44, 0x00, 0x00, 0x45, 0x64, 0x0A, 0x9B, 0x45, 0x00, 0x00, 0x44, 
    0x64, 0x06, 0x96, 0x68, 0x00, 0x00, 0x97, 0x56, 0x00, 0x00, 0x96, 0x67, 
    0x64, 0x00, 0x97, 0x55, 0x64, 0x04, 0x92, 0x34, 0x00, 0x00, 0x91, 0x53, 
    0x00, 0x00, 0x99, 0x3B, 0x00, 0x00, 0x90, 0x49, 0x00, 0x00, 0x99, 0x2A, 
    0x00, 0x00, 0x91, 0x5F, 0x64, 0x00, 0x99, 0x3B, 0x7F, 0x00, 0x26, 0x64, 
    0x00, 0x2A, 0x5A, 0x00, 0x90, 0x4A, 0x64, 0x0A, 0x9A, 0x45, 0x00, 0x00, 
    0x44, 0x64, 0x0A, 0x9B, 0x44, 0x00, 0x00, 0xEB, 0x00, 0x40, 0x00, 0xBB, 
    0x65, 0x00, 0x00, 0x06, 0x0C, 0x00, 0x9B, 0x4A, 0x64, 0x00, 0xBB, 0x64, 
    0x00, 0x06, 0x97, 0x55, 0x00, 0x00, 0x96, 0x67, 0x00, 0x01, 0x69, 0x64, 
    0x00, 0x97, 0x57, 0x64, 0x03, 0x91, 0x5F, 0x00, 0x00, 0x99, 0x2E, 0x00, 
    0x00, 0x26, 0x00, 0x00, 0x90, 0x4A, 0x00, 0x00, 0x92, 0x28, 0x64, 0x00, 
    0x90, 0x49, 0x64, 0x00, 0x99, 0x2A, 0x64, 0x00, 0x24, 0x64, 0x0A, 0x9A, 
    0x44, 0x00, 0x00, 0x45, 0x64, 0x0A, 0x9B, 0x4A, 0x00, 0x00, 0x49, 0x64, 
    0x07, 0x96, 0x69, 0x00, 0x00, 0x97, 0x57, 0x00, 0x00, 0x96, 0x61, 0x64, 
    0x00, 0x97, 0x4F, 0x64, 0x03, 0x92, 0x28, 0x00, 0x00, 0x90, 0x49, 0x00, 
    0x00, 0x99, 0x24, 0x00, 0x00, 0x2A, 0x00, 0x00, 0x2A, 0x7F, 0x00, 0x91, 
    0x5F, 0x64, 0x00, 0x90, 0x4A, 0x64, 0x00, 0x92, 0x34, 0x64, 0x0A, 0x9A, 
    0x45, 0x00, 0x00, 0x44, 0x64, 0x0A, 0x9B, 0x49, 0x00, 0x00, 0x4A, 0x64, 
    0x07, 0x97, 0x4F, 0x00, 0x00, 0x96, 0x61, 0x00, 0x00, 0x97, 0x54, 0x64, 
    0x00, 0x96, 0x66, 0x64, 0x03, 0x91, 0x5F, 0x00, 0x00, 0x90, 0x4A, 0x00, 
    0x00, 0x92, 0x34, 0x00, 0x00, 0x99, 0x2A, 0x00, 0x00, 0x90, 0x49, 0x64, 
    0x00, 0x99, 0x2A, 0x50, 0x00, 0x91, 0x53, 0x64, 0x00, 0x92, 0x34, 0x64, 
    0x0A, 0x9A, 0x44, 0x00, 0x00, 0x4A, 0x64, 0x00, 0xBA, 0x64, 0x00, 0x00, 
    0xEA, 0x00, 0x40, 0x00, 0xBA, 0x06, 0x0C, 0x00, 0x65, 0x00, 0x0A, 0x9B, 
    0x4A, 0x00, 0x00, 0x49, 0x64, 0x07, 0x96, 0x66, 0x00, 0x00, 0x97, 0x54, 
    0x00, 0x00, 0x96, 0x64, 0x64, 0x00, 0x97, 0x52, 0x64, 0x03, 0x90, 0x49, 
    0x00, 0x00, 0x99, 0x2A, 0x00, 0x00, 0x3B, 0x00, 0x00, 0x91, 0x53, 0x00, 
    0x00, 0x92, 0x34, 0x00, 0x00, 0x99, 0x2A, 0x5A, 0x00, 0x90, 0x4A, 0x64, 
    0x00, 0x99, 0x3B, 0x7F, 0x00, 0x24, 0x64, 0x00, 0x26, 0x64, 0x0A, 0x9A, 
    0x4A, 0x00, 0x00, 0x49, 0x64, 0x0A, 0x9B, 0x49, 0x00, 0x00, 0x4A, 0x64, 
    0x07, 0x97, 0x52, 0x00, 0x00, 0x96, 0x64, 0x00, 0x01, 0x67, 0x64, 0x00, 
    0x97, 0x55, 0x64, 0x02, 0x90, 0x4A, 0x00, 0x00, 0x99, 0x24, 0x00, 0x00, 
    0x26, 0x00, 0x00, 0x2A, 0x00, 0x00, 0x2A, 0x7F, 0x00, 0x26, 0x4B, 0x00, 
    0x92, 0x34, 0x64, 0x00, 0x90, 0x49, 0x64, 0x0A, 0x9A, 0x49, 0x00, 0x00, 
    0x4A, 0x64, 0x0A, 0x9B, 0x4A, 0x00, 0x00, 0x49, 0x64, 0x08, 0x97, 0x55, 
    0x00, 0x00, 0x96, 0x67, 0x00, 0x00, 0x69, 0x64, 0x00, 0x97, 0x57, 0x64, 
    0x02, 0x99, 0x26, 0x00, 0x00, 0x92, 0x34, 0x00, 0x00, 0x90, 0x49, 0x00, 
    0x00, 0x99, 0x2A, 0x00, 0x00, 0x2A, 0x64, 0x00, 0x24, 0x64, 0x00, 0x90, 
    0x4A, 0x64, 0x00, 0x92, 0x28, 0x64, 0x0A, 0x9A, 0x4A, 0x00, 0x00, 0x49, 
    0x64, 0x0A, 0x9B, 0x49, 0x00, 0x00, 0x4A, 0x64, 0x08, 0x97, 0x57, 0x00, 
    0x00, 0x96, 0x69, 0x00, 0x00, 0x67, 0x64, 0x00, 0x97, 0x55, 0x64, 0x02, 
    0x99, 0x24, 0x00, 0x00, 0x92, 0x28, 0x00, 0x00, 0x90, 0x4A, 0x00, 0x00, 
    0x99, 0x2A, 0x00, 0x00, 0x92, 0x34, 0x64, 0x00, 0x90, 0x49, 0x64, 0x00, 
    0x91, 0x53, 0x64, 0x00, 0x99, 0x2A, 0x64, 0x0A, 0x9A, 0x49, 0x00, 0x00, 
    0x4A, 0x64, 0x0A, 0x9B, 0x4A, 0x00, 0x00, 0x49, 0x64, 0x08, 0x96, 0x67, 
    0x00, 0x00, 0x97, 0x55, 0x00, 0x00, 0x96, 0x62, 0x64, 0x00, 0x97, 0x50, 
    0x64, 0x02, 0x91, 0x53, 0x00, 0x00, 0x92, 0x34, 0x00, 0x00, 0x99, 0x2A, 
    0x00, 0x00, 0x3B, 0x00, 0x00, 0x90, 0x49, 0x00, 0x00, 0x99, 0x2A, 0x64, 
    0x00, 0x26, 0x64, 0x00, 0x90, 0x4A, 0x64, 0x00, 0x91, 0x5F, 0x64, 0x00, 
    0x99, 0x3B, 0x7F, 0x0A, 0x9A, 0x4A, 0x00, 0x00, 0x49, 0x64, 0x0A, 0x9B, 
    0x49, 0x00, 0x00, 0x4A, 0x64, 0x08, 0x97, 0x50, 0x00, 0x00, 0x96, 0x62, 
    0x00, 0x01, 0x63, 0x64, 0x00, 0x97, 0x51, 0x64, 0x01, 0x90, 0x4A, 0x00, 
    0x00, 0x99, 0x26, 0x00, 0x00, 0x91, 0x5F, 0x00, 0x00, 0x99, 0x2A, 0x00, 
    0x00, 0x2A, 0x64, 0x00, 0x90, 0x49, 0x64, 0x00, 0x99, 0x24, 0x64, 0x00, 
    0x92, 0x28, 0x64, 0x0A, 0x9A, 0x49, 0x00, 0x00, 0x4A, 0x64, 0x0A, 0x9B, 
    0x4A, 0x00, 0x00, 0x49, 0x64, 0x09, 0x96, 0x63, 0x00, 0x00, 0x97, 0x51, 
    0x00, 0x00, 0x96, 0x6B, 0x64, 0x00, 0x97, 0x59, 0x64, 0x01, 0x90, 0x49, 
    0x00, 0x00, 0x99, 0x24, 0x00, 0x00, 0x92, 0x28, 0x00, 0x00, 0x99, 0x2A, 
    0x00, 0x00, 0x2A, 0x7F, 0x00, 0x91, 0x5F, 0x64, 0x00, 0x90, 0x4A, 0x64, 
    0x00, 0x92, 0x34, 0x64, 0x0A, 0x9A, 0x4A, 0x00, 0x00, 0x49, 0x64, 0x0A, 
    0x9B, 0x49, 0x00, 0x00, 0x4A, 0x64, 0x09, 0x97, 0x59, 0x00, 0x00, 0x96, 
    0x6B, 0x00, 0x00, 0x97, 0x55, 0x64, 0x00, 0x96, 0x67, 0x64, 0x01, 0x91, 
    0x5F, 0x00, 0x00, 0x92, 0x34, 0x00, 0x00, 0x99, 0x2A, 0x00, 0x00, 0x90, 
    0x4A, 0x00, 0x00, 0x99, 0x2A, 0x64, 0x00, 0x90, 0x49, 0x64, 0x00, 0x92, 
    0x34, 0x64, 0x00, 0x91, 0x53, 0x64, 0x0A, 0x9A, 0x49, 0x00, 0x00, 0x4A, 
    0x64, 0x0A, 0x9B, 0x4A, 0x00, 0x00, 0x49, 0x64, 0x09, 0x96, 0x67, 0x00, 
    0x00, 0x97, 0x55, 0x00, 0x00, 0x96, 0x69, 0x64, 0x00, 0x97, 0x57, 0x64, 
    0x01, 0x92, 0x34, 0x00, 0x00, 0x99, 0x2A, 0x00, 0x00, 0x90, 0x49, 0x00, 
    0x00, 0x91, 0x53, 0x00, 0x00, 0x99, 0x3B, 0x00, 0x00, 0x3B, 0x7F, 0x00, 
    0x90, 0x4A, 0x64, 0x00, 0x99, 0x24, 0x64, 0x00, 0x26, 0x64, 0x00, 0x2A, 
    0x64, 0x0A, 0x9A, 0x4A, 0x00, 0x00, 0x49, 0x64, 0x0A, 0x9B, 0x49, 0x00, 
    0x00, 0x4A, 0x64, 0x09, 0x96, 0x69, 0x00, 0x00, 0x97, 0x57, 0x00, 0x01, 
    0x99, 0x26, 0x00, 0x00, 0x90, 0x4A, 0x00, 0x00, 0x99, 0x24, 0x00, 0x00, 
    0x2A, 0x00, 0x00, 0x92, 0x34, 0x64, 0x00, 0x90, 0x49, 0x64, 0x00, 0x99, 
    0x26, 0x4B, 0x00, 0x2E, 0x7F, 0x00, 0x96, 0x62, 0x64, 0x00, 0x97, 0x50, 
    0x64, 0x0A, 0x9A, 0x49, 0x00, 0x00, 0x4A, 0x64, 0x0A, 0x9B, 0x4A, 0x00, 
    0x00, 0x49, 0x64, 0x0A, 0x99, 0x26, 0x00, 0x00, 0x90, 0x49, 0x00, 0x00, 
    0x96, 0x62, 0x00, 0x00, 0x97, 0x50, 0x00, 0x00, 0x92, 0x34, 0x00, 0x00, 
    0x99, 0x2A, 0x00, 0x00, 0x24, 0x64, 0x00, 0x96, 0x64, 0x64, 0x00, 0x90, 
    0x4A, 0x64, 0x00, 0x97, 0x52, 0x64, 0x00, 0x99, 0x2A, 0x7F, 0x00, 0x92, 
    0x23, 0x64, 0x0A, 0x9A, 0x4A, 0x00, 0x00, 0x49, 0x64, 0x0A, 0x9B, 0x49, 
    0x00, 0x00, 0x4A, 0x64, 0x0A, 0x96, 0x64, 0x00, 0x00, 0x99, 0x2A, 0x00, 
    0x00, 0x97, 0x52, 0x00, 0x00, 0x92, 0x23, 0x00, 0x00, 0x99, 0x24, 0x00, 
    0x00, 0x2A, 0x50, 0x00, 0x91, 0x53, 0x64, 0x00, 0x96, 0x67, 0x64, 0x00, 
    0x97, 0x55, 0x64, 0x00, 0x92, 0x2F, 0x64, 0x0A, 0x9A, 0x49, 0x00, 0x00, 
    0x4A, 0x64, 0x0A, 0x9B, 0x4A, 0x00, 0x00, 0x49, 0x64, 0x0A, 0x91, 0x53, 
    0x00, 0x00, 0x97, 0x55, 0x00, 0x00, 0x96, 0x67, 0x00, 0x00, 0x92, 0x2F, 
    0x00, 0x00, 0x99, 0x3B, 0x00, 0x00, 0x2A, 0x00, 0x00, 0x96, 0x69, 0x64, 
    0x00, 0x99, 0x2A, 0x5A, 0x00, 0x3B, 0x7F, 0x00, 0x91, 0x5F, 0x64, 0x00, 
    0x99, 0x26, 0x64, 0x00, 0x97, 0x57, 0x64, 0x0A, 0x9A, 0x4A, 0x00, 0x00, 
    0x49, 0x64, 0x0A, 0x9B, 0x49, 0x00, 0x00, 0x4A, 0x64, 0x0A, 0x90, 0x4A, 
    0x00, 0x00, 0x99, 0x26, 0x00, 0x00, 0x91, 0x5F, 0x00, 0x00, 0x97, 0x57, 
    0x00, 0x00, 0x96, 0x69, 0x00, 0x00, 0x99, 0x2E, 0x00, 0x00, 0x24, 0x64, 
    0x00, 0x92, 0x23, 0x64, 0x00, 0x90, 0x49, 0x64, 0x00, 0x99, 0x2A, 0x64, 
    0x01, 0x97, 0x56, 0x64, 0x00, 0x96, 0x68, 0x64, 0x09, 0x9A, 0x49, 0x00, 
    0x00, 0x4A, 0x64, 0x14, 0x92, 0x23, 0x00, 0x00, 0x99, 0x2A, 0x00, 0x00, 
    0x24, 0x00, 0x00, 0x91, 0x5F, 0x64, 0x00, 0x99, 0x2A, 0x7F, 0x00, 0x92, 
    0x2F, 0x64, 0x01, 0x97, 0x56, 0x00, 0x00, 0x96, 0x68, 0x00, 0x00, 0x6A, 
    0x64, 0x00, 0x97, 0x58, 0x64, 0x09, 0x9A, 0x4A, 0x00, 0x00, 0x49, 0x64, 
    0x14, 0x91, 0x5F, 0x00, 0x00, 0x99, 0x2A, 0x00, 0x00, 0x92, 0x2F, 0x00, 
    0x00, 0x91, 0x53, 0x64, 0x00, 0x92, 0x2F, 0x64, 0x00, 0x99, 0x2A, 0x50, 
    0x01, 0x97, 0x58, 0x00, 0x00, 0x96, 0x6A, 0x00, 0x00, 0x97, 0x59, 0x64, 
    0x00, 0x96, 0x6B, 0x64, 0x09, 0x9A, 0x49, 0x00, 0x00, 0x4A, 0x64, 0x0A, 
    0x9B, 0x4A, 0x00, 0x00, 0x49, 0x64, 0x0A, 0x99, 0x2A, 0x00, 0x00, 0x3B, 
    0x00, 0x00, 0x90, 0x49, 0x00, 0x00, 0x92, 0x2F, 0x00, 0x00, 0x91, 0x53, 
    0x00, 0x00, 0x90, 0x3B, 0x64, 0x00, 0x99, 0x26, 0x64, 0x00, 0x24, 0x64, 
    0x00, 0x3B, 0x7F, 0x00, 0x90, 0x42, 0x64, 0x00, 0x99, 0x2A, 0x5A, 0x01, 
    0x97, 0x59, 0x00, 0x00, 0x96, 0x6B, 0x00, 0x00, 0x68, 0x64, 0x00, 0x97, 
    0x56, 0x64, 0x1D, 0x99, 0x24, 0x00, 0x00, 0x26, 0x00, 0x00, 0x2A, 0x00, 
    0x00, 0x26, 0x4B, 0x00, 0x92, 0x2F, 0x64, 0x00, 0x99, 0x2A, 0x7F, 0x01, 
    0x96, 0x68, 0x00, 0x00, 0x97, 0x56, 0x00, 0x01, 0x55, 0x64, 0x00, 0x96, 
    0x67, 0x64, 0x1C, 0x99, 0x26, 0x00, 0x00, 0x2A, 0x00, 0x00, 0x92, 0x2F, 
    0x00, 0x00, 0x26, 0x64, 0x00, 0x99, 0x24, 0x64, 0x00, 0x2A, 0x64, 0x02, 
    0x97, 0x55, 0x00, 0x00, 0x96, 0x67, 0x00, 0x00, 0x97, 0x54, 0x64, 0x00, 
    0x96, 0x66, 0x64, 0x08, 0x9A, 0x4A, 0x00, 0x00, 0x49, 0x64, 0x0A, 0x9B, 
    0x49, 0x00, 0x00, 0x42, 0x64, 0x00, 0x3B, 0x64, 0x0A, 0x92, 0x26, 0x00, 
    0x00, 0x99, 0x2A, 0x00, 0x00, 0x24, 0x00, 0x00, 0x92, 0x32, 0x64, 0x00, 
    0x91, 0x53, 0x64, 0x00, 0x99, 0x2A, 0x64, 0x02, 0x96, 0x66, 0x00, 0x00, 
    0x97, 0x54, 0x00, 0x00, 0x96, 0x65, 0x64, 0x00, 0x97, 0x53, 0x64, 0x1C, 
    0x99, 0x3B, 0x00, 0x00, 0x91, 0x53, 0x00, 0x00, 0x92, 0x32, 0x00, 0x00, 
    0x99, 0x2A, 0x00, 0x00, 0x2A, 0x64, 0x00, 0x26, 0x64, 0x00, 0x3B, 0x7F, 
    0x00, 0x91, 0x5F, 0x64, 0x02, 0x97, 0x53, 0x00, 0x00, 0x96, 0x65, 0x00, 
    0x00, 0x67, 0x64, 0x00, 0x97, 0x55, 0x64, 0x1C, 0x99, 0x2A, 0x00, 0x00, 
    0x26, 0x00, 0x00, 0x91, 0x5F, 0x00, 0x00, 0x92, 0x26, 0x64, 0x00, 0x99, 
    0x24, 0x64, 0x00, 0x2A, 0x64, 0x02, 0x96, 0x67, 0x00, 0x00, 0x97, 0x55, 
    0x00, 0x01, 0x96, 0x68, 0x64, 0x00, 0x97, 0x56, 0x64, 0x07, 0x9A, 0x49, 
    0x00, 0x00, 0x3B, 0x64, 0x00, 0x42, 0x64, 0x14, 0x92, 0x26, 0x00, 0x00, 
    0x99, 0x24, 0x00, 0x00, 0x2A, 0x00, 0x00, 0x92, 0x32, 0x64, 0x00, 0x99, 
    0x2A, 0x7F, 0x00, 0x91, 0x5F, 0x64, 0x00, 0xE0, 0x00, 0x40, 0x02, 0x0B, 
    0x41, 0x01, 0x96, 0x68, 0x00, 0x00, 0x97, 0x56, 0x00, 0x00, 0x96, 0x62, 
    0x64, 0x00, 0x97, 0x50, 0x64, 0x01, 0xE0, 0x16, 0x42, 0x02, 0x21, 0x43, 
    0x02, 0x2C, 0x44, 0x02, 0x37, 0x45, 0x02, 0x41, 0x46, 0x02, 0x4C, 0x47, 
    0x02, 0x57, 0x48, 0x02, 0x62, 0x49, 0x02, 0x6D, 0x4A, 0x02, 0x78, 0x4B, 
    0x02, 0x02, 0x4D, 0x02, 0x0D, 0x4E, 0x02, 0x18, 0x4F, 0x02, 0x99, 0x2A, 
    0x00, 0x00, 0x92, 0x32, 0x00, 0x00, 0x91, 0x5F, 0x00, 0x00, 0x53, 0x64, 
    0x00, 0x92, 0x32, 0x64, 0x00, 0xE0, 0x23, 0x50, 0x00, 0x99, 0x2A, 0x64, 
    0x02, 0xE0, 0x2E, 0x51, 0x01, 0x96, 0x62, 0x00, 0x00, 0x97, 0x50, 0x00, 
    0x00, 0x96, 0x65, 0x64, 0x00, 0x97, 0x53, 0x64, 0x01, 0xE0, 0x39, 0x52, 
    0x02, 0x43, 0x53, 0x02, 0x4E, 0x54, 0x02, 0x59, 0x55, 0x02, 0x64, 0x56, 
    0x02, 0x6F, 0x57, 0x02, 0x7A, 0x58, 0x02, 0x04, 0x5A, 0x02, 0x0F, 0x5B, 
    0x02, 0x1A, 0x5C, 0x02, 0x25, 0x5D, 0x02, 0x30, 0x5E, 0x02, 0x3B, 0x5F, 
    0x02, 0x99, 0x3B, 0x00, 0x00, 0x2A, 0x00, 0x00, 0x91, 0x53, 0x00, 0x00, 
    0x92, 0x32, 0x00, 0x00, 0x99, 0x2A, 0x64, 0x00, 0x24, 0x64, 0x00, 0x3B, 
    0x7F, 0x00, 0x26, 0x64, 0x00, 0xE0, 0x45, 0x60, 0x02, 0x50, 0x61, 0x01, 
    0x97, 0x53, 0x00, 0x00, 0x96, 0x65, 0x00, 0x00, 0x97, 0x57, 0x64, 0x00, 
    0x96, 0x69, 0x64, 0x01, 0xE0, 0x5B, 0x62, 0x02, 0x66, 0x63, 0x02, 0x71, 
    0x64, 0x02, 0x7C, 0x65, 0x02, 0x06, 0x67, 0x02, 0x11, 0x68, 0x02, 0x1C, 
    0x69, 0x02, 0x27, 0x6A, 0x02, 0x32, 0x6B, 0x00, 0xEB, 0x00, 0x40, 0x02, 
    0x0B, 0x41, 0x00, 0xE0, 0x3D, 0x6C, 0x02, 0x47, 0x6D, 0x00, 0xEB, 0x16, 
    0x42, 0x02, 0x21, 0x43, 0x00, 0xE0, 0x52, 0x6E, 0x02, 0x5D, 0x6F, 0x00, 
    0xEB, 0x2C, 0x44, 0x02, 0x99, 0x2A, 0x00, 0x00, 0x24, 0x00, 0x00, 0x26, 
    0x00, 0x00, 0x2E, 0x7F, 0x00, 0x26, 0x4B, 0x00, 0xE0, 0x68, 0x70, 0x00, 
    0xEB, 0x37, 0x45, 0x00, 0x92, 0x32, 0x64, 0x02, 0xE0, 0x73, 0x71, 0x00, 
    0xEB, 0x41, 0x46, 0x01, 0x97, 0x57, 0x00, 0x00, 0x96, 0x69, 0x00, 0x01, 
    0x97, 0x50, 0x64, 0x00, 0xE0, 0x7E, 0x72, 0x00, 0x96, 0x62, 0x64, 0x00, 
    0xEB, 0x4C, 0x47, 0x02, 0xE0, 0x08, 0x74, 0x00, 0xEB, 0x57, 0x48, 0x02, 
    0xE0, 0x13, 0x75, 0x00, 0xEB, 0x62, 0x49, 0x02, 0xE0, 0x1E, 0x76, 0x00, 
    0xEB, 0x6D, 0x4A, 0x02, 0x78, 0x4B, 0x00, 0xE0, 0x29, 0x77, 0x02, 0x34, 
    0x78, 0x00, 0xEB, 0x02, 0x4D, 0x02, 0x0D, 0x4E, 0x00, 0xE0, 0x3F, 0x79, 
    0x02, 0x49, 0x7A, 0x00, 0xEB, 0x18, 0x4F, 0x02, 0x23, 0x50, 0x00, 0xE0, 
    0x54, 0x7B, 0x02, 0x5F, 0x7C, 0x00, 0xEB, 0x2E, 0x51, 0x02, 0xE0, 0x6A, 
    0x7D, 0x00, 0xEB, 0x39, 0x52, 0x02, 0xE0, 0x75, 0x7E, 0x00, 0xEB, 0x43, 
    0x53, 0x02, 0xE0, 0x7F, 0x7F, 0x00, 0xEB, 0x4E, 0x54, 0x01, 0xE0, 0x00, 
    0x40, 0x01, 0x90, 0x3B, 0x00, 0x00, 0x42, 0x00, 0x00, 0x99, 0x26, 0x00, 
    0x00, 0x2A, 0x00, 0x00, 0x92, 0x32, 0x00, 0x00, 0x90, 0x45, 0x64, 0x00, 
    0xEB, 0x59, 0x55, 0x00, 0x92, 0x21, 0x64, 0x00, 0x99, 0x2A, 0x7F, 0x00, 
    0x24, 0x64, 0x02, 0xEB, 0x64, 0x56, 0x02, 0x96, 0x62, 0x00, 0x00, 0x97, 
    0x50, 0x00, 0x00, 0xEB, 0x6F, 0x57, 0x00, 0x96, 0x63, 0x64, 0x00, 0x97, 
    0x51, 0x64, 0x02, 0xEB, 0x7A, 0x58, 0x02, 0x04, 0x5A, 0x02, 0x0F, 0x5B, 
    0x02, 0x1A, 0x5C, 0x02, 0x25, 0x5D, 0x02, 0x30, 0x5E, 0x02, 0x3B, 0x5F, 
    0x02, 0x45, 0x60, 0x02, 0x50, 0x61, 0x02, 0x5B, 0x62, 0x02, 0x66, 0x63, 
    0x02, 0x71, 0x64, 0x02, 0x90, 0x45, 0x00, 0x00, 0x99, 0x2A, 0x00, 0x00, 
    0x92, 0x21, 0x00, 0x00, 0x99, 0x24, 0x00, 0x00, 0x90, 0x44, 0x64, 0x00, 
    0x92, 0x2D, 0x64, 0x00, 0x99, 0x2A, 0x50, 0x00, 0x91, 0x53, 0x64, 0x00, 
    0xEB, 0x7C, 0x65, 0x02, 0x06, 0x67, 0x02, 0x97, 0x51, 0x00, 0x00, 0x96, 
    0x63, 0x00, 0x00, 0xEB, 0x11, 0x68, 0x00, 0x97, 0x59, 0x64, 0x00, 0x96, 
    0x6B, 0x64, 0x02, 0xEB, 0x1C, 0x69, 0x02, 0x27, 0x6A, 0x02, 0x32, 0x6B, 
    0x00, 0xEA, 0x00, 0x40, 0x02, 0x0B, 0x41, 0x00, 0xEB, 0x3D, 0x6C, 0x02, 
    0x47, 0x6D, 0x00, 0xEA, 0x16, 0x42, 0x02, 0x21, 0x43, 0x00, 0xEB, 0x52, 
    0x6E, 0x02, 0x5D, 0x6F, 0x00, 0xEA, 0x2C, 0x44, 0x02, 0x37, 0x45, 0x00, 
    0xEB, 0x68, 0x70, 0x02, 0xEA, 0x41, 0x46, 0x00, 0xEB, 0x73, 0x71, 0x02, 
    0xEA, 0x4C, 0x47, 0x00, 0xEB, 0x7E, 0x72, 0x02, 0xEA, 0x57, 0x48, 0x00, 
    0xEB, 0x08, 0x74, 0x02, 0x13, 0x75, 0x00, 0xEA, 0x62, 0x49, 0x02, 0x90, 
    0x44, 0x00, 0x00, 0x99, 0x3B, 0x00, 0x00, 0x2A, 0x00, 0x00, 0x92, 0x2D, 
    0x00, 0x00, 0x91, 0x53, 0x00, 0x00, 0x99, 0x3B, 0x7F, 0x00, 0x91, 0x5F, 
    0x64, 0x00, 0xEA, 0x6D, 0x4A, 0x00, 0x99, 0x26, 0x64, 0x00, 0x90, 0x45, 
    0x64, 0x00, 0xEB, 0x1E, 0x76, 0x00, 0x99, 0x2A, 0x5A, 0x02, 0xEB, 0x29, 
    0x77, 0x00, 0xEA, 0x78, 0x4B, 0x02, 0x96, 0x6B, 0x00, 0x00, 0x97, 0x59, 
    0x00, 0x00, 0xEA, 0x02, 0x4D, 0x00, 0x97, 0x4E, 0x64, 0x00, 0xEB, 0x34, 
    0x78, 0x00, 0x96, 0x60, 0x64, 0x02, 0xEB, 0x3F, 0x79, 0x00, 0xEA, 0x0D, 
    0x4E, 0x02, 0x18, 0x4F, 0x00, 0xEB, 0x49, 0x7A, 0x02, 0xEA, 0x23, 0x50, 
    0x00, 0xEB, 0x54, 0x7B, 0x02, 0xEA, 0x2E, 0x51, 0x00, 0xEB, 0x5F, 0x7C, 
    0x02, 0xEA, 0x39, 0x52, 0x00, 0xEB, 0x6A, 0x7D, 0x02, 0x75, 0x7E, 0x00, 
    0xEA, 0x43, 0x53, 0x02, 0xEB, 0x7F, 0x7F, 0x00, 0xEA, 0x4E, 0x54, 0x01, 
    0xEB, 0x00, 0x40, 0x01, 0x9B, 0x3B, 0x00, 0x00, 0x42, 0x00, 0x00, 0x45, 
    0x64, 0x00, 0xEA, 0x59, 0x55, 0x02, 0x64, 0x56, 0x02, 0x6F, 0x57, 0x02, 
    0x7A, 0x58, 0x02, 0x04, 0x5A, 0x02, 0x91, 0x5F, 0x00, 0x00, 0x90, 0x45, 
    0x00, 0x00, 0x99, 0x26, 0x00, 0x00, 0x2E, 0x00, 0x00, 0x2A, 0x64, 0x00, 
    0x24, 0x64, 0x00, 0xEA, 0x0F, 0x5B, 0x00, 0x90, 0x44, 0x64, 0x00, 0x92, 
    0x21, 0x64, 0x02, 0xEA, 0x1A, 0x5C, 0x02, 0x97, 0x4E, 0x00, 0x00, 0x96, 
    0x60, 0x00, 0x00, 0xEA, 0x25, 0x5D, 0x01, 0x96, 0x6C, 0x64, 0x00, 0x97, 
    0x5A, 0x64, 0x01, 0xEA, 0x30, 0x5E, 0x02, 0x3B, 0x5F, 0x02, 0x45, 0x60, 
    0x02, 0x50, 0x61, 0x02, 0x5B, 0x62, 0x02, 0x66, 0x63, 0x02, 0x71, 0x64, 
    0x02, 0x9B, 0x45, 0x00, 0x00, 0x44, 0x64, 0x00, 0xEA, 0x7C, 0x65, 0x02, 
    0x06, 0x67, 0x02, 0x11, 0x68, 0x02, 0x1C, 0x69, 0x02, 0x27, 0x6A, 0x02, 
    0x90, 0x44, 0x00, 0x00, 0x99, 0x2A, 0x00, 0x00, 0x24, 0x00, 0x00, 0x92, 
    0x21, 0x00, 0x00, 0x2D, 0x64, 0x00, 0x91, 0x5F, 0x64, 0x00, 0xEA, 0x32, 
    0x6B, 0x00, 0x99, 0x2A, 0x7F, 0x00, 0x90, 0x45, 0x64, 0x02, 0xEA, 0x3D, 
    0x6C, 0x02, 0x47, 0x6D, 0x01, 0x96, 0x6C, 0x00, 0x00, 0x97, 0x5A, 0x00, 
    0x00, 0x53, 0x64, 0x00, 0x96, 0x65, 0x64, 0x01, 0xEA, 0x52, 0x6E, 0x02, 
    0x5D, 0x6F, 0x02, 0x68, 0x70, 0x02, 0x73, 0x71, 0x02, 0x7E, 0x72, 0x02, 
    0x08, 0x74, 0x02, 0x13, 0x75, 0x02, 0x9B, 0x44, 0x00, 0x00, 0xEA, 0x1E, 
    0x76, 0x00, 0x9B, 0x45, 0x64, 0x02, 0xEA, 0x29, 0x77, 0x02, 0x34, 0x78, 
    0x02, 0x3F, 0x79, 0x02, 0x49, 0x7A, 0x02, 0x91, 0x5F, 0x00, 0x00, 0x92, 
    0x2D, 0x00, 0x00, 0x90, 0x45, 0x00, 0x00, 0x99, 0x2A, 0x00, 0x00, 0x92, 
    0x2D, 0x64, 0x00, 0x91, 0x53, 0x64, 0x00, 0xEA, 0x54, 0x7B, 0x00, 0x90, 
    0x44, 0x64, 0x00, 0x99, 0x2A, 0x50, 0x02, 0xEA, 0x5F, 0x7C, 0x02, 0x6A, 
    0x7D, 0x01, 0x97, 0x53, 0x00, 0x00, 0x96, 0x65, 0x00, 0x00, 0x61, 0x64, 
    0x00, 0x97, 0x4F, 0x64, 0x01, 0xEA, 0x75, 0x7E, 0x02, 0x7F, 0x7F, 0x01, 
    0x00, 0x40, 0x01, 0x9A, 0x3B, 0x00, 0x00, 0x42, 0x00, 0x00, 0x45, 0x64, 
    0x0A, 0x9B, 0x45, 0x00, 0x00, 0x44, 0x64, 0x0A, 0x99, 0x2A, 0x00, 0x00, 
    0x92, 0x2D, 0x00, 0x00, 0x91, 0x53, 0x00, 0x00, 0x90, 0x44, 0x00, 0x00, 
    0x99, 0x3B, 0x00, 0x00, 0x26, 0x64, 0x00, 0x24, 0x64, 0x00, 0x3B, 0x7F, 
    0x00, 0x90, 0x45, 0x64, 0x00, 0x99, 0x2A, 0x5A, 0x05, 0x96, 0x61, 0x00, 
    0x00, 0x97, 0x4F, 0x00, 0x00, 0x56, 0x64, 0x00, 0x96, 0x68, 0x64, 0x05, 
    0x9A, 0x45, 0x00, 0x00, 0x44, 0x64, 0x0A, 0x9B, 0x44, 0x00, 0x00, 0x45, 
    0x64, 0x0A, 0x99, 0x24, 0x00, 0x00, 0x2A, 0x00, 0x00, 0x26, 0x00, 0x00, 
    0x90, 0x45, 0x00, 0x00, 0x99, 0x2A, 0x7F, 0x00, 0x26, 0x4B, 0x00, 0x90, 
    0x44, 0x64, 0x00, 0x92, 0x2D, 0x64, 0x05, 0x97, 0x56, 0x00, 0x00, 0x96, 
    0x68, 0x00, 0x01, 0x61, 0x64, 0x00, 0x97, 0x4F, 0x64, 0x04, 0x9A, 0x44, 
    0x00, 0x00, 0x45, 0x64, 0x0A, 0x9B, 0x45, 0x00, 0x00, 0x44, 0x64, 0x0A, 
    0x99, 0x2A, 0x00, 0x00, 0x90, 0x44, 0x00, 0x00, 0x99, 0x26, 0x00, 0x00, 
    0x92, 0x2D, 0x00, 0x00, 0x99, 0x2A, 0x64, 0x00, 0x92, 0x21, 0x64, 0x00, 
    0x90, 0x45, 0x64, 0x00, 0x99, 0x24, 0x64, 0x06, 0x97, 0x4F, 0x00, 0x00, 
    0x96, 0x61, 0x00, 0x00, 0x97, 0x5A, 0x64, 0x00, 0x96, 0x6C, 0x64, 0x04, 
    0x9A, 0x45, 0x00, 0x00, 0x44, 0x64, 0x0A, 0x9B, 0x44, 0x00, 0x00, 0x45, 
    0x64, 0x0A, 0x99, 0x2A, 0x00, 0x00, 0x90, 0x45, 0x00, 0x00, 0x92, 0x21, 
    0x00, 0x00, 0x99, 0x24, 0x00, 0x00, 0x90, 0x44, 0x64, 0x00, 0x91, 0x53, 
    0x64, 0x00, 0x99, 0x2A, 0x64, 0x00, 0x92, 0x2D, 0x64, 0x06, 0x96, 0x6C, 
    0x00, 0x00, 0x97, 0x5A, 0x00, 0x00, 0x53, 0x64, 0x00, 0x96, 0x65, 0x64, 
    0x04, 0x9A, 0x44, 0x00, 0x00, 0x45, 0x64, 0x0A, 0x9B, 0x45, 0x00, 0x00, 
    0x44, 0x64, 0x0A, 0x99, 0x3B, 0x00, 0x00, 0x90, 0x44, 0x00, 0x00, 0x91, 
    0x53, 0x00, 0x00, 0x92, 0x2D, 0x00, 0x00, 0x99, 0x2A, 0x00, 0x00, 0x3B, 
    0x7F, 0x00, 0x2A, 0x64, 0x00, 0x90, 0x45, 0x64, 0x00, 0x99, 0x26, 0x64, 
    0x00, 0x91, 0x5F, 0x64, 0x06, 0x97, 0x53, 0x00, 0x00, 0x96, 0x65, 0x00, 
    0x00, 0x97, 0x5A, 0x64, 0x00, 0x96, 0x6C, 0x64, 0x04, 0x9A, 0x45, 0x00, 
    0x00, 0x44, 0x64, 0x0A, 0x9B, 0x44, 0x00, 0x00, 0x45, 0x64, 0x0A, 0x99, 
    0x2A, 0x00, 0x00, 0x26, 0x00, 0x00, 0x90, 0x45, 0x00, 0x00, 0x91, 0x5F, 
    0x00, 0x00, 0x90, 0x44, 0x64, 0x00, 0x99, 0x24, 0x64, 0x00, 0x92, 0x21, 
    0x64, 0x00, 0x99, 0x2A, 0x64, 0x06, 0x97, 0x5A, 0x00, 0x00, 0x96, 0x6C, 
    0x00, 0x01, 0x62, 0x64, 0x00, 0x97, 0x50, 0x64, 0x03, 0x9A, 0x44, 0x00, 
    0x00, 0x45, 0x64, 0x0A, 0x9B, 0x45, 0x00, 0x00, 0x44, 0x64, 0x0A, 0x99, 
    0x24, 0x00, 0x00, 0x90, 0x44, 0x00, 0x00, 0x92, 0x21, 0x00, 0x00, 0x99, 
    0x2A, 0x00, 0x00, 0x90, 0x45, 0x64, 0x00, 0x92, 0x2D, 0x64, 0x00, 0x91, 
    0x5F, 0x64, 0x00, 0x99, 0x2A, 0x7F, 0x07, 0x96, 0x62, 0x00, 0x00, 0x97, 
    0x50, 0x00, 0x00, 0x52, 0x64, 0x00, 0x96, 0x64, 0x64, 0x03, 0x9A, 0x45, 
    0x00, 0x00, 0x44, 0x64, 0x0A, 0x9B, 0x44, 0x00, 0x00, 0x45, 0x64, 0x0A, 
    0x90, 0x45, 0x00, 0x00, 0x99, 0x2A, 0x00, 0x00, 0x91, 0x5F, 0x00, 0x00, 
    0x92, 0x2D, 0x00, 0x00, 0x90, 0x44, 0x64, 0x00, 0x91, 0x53, 0x64, 0x00, 
    0x99, 0x2A, 0x64, 0x00, 0x92, 0x2D, 0x64, 0x07, 0x97, 0x52, 0x00, 0x00, 
    0x96, 0x64, 0x00, 0x00, 0x97, 0x50, 0x64, 0x00, 0x96, 0x62, 0x64, 0x03, 
    0x9A, 0x44, 0x00, 0x00, 0x45, 0x64, 0x0A, 0x9B, 0x45, 0x00, 0x00, 0x44, 
    0x64, 0x0A, 0x90, 0x44, 0x00, 0x00, 0x99, 0x3B, 0x00, 0x00, 0x2A, 0x00, 
    0x00, 0x91, 0x53, 0x00, 0x00, 0x92, 0x2D, 0x00, 0x00, 0x99, 0x3B, 0x7F, 
    0x00, 0x90, 0x45, 0x64, 0x00, 0x99, 0x2A, 0x64, 0x00, 0x26, 0x64, 0x00, 
    0x24, 0x64, 0x07, 0x97, 0x50, 0x00, 0x00, 0x96, 0x62, 0x00, 0x00, 0x6C, 
    0x64, 0x00, 0x97, 0x5A, 0x64, 0x03, 0x9A, 0x45, 0x00, 0x00, 0x44, 0x64, 
    0x0A, 0x9B, 0x44, 0x00, 0x00, 0x45, 0x64, 0x0A, 0x90, 0x45, 0x00, 0x00, 
    0x99, 0x26, 0x00, 0x00, 0x24, 0x00, 0x00, 0x2A, 0x00, 0x00, 0x26, 0x4B, 
    0x00, 0x2E, 0x7F, 0x00, 0x92, 0x2D, 0x64, 0x00, 0x90, 0x44, 0x64, 0x07, 
    0x96, 0x6C, 0x00, 0x00, 0x97, 0x5A, 0x00, 0x01, 0x57, 0x64, 0x00, 0x96, 
    0x69, 0x64, 0x02, 0x9A, 0x44, 0x00, 0x00, 0x45, 0x64, 0x0A, 0x9B, 0x45, 
    0x00, 0x00, 0x44, 0x64, 0x0A, 0x99, 0x26, 0x00, 0x00, 0x2A, 0x00, 0x00, 
    0x92, 0x2D, 0x00, 0x00, 0x90, 0x44, 0x00, 0x00, 0x45, 0x64, 0x00, 0x99, 
    0x2A, 0x7F, 0x00, 0x24, 0x64, 0x00, 0x92, 0x23, 0x64, 0x08, 0x97, 0x57, 
    0x00, 0x00, 0x96, 0x69, 0x00, 0x00, 0x6C, 0x64, 0x00, 0x97, 0x5A, 0x64, 
    0x02, 0x9A, 0x45, 0x00, 0x00, 0x44, 0x64, 0x0A, 0x9B, 0x44, 0x00, 0x00, 
    0x45, 0x64, 0x0A, 0x99, 0x2A, 0x00, 0x00, 0x24, 0x00, 0x00, 0x92, 0x23, 
    0x00, 0x00, 0x2F, 0x64, 0x00, 0x99, 0x2A, 0x50, 0x00, 0x91, 0x53, 0x64, 
    0x08, 0x96, 0x6C, 0x00, 0x00, 0x97, 0x5A, 0x00, 0x00, 0x96, 0x66, 0x64, 
    0x00, 0x97, 0x54, 0x64, 0x02, 0x9A, 0x44, 0x00, 0x00, 0x45, 0x64, 0x0A, 
    0x9B, 0x45, 0x00, 0x00, 0x44, 0x64, 0x0A, 0x99, 0x3B, 0x00, 0x00, 0x92, 
    0x2F, 0x00, 0x00, 0x91, 0x53, 0x00, 0x00, 0x99, 0x2A, 0x00, 0x00, 0x91, 
    0x5F, 0x64, 0x00, 0x99, 0x3B, 0x7F, 0x00, 0x26, 0x64, 0x00, 0x2A, 0x5A, 
    0x08, 0x96, 0x66, 0x00, 0x00, 0x97, 0x54, 0x00, 0x00, 0x50, 0x64, 0x00, 
    0x96, 0x62, 0x64, 0x02, 0x9A, 0x45, 0x00, 0x00, 0x44, 0x64, 0x0A, 0x9B, 
    0x44, 0x00, 0x00, 0x45, 0x64, 0x0A, 0x90, 0x45, 0x00, 0x00, 0x91, 0x5F, 
    0x00, 0x00, 0x99, 0x2E, 0x00, 0x00, 0x26, 0x00, 0x00, 0x2A, 0x64, 0x00, 
    0x92, 0x23, 0x64, 0x00, 0x90, 0x44, 0x64, 0x00, 0x99, 0x24, 0x64, 0x08, 
    0x97, 0x50, 0x00, 0x00, 0x96, 0x62, 0x00, 0x01, 0x97, 0x56, 0x64, 0x00, 
    0x96, 0x68, 0x64, 0x01, 0x9A, 0x44, 0x00, 0x00, 0x45, 0x64, 0x14, 0x92, 
    0x23, 0x00, 0x00, 0x99, 0x2A, 0x00, 0x00, 0x24, 0x00, 0x00, 0x92, 0x2F, 
    0x64, 0x00, 0x91, 0x5F, 0x64, 0x00, 0x99, 0x2A, 0x7F, 0x09, 0x97, 0x56, 
    0x00, 0x00, 0x96, 0x68, 0x00, 0x00, 0x66, 0x64, 0x00, 0x97, 0x54, 0x64, 
    0x01, 0x9A, 0x45, 0x00, 0x00, 0x44, 0x64, 0x14, 0x92, 0x2F, 0x00, 0x00, 
    0x99, 0x2A, 0x00, 0x00, 0x91, 0x5F, 0x00, 0x00, 0x92, 0x2F, 0x64, 0x00, 
    0x91, 0x53, 0x64, 0x00, 0x99, 0x2A, 0x50, 0x09, 0x96, 0x66, 0x00, 0x00, 
    0x97, 0x54, 0x00, 0x00, 0x55, 0x64, 0x00, 0x96, 0x67, 0x64, 0x01, 0x9A, 
    0x44, 0x00, 0x00, 0x45, 0x64, 0x0A, 0x9B, 0x45, 0x00, 0x00, 0x44, 0x64, 
    0x0A, 0x99, 0x3B, 0x00, 0x00, 0x91, 0x53, 0x00, 0x00, 0x90, 0x44, 0x00, 
    0x00, 0x92, 0x2F, 0x00, 0x00, 0x99, 0x2A, 0x00, 0x00, 0x24, 0x64, 0x00, 
    0x3B, 0x7F, 0x00, 0x26, 0x64, 0x00, 0x90, 0x3B, 0x64, 0x00, 0x34, 0x64, 
    0x00, 0x99, 0x2A, 0x5A, 0x09, 0x97, 0x55, 0x00, 0x00, 0x96, 0x67, 0x00, 
    0x00, 0x63, 0x64, 0x00, 0x97, 0x51, 0x64, 0x15, 0x99, 0x26, 0x00, 0x00, 
    0x2A, 0x00, 0x00, 0x24, 0x00, 0x00, 0x2A, 0x7F, 0x00, 0x26, 0x4B, 0x00, 
    0x92, 0x2F, 0x64, 0x09, 0x97, 0x51, 0x00, 0x00, 0x96, 0x63, 0x00, 0x01, 
    0x97, 0x53, 0x64, 0x00, 0x96, 0x65, 0x64, 0x14, 0x99, 0x2A, 0x00, 0x00, 
    0x26, 0x00, 0x00, 0x92, 0x2F, 0x00, 0x00, 0x99, 0x24, 0x64, 0x00, 0x2A, 
    0x64, 0x00, 0x92, 0x26, 0x64, 0x0A, 0x9A, 0x45, 0x00, 0x00, 0x97, 0x53, 
    0x00, 0x00, 0x96, 0x65, 0x00, 0x00, 0x97, 0x51, 0x64, 0x00, 0x9A, 0x44, 
    0x64, 0x00, 0x96, 0x63, 0x64, 0x0A, 0x9B, 0x44, 0x00, 0x00, 0x3B, 0x64, 
    0x00, 0x34, 0x64, 0x0A, 0x99, 0x2A, 0x00, 0x00, 0x24, 0x00, 0x00, 0x92, 
    0x26, 0x00, 0x00, 0x91, 0x53, 0x64, 0x00, 0x99, 0x2A, 0x64, 0x00, 0x92, 
    0x32, 0x64, 0x0A, 0x97, 0x51, 0x00, 0x00, 0x96, 0x63, 0x00, 0x00, 0x69, 
    0x64, 0x00, 0x97, 0x57, 0x64, 0x14, 0x99, 0x3B, 0x00, 0x00, 0x2A, 0x00, 
    0x00, 0x91, 0x53, 0x00, 0x00, 0x92, 0x32, 0x00, 0x00, 0x99, 0x26, 0x64, 
    0x00, 0x2A, 0x64, 0x00, 0x3B, 0x7F, 0x00, 0x91, 0x5F, 0x64, 0x0A, 0x97, 
    0x57, 0x00, 0x00, 0x96, 0x69, 0x00, 0x00, 0x97, 0x50, 0x64, 0x00, 0x96, 
    0x62, 0x64, 0x14, 0x99, 0x26, 0x00, 0x00, 0x2A, 0x00, 0x00, 0x91, 0x5F, 
    0x00, 0x00, 0x92, 0x26, 0x64, 0x00, 0x99, 0x2A, 0x64, 0x00, 0x24, 0x64, 
    0x0A, 0x9A, 0x44, 0x00, 0x00, 0x97, 0x50, 0x00, 0x00, 0x96, 0x62, 0x00, 
    0x00, 0x9A, 0x3B, 0x64, 0x00, 0x34, 0x64, 0x01, 0x96, 0x65, 0x64, 0x00, 
    0x97, 0x53, 0x64, 0x13, 0x92, 0x26, 0x00, 0x00, 0x99, 0x2A, 0x00, 0x00, 
    0x24, 0x00, 0x00, 0xE0, 0x00, 0x40, 0x00, 0x99, 0x2A, 0x7F, 0x00, 0x92, 
    0x32, 0x64, 0x00, 0x91, 0x5F, 0x64, 0x02, 0xE0, 0x0B, 0x41, 0x02, 0x16, 
    0x42, 0x02, 0x21, 0x43, 0x02, 0x2C, 0x44, 0x02, 0x37, 0x45, 0x01, 0x96, 
    0x65, 0x00, 0x00, 0x97, 0x53, 0x00, 0x00, 0x96, 0x60, 0x64, 0x00, 0x97, 
    0x4E, 0x64, 0x01, 0xE0, 0x41, 0x46, 0x02, 0x4C, 0x47, 0x02, 0x57, 0x48, 
    0x02, 0x62, 0x49, 0x02, 0x6D, 0x4A, 0x02, 0x78, 0x4B, 0x02, 0x02, 0x4D, 
    0x02, 0x0D, 0x4E, 0x02, 0x18, 0x4F, 0x02, 0x99, 0x2A, 0x00, 0x00, 0x92, 
    0x32, 0x00, 0x00, 0x91, 0x5F, 0x00, 0x00, 0xE0, 0x23, 0x50, 0x00, 0x91, 
    0x53, 0x64, 0x00, 0x92, 0x32, 0x64, 0x00, 0x99, 0x2A, 0x64, 0x02, 0xE0, 
    0x2E, 0x51, 0x02, 0x39, 0x52, 0x02, 0x43, 0x53, 0x02, 0x4E, 0x54, 0x02, 
    0x59, 0x55, 0x01, 0x96, 0x60, 0x00, 0x00, 0x97, 0x4E, 0x00, 0x00, 0x96, 
    0x67, 0x64, 0x00, 0x97, 0x55, 0x64, 0x01, 0xE0, 0x64, 0x56, 0x02, 0x6F, 
    0x57, 0x02, 0x7A, 0x58, 0x02, 0x04, 0x5A, 0x02, 0x0F, 0x5B, 0x02, 0x1A, 
    0x5C, 0x02, 0x25, 0x5D, 0x02, 0x30, 0x5E, 0x02, 0x3B, 0x5F, 0x02, 0x99, 
    0x2A, 0x00, 0x00, 0x3B, 0x00, 0x00, 0x91, 0x53, 0x00, 0x00, 0x92, 0x32, 
    0x00, 0x00, 0xE0, 0x45, 0x60, 0x00, 0x99, 0x24, 0x64, 0x00, 0x2A, 0x64, 
    0x00, 0x26, 0x64, 0x00, 0x3B, 0x7F, 0x02, 0xE0, 0x50, 0x61, 0x02, 0x5B, 
    0x62, 0x02, 0x66, 0x63, 0x02, 0x71, 0x64, 0x02, 0x7C, 0x65, 0x01, 0x97, 
    0x55, 0x00, 0x00, 0x96, 0x67, 0x00, 0x00, 0x97, 0x56, 0x64, 0x00, 0x96, 
    0x68, 0x64, 0x01, 0xE0, 0x06, 0x67, 0x02, 0x11, 0x68, 0x02, 0x1C, 0x69, 
    0x02, 0x27, 0x6A, 0x02, 0x32, 0x6B, 0x00, 0xEB, 0x00, 0x40, 0x02, 0x0B, 
    0x41, 0x00, 0xE0, 0x3D, 0x6C, 0x02, 0xEB, 0x16, 0x42, 0x00, 0xE0, 0x47, 
    0x6D, 0x02, 0x52, 0x6E, 0x00, 0xEB, 0x21, 0x43, 0x02, 0x2C, 0x44, 0x00, 
    0xE0, 0x5D, 0x6F, 0x02, 0x99, 0x24, 0x00, 0x00, 0x2A, 0x00, 0x00, 0x26, 
    0x00, 0x00, 0x92, 0x32, 0x64, 0x00, 0xEB, 0x37, 0x45, 0x00, 0xE0, 0x68, 
    0x70, 0x00, 0x99, 0x2E, 0x7F, 0x00, 0x26, 0x4B, 0x02, 0xEB, 0x41, 0x46, 
    0x00, 0xE0, 0x73, 0x71, 0x02, 0x7E, 0x72, 0x00, 0xEB, 0x4C, 0x47, 0x02, 
    0x57, 0x48, 0x00, 0xE0, 0x08, 0x74, 0x02, 0xEB, 0x62, 0x49, 0x00, 0xE0, 
    0x13, 0x75, 0x02, 0x1E, 0x76, 0x00, 0xEB, 0x6D, 0x4A, 0x01, 0x97, 0x56, 
    0x00, 0x00, 0x96, 0x68, 0x00, 0x01, 0xE0, 0x29, 0x77, 0x00, 0x97, 0x57, 
    0x64, 0x00, 0xEB, 0x78, 0x4B, 0x00, 0x96, 0x69, 0x64, 0x02, 0xE0, 0x34, 
    0x78, 0x00, 0xEB, 0x02, 0x4D, 0x02, 0xE0, 0x3F, 0x79, 0x00, 0xEB, 0x0D, 
    0x4E, 0x02, 0x18, 0x4F, 0x00, 0xE0, 0x49, 0x7A, 0x02, 0x54, 0x7B, 0x00, 
    0xEB, 0x23, 0x50, 0x02, 0x2E, 0x51, 0x00, 0xE0, 0x5F, 0x7C, 0x02, 0xEB, 
    0x39, 0x52, 0x00, 0xE0, 0x6A, 0x7D, 0x02, 0xEB, 0x43, 0x53, 0x00, 0xE0, 
    0x75, 0x7E, 0x02, 0x7F, 0x7F, 0x00, 0xEB, 0x4E, 0x54, 0x01, 0xE0, 0x00, 
    0x40, 0x01, 0x90, 0x34, 0x00, 0x00, 0x99, 0x2A, 0x00, 0x00, 0x90, 0x3B, 
    0x00, 0x00, 0x92, 0x32, 0x00, 0x00, 0x99, 0x26, 0x00, 0x00, 0xEB, 0x59, 
    0x55, 0x00, 0x99, 0x2A, 0x7F, 0x00, 0x90, 0x39, 0x64, 0x00, 0x99, 0x24, 
    0x64, 0x00, 0x92, 0x28, 0x64, 0x02, 0xEB, 0x64, 0x56, 0x02, 0x6F, 0x57, 
    0x02, 0x7A, 0x58, 0x02, 0x04, 0x5A, 0x02, 0x0F, 0x5B, 0x02, 0x97, 0x57, 
    0x00, 0x00, 0x96, 0x69, 0x00, 0x00, 0xEB, 0x1A, 0x5C, 0x02, 0x25, 0x5D, 
    0x02, 0x30, 0x5E, 0x02, 0x3B, 0x5F, 0x02, 0x45, 0x60, 0x02, 0x50, 0x61, 
    0x02, 0x5B, 0x62, 0x02, 0x97, 0x56, 0x64, 0x00, 0xEB, 0x66, 0x63, 0x00, 
    0x96, 0x68, 0x64, 0x02, 0xEB, 0x71, 0x64, 0x02, 0x99, 0x2A, 0x00, 0x00, 
    0x92, 0x28, 0x00, 0x00, 0x90, 0x39, 0x00, 0x00, 0x99, 0x24, 0x00, 0x00, 
    0x91, 0x53, 0x64, 0x00, 0xEB, 0x7C, 0x65, 0x00, 0x90, 0x38, 0x64, 0x00, 
    0x92, 0x34, 0x64, 0x00, 0x99, 0x2A, 0x50, 0x02, 0xEB, 0x06, 0x67, 0x02, 
    0x11, 0x68, 0x02, 0x1C, 0x69, 0x02, 0x27, 0x6A, 0x02, 0x32, 0x6B, 0x00, 
    0xEA, 0x00, 0x40, 0x02, 0xEB, 0x3D, 0x6C, 0x00, 0xEA, 0x0B, 0x41, 0x02, 
    0xEB, 0x47, 0x6D, 0x00, 0xEA, 0x16, 0x42, 0x02, 0xEB, 0x52, 0x6E, 0x00, 
    0xEA, 0x21, 0x43, 0x02, 0x2C, 0x44, 0x00, 0xEB, 0x5D, 0x6F, 0x02, 0x68, 
    0x70, 0x00, 0xEA, 0x37, 0x45, 0x02, 0xEB, 0x73, 0x71, 0x00, 0xEA, 0x41, 
    0x46, 0x02, 0xEB, 0x7E, 0x72, 0x00, 0xEA, 0x4C, 0x47, 0x02, 0x96, 0x68, 
    0x00, 0x00, 0x97, 0x56, 0x00, 0x00, 0xEA, 0x57, 0x48, 0x00, 0x97, 0x55, 
    0x64, 0x00, 0xEB, 0x08, 0x74, 0x00, 0x96, 0x67, 0x64, 0x02, 0xEB, 0x13, 
    0x75, 0x00, 0xEA, 0x62, 0x49, 0x02, 0x90, 0x38, 0x00, 0x00, 0x91, 0x53, 
    0x00, 0x00, 0x99, 0x2A, 0x00, 0x00, 0x92, 0x34, 0x00, 0x00, 0x99, 0x3B, 
    0x00, 0x00, 0x3B, 0x7F, 0x00, 0xEA, 0x6D, 0x4A, 0x00, 0x99, 0x2A, 0x5A, 
    0x00, 0x90, 0x34, 0x64, 0x00, 0xEB, 0x1E, 0x76, 0x00, 0x99, 0x26, 0x64, 
    0x00, 0x91, 0x5F, 0x64, 0x02, 0xEB, 0x29, 0x77, 0x00, 0xEA, 0x78, 0x4B, 
    0x02, 0x02, 0x4D, 0x00, 0xEB, 0x34, 0x78, 0x02, 0x3F, 0x79, 0x00, 0xEA, 
    0x0D, 0x4E, 0x02, 0x18, 0x4F, 0x00, 0xEB, 0x49, 0x7A, 0x02, 0xEA, 0x23, 
    0x50, 0x00, 0xEB, 0x54, 0x7B, 0x02, 0xEA, 0x2E, 0x51, 0x00, 0xEB, 0x5F, 
    0x7C, 0x02, 0x6A, 0x7D, 0x00, 0xEA, 0x39, 0x52, 0x02, 0x43, 0x53, 0x00, 
    0xEB, 0x75, 0x7E, 0x02, 0x7F, 0x7F, 0x00, 0xEA, 0x4E, 0x54, 0x01, 0xEB, 
    0x00, 0x40, 0x01, 0x9B, 0x3B, 0x00, 0x00, 0x34, 0x00, 0x00, 0xEA, 0x59, 
    0x55, 0x00, 0x9B, 0x39, 0x64, 0x02, 0xEA, 0x64, 0x56, 0x02, 0x6F, 0x57, 
    0x02, 0x97, 0x55, 0x00, 0x00, 0x96, 0x67, 0x00, 0x00, 0xEA, 0x7A, 0x58, 
    0x01, 0x96, 0x69, 0x64, 0x00, 0x97, 0x57, 0x64, 0x01, 0xEA, 0x04, 0x5A, 
    0x02, 0x90, 0x34, 0x00, 0x00, 0x99, 0x2E, 0x00, 0x00, 0x26, 0x00, 0x00, 
    0x91, 0x5F, 0x00, 0x00, 0x99, 0x24, 0x64, 0x00, 0x2A, 0x64, 0x00, 0x90, 
    0x32, 0x64, 0x00, 0xEA, 0x0F, 0x5B, 0x00, 0x92, 0x28, 0x64, 0x02, 0xEA, 
    0x1A, 0x5C, 0x02, 0x25, 0x5D, 0x02, 0x30, 0x5E, 0x02, 0x3B, 0x5F, 0x02, 
    0x45, 0x60, 0x02, 0x50, 0x61, 0x02, 0x5B, 0x62, 0x02, 0x66, 0x63, 0x02, 
    0x71, 0x64, 0x02, 0x9B, 0x39, 0x00, 0x00, 0xEA, 0x7C, 0x65, 0x00, 0x9B, 
    0x38, 0x64, 0x02, 0xEA, 0x06, 0x67, 0x02, 0x11, 0x68, 0x02, 0x1C, 0x69, 
    0x01, 0x97, 0x57, 0x00, 0x00, 0x96, 0x69, 0x00, 0x00, 0x97, 0x4F, 0x64, 
    0x00, 0x96, 0x61, 0x64, 0x01, 0xEA, 0x27, 0x6A, 0x02, 0x90, 0x32, 0x00, 
    0x00, 0x99, 0x2A, 0x00, 0x00, 0x24, 0x00, 0x00, 0x92, 0x28, 0x00, 0x00, 
    0x34, 0x64, 0x00, 0x91, 0x5F, 0x64, 0x00, 0xEA, 0x32, 0x6B, 0x00, 0x99, 
    0x2A, 0x7F, 0x00, 0x90, 0x34, 0x64, 0x02, 0xEA, 0x3D, 0x6C, 0x02, 0x47, 
    0x6D, 0x02, 0x52, 0x6E, 0x02, 0x5D, 0x6F, 0x02, 0x68, 0x70, 0x02, 0x73, 
    0x71, 0x02, 0x7E, 0x72, 0x02, 0x08, 0x74, 0x02, 0x13, 0x75, 0x02, 0x9B, 
    0x38, 0x00, 0x00, 0x34, 0x64, 0x00, 0xEA, 0x1E, 0x76, 0x02, 0x29, 0x77, 
    0x02, 0x34, 0x78, 0x02, 0x3F, 0x79, 0x01, 0x97, 0x4F, 0x00, 0x00, 0x96, 
    0x61, 0x00, 0x00, 0x66, 0x64, 0x00, 0x97, 0x54, 0x64, 0x01, 0xEA, 0x49, 
    0x7A, 0x02, 0x92, 0x34, 0x00, 0x00, 0x91, 0x5F, 0x00, 0x00, 0x90, 0x34, 
    0x00, 0x00, 0x99, 0x2A, 0x00, 0x00, 0x2A, 0x50, 0x00, 0x90, 0x32, 0x64, 
    0x00, 0x92, 0x34, 0x64, 0x00, 0x91, 0x53, 0x64, 0x00, 0xEA, 0x54, 0x7B, 
    0x02, 0x5F, 0x7C, 0x02, 0x6A, 0x7D, 0x02, 0x75, 0x7E, 0x02, 0x7F, 0x7F, 
    0x01, 0x00, 0x40, 0x01, 0x9A, 0x34, 0x00, 0x00, 0x3B, 0x00, 0x00, 0x39, 
    0x64, 0x0A, 0x9B, 0x34, 0x00, 0x00, 0x32, 0x64, 0x07, 0x97, 0x54, 0x00, 
    0x00, 0x96, 0x66, 0x00, 0x00, 0x64, 0x64, 0x00, 0x97, 0x52, 0x64, 0x03, 
    0x99, 0x2A, 0x00, 0x00, 0x92, 0x34, 0x00, 0x00, 0x91, 0x53, 0x00, 0x00, 
    0x99, 0x3B, 0x00, 0x00, 0x2A, 0x5A, 0x00, 0x3B, 0x7F, 0x00, 0x26, 0x64, 
    0x00, 0x24, 0x64, 0x0A, 0x9A, 0x39, 0x00, 0x00, 0x38, 0x64, 0x0A, 0x9B, 
    0x32, 0x00, 0x00, 0x34, 0x64, 0x07, 0x97, 0x52, 0x00, 0x00, 0x96, 0x64, 
    0x00, 0x01, 0x67, 0x64, 0x00, 0x97, 0x55, 0x64, 0x02, 0x99, 0x2A, 0x00, 
    0x00, 0x26, 0x00, 0x00, 0x24, 0x00, 0x00, 0x90, 0x32, 0x00, 0x00, 0x92, 
    0x34, 0x64, 0x00, 0x90, 0x34, 0x64, 0x00, 0x99, 0x26, 0x4B, 0x00, 0x2A, 
    0x7F, 0x0A, 0x9A, 0x38, 0x00, 0x00, 0x34, 0x64, 0x0A, 0x9B, 0x34, 0x00, 
    0x00, 0x32, 0x64, 0x08, 0x97, 0x55, 0x00, 0x00, 0x96, 0x67, 0x00, 0x00, 
    0x69, 0x64, 0x00, 0x97, 0x57, 0x64, 0x02, 0x99, 0x2A, 0x00, 0x00, 0x92, 
    0x34, 0x00, 0x00, 0x99, 0x26, 0x00, 0x00, 0x24, 0x64, 0x00, 0x92, 0x28, 
    0x64, 0x00, 0x99, 0x2A, 0x64, 0x0A, 0x9A, 0x34, 0x00, 0x00, 0x32, 0x64, 
    0x12, 0x96, 0x69, 0x00, 0x00, 0x97, 0x57, 0x00, 0x00, 0x96, 0x67, 0x64, 
    0x00, 0x97, 0x55, 0x64, 0x02, 0x99, 0x24, 0x00, 0x00, 0x92, 0x28, 0x00, 
    0x00, 0x99, 0x2A, 0x00, 0x00, 0x90, 0x34, 0x00, 0x00, 0x92, 0x34, 0x64, 
    0x00, 0x99, 0x2A, 0x64, 0x00, 0x91, 0x53, 0x64, 0x00, 0x90, 0x38, 0x64, 
    0x0A, 0x9A, 0x32, 0x00, 0x00, 0x34, 0x64, 0x0A, 0x9B, 0x32, 0x00, 0x00, 
    0x34, 0x64, 0x08, 0x96, 0x67, 0x00, 0x00, 0x97, 0x55, 0x00, 0x00, 0x96, 
    0x62, 0x64, 0x00, 0x97, 0x50, 0x64, 0x02, 0x92, 0x34, 0x00, 0x00, 0x91, 
    0x53, 0x00, 0x00, 0x99, 0x3B, 0x00, 0x00, 0x2A, 0x00, 0x00, 0x26, 0x64, 
    0x00, 0x91, 0x5F, 0x64, 0x00, 0x99, 0x2A, 0x64, 0x00, 0x3B, 0x7F, 0x0A, 
    0x9A, 0x34, 0x00, 0x00, 0x32, 0x64, 0x12, 0x97, 0x50, 0x00, 0x00, 0x96, 
    0x62, 0x00, 0x01, 0x63, 0x64, 0x00, 0x97, 0x51, 0x64, 0x01, 0x99, 0x26, 
    0x00, 0x00, 0x2A, 0x00, 0x00, 0x91, 0x5F, 0x00, 0x00, 0x90, 0x38, 0x00, 
    0x00, 0x99, 0x24, 0x64, 0x00, 0x2A, 0x64, 0x00, 0x92, 0x28, 0x64, 0x00, 
    0x90, 0x34, 0x64, 0x14, 0x9B, 0x34, 0x00, 0x00, 0x38, 0x64, 0x09, 0x96, 
    0x63, 0x00, 0x00, 0x97, 0x51, 0x00, 0x00, 0x59, 0x64, 0x00, 0x96, 0x6B, 
    0x64, 0x01, 0x99, 0x24, 0x00, 0x00, 0x92, 0x28, 0x00, 0x00, 0x90, 0x34, 
    0x00, 0x00, 0x99, 0x2A, 0x00, 0x00, 0x92, 0x34, 0x64, 0x00, 0x99, 0x2A, 
    0x7F, 0x00, 0x90, 0x39, 0x64, 0x00, 0x91, 0x5F, 0x64, 0x0A, 0x9A, 0x32, 
    0x00, 0x00, 0x34, 0x64, 0x13, 0x97, 0x59, 0x00, 0x00, 0x96, 0x6B, 0x00, 
    0x00, 0x97, 0x55, 0x64, 0x00, 0x96, 0x67, 0x64, 0x01, 0x92, 0x34, 0x00, 
    0x00, 0x90, 0x39, 0x00, 0x00, 0x91, 0x5F, 0x00, 0x00, 0x99, 0x2A, 0x00, 
    0x00, 0x2A, 0x64, 0x00, 0x90, 0x38, 0x64, 0x00, 0x92, 0x34, 0x64, 0x00, 
    0x91, 0x53, 0x64, 0x14, 0x9B, 0x38, 0x00, 0x00, 0x34, 0x64, 0x09, 0x97, 
    0x55, 0x00, 0x00, 0x96, 0x67, 0x00, 0x00, 0x69, 0x64, 0x00, 0x97, 0x57, 
    0x64, 0x01, 0x90, 0x38, 0x00, 0x00, 0x99, 0x2A, 0x00, 0x00, 0x92, 0x34, 
    0x00, 0x00, 0x91, 0x53, 0x00, 0x00, 0x99, 0x3B, 0x00, 0x00, 0x2A, 0x64, 
    0x00, 0x24, 0x64, 0x00, 0x3B, 0x7F, 0x00, 0x90, 0x34, 0x64, 0x00, 0x99, 
    0x26, 0x64, 0x0A, 0x9A, 0x34, 0x00, 0x00, 0x38, 0x64, 0x0A, 0x9B, 0x34, 
    0x00, 0x00, 0x39, 0x64, 0x09, 0x96, 0x69, 0x00, 0x00, 0x97, 0x57, 0x00, 
    0x01, 0x99, 0x24, 0x00, 0x00, 0x90, 0x34, 0x00, 0x00, 0x99, 0x26, 0x00, 
    0x00, 0x2A, 0x00, 0x00, 0x97, 0x50, 0x64, 0x00, 0x90, 0x32, 0x64, 0x00, 
    0x96, 0x62, 0x64, 0x00, 0x99, 0x2E, 0x7F, 0x00, 0x26, 0x4B, 0x00, 0x92, 
    0x34, 0x64, 0x14, 0x9B, 0x39, 0x00, 0x00, 0x38, 0x64, 0x0A, 0x99, 0x26, 
    0x00, 0x00, 0x90, 0x32, 0x00, 0x00, 0x99, 0x2A, 0x00, 0x00, 0x96, 0x62, 
    0x00, 0x00, 0x92, 0x34, 0x00, 0x00, 0x97, 0x50, 0x00, 0x00, 0x92, 0x23, 
    0x64, 0x00, 0x96, 0x64, 0x64, 0x00, 0x99, 0x24, 0x64, 0x00, 0x97, 0x52, 
    0x64, 0x00, 0x99, 0x2A, 0x7F, 0x00, 0x90, 0x32, 0x64, 0x0A, 0x9A, 0x38, 
    0x00, 0x00, 0x34, 0x64, 0x0A, 0x9B, 0x38, 0x00, 0x00, 0x34, 0x64, 0x0A, 
    0x99, 0x24, 0x00, 0x00, 0x96, 0x64, 0x00, 0x00, 0x97, 0x52, 0x00, 0x00, 
    0x99, 0x2A, 0x00, 0x00, 0x90, 0x32, 0x00, 0x00, 0x92, 0x23, 0x00, 0x00, 
    0x91, 0x53, 0x64, 0x00, 0x92, 0x2F, 0x64, 0x00, 0x96, 0x67, 0x64, 0x00, 
    0x99, 0x2A, 0x50, 0x00, 0x97, 0x55, 0x64, 0x00, 0x90, 0x34, 0x64, 0x0A, 
    0x9A, 0x34, 0x00, 0x00, 0x39, 0x64, 0x0A, 0x9B, 0x34, 0x00, 0x00, 0x32, 
    0x64, 0x0A, 0x96, 0x67, 0x00, 0x00, 0x99, 0x3B, 0x00, 0x00, 0x92, 0x2F, 
    0x00, 0x00, 0x97, 0x55, 0x00, 0x00, 0x91, 0x53, 0x00, 0x00, 0x99, 0x2A, 
    0x00, 0x00, 0x96, 0x69, 0x64, 0x00, 0x99, 0x26, 0x64, 0x00, 0x3B, 0x7F, 
    0x00, 0x2A, 0x5A, 0x00, 0x91, 0x5F, 0x64, 0x00, 0x97, 0x57, 0x64, 0x0A, 
    0x9A, 0x39, 0x00, 0x00, 0x38, 0x64, 0x0A, 0x9B, 0x32, 0x00, 0x00, 0x32, 
    0x64, 0x0A, 0x99, 0x26, 0x00, 0x00, 0x2E, 0x00, 0x00, 0x91, 0x5F, 0x00, 
    0x00, 0x97, 0x57, 0x00, 0x00, 0x96, 0x69, 0x00, 0x00, 0x92, 0x23, 0x64, 
    0x00, 0x99, 0x2A, 0x64, 0x00, 0x24, 0x64, 0x01, 0x96, 0x68, 0x64, 0x00, 
    0x97, 0x56, 0x64, 0x09, 0x9A, 0x38, 0x00, 0x00, 0x34, 0x64, 0x0A, 0x9B, 
    0x32, 0x00, 0x00, 0x34, 0x64, 0x0A, 0x92, 0x23, 0x00, 0x00, 0x99, 0x2A, 
    0x00, 0x00, 0x24, 0x00, 0x00, 0x2A, 0x7F, 0x00, 0x91, 0x5F, 0x64, 0x00, 
    0x92, 0x2F, 0x64, 0x01, 0x96, 0x68, 0x00, 0x00, 0x97, 0x56, 0x00, 0x00, 
    0x96, 0x6A, 0x64, 0x00, 0x97, 0x58, 0x64, 0x09, 0x9A, 0x34, 0x00, 0x00, 
    0x32, 0x64, 0x14, 0x91, 0x5F, 0x00, 0x00, 0x99, 0x2A, 0x00, 0x00, 0x92, 
    0x2F, 0x00, 0x00, 0x99, 0x2A, 0x50, 0x00, 0x92, 0x2F, 0x64, 0x00, 0x91, 
    0x53, 0x64, 0x01, 0x96, 0x6A, 0x00, 0x00, 0x97, 0x58, 0x00, 0x00, 0x96, 
    0x6B, 0x64, 0x00, 0x97, 0x59, 0x64, 0x09, 0x9A, 0x32, 0x00, 0x00, 0x32, 
    0x64, 0x14, 0x99, 0x2A, 0x00, 0x00, 0x92, 0x2F, 0x00, 0x00, 0x90, 0x34, 
    0x00, 0x00, 0x91, 0x53, 0x00, 0x00, 0x99, 0x3B, 0x00, 0x00, 0x90, 0x4A, 
    0x64, 0x00, 0x99, 0x24, 0x64, 0x00, 0x2A, 0x5A, 0x00, 0x26, 0x64, 0x00, 
    0x3B, 0x7F, 0x01, 0x97, 0x59, 0x00, 0x00, 0x96, 0x6B, 0x00, 0x00, 0x68, 
    0x64, 0x00, 0x97, 0x56, 0x64, 0x09, 0x9A, 0x32, 0x00, 0x00, 0x34, 0x64, 
    0x14, 0x99, 0x24, 0x00, 0x00, 0x2A, 0x00, 0x00, 0x90, 0x4A, 0x00, 0x00, 
    0x99, 0x26, 0x00, 0x00, 0x2A, 0x7F, 0x00, 0x26, 0x4B, 0x00, 0x92, 0x2F, 
    0x64, 0x00, 0x90, 0x49, 0x64, 0x01, 0x96, 0x68, 0x00, 0x00, 0x97, 0x56, 
    0x00, 0x01, 0x96, 0x67, 0x64, 0x00, 0x97, 0x55, 0x64, 0x1C, 0x92, 0x2F, 
    0x00, 0x00, 0x99, 0x26, 0x00, 0x00, 0x2A, 0x00, 0x00, 0x90, 0x49, 0x00, 
    0x00, 0x99, 0x2A, 0x64, 0x00, 0x24, 0x64, 0x00, 0x90, 0x4A, 0x64, 0x00, 
    0x92, 0x26, 0x64, 0x02, 0x97, 0x55, 0x00, 0x00, 0x96, 0x67, 0x00, 0x00, 
    0x97, 0x54, 0x64, 0x00, 0x96, 0x66, 0x64, 0x12, 0x9B, 0x34, 0x00, 0x00, 
    0x4A, 0x64, 0x0A, 0x90, 0x4A, 0x00, 0x00, 0x99, 0x24, 0x00, 0x00, 0x92, 
    0x26, 0x00, 0x00, 0x99, 0x2A, 0x00, 0x00, 0x90, 0x4C, 0x64, 0x00, 0x92, 
    0x32, 0x64, 0x00, 0x99, 0x2A, 0x64, 0x00, 0x91, 0x53, 0x64, 0x02, 0x97, 
    0x54, 0x00, 0x00, 0x96, 0x66, 0x00, 0x00, 0x65, 0x64, 0x00, 0x97, 0x53, 
    0x64, 0x12, 0x9B, 0x4A, 0x00, 0x00, 0x49, 0x64, 0x0A, 0x90, 0x4C, 0x00, 
    0x00, 0x99, 0x3B, 0x00, 0x00, 0x92, 0x32, 0x00, 0x00, 0x91, 0x53, 0x00, 
    0x00, 0x99, 0x2A, 0x00, 0x00, 0x90, 0x49, 0x64, 0x00, 0x99, 0x2A, 0x64, 
    0x00, 0x91, 0x5F, 0x64, 0x00, 0x99, 0x3B, 0x7F, 0x00, 0x26, 0x64, 0x02, 
    0x96, 0x65, 0x00, 0x00, 0x97, 0x53, 0x00, 0x00, 0x55, 0x64, 0x00, 0x96, 
    0x67, 0x64, 0x12, 0x9B, 0x49, 0x00, 0x00, 0x4A, 0x64, 0x0A, 0x90, 0x49, 
    0x00, 0x00, 0x99, 0x2A, 0x00, 0x00, 0x91, 0x5F, 0x00, 0x00, 0x99, 0x26, 
    0x00, 0x00, 0x24, 0x64, 0x00, 0x90, 0x47, 0x64, 0x00, 0x99, 0x2A, 0x64, 
    0x00, 0x92, 0x26, 0x64, 0x02, 0x97, 0x55, 0x00, 0x00, 0x96, 0x67, 0x00, 
    0x01, 0x97, 0x56, 0x64, 0x00, 0x96, 0x68, 0x64, 0x07, 0x9A, 0x34, 0x00, 
    0x00, 0x4A, 0x64, 0x0A, 0x9B, 0x4A, 0x00, 0x00, 0x4C, 0x64, 0x0A, 0x99, 
    0x24, 0x00, 0x00, 0x92, 0x26, 0x00, 0x00, 0x99, 0x2A, 0x00, 0x00, 0x2A, 
    0x7F, 0x00, 0x92, 0x32, 0x64, 0x00, 0x91, 0x5F, 0x64, 0x03, 0x97, 0x56, 
    0x00, 0x00, 0x96, 0x68, 0x00, 0x00, 0x97, 0x50, 0x64, 0x00, 0x96, 0x62, 
    0x64, 0x07, 0x9A, 0x4A, 0x00, 0x00, 0x49, 0x64, 0x0A, 0x9B, 0x4C, 0x00, 
    0x00, 0x49, 0x64, 0x0A, 0x99, 0x2A, 0x00, 0x00, 0x92, 0x32, 0x00, 0x00, 
    0x91, 0x5F, 0x00, 0x00, 0x90, 0x47, 0x00, 0x00, 0x47, 0x64, 0x00, 0x92, 
    0x32, 0x64, 0x00, 0x99, 0x2A, 0x64, 0x00, 0x91, 0x53, 0x64, 0x03, 0x97, 
    0x50, 0x00, 0x00, 0x96, 0x62, 0x00, 0x00, 0x97, 0x53, 0x64, 0x00, 0x96, 
    0x65, 0x64, 0x07, 0x9A, 0x49, 0x00, 0x00, 0x4A, 0x64, 0x0A, 0x9B, 0x49, 
    0x00, 0x00, 0x47, 0x64, 0x0A, 0x90, 0x47, 0x00, 0x00, 0x99, 0x3B, 0x00, 
    0x00, 0x2A, 0x00, 0x00, 0x92, 0x32, 0x00, 0x00, 0x91, 0x53, 0x00, 0x00, 
    0x99, 0x26, 0x64, 0x00, 0x2A, 0x64, 0x00, 0x24, 0x64, 0x00, 0x3B, 0x7F, 
    0x00, 0x90, 0x4A, 0x64, 0x03, 0x97, 0x53, 0x00, 0x00, 0x96, 0x65, 0x00, 
    0x00, 0x69, 0x64, 0x00, 0x97, 0x57, 0x64, 0x07, 0x9A, 0x4A, 0x00, 0x00, 
    0x4C, 0x64, 0x14, 0x99, 0x26, 0x00, 0x00, 0x24, 0x00, 0x00, 0x2A, 0x00, 
    0x00, 0x26, 0x4B, 0x00, 0x92, 0x32, 0x64, 0x00, 0x99, 0x2E, 0x7F, 0x03, 
    0x96, 0x69, 0x00, 0x00, 0x97, 0x57, 0x00, 0x01, 0x96, 0x62, 0x64, 0x00, 
    0x97, 0x50, 0x64, 0x06, 0x9A, 0x4C, 0x00, 0x00, 0x49, 0x64, 0x0A, 0x9B, 
    0x47, 0x00, 0x00, 0x47, 0x64, 0x0A, 0x92, 0x32, 0x00, 0x00, 0x90, 0x4A, 
    0x00, 0x00, 0x99, 0x26, 0x00, 0x00, 0x2A, 0x00, 0x00, 0x90, 0x39, 0x64, 
    0x00, 0x99, 0x24, 0x64, 0x00, 0x2A, 0x7F, 0x00, 0x92, 0x21, 0x64, 0x04, 
    0x96, 0x62, 0x00, 0x00, 0x97, 0x50, 0x00, 0x00, 0x96, 0x63, 0x64, 0x00, 
    0x97, 0x51, 0x64, 0x06, 0x9A, 0x49, 0x00, 0x00, 0x47, 0x64, 0x0A, 0x9B, 
    0x47, 0x00, 0x00, 0x4A, 0x64, 0x0A, 0x90, 0x39, 0x00, 0x00, 0x99, 0x2A, 
    0x00, 0x00, 0x24, 0x00, 0x00, 0x92, 0x21, 0x00, 0x00, 0x91, 0x53, 0x64, 
    0x00, 0x90, 0x38, 0x64, 0x00, 0x99, 0x2A, 0x50, 0x00, 0x92, 0x2D, 0x64, 
    0x04, 0x96, 0x63, 0x00, 0x00, 0x97, 0x51, 0x00, 0x00, 0x59, 0x64, 0x00, 
    0x96, 0x6B, 0x64, 0x1A, 0x90, 0x38, 0x00, 0x00, 0x99, 0x3B, 0x00, 0x00, 
    0x91, 0x53, 0x00, 0x00, 0x99, 0x2A, 0x00, 0x00, 0x92, 0x2D, 0x00, 0x00, 
    0x99, 0x2A, 0x5A, 0x00, 0x90, 0x39, 0x64, 0x00, 0x99, 0x26, 0x64, 0x00, 
    0x3B, 0x7F, 0x00, 0x91, 0x5F, 0x64, 0x04, 0x97, 0x59, 0x00, 0x00, 0x96, 
    0x6B, 0x00, 0x00, 0x60, 0x64, 0x00, 0x97, 0x4E, 0x64, 0x06, 0x9A, 0x47, 
    0x00, 0x00, 0x47, 0x64, 0x0A, 0x9B, 0x4A, 0x00, 0x00, 0x39, 0x64, 0x0A, 
    0x90, 0x39, 0x00, 0x00, 0x99, 0x26, 0x00, 0x00, 0x91, 0x5F, 0x00, 0x00, 
    0x99, 0x2E, 0x00, 0x00, 0x90, 0x38, 0x64, 0x00, 0x99, 0x24, 0x64, 0x00, 
    0x2A, 0x64, 0x00, 0x92, 0x21, 0x64, 0x04, 0x96, 0x60, 0x00, 0x00, 0x97, 
    0x4E, 0x00, 0x01, 0x96, 0x6C, 0x64, 0x00, 0x97, 0x5A, 0x64, 0x05, 0x9A, 
    0x47, 0x00, 0x00, 0x4A, 0x64, 0x0A, 0x9B, 0x39, 0x00, 0x00, 0x38, 0x64, 
    0x0A, 0x90, 0x38, 0x00, 0x00, 0x99, 0x2A, 0x00, 0x00, 0x24, 0x00, 0x00, 
    0x92, 0x21, 0x00, 0x00, 0x99, 0x2A, 0x7F, 0x00, 0x91, 0x5F, 0x64, 0x00, 
    0x92, 0x2D, 0x64, 0x00, 0x90, 0x39, 0x64, 0x05, 0x96, 0x6C, 0x00, 0x00, 
    0x97, 0x5A, 0x00, 0x00, 0x96, 0x65, 0x64, 0x00, 0x97, 0x53, 0x64, 0x0F, 
    0x9B, 0x38, 0x00, 0x00, 0x39, 0x64, 0x0A, 0x91, 0x5F, 0x00, 0x00, 0x92, 
    0x2D, 0x00, 0x00, 0x99, 0x2A, 0x00, 0x00, 0x90, 0x39, 0x00, 0x00, 0x99, 
    0x2A, 0x50, 0x00, 0x90, 0x3B, 0x64, 0x00, 0x91, 0x53, 0x64, 0x00, 0x92, 
    0x2D, 0x64, 0x05, 0x97, 0x53, 0x00, 0x00, 0x96, 0x65, 0x00, 0x00, 0x97, 
    0x4F, 0x64, 0x00, 0x96, 0x61, 0x64, 0x05, 0x9A, 0x4A, 0x00, 0x00, 0x39, 
    0x64, 0x0A, 0x9B, 0x39, 0x00, 0x00, 0x38, 0x64, 0x0A, 0x90, 0x3B, 0x00, 
    0x00, 0x99, 0x2A, 0x00, 0x00, 0x91, 0x53, 0x00, 0x00, 0x92, 0x2D, 0x00, 
    0x00, 0x99, 0x3B, 0x00, 0x00, 0x26, 0x64, 0x00, 0x3B, 0x7F, 0x00, 0x24, 
    0x64, 0x00, 0x2A, 0x5A, 0x00, 0x90, 0x38, 0x64, 0x05, 0x97, 0x4F, 0x00, 
    0x00, 0x96, 0x61, 0x00, 0x00, 0x97, 0x56, 0x64, 0x00, 0x96, 0x68, 0x64, 
    0x05, 0x9A, 0x39, 0x00, 0x00, 0x38, 0x64, 0x0A, 0x9B, 0x38, 0x00, 0x00, 
    0x39, 0x64, 0x0A, 0x99, 0x26, 0x00, 0x00, 0x2A, 0x00, 0x00, 0x24, 0x00, 
    0x00, 0x90, 0x38, 0x00, 0x00, 0x99, 0x26, 0x4B, 0x00, 0x2A, 0x7F, 0x00, 
    0x92, 0x2D, 0x64, 0x00, 0x90, 0x34, 0x64, 0x05, 0x97, 0x56, 0x00, 0x00, 
    0x96, 0x68, 0x00, 0x01, 0x97, 0x4F, 0x64, 0x00, 0x96, 0x61, 0x64, 0x04, 
    0x9A, 0x38, 0x00, 0x00, 0x39, 0x64, 0x0A, 0x9B, 0x39, 0x00, 0x00, 0x3B, 
    0x64, 0x0A, 0x99, 0x26, 0x00, 0x00, 0x92, 0x2D, 0x00, 0x00, 0x99, 0x2A, 
    0x00, 0x00, 0x2A, 0x64, 0x00, 0x92, 0x21, 0x64, 0x00, 0x99, 0x24, 0x64, 
    0x06, 0x97, 0x4F, 0x00, 0x00, 0x96, 0x61, 0x00, 0x00, 0x97, 0x5A, 0x64, 
    0x00, 0x96, 0x6C, 0x64, 0x04, 0x9A, 0x39, 0x00, 0x00, 0x38, 0x64, 0x0A, 
    0x9B, 0x3B, 0x00, 0x00, 0x38, 0x64, 0x0A, 0x90, 0x34, 0x00, 0x00, 0x99, 
    0x2A, 0x00, 0x00, 0x92, 0x21, 0x00, 0x00, 0x99, 0x24, 0x00, 0x00, 0x90, 
    0x39, 0x64, 0x00, 0x92, 0x2D, 0x64, 0x00, 0x99, 0x2A, 0x64, 0x00, 0x91, 
    0x53, 0x64, 0x06, 0x97, 0x5A, 0x00, 0x00, 0x96, 0x6C, 0x00, 0x00, 0x97, 
    0x53, 0x64, 0x00, 0x96, 0x65, 0x64, 0x04, 0x9A, 0x38, 0x00, 0x00, 0x39, 
    0x64, 0x0A, 0x9B, 0x38, 0x00, 0x00, 0x34, 0x64, 0x0A, 0x99, 0x3B, 0x00, 
    0x00, 0x92, 0x2D, 0x00, 0x00, 0x91, 0x53, 0x00, 0x00, 0x99, 0x2A, 0x00, 
    0x00, 0x91, 0x5F, 0x64, 0x00, 0x99, 0x2A, 0x64, 0x00, 0x3B, 0x7F, 0x00, 
    0x26, 0x64, 0x06, 0x97, 0x53, 0x00, 0x00, 0x96, 0x65, 0x00, 0x00, 0x97, 
    0x5A, 0x64, 0x00, 0x96, 0x6C, 0x64, 0x04, 0x9A, 0x39, 0x00, 0x00, 0x3B, 
    0x64, 0x14, 0x91, 0x5F, 0x00, 0x00, 0x99, 0x2A, 0x00, 0x00, 0x90, 0x39, 
    0x00, 0x00, 0x99, 0x26, 0x00, 0x00, 0x90, 0x38, 0x64, 0x00, 0x99, 0x2A, 
    0x64, 0x00, 0x92, 0x21, 0x64, 0x00, 0x99, 0x24, 0x64, 0x06, 0x97, 0x5A, 
    0x00, 0x00, 0x96, 0x6C, 0x00, 0x01, 0x97, 0x50, 0x64, 0x00, 0x96, 0x62, 
    0x64, 0x03, 0x9A, 0x3B, 0x00, 0x00, 0x38, 0x64, 0x0A, 0x9B, 0x34, 0x00, 
    0x00, 0x39, 0x64, 0x0A, 0x90, 0x38, 0x00, 0x00, 0x99, 0x2A, 0x00, 0x00, 
    0x92, 0x21, 0x00, 0x00, 0x99, 0x24, 0x00, 0x00, 0x2A, 0x7F, 0x00, 0x92, 
    0x2D, 0x64, 0x00, 0x91, 0x5F, 0x64, 0x00, 0x90, 0x39, 0x64, 0x07, 0x97, 
    0x50, 0x00, 0x00, 0x96, 0x62, 0x00, 0x00, 0x97, 0x52, 0x64, 0x00, 0x96, 
    0x64, 0x64, 0x03, 0x9A, 0x38, 0x00, 0x00, 0x34, 0x64, 0x14, 0x92, 0x2D, 
    0x00, 0x00, 0x99, 0x2A, 0x00, 0x00, 0x91, 0x5F, 0x00, 0x00, 0x90, 0x39, 
    0x00, 0x00, 0x92, 0x2D, 0x64, 0x00, 0x99, 0x2A, 0x64, 0x00, 0x91, 0x53, 
    0x64, 0x00, 0x90, 0x3D, 0x64, 0x07, 0x97, 0x52, 0x00, 0x00, 0x96, 0x64, 
    0x00, 0x00, 0x62, 0x64, 0x00, 0x97, 0x50, 0x64, 0x0D, 0x9B, 0x39, 0x00, 
    0x00, 0x38, 0x64, 0x0A, 0x92, 0x2D, 0x00, 0x00, 0x99, 0x3B, 0x00, 0x00, 
    0x91, 0x53, 0x00, 0x00, 0x90, 0x3D, 0x00, 0x00, 0x99, 0x2A, 0x00, 0x00, 
    0x3B, 0x7F, 0x00, 0x26, 0x64, 0x00, 0x90, 0x3E, 0x64, 0x00, 0x99, 0x24, 
    0x64, 0x00, 0x2A, 0x64, 0x07, 0x96, 0x62, 0x00, 0x00, 0x97, 0x50, 0x00, 
    0x00, 0x5A, 0x64, 0x00, 0x96, 0x6C, 0x64, 0x03, 0x9A, 0x34, 0x00, 0x00, 
    0x39, 0x64, 0x0A, 0x9B, 0x38, 0x00, 0x00, 0x39, 0x64, 0x0A, 0x99, 0x26, 
    0x00, 0x00, 0x2A, 0x00, 0x00, 0x24, 0x00, 0x00, 0x90, 0x3E, 0x00, 0x00, 
    0x40, 0x64, 0x00, 0x92, 0x2D, 0x64, 0x00, 0x99, 0x2E, 0x7F, 0x00, 0x26, 
    0x4B, 0x07, 0x97, 0x5A, 0x00, 0x00, 0x96, 0x6C, 0x00, 0x01, 0x97, 0x57, 
    0x64, 0x00, 0x96, 0x69, 0x64, 0x0C, 0x9B, 0x39, 0x00, 0x00, 0x3D, 0x64, 
    0x0A, 0x92, 0x2D, 0x00, 0x00, 0x99, 0x2A, 0x00, 0x00, 0x90, 0x40, 0x00, 
    0x00, 0x99, 0x26, 0x00, 0x00, 0x90, 0x40, 0x64, 0x00, 0x99, 0x2A, 0x7F, 
    0x00, 0x92, 0x23, 0x64, 0x00, 0x99, 0x24, 0x64, 0x08, 0x97, 0x57, 0x00, 
    0x00, 0x96, 0x69, 0x00, 0x00, 0x97, 0x5A, 0x64, 0x00, 0x96, 0x6C, 0x64, 
    0x02, 0x9A, 0x39, 0x00, 0x00, 0x38, 0x64, 0x0A, 0x9B, 0x3D, 0x00, 0x00, 
    0x3E, 0x64, 0x0A, 0x90, 0x40, 0x00, 0x00, 0x92, 0x23, 0x00, 0x00, 0x99, 
    0x24, 0x00, 0x00, 0x2A, 0x00, 0x00, 0x90, 0x3E, 0x64, 0x00, 0x99, 0x2A, 
    0x50, 0x00, 0x92, 0x2F, 0x64, 0x00, 0x91, 0x53, 0x64, 0x08, 0x97, 0x5A, 
    0x00, 0x00, 0x96, 0x6C, 0x00, 0x00, 0x97, 0x54, 0x64, 0x00, 0x96, 0x66, 
    0x64, 0x02, 0x9A, 0x38, 0x00, 0x00, 0x39, 0x64, 0x0A, 0x9B, 0x3E, 0x00, 
    0x00, 0x40, 0x64, 0x0A, 0x99, 0x3B, 0x00, 0x00, 0x2A, 0x00, 0x00, 0x92, 
    0x2F, 0x00, 0x00, 0x91, 0x53, 0x00, 0x00, 0x99, 0x3B, 0x7F, 0x00, 0x26, 
    0x64, 0x00, 0x2A, 0x5A, 0x00, 0x91, 0x5F, 0x64, 0x08, 0x97, 0x54, 0x00, 
    0x00, 0x96, 0x66, 0x00, 0x00, 0x62, 0x64, 0x00, 0x97, 0x50, 0x64, 0x02, 
    0x9A, 0x39, 0x00, 0x00, 0x3D, 0x64, 0x0A, 0x9B, 0x40, 0x00, 0x00, 0x40, 
    0x64, 0x0A, 0x99, 0x2E, 0x00, 0x00, 0x26, 0x00, 0x00, 0x91, 0x5F, 0x00, 
    0x00, 0x99, 0x2A, 0x64, 0x00, 0x92, 0x23, 0x64, 0x00, 0x99, 0x24, 0x64, 
    0x08, 0x96, 0x62, 0x00, 0x00, 0x97, 0x50, 0x00, 0x01, 0x56, 0x64, 0x00, 
    0x96, 0x68, 0x64, 0x01, 0x9A, 0x3D, 0x00, 0x00, 0x3E, 0x64, 0x0A, 0x9B, 
    0x40, 0x00, 0x00, 0x3E, 0x64, 0x0A, 0x92, 0x23, 0x00, 0x00, 0x99, 0x24, 
    0x00, 0x00, 0x2A, 0x00, 0x00, 0x92, 0x2F, 0x64, 0x00, 0x99, 0x2A, 0x7F, 
    0x00, 0x91, 0x5F, 0x64, 0x09, 0x97, 0x56, 0x00, 0x00, 0x96, 0x68, 0x00, 
    0x00, 0x66, 0x64, 0x00, 0x97, 0x54, 0x64, 0x01, 0x9A, 0x3E, 0x00, 0x00, 
    0x40, 0x64, 0x14, 0x99, 0x2A, 0x00, 0x00, 0x92, 0x2F, 0x00, 0x00, 0x91, 
    0x5F, 0x00, 0x00, 0x92, 0x2F, 0x64, 0x00, 0x91, 0x53, 0x64, 0x00, 0x99, 
    0x2A, 0x50, 0x09, 0x96, 0x66, 0x00, 0x00, 0x97, 0x54, 0x00, 0x00, 0x96, 
    0x67, 0x64, 0x00, 0x97, 0x55, 0x64, 0x01, 0x9A, 0x40, 0x00, 0x00, 0x40, 
    0x64, 0x14, 0x92, 0x2F, 0x00, 0x00, 0x90, 0x3E, 0x00, 0x00, 0x99, 0x3B, 
    0x00, 0x00, 0x91, 0x53, 0x00, 0x00, 0x99, 0x2A, 0x00, 0x00, 0x2A, 0x5A, 
    0x00, 0x90, 0x4A, 0x64, 0x00, 0x99, 0x3B, 0x7F, 0x00, 0x24, 0x64, 0x00, 
    0x26, 0x64, 0x09, 0x96, 0x67, 0x00, 0x00, 0x97, 0x55, 0x00, 0x00, 0x96, 
    0x63, 0x64, 0x00, 0x97, 0x51, 0x64, 0x01, 0x9A, 0x40, 0x00, 0x00, 0x3E, 
    0x64, 0x14, 0x99, 0x2A, 0x00, 0x00, 0x90, 0x4A, 0x00, 0x00, 0x99, 0x24, 
    0x00, 0x00, 0x26, 0x00, 0x00, 0x26, 0x4B, 0x00, 0x92, 0x2F, 0x64, 0x00, 
    0x99, 0x2A, 0x7F, 0x00, 0x90, 0x49, 0x64, 0x09, 0x96, 0x63, 0x00, 0x00, 
    0x97, 0x51, 0x00, 0x01, 0x53, 0x64, 0x00, 0x96, 0x65, 0x64, 0x14, 0x92, 
    0x2F, 0x00, 0x00, 0x99, 0x2A, 0x00, 0x00, 0x26, 0x00, 0x00, 0x90, 0x49, 
    0x00, 0x00, 0x4A, 0x64, 0x00, 0x99, 0x24, 0x64, 0x00, 0x92, 0x26, 0x64, 
    0x00, 0x99, 0x2A, 0x64, 0x0A, 0x97, 0x53, 0x00, 0x00, 0x96, 0x65, 0x00, 
    0x00, 0x97, 0x51, 0x64, 0x00, 0x96, 0x63, 0x64, 0x0A, 0x9B, 0x3E, 0x00, 
    0x00, 0x4A, 0x64, 0x0A, 0x92, 0x26, 0x00, 0x00, 0x99, 0x2A, 0x00, 0x00, 
    0x24, 0x00, 0x00, 0x90, 0x4A, 0x00, 0x00, 0x4C, 0x64, 0x00, 0x91, 0x53, 
    0x64, 0x00, 0x92, 0x32, 0x64, 0x00, 0x99, 0x2A, 0x64, 0x0A, 0x97, 0x51, 
    0x00, 0x00, 0x96, 0x63, 0x00, 0x00, 0x97, 0x57, 0x64, 0x00, 0x96, 0x69, 
    0x64, 0x0A, 0x9B, 0x4A, 0x00, 0x00, 0x49, 0x64, 0x0A, 0x91, 0x53, 0x00, 
    0x00, 0x90, 0x4C, 0x00, 0x00, 0x99, 0x2A, 0x00, 0x00, 0x92, 0x32, 0x00, 
    0x00, 0x99, 0x3B, 0x00, 0x00, 0x3B, 0x7F, 0x00, 0x91, 0x5F, 0x64, 0x00, 
    0x99, 0x2A, 0x64, 0x00, 0x26, 0x64, 0x00, 0x90, 0x49, 0x64, 0x0A, 0x97, 
    0x57, 0x00, 0x00, 0x96, 0x69, 0x00, 0x00, 0x62, 0x64, 0x00, 0x97, 0x50, 
    0x64, 0x0A, 0x9B, 0x49, 0x00, 0x00, 0x4A, 0x64, 0x0A, 0x91, 0x5F, 0x00, 
    0x00, 0x99, 0x2A, 0x00, 0x00, 0x26, 0x00, 0x00, 0x90, 0x49, 0x00, 0x00, 
    0x92, 0x26, 0x64, 0x00, 0x90, 0x47, 0x64, 0x00, 0x99, 0x24, 0x64, 0x00, 
    0x2A, 0x64, 0x0A, 0x9A, 0x3E, 0x00, 0x00, 0x96, 0x62, 0x00, 0x00, 0x97, 
    0x50, 0x00, 0x00, 0x9A, 0x4A, 0x64, 0x01, 0x96, 0x65, 0x64, 0x00, 0x97, 
    0x53, 0x64, 0x09, 0x9B, 0x4A, 0x00, 0x00, 0x4C, 0x64, 0x0A, 0x92, 0x26, 
    0x00, 0x00, 0x99, 0x24, 0x00, 0x00, 0x2A, 0x00, 0x00, 0x2A, 0x7F, 0x00, 
    0x92, 0x32, 0x64, 0x00, 0x91, 0x5F, 0x64, 0x0A, 0x9A, 0x4A, 0x00, 0x00, 
    0x49, 0x64, 0x01, 0x96, 0x65, 0x00, 0x00, 0x97, 0x53, 0x00, 0x00, 0x96, 
    0x60, 0x64, 0x00, 0x97, 0x4E, 0x64, 0x09, 0x9B, 0x4C, 0x00, 0x00, 0x49, 
    0x64, 0x0A, 0x91, 0x5F, 0x00, 0x00, 0x99, 0x2A, 0x00, 0x00, 0x92, 0x32, 
    0x00, 0x00, 0x90, 0x47, 0x00, 0x00, 0x91, 0x53, 0x64, 0x00, 0x92, 0x32, 
    0x64, 0x00, 0x99, 0x2A, 0x64, 0x00, 0x90, 0x47, 0x64, 0x0A, 0x9A, 0x49, 
    0x00, 0x00, 0x4A, 0x64, 0x01, 0x97, 0x4E, 0x00, 0x00, 0x96, 0x60, 0x00, 
    0x00, 0x67, 0x64, 0x00, 0x97, 0x55, 0x64, 0x09, 0x9B, 0x49, 0x00, 0x00, 
    0x47, 0x64, 0x0A, 0x99, 0x3B, 0x00, 0x00, 0x91, 0x53, 0x00, 0x00, 0x92, 
    0x32, 0x00, 0x00, 0x90, 0x47, 0x00, 0x00, 0x99, 0x2A, 0x00, 0x00, 0x24, 
    0x64, 0x00, 0x3B, 0x7F, 0x00, 0x26, 0x64, 0x00, 0x90, 0x4A, 0x64, 0x00, 
    0x99, 0x2A, 0x64, 0x0A, 0x9A, 0x4A, 0x00, 0x00, 0x4C, 0x64, 0x01, 0x97, 
    0x55, 0x00, 0x00, 0x96, 0x67, 0x00, 0x00, 0x97, 0x56, 0x64, 0x00, 0x96, 
    0x68, 0x64, 0x13, 0x99, 0x24, 0x00, 0x00, 0x26, 0x00, 0x00, 0x2A, 0x00, 
    0x00, 0x2E, 0x7F, 0x00, 0x26, 0x4B, 0x00, 0x92, 0x32, 0x64, 0x0A, 0x9A, 
    0x4C, 0x00, 0x00, 0x49, 0x64, 0x01, 0x96, 0x68, 0x00, 0x00, 0x97, 0x56, 
    0x00, 0x01, 0x57, 0x64, 0x00, 0x96, 0x69, 0x64, 0x08, 0x9B, 0x47, 0x00, 
    0x00, 0x47, 0x64, 0x0A, 0x99, 0x2A, 0x00, 0x00, 0x26, 0x00, 0x00, 0x92, 
    0x32, 0x00, 0x00, 0x90, 0x4A, 0x00, 0x00, 0x39, 0x64, 0x00, 0x99, 0x2A, 
    0x7F, 0x00, 0x24, 0x64, 0x00, 0x92, 0x28, 0x64, 0x0A, 0x9A, 0x49, 0x00, 
    0x00, 0x47, 0x64, 0x02, 0x96, 0x69, 0x00, 0x00, 0x97, 0x57, 0x00, 0x08, 
    0x9B, 0x47, 0x00, 0x00, 0x4A, 0x64, 0x06, 0x96, 0x68, 0x64, 0x00, 0x97, 
    0x56, 0x64, 0x04, 0x90, 0x39, 0x00, 0x00, 0x99, 0x24, 0x00, 0x00, 0x92, 
    0x28, 0x00, 0x00, 0x99, 0x2A, 0x00, 0x00, 0x92, 0x34, 0x64, 0x00, 0x90, 
    0x38, 0x64, 0x00, 0x99, 0x2A, 0x50, 0x00, 0x91, 0x53, 0x64, 0x1A, 0x96, 
    0x68, 0x00, 0x00, 0x97, 0x56, 0x00, 0x00, 0x55, 0x64, 0x00, 0x96, 0x67, 
    0x64, 0x04, 0x90, 0x38, 0x00, 0x00, 0x99, 0x3B, 0x00, 0x00, 0x2A, 0x00, 
    0x00, 0x92, 0x34, 0x00, 0x00, 0x91, 0x53, 0x00, 0x00, 0x99, 0x2A, 0x5A, 
    0x00, 0x3B, 0x7F, 0x00, 0x90, 0x34, 0x64, 0x00, 0x99, 0x26, 0x64, 0x00, 
    0x91, 0x5F, 0x64, 0x0A, 0x9A, 0x47, 0x00, 0x00, 0x47, 0x64, 0x0A, 0x9B, 
    0x4A, 0x00, 0x00, 0x39, 0x64, 0x06, 0x97, 0x55, 0x00, 0x00, 0x96, 0x67, 
    0x00, 0x01, 0x69, 0x64, 0x00, 0x97, 0x57, 0x64, 0x03, 0x90, 0x34, 0x00, 
    0x00, 0x99, 0x2E, 0x00, 0x00, 0x26, 0x00, 0x00, 0x91, 0x5F, 0x00, 0x00, 
    0x99, 0x2A, 0x64, 0x00, 0x92, 0x28, 0x64, 0x00, 0x90, 0x32, 0x64, 0x00, 
    0x99, 0x24, 0x64, 0x0A, 0x9A, 0x47, 0x00, 0x00, 0x4A, 0x64, 0x0A, 0x9B, 
    0x39, 0x00, 0x00, 0x38, 0x64, 0x07, 0x96, 0x69, 0x00, 0x00, 0x97, 0x57, 
    0x00, 0x00, 0x4F, 0x64, 0x00, 0x96, 0x61, 0x64, 0x03, 0x92, 0x28, 0x00, 
    0x00, 0x90, 0x32, 0x00, 0x00, 0x99, 0x2A, 0x00, 0x00, 0x24, 0x00, 0x00, 
    0x90, 0x34, 0x64, 0x00, 0x91, 0x5F, 0x64, 0x00, 0x99, 0x2A, 0x7F, 0x00, 
    0x92, 0x34, 0x64, 0x14, 0x9B, 0x38, 0x00, 0x00, 0x34, 0x64, 0x07, 0x96, 
    0x61, 0x00, 0x00, 0x97, 0x4F, 0x00, 0x00, 0x96, 0x66, 0x64, 0x00, 0x97, 
    0x54, 0x64, 0x03, 0x90, 0x34, 0x00, 0x00, 0x91, 0x5F, 0x00, 0x00, 0x92, 
    0x34, 0x00, 0x00, 0x99, 0x2A, 0x00, 0x00, 0x92, 0x34, 0x64, 0x00, 0x90, 
    0x32, 0x64, 0x00, 0x99, 0x2A, 0x50, 0x00, 0x91, 0x53, 0x64, 0x0A, 0x9A, 
    0x4A, 0x00, 0x00, 0x39, 0x64, 0x0A, 0x9B, 0x34, 0x00, 0x00, 0x32, 0x64, 
    0x07, 0x97, 0x54, 0x00, 0x00, 0x96, 0x66, 0x00, 0x00, 0x97, 0x52, 0x64, 
    0x00, 0x96, 0x64, 0x64, 0x03, 0x92, 0x34, 0x00, 0x00, 0x99, 0x2A, 0x00, 
    0x00, 0x3B, 0x00, 0x00, 0x91, 0x53, 0x00, 0x00, 0x99, 0x26, 0x64, 0x00, 
    0x3B, 0x7F, 0x00, 0x2A, 0x5A, 0x00, 0x24, 0x64, 0x0A, 0x9A, 0x39, 0x00, 
    0x00, 0x38, 0x64, 0x0A, 0x9B, 0x32, 0x00, 0x00, 0x34, 0x64, 0x07, 0x96, 
    0x64, 0x00, 0x00, 0x97, 0x52, 0x00, 0x01, 0x96, 0x67, 0x64, 0x00, 0x97, 
    0x55, 0x64, 0x02, 0x90, 0x32, 0x00, 0x00, 0x99, 0x26, 0x00, 0x00, 0x24, 
    0x00, 0x00, 0x2A, 0x00, 0x00, 0x92, 0x34, 0x64, 0x00, 0x99, 0x26, 0x4B, 
    0x00, 0x90, 0x34, 0x64, 0x00, 0x99, 0x2A, 0x7F, 0x0A, 0x9A, 0x38, 0x00, 
    0x00, 0x34, 0x64, 0x0A, 0x9B, 0x34, 0x00, 0x00, 0x32, 0x64, 0x08, 0x97, 
    0x55, 0x00, 0x00, 0x96, 0x67, 0x00, 0x00, 0x69, 0x64, 0x00, 0x97, 0x57, 
    0x64, 0x02, 0x92, 0x34, 0x00, 0x00, 0x99, 0x2A, 0x00, 0x00, 0x26, 0x00, 
    0x00, 0x92, 0x28, 0x64, 0x00, 0x99, 0x24, 0x64, 0x00, 0x2A, 0x64, 0x0A, 
    0x9A, 0x34, 0x00, 0x00, 0x32, 0x64, 0x12, 0x96, 0x69, 0x00, 0x00, 0x97, 
    0x57, 0x00, 0x00, 0x96, 0x67, 0x64, 0x00, 0x97, 0x55, 0x64, 0x02, 0x92, 
    0x28, 0x00, 0x00, 0x90, 0x34, 0x00, 0x00, 0x99, 0x24, 0x00, 0x00, 0x2A, 
    0x00, 0x00, 0x2A, 0x64, 0x00, 0x90, 0x38, 0x64, 0x00, 0x92, 0x34, 0x64, 
    0x00, 0x91, 0x53, 0x64, 0x0A, 0x9A, 0x32, 0x00, 0x00, 0x34, 0x64, 0x0A, 
    0x9B, 0x32, 0x00, 0x00, 0x34, 0x64, 0x08, 0x96, 0x67, 0x00, 0x00, 0x97, 
    0x55, 0x00, 0x00, 0x96, 0x62, 0x64, 0x00, 0x97, 0x50, 0x64, 0x02, 0x92, 
    0x34, 0x00, 0x00, 0x99, 0x2A, 0x00, 0x00, 0x3B, 0x00, 0x00, 0x91, 0x53, 
    0x00, 0x00, 0x99, 0x2A, 0x64, 0x00, 0x91, 0x5F, 0x64, 0x00, 0x99, 0x3B, 
    0x7F, 0x00, 0x26, 0x64, 0x0A, 0x9A, 0x34, 0x00, 0x00, 0x32, 0x64, 0x12, 
    0x96, 0x62, 0x00, 0x00, 0x97, 0x50, 0x00, 0x01, 0x96, 0x63, 0x64, 0x00, 
    0x97, 0x51, 0x64, 0x01, 0x90, 0x38, 0x00, 0x00, 0x91, 0x5F, 0x00, 0x00, 
    0x99, 0x26, 0x00, 0x00, 0x2A, 0x00, 0x00, 0x24, 0x64, 0x00, 0x90, 0x34, 
    0x64, 0x00, 0x99, 0x2A, 0x64, 0x00, 0x92, 0x28, 0x64, 0x14, 0x9B, 0x34, 
    0x00, 0x00, 0x38, 0x64, 0x09, 0x96, 0x63, 0x00, 0x00, 0x97, 0x51, 0x00, 
    0x00, 0x59, 0x64, 0x00, 0x96, 0x6B, 0x64, 0x01, 0x99, 0x24, 0x00, 0x00, 
    0x2A, 0x00, 0x00, 0x90, 0x34, 0x00, 0x00, 0x92, 0x28, 0x00, 0x00, 0x91, 
    0x5F, 0x64, 0x00, 0x99, 0x2A, 0x7F, 0x00, 0x92, 0x34, 0x64, 0x00, 0x90, 
    0x39, 0x64, 0x0A, 0x9A, 0x32, 0x00, 0x00, 0x34, 0x64, 0x13, 0x97, 0x59, 
    0x00, 0x00, 0x96, 0x6B, 0x00, 0x00, 0x97, 0x55, 0x64, 0x00, 0x96, 0x67, 
    0x64, 0x01, 0x91, 0x5F, 0x00, 0x00, 0x92, 0x34, 0x00, 0x00, 0x90, 0x39, 
    0x00, 0x00, 0x99, 0x2A, 0x00, 0x00, 0x92, 0x34, 0x64, 0x00, 0x99, 0x2A, 
    0x64, 0x00, 0x90, 0x38, 0x64, 0x00, 0x91, 0x53, 0x64, 0x14, 0x9B, 0x38, 
    0x00, 0x00, 0x34, 0x64, 0x09, 0x97, 0x55, 0x00, 0x00, 0x96, 0x67, 0x00, 
    0x00, 0x69, 0x64, 0x00, 0x97, 0x57, 0x64, 0x01, 0x92, 0x34, 0x00, 0x00, 
    0x99, 0x2A, 0x00, 0x00, 0x90, 0x38, 0x00, 0x00, 0x91, 0x53, 0x00, 0x00, 
    0x99, 0x3B, 0x00, 0x00, 0x3B, 0x7F, 0x00, 0x90, 0x34, 0x64, 0x00, 0x99, 
    0x2A, 0x64, 0x00, 0x24, 0x64, 0x00, 0x26, 0x64, 0x0A, 0x9A, 0x34, 0x00, 
    0x00, 0x38, 0x64, 0x0A, 0x9B, 0x34, 0x00, 0x00, 0x39, 0x64, 0x09, 0x96, 
    0x69, 0x00, 0x00, 0x97, 0x57, 0x00, 0x01, 0x90, 0x34, 0x00, 0x00, 0x99, 
    0x2A, 0x00, 0x00, 0x24, 0x00, 0x00, 0x26, 0x00, 0x00, 0x90, 0x32, 0x64, 
    0x00, 0x99, 0x26, 0x4B, 0x00, 0x97, 0x50, 0x64, 0x00, 0x96, 0x62, 0x64, 
    0x00, 0x99, 0x2E, 0x7F, 0x00, 0x92, 0x34, 0x64, 0x14, 0x9B, 0x39, 0x00, 
    0x00, 0x38, 0x64, 0x0A, 0x96, 0x62, 0x00, 0x00, 0x99, 0x26, 0x00, 0x00, 
    0x2A, 0x00, 0x00, 0x97, 0x50, 0x00, 0x00, 0x92, 0x34, 0x00, 0x00, 0x90, 
    0x32, 0x00, 0x00, 0x32, 0x64, 0x00, 0x96, 0x64, 0x64, 0x00, 0x92, 0x23, 
    0x64, 0x00, 0x99, 0x24, 0x64, 0x00, 0x97, 0x52, 0x64, 0x00, 0x99, 0x2A, 
    0x7F, 0x0A, 0x9A, 0x38, 0x00, 0x00, 0x34, 0x64, 0x0A, 0x9B, 0x38, 0x00, 
    0x00, 0x34, 0x64, 0x0A, 0x92, 0x23, 0x00, 0x00, 0x96, 0x64, 0x00, 0x00, 
    0x97, 0x52, 0x00, 0x00, 0x99, 0x24, 0x00, 0x00, 0x90, 0x32, 0x00, 0x00, 
    0x99, 0x2A, 0x00, 0x00, 0x97, 0x55, 0x64, 0x00, 0x92, 0x2F, 0x64, 0x00, 
    0x91, 0x53, 0x64, 0x00, 0x99, 0x2A, 0x50, 0x00, 0x90, 0x34, 0x64, 0x00, 
    0x96, 0x67, 0x64, 0x0A, 0x9A, 0x34, 0x00, 0x00, 0x39, 0x64, 0x0A, 0x9B, 
    0x34, 0x00, 0x00, 0x32, 0x64, 0x0A, 0x91, 0x53, 0x00, 0x00, 0x99, 0x3B, 
    0x00, 0x00, 0x92, 0x2F, 0x00, 0x00, 0x99, 0x2A, 0x00, 0x00, 0x96, 0x67, 
    0x00, 0x00, 0x97, 0x55, 0x00, 0x00, 0x96, 0x69, 0x64, 0x00, 0x97, 0x57, 
    0x64, 0x00, 0x91, 0x5F, 0x64, 0x00, 0x99, 0x26, 0x64, 0x00, 0x3B, 0x7F, 
    0x00, 0x2A, 0x5A, 0x0A, 0x9A, 0x39, 0x00, 0x00, 0x38, 0x64, 0x0A, 0x9B, 
    0x32, 0x00, 0x00, 0x32, 0x64, 0x0A, 0x91, 0x5F, 0x00, 0x00, 0x97, 0x57, 
    0x00, 0x00, 0x99, 0x26, 0x00, 0x00, 0x96, 0x69, 0x00, 0x00, 0x99, 0x2E, 
    0x00, 0x00, 0x24, 0x64, 0x00, 0x2A, 0x64, 0x00, 0x92, 0x23, 0x64, 0x01, 
    0x96, 0x68, 0x64, 0x00, 0x97, 0x56, 0x64, 0x09, 0x9A, 0x38, 0x00, 0x00, 
    0x34, 0x64, 0x0A, 0x9B, 0x32, 0x00, 0x00, 0x34, 0x64, 0x0A, 0x99, 0x24, 
    0x00, 0x00, 0x2A, 0x00, 0x00, 0x92, 0x23, 0x00, 0x00, 0x91, 0x5F, 0x64, 
    0x00, 0x92, 0x2F, 0x64, 0x00, 0x99, 0x2A, 0x7F, 0x01, 0x96, 0x68, 0x00, 
    0x00, 0x97, 0x56, 0x00, 0x00, 0x96, 0x6A, 0x64, 0x00, 0x97, 0x58, 0x64, 
    0x09, 0x9A, 0x34, 0x00, 0x00, 0x32, 0x64, 0x14, 0x92, 0x2F, 0x00, 0x00, 
    0x91, 0x5F, 0x00, 0x00, 0x99, 0x2A, 0x00, 0x00, 0x91, 0x53, 0x64, 0x00, 
    0x99, 0x2A, 0x50, 0x00, 0x92, 0x2F, 0x64, 0x01, 0x96, 0x6A, 0x00, 0x00, 
    0x97, 0x58, 0x00, 0x00, 0x59, 0x64, 0x00, 0x96, 0x6B, 0x64, 0x09, 0x9A, 
    0x32, 0x00, 0x00, 0x32, 0x64, 0x14, 0x99, 0x2A, 0x00, 0x00, 0x90, 0x34, 
    0x00, 0x00, 0x91, 0x53, 0x00, 0x00, 0x92, 0x2F, 0x00, 0x00, 0x99, 0x3B, 
    0x00, 0x00, 0x24, 0x64, 0x00, 0x3B, 0x7F, 0x00, 0x90, 0x4A, 0x64, 0x00, 
    0x99, 0x26, 0x64, 0x00, 0x2A, 0x5A, 0x01, 0x97, 0x59, 0x00, 0x00, 0x96, 
    0x6B, 0x00, 0x00, 0x97, 0x56, 0x64, 0x00, 0x96, 0x68, 0x64, 0x09, 0x9A, 
    0x32, 0x00, 0x00, 0x34, 0x64, 0x14, 0x90, 0x4A, 0x00, 0x00, 0x99, 0x24, 
    0x00, 0x00, 0x2A, 0x00, 0x00, 0x26, 0x00, 0x00, 0x26, 0x4B, 0x00, 0x90, 
    0x49, 0x64, 0x00, 0x99, 0x2A, 0x7F, 0x00, 0x92, 0x2F, 0x64, 0x01, 0x97, 
    0x56, 0x00, 0x00, 0x96, 0x68, 0x00, 0x01, 0x67, 0x64, 0x00, 0x97, 0x55, 
    0x64, 0x1C, 0x90, 0x49, 0x00, 0x00, 0x99, 0x26, 0x00, 0x00, 0x2A, 0x00, 
    0x00, 0x92, 0x2F, 0x00, 0x00, 0x90, 0x4A, 0x64, 0x00, 0x99, 0x2A, 0x64, 
    0x00, 0x92, 0x26, 0x64, 0x00, 0x99, 0x24, 0x64, 0x02, 0x97, 0x55, 0x00, 
    0x00, 0x96, 0x67, 0x00, 0x00, 0x66, 0x64, 0x00, 0x97, 0x54, 0x64, 0x12, 
    0x9B, 0x34, 0x00, 0x00, 0x4A, 0x64, 0x0A, 0x90, 0x4A, 0x00, 0x00, 0x99, 
    0x2A, 0x00, 0x00, 0x92, 0x26, 0x00, 0x00, 0x99, 0x24, 0x00, 0x00, 0x91, 
    0x53, 0x64, 0x00, 0x99, 0x2A, 0x64, 0x00, 0x92, 0x32, 0x64, 0x00, 0x90, 
    0x4C, 0x64, 0x02, 0x96, 0x66, 0x00, 0x00, 0x97, 0x54, 0x00, 0x00, 0x53, 
    0x64, 0x00, 0x96, 0x65, 0x64, 0x12, 0x9B, 0x4A, 0x00, 0x00, 0x49, 0x64, 
    0x0A, 0x99, 0x3B, 0x00, 0x00, 0x91, 0x53, 0x00, 0x00, 0x99, 0x2A, 0x00, 
    0x00, 0x92, 0x32, 0x00, 0x00, 0x90, 0x4C, 0x00, 0x00, 0x99, 0x3B, 0x7F, 
    0x00, 0x26, 0x64, 0x00, 0x91, 0x5F, 0x64, 0x00, 0x90, 0x49, 0x64, 0x00, 
    0x99, 0x2A, 0x64, 0x02, 0x97, 0x53, 0x00, 0x00, 0x96, 0x65, 0x00, 0x00, 
    0x97, 0x55, 0x64, 0x00, 0x96, 0x67, 0x64, 0x12, 0x9B, 0x49, 0x00, 0x00, 
    0x4A, 0x64, 0x0A, 0x91, 0x5F, 0x00, 0x00, 0x99, 0x26, 0x00, 0x00, 0x90, 
    0x49, 0x00, 0x00, 0x99, 0x2A, 0x00, 0x00, 0x90, 0x47, 0x64, 0x00, 0x92, 
    0x26, 0x64, 0x00, 0x99, 0x24, 0x64, 0x00, 0x2A, 0x64, 0x02, 0x97, 0x55, 
    0x00, 0x00, 0x96, 0x67, 0x00, 0x01, 0x68, 0x64, 0x00, 0x97, 0x56, 0x64, 
    0x07, 0x9A, 0x34, 0x00, 0x00, 0x4A, 0x64, 0x0A, 0x9B, 0x4A, 0x00, 0x00, 
    0x4C, 0x64, 0x0A, 0x99, 0x2A, 0x00, 0x00, 0x24, 0x00, 0x00, 0x92, 0x26, 
    0x00, 0x00, 0x99, 0x2A, 0x7F, 0x00, 0x91, 0x5F, 0x64, 0x00, 0x92, 0x32, 
    0x64, 0x03, 0x96, 0x68, 0x00, 0x00, 0x97, 0x56, 0x00, 0x00, 0x50, 0x64, 
    0x00, 0x96, 0x62, 0x64, 0x07, 0x9A, 0x4A, 0x00, 0x00, 0x49, 0x64, 0x0A, 
    0x9B, 0x4C, 0x00, 0x00, 0x49, 0x64, 0x0A, 0x90, 0x47, 0x00, 0x00, 0x91, 
    0x5F, 0x00, 0x00, 0x99, 0x2A, 0x00, 0x00, 0x92, 0x32, 0x00, 0x00, 0x99, 
    0x2A, 0x64, 0x00, 0x91, 0x53, 0x64, 0x00, 0x90, 0x47, 0x64, 0x00, 0x92, 
    0x32, 0x64, 0x03, 0x96, 0x62, 0x00, 0x00, 0x97, 0x50, 0x00, 0x00, 0x53, 
    0x64, 0x00, 0x96, 0x65, 0x64, 0x07, 0x9A, 0x49, 0x00, 0x00, 0x4A, 0x64, 
    0x0A, 0x9B, 0x49, 0x00, 0x00, 0x47, 0x64, 0x0A, 0x99, 0x3B, 0x00, 0x00, 
    0x90, 0x47, 0x00, 0x00, 0x91, 0x53, 0x00, 0x00, 0x92, 0x32, 0x00, 0x00, 
    0x99, 0x2A, 0x00, 0x00, 0x2A, 0x64, 0x00, 0x90, 0x4A, 0x64, 0x00, 0x99, 
    0x3B, 0x7F, 0x00, 0x24, 0x64, 0x00, 0x26, 0x64, 0x03, 0x96, 0x65, 0x00, 
    0x00, 0x97, 0x53, 0x00, 0x00, 0x96, 0x69, 0x64, 0x00, 0x97, 0x57, 0x64, 
    0x07, 0x9A, 0x4A, 0x00, 0x00, 0x4C, 0x64, 0x14, 0x99, 0x24, 0x00, 0x00, 
    0x26, 0x00, 0x00, 0x2A, 0x00, 0x00, 0x92, 0x32, 0x64, 0x00, 0x99, 0x26, 
    0x4B, 0x00, 0x2E, 0x7F, 0x03, 0x96, 0x69, 0x00, 0x00, 0x97, 0x57, 0x00, 
    0x01, 0x96, 0x62, 0x64, 0x00, 0x97, 0x50, 0x64, 0x06, 0x9A, 0x4C, 0x00, 
    0x00, 0x49, 0x64, 0x0A, 0x9B, 0x47, 0x00, 0x00, 0x47, 0x64, 0x0A, 0x90, 
    0x4A, 0x00, 0x00, 0x99, 0x26, 0x00, 0x00, 0x2A, 0x00, 0x00, 0x92, 0x32, 
    0x00, 0x00, 0x21, 0x64, 0x00, 0x99, 0x2A, 0x7F, 0x00, 0x90, 0x39, 0x64, 
    0x00, 0x99, 0x24, 0x64, 0x04, 0x96, 0x62, 0x00, 0x00, 0x97, 0x50, 0x00, 
    0x00, 0x96, 0x63, 0x64, 0x00, 0x97, 0x51, 0x64, 0x06, 0x9A, 0x49, 0x00, 
    0x00, 0x47, 0x64, 0x0A, 0x9B, 0x47, 0x00, 0x00, 0x4A, 0x64, 0x0A, 0x92, 
    0x21, 0x00, 0x00, 0x99, 0x2A, 0x00, 0x00, 0x90, 0x39, 0x00, 0x00, 0x99, 
    0x24, 0x00, 0x00, 0x2A, 0x50, 0x00, 0x90, 0x38, 0x64, 0x00, 0x91, 0x53, 
    0x64, 0x00, 0x92, 0x2D, 0x64, 0x04, 0x96, 0x63, 0x00, 0x00, 0x97, 0x51, 
    0x00, 0x00, 0x96, 0x6B, 0x64, 0x00, 0x97, 0x59, 0x64, 0x1A, 0x99, 0x3B, 
    0x00, 0x00, 0x91, 0x53, 0x00, 0x00, 0x99, 0x2A, 0x00, 0x00, 0x90, 0x38, 
    0x00, 0x00, 0x92, 0x2D, 0x00, 0x00, 0x99, 0x2A, 0x5A, 0x00, 0x91, 0x5F, 
    0x64, 0x00, 0x90, 0x39, 0x64, 0x00, 0x99, 0x26, 0x64, 0x00, 0x3B, 0x7F, 
    0x04, 0x96, 0x6B, 0x00, 0x00, 0x97, 0x59, 0x00, 0x00, 0x96, 0x60, 0x64, 
    0x00, 0x97, 0x4E, 0x64, 0x06, 0x9A, 0x47, 0x00, 0x00, 0x47, 0x64, 0x0A, 
    0x9B, 0x4A, 0x00, 0x00, 0x39, 0x64, 0x0A, 0x91, 0x5F, 0x00, 0x00, 0x99, 
    0x26, 0x00, 0x00, 0x90, 0x39, 0x00, 0x00, 0x99, 0x2E, 0x00, 0x00, 0x90, 
    0x38, 0x64, 0x00, 0x92, 0x21, 0x64, 0x00, 0x99, 0x24, 0x64, 0x00, 0x2A, 
    0x64, 0x04, 0x96, 0x60, 0x00, 0x00, 0x97, 0x4E, 0x00, 0x01, 0x5A, 0x64, 
    0x00, 0x96, 0x6C, 0x64, 0x05, 0x9A, 0x47, 0x00, 0x00, 0x4A, 0x64, 0x0A, 
    0x9B, 0x39, 0x00, 0x00, 0x38, 0x64, 0x0A, 0x92, 0x21, 0x00, 0x00, 0x90, 
    0x38, 0x00, 0x00, 0x99, 0x2A, 0x00, 0x00, 0x24, 0x00, 0x00, 0x91, 0x5F, 
    0x64, 0x00, 0x99, 0x2A, 0x7F, 0x00, 0x90, 0x39, 0x64, 0x00, 0x92, 0x2D, 
    0x64, 0x05, 0x97, 0x5A, 0x00, 0x00, 0x96, 0x6C, 0x00, 0x00, 0x97, 0x53, 
    0x64, 0x00, 0x96, 0x65, 0x64, 0x0F, 0x9B, 0x38, 0x00, 0x00, 0x39, 0x64, 
    0x0A, 0x90, 0x39, 0x00, 0x00, 0x99, 0x2A, 0x00, 0x00, 0x91, 0x5F, 0x00, 
    0x00, 0x92, 0x2D, 0x00, 0x00, 0x2D, 0x64, 0x00, 0x91, 0x53, 0x64, 0x00, 
    0x90, 0x3B, 0x64, 0x00, 0x99, 0x2A, 0x50, 0x05, 0x97, 0x53, 0x00, 0x00, 
    0x96, 0x65, 0x00, 0x00, 0x61, 0x64, 0x00, 0x97, 0x4F, 0x64, 0x05, 0x9A, 
    0x4A, 0x00, 0x00, 0x39, 0x64, 0x0A, 0x9B, 0x39, 0x00, 0x00, 0x38, 0x64, 
    0x0A, 0x92, 0x2D, 0x00, 0x00, 0x99, 0x2A, 0x00, 0x00, 0x90, 0x3B, 0x00, 
    0x00, 0x91, 0x53, 0x00, 0x00, 0x99, 0x3B, 0x00, 0x00, 0x2A, 0x5A, 0x00, 
    0x3B, 0x7F, 0x00, 0x24, 0x64, 0x00, 0x26, 0x64, 0x00, 0x90, 0x38, 0x64, 
    0x05, 0x96, 0x61, 0x00, 0x00, 0x97, 0x4F, 0x00, 0x00, 0x56, 0x64, 0x00, 
    0x96, 0x68, 0x64, 0x05, 0x9A, 0x39, 0x00, 0x00, 0x38, 0x64, 0x0A, 0x9B, 
    0x38, 0x00, 0x00, 0x39, 0x64, 0x0A, 0x99, 0x2A, 0x00, 0x00, 0x26, 0x00, 
    0x00, 0x24, 0x00, 0x00, 0x90, 0x38, 0x00, 0x00, 0x99, 0x26, 0x4B, 0x00, 
    0x2A, 0x7F, 0x00, 0x90, 0x34, 0x64, 0x00, 0x92, 0x2D, 0x64, 0x05, 0x97, 
    0x56, 0x00, 0x00, 0x96, 0x68, 0x00, 0x01, 0x97, 0x4F, 0x64, 0x00, 0x96, 
    0x61, 0x64, 0x04, 0x9A, 0x38, 0x00, 0x00, 0x39, 0x64, 0x0A, 0x9B, 0x39, 
    0x00, 0x00, 0x3B, 0x64, 0x0A, 0x99, 0x26, 0x00, 0x00, 0x2A, 0x00, 0x00, 
    0x92, 0x2D, 0x00, 0x00, 0x21, 0x64, 0x00, 0x99, 0x24, 0x64, 0x00, 0x2A, 
    0x64, 0x06, 0x97, 0x4F, 0x00, 0x00, 0x96, 0x61, 0x00, 0x00, 0x97, 0x5A, 
    0x64, 0x00, 0x96, 0x6C, 0x64, 0x04, 0x9A, 0x39, 0x00, 0x00, 0x38, 0x64, 
    0x0A, 0x9B, 0x3B, 0x00, 0x00, 0x38, 0x64, 0x0A, 0x99, 0x24, 0x00, 0x00, 
    0x92, 0x21, 0x00, 0x00, 0x90, 0x34, 0x00, 0x00, 0x99, 0x2A, 0x00, 0x00, 
    0x2A, 0x64, 0x00, 0x91, 0x53, 0x64, 0x00, 0x92, 0x2D, 0x64, 0x00, 0x90, 
    0x39, 0x64, 0x06, 0x97, 0x5A, 0x00, 0x00, 0x96, 0x6C, 0x00, 0x00, 0x97, 
    0x53, 0x64, 0x00, 0x96, 0x65, 0x64, 0x04, 0x9A, 0x38, 0x00, 0x00, 0x39, 
    0x64, 0x0A, 0x9B, 0x38, 0x00, 0x00, 0x34, 0x64, 0x0A, 0x91, 0x53, 0x00, 
    0x00, 0x99, 0x2A, 0x00, 0x00, 0x92, 0x2D, 0x00, 0x00, 0x99, 0x3B, 0x00, 
    0x00, 0x2A, 0x64, 0x00, 0x26, 0x64, 0x00, 0x3B, 0x7F, 0x00, 0x91, 0x5F, 
    0x64, 0x06, 0x97, 0x53, 0x00, 0x00, 0x96, 0x65, 0x00, 0x00, 0x97, 0x5A, 
    0x64, 0x00, 0x96, 0x6C, 0x64, 0x04, 0x9A, 0x39, 0x00, 0x00, 0x3B, 0x64, 
    0x14, 0x99, 0x26, 0x00, 0x00, 0x2A, 0x00, 0x00, 0x90, 0x39, 0x00, 0x00, 
    0x91, 0x5F, 0x00, 0x00, 0x99, 0x24, 0x64, 0x00, 0x2A, 0x64, 0x00, 0x92, 
    0x21, 0x64, 0x00, 0x90, 0x38, 0x64, 0x06, 0x97, 0x5A, 0x00, 0x00, 0x96, 
    0x6C, 0x00, 0x01, 0x97, 0x50, 0x64, 0x00, 0x96, 0x62, 0x64, 0x03, 0x9A, 
    0x3B, 0x00, 0x00, 0x38, 0x64, 0x0A, 0x9B, 0x34, 0x00, 0x00, 0x39, 0x64, 
    0x0A, 0x99, 0x24, 0x00, 0x00, 0x92, 0x21, 0x00, 0x00, 0x90, 0x38, 0x00, 
    0x00, 0x99, 0x2A, 0x00, 0x00, 0x2A, 0x7F, 0x00, 0x90, 0x39, 0x64, 0x00, 
    0x92, 0x2D, 0x64, 0x00, 0x91, 0x5F, 0x64, 0x07, 0x97, 0x50, 0x00, 0x00, 
    0x96, 0x62, 0x00, 0x00, 0x64, 0x64, 0x00, 0x97, 0x52, 0x64, 0x03, 0x9A, 
    0x38, 0x00, 0x00, 0x34, 0x64, 0x14, 0x90, 0x39, 0x00, 0x00, 0x99, 0x2A, 
    0x00, 0x00, 0x92, 0x2D, 0x00, 0x00, 0x91, 0x5F, 0x00, 0x00, 0x53, 0x64, 
    0x00, 0x99, 0x2A, 0x64, 0x00, 0x90, 0x3D, 0x64, 0x00, 0x92, 0x2D, 0x64, 
    0x07, 0x96, 0x64, 0x00, 0x00, 0x97, 0x52, 0x00, 0x00, 0x50, 0x64, 0x00, 
    0x96, 0x62, 0x64, 0x0D, 0x9B, 0x39, 0x00, 0x00, 0x38, 0x64, 0x0A, 0x90, 
    0x3D, 0x00, 0x00, 0x99, 0x3B, 0x00, 0x00, 0x91, 0x53, 0x00, 0x00, 0x99, 
    0x2A, 0x00, 0x00, 0x92, 0x2D, 0x00, 0x00, 0x99, 0x3B, 0x7F, 0x00, 0x26, 
    0x64, 0x00, 0x2A, 0x64, 0x00, 0x24, 0x64, 0x00, 0x90, 0x3E, 0x64, 0x07, 
    0x96, 0x62, 0x00, 0x00, 0x97, 0x50, 0x00, 0x00, 0x5A, 0x64, 0x00, 0x96, 
    0x6C, 0x64, 0x03, 0x9A, 0x34, 0x00, 0x00, 0x39, 0x64, 0x0A, 0x9B, 0x38, 
    0x00, 0x00, 0x39, 0x64, 0x0A, 0x99, 0x26, 0x00, 0x00, 0x24, 0x00, 0x00, 
    0x90, 0x3E, 0x00, 0x00, 0x99, 0x2A, 0x00, 0x00, 0x90, 0x40, 0x64, 0x00, 
    0x99, 0x26, 0x4B, 0x00, 0x2E, 0x7F, 0x00, 0x92, 0x2D, 0x64, 0x07, 0x97, 
    0x5A, 0x00, 0x00, 0x96, 0x6C, 0x00, 0x01, 0x97, 0x57, 0x64, 0x00, 0x96, 
    0x69, 0x64, 0x0C, 0x9B, 0x39, 0x00, 0x00, 0x3D, 0x64, 0x0A, 0x90, 0x40, 
    0x00, 0x00, 0x99, 0x2A, 0x00, 0x00, 0x26, 0x00, 0x00, 0x92, 0x2D, 0x00, 
    0x00, 0x23, 0x64, 0x00, 0x90, 0x40, 0x64, 0x00, 0x99, 0x24, 0x64, 0x00, 
    0x2A, 0x7F, 0x08, 0x97, 0x57, 0x00, 0x00, 0x96, 0x69, 0x00, 0x00, 0x6C, 
    0x64, 0x00, 0x97, 0x5A, 0x64, 0x02, 0x9A, 0x39, 0x00, 0x00, 0x38, 0x64, 
    0x0A, 0x9B, 0x3D, 0x00, 0x00, 0x3E, 0x64, 0x0A, 0x92, 0x23, 0x00, 0x00, 
    0x99, 0x24, 0x00, 0x00, 0x90, 0x40, 0x00, 0x00, 0x99, 0x2A, 0x00, 0x00, 
    0x92, 0x2F, 0x64, 0x00, 0x99, 0x2A, 0x50, 0x00, 0x91, 0x53, 0x64, 0x00, 
    0x90, 0x3E, 0x64, 0x08, 0x97, 0x5A, 0x00, 0x00, 0x96, 0x6C, 0x00, 0x00, 
    0x66, 0x64, 0x00, 0x97, 0x54, 0x64, 0x02, 0x9A, 0x38, 0x00, 0x00, 0x39, 
    0x64, 0x0A, 0x9B, 0x3E, 0x00, 0x00, 0x40, 0x64, 0x0A, 0x99, 0x3B, 0x00, 
    0x00, 0x92, 0x2F, 0x00, 0x00, 0x91, 0x53, 0x00, 0x00, 0x99, 0x2A, 0x00, 
    0x00, 0x3B, 0x7F, 0x00, 0x26, 0x64, 0x00, 0x2A, 0x5A, 0x00, 0x91, 0x5F, 
    0x64, 0x08, 0x96, 0x66, 0x00, 0x00, 0x97, 0x54, 0x00, 0x00, 0x50, 0x64, 
    0x00, 0x96, 0x62, 0x64, 0x02, 0x9A, 0x39, 0x00, 0x00, 0x3D, 0x64, 0x0A, 
    0x9B, 0x40, 0x00, 0x00, 0x40, 0x64, 0x0A, 0x99, 0x2E, 0x00, 0x00, 0x26, 
    0x00, 0x00, 0x91, 0x5F, 0x00, 0x00, 0x99, 0x2A, 0x64, 0x00, 0x92, 0x23, 
    0x64, 0x00, 0x99, 0x24, 0x64, 0x08, 0x97, 0x50, 0x00, 0x00, 0x96, 0x62, 
    0x00, 0x01, 0x97, 0x56, 0x64, 0x00, 0x96, 0x68, 0x64, 0x01, 0x9A, 0x3D, 
    0x00, 0x00, 0x3E, 0x64, 0x0A, 0x9B, 0x40, 0x00, 0x00, 0x3E, 0x64, 0x0A, 
    0x92, 0x23, 0x00, 0x00, 0x99, 0x24, 0x00, 0x00, 0x2A, 0x00, 0x00, 0x92, 
    0x2F, 0x64, 0x00, 0x99, 0x2A, 0x7F, 0x00, 0x91, 0x5F, 0x64, 0x09, 0x97, 
    0x56, 0x00, 0x00, 0x96, 0x68, 0x00, 0x00, 0x66, 0x64, 0x00, 0x97, 0x54, 
    0x64, 0x01, 0x9A, 0x3E, 0x00, 0x00, 0x40, 0x64, 0x14, 0x99, 0x2A, 0x00, 
    0x00, 0x92, 0x2F, 0x00, 0x00, 0x91, 0x5F, 0x00, 0x00, 0x53, 0x64, 0x00, 
    0x92, 0x2F, 0x64, 0x00, 0x99, 0x2A, 0x50, 0x09, 0x96, 0x66, 0x00, 0x00, 
    0x97, 0x54, 0x00, 0x00, 0x55, 0x64, 0x00, 0x96, 0x67, 0x64, 0x01, 0x9A, 
    0x40, 0x00, 0x00, 0x40, 0x64, 0x14, 0x91, 0x53, 0x00, 0x00, 0x90, 0x3E, 
    0x00, 0x00, 0x99, 0x3B, 0x00, 0x00, 0x92, 0x2F, 0x00, 0x00, 0x99, 0x2A, 
    0x00, 0x00, 0x2A, 0x5A, 0x00, 0x24, 0x64, 0x00, 0x90, 0x4A, 0x64, 0x00, 
    0x99, 0x26, 0x64, 0x00, 0x3B, 0x7F, 0x09, 0x97, 0x55, 0x00, 0x00, 0x96, 
    0x67, 0x00, 0x00, 0x63, 0x64, 0x00, 0x97, 0x51, 0x64, 0x01, 0x9A, 0x40, 
    0x00, 0x00, 0x3E, 0x64, 0x14, 0x90, 0x4A, 0x00, 0x00, 0x99, 0x24, 0x00, 
    0x00, 0x26, 0x00, 0x00, 0x2A, 0x00, 0x00, 0x26, 0x4B, 0x00, 0x92, 0x2F, 
    0x64, 0x00, 0x99, 0x2A, 0x7F, 0x00, 0x90, 0x49, 0x64, 0x09, 0x96, 0x63, 
    0x00, 0x00, 0x97, 0x51, 0x00, 0x01, 0x96, 0x65, 0x64, 0x00, 0x97, 0x53, 
    0x64, 0x14, 0x92, 0x2F, 0x00, 0x00, 0x99, 0x2A, 0x00, 0x00, 0x26, 0x00, 
    0x00, 0x90, 0x49, 0x00, 0x00, 0x92, 0x26, 0x64, 0x00, 0x90, 0x4A, 0x64, 
    0x00, 0x99, 0x2A, 0x64, 0x00, 0x24, 0x64, 0x0A, 0x96, 0x65, 0x00, 0x00, 
    0x97, 0x53, 0x00, 0x00, 0x96, 0x63, 0x64, 0x00, 0x97, 0x51, 0x64, 0x0A, 
    0x9B, 0x3E, 0x00, 0x00, 0x4A, 0x64, 0x0A, 0x92, 0x26, 0x00, 0x00, 0x99, 
    0x2A, 0x00, 0x00, 0x90, 0x4A, 0x00, 0x00, 0x99, 0x24, 0x00, 0x00, 0x92, 
    0x32, 0x64, 0x00, 0x90, 0x4C, 0x64, 0x00, 0x91, 0x53, 0x64, 0x00, 0x99, 
    0x2A, 0x64, 0x0A, 0x96, 0x63, 0x00, 0x00, 0x97, 0x51, 0x00, 0x00, 0x57, 
    0x64, 0x00, 0x96, 0x69, 0x64, 0x0A, 0x9B, 0x4A, 0x00, 0x00, 0x49, 0x64, 
    0x0A, 0x90, 0x4C, 0x00, 0x00, 0x92, 0x32, 0x00, 0x00, 0x99, 0x2A, 0x00, 
    0x00, 0x91, 0x53, 0x00, 0x00, 0x99, 0x3B, 0x00, 0x00, 0x91, 0x5F, 0x64, 
    0x00, 0x99, 0x3B, 0x7F, 0x00, 0x90, 0x49, 0x64, 0x00, 0x99, 0x26, 0x64, 
    0x00, 0x2A, 0x64, 0x0A, 0x97, 0x57, 0x00, 0x00, 0x96, 0x69, 0x00, 0x00, 
    0x97, 0x50, 0x64, 0x00, 0x96, 0x62, 0x64, 0x0A, 0x9B, 0x49, 0x00, 0x00, 
    0x4A, 0x64, 0x0A, 0x90, 0x49, 0x00, 0x00, 0x91, 0x5F, 0x00, 0x00, 0x99, 
    0x26, 0x00, 0x00, 0x2A, 0x00, 0x00, 0x90, 0x47, 0x64, 0x00, 0x92, 0x26, 
    0x64, 0x00, 0x99, 0x24, 0x64, 0x00, 0x2A, 0x64, 0x0A, 0x9A, 0x3E, 0x00, 
    0x00, 0x97, 0x50, 0x00, 0x00, 0x96, 0x62, 0x00, 0x00, 0x9A, 0x4A, 0x64, 
    0x01, 0x97, 0x53, 0x64, 0x00, 0x96, 0x65, 0x64, 0x09, 0x9B, 0x4A, 0x00, 
    0x00, 0x4C, 0x64, 0x0A, 0x99, 0x24, 0x00, 0x00, 0x92, 0x26, 0x00, 0x00, 
    0x99, 0x2A, 0x00, 0x00, 0x92, 0x32, 0x64, 0x00, 0x91, 0x5F, 0x64, 0x00, 
    0x99, 0x2A, 0x7F, 0x0A, 0x9A, 0x4A, 0x00, 0x00, 0x49, 0x64, 0x01, 0x96, 
    0x65, 0x00, 0x00, 0x97, 0x53, 0x00, 0x00, 0x96, 0x60, 0x64, 0x00, 0x97, 
    0x4E, 0x64, 0x09, 0x9B, 0x4C, 0x00, 0x00, 0x49, 0x64, 0x0A, 0x90, 0x47, 
    0x00, 0x00, 0x91, 0x5F, 0x00, 0x00, 0x92, 0x32, 0x00, 0x00, 0x99, 0x2A, 
    0x00, 0x00, 0x92, 0x32, 0x64, 0x00, 0x91, 0x53, 0x64, 0x00, 0x99, 0x2A, 
    0x64, 0x00, 0x90, 0x47, 0x64, 0x0A, 0x9A, 0x49, 0x00, 0x00, 0x4A, 0x64, 
    0x01, 0x97, 0x4E, 0x00, 0x00, 0x96, 0x60, 0x00, 0x00, 0x97, 0x55, 0x64, 
    0x00, 0x96, 0x67, 0x64, 0x09, 0x9B, 0x49, 0x00, 0x00, 0x47, 0x64, 0x0A, 
    0x92, 0x32, 0x00, 0x00, 0x99, 0x2A, 0x00, 0x00, 0x3B, 0x00, 0x00, 0x91, 
    0x53, 0x00, 0x00, 0x90, 0x47, 0x00, 0x00, 0x99, 0x26, 0x64, 0x00, 0x90, 
    0x4A, 0x64, 0x00, 0x99, 0x24, 0x64, 0x00, 0x2A, 0x64, 0x00, 0x3B, 0x7F, 
    0x0A, 0x9A, 0x4A, 0x00, 0x00, 0x4C, 0x64, 0x01, 0x97, 0x55, 0x00, 0x00, 
    0x96, 0x67, 0x00, 0x00, 0x68, 0x64, 0x00, 0x97, 0x56, 0x64, 0x13, 0x99, 
    0x26, 0x00, 0x00, 0x24, 0x00, 0x00, 0x2A, 0x00, 0x00, 0x26, 0x4B, 0x00, 
    0x2E, 0x7F, 0x00, 0x92, 0x32, 0x64, 0x0A, 0x9A, 0x4C, 0x00, 0x00, 0x49, 
    0x64, 0x01, 0x97, 0x56, 0x00, 0x00, 0x96, 0x68, 0x00, 0x01, 0x69, 0x64, 
    0x00, 0x97, 0x57, 0x64, 0x08, 0x9B, 0x47, 0x00, 0x00, 0x47, 0x64, 0x0A, 
    0x90, 0x4A, 0x00, 0x00, 0x99, 0x26, 0x00, 0x00, 0x92, 0x32, 0x00, 0x00, 
    0x99, 0x2A, 0x00, 0x00, 0x2A, 0x7F, 0x00, 0x90, 0x31, 0x64, 0x00, 0x99, 
    0x24, 0x64, 0x00, 0x92, 0x28, 0x64, 0x0A, 0x9A, 0x49, 0x00, 0x00, 0x47, 
    0x64, 0x02, 0x97, 0x57, 0x00, 0x00, 0x96, 0x69, 0x00, 0x08, 0x9B, 0x47, 
    0x00, 0x00, 0x4A, 0x64, 0x06, 0x96, 0x68, 0x64, 0x00, 0x97, 0x56, 0x64, 
    0x04, 0x90, 0x31, 0x00, 0x00, 0x99, 0x24, 0x00, 0x00, 0x92, 0x28, 0x00, 
    0x00, 0x99, 0x2A, 0x00, 0x00, 0x2A, 0x50, 0x00, 0x91, 0x53, 0x64, 0x00, 
    0x90, 0x40, 0x64, 0x00, 0x92, 0x34, 0x64, 0x1A, 0x96, 0x68, 0x00, 0x00, 
    0x97, 0x56, 0x00, 0x00, 0x96, 0x67, 0x64, 0x00, 0x97, 0x55, 0x64, 0x04, 
    0x99, 0x2A, 0x00, 0x00, 0x90, 0x40, 0x00, 0x00, 0x99, 0x3B, 0x00, 0x00, 
    0x91, 0x53, 0x00, 0x00, 0x92, 0x34, 0x00, 0x00, 0x99, 0x26, 0x64, 0x00, 
    0x3B, 0x7F, 0x00, 0x91, 0x5F, 0x64, 0x00, 0x90, 0x40, 0x64, 0x00, 0x99, 
    0x2A, 0x5A, 0x0A, 0x9A, 0x47, 0x00, 0x00, 0x47, 0x64, 0x0A, 0x9B, 0x4A, 
    0x00, 0x00, 0x31, 0x64, 0x06, 0x96, 0x67, 0x00, 0x00, 0x97, 0x55, 0x00, 
    0x01, 0x96, 0x69, 0x64, 0x00, 0x97, 0x57, 0x64, 0x03, 0x91, 0x5F, 0x00, 
    0x00, 0x99, 0x26, 0x00, 0x00, 0x2E, 0x00, 0x00, 0x90, 0x40, 0x00, 0x00, 
    0x99, 0x24, 0x64, 0x00, 0x92, 0x28, 0x64, 0x00, 0x99, 0x2A, 0x64, 0x00, 
    0x90, 0x3E, 0x64, 0x0A, 0x9A, 0x47, 0x00, 0x00, 0x4A, 0x64, 0x0A, 0x9B, 
    0x31, 0x00, 0x00, 0x40, 0x64, 0x07, 0x97, 0x57, 0x00, 0x00, 0x96, 0x69, 
    0x00, 0x00, 0x61, 0x64, 0x00, 0x97, 0x4F, 0x64, 0x03, 0x99, 0x24, 0x00, 
    0x00, 0x2A, 0x00, 0x00, 0x92, 0x28, 0x00, 0x00, 0x90, 0x3E, 0x00, 0x00, 
    0x92, 0x34, 0x64, 0x00, 0x99, 0x2A, 0x7F, 0x00, 0x91, 0x5F, 0x64, 0x00, 
    0x90, 0x40, 0x64, 0x14, 0x9B, 0x40, 0x00, 0x00, 0x40, 0x64, 0x07, 0x96, 
    0x61, 0x00, 0x00, 0x97, 0x4F, 0x00, 0x00, 0x96, 0x66, 0x64, 0x00, 0x97, 
    0x54, 0x64, 0x03, 0x92, 0x34, 0x00, 0x00, 0x91, 0x5F, 0x00, 0x00, 0x90, 
    0x40, 0x00, 0x00, 0x99, 0x2A, 0x00, 0x00, 0x91, 0x53, 0x64, 0x00, 0x92, 
    0x34, 0x64, 0x00, 0x90, 0x44, 0x64, 0x00, 0x99, 0x2A, 0x50, 0x0A, 0x9A, 
    0x4A, 0x00, 0x00, 0x31, 0x64, 0x0A, 0x9B, 0x40, 0x00, 0x00, 0x3E, 0x64, 
    0x07, 0x97, 0x54, 0x00, 0x00, 0x96, 0x66, 0x00, 0x00, 0x64, 0x64, 0x00, 
    0x97, 0x52, 0x64, 0x03, 0x90, 0x44, 0x00, 0x00, 0x99, 0x2A, 0x00, 0x00, 
    0x91, 0x53, 0x00, 0x00, 0x92, 0x34, 0x00, 0x00, 0x99, 0x3B, 0x00, 0x00, 
    0x3B, 0x7F, 0x00, 0x24, 0x64, 0x00, 0x2A, 0x5A, 0x00, 0x90, 0x40, 0x64, 
    0x00, 0x99, 0x26, 0x64, 0x0A, 0x9A, 0x31, 0x00, 0x00, 0x40, 0x64, 0x0A, 
    0x9B, 0x3E, 0x00, 0x00, 0x40, 0x64, 0x07, 0x97, 0x52, 0x00, 0x00, 0x96, 
    0x64, 0x00, 0x01, 0x97, 0x55, 0x64, 0x00, 0x96, 0x67, 0x64, 0x02, 0x99, 
    0x24, 0x00, 0x00, 0x90, 0x40, 0x00, 0x00, 0x99, 0x26, 0x00, 0x00, 0x2A, 
    0x00, 0x00, 0x26, 0x4B, 0x00, 0x2A, 0x7F, 0x00, 0x92, 0x34, 0x64, 0x00, 
    0x90, 0x3E, 0x64, 0x0A, 0x9A, 0x40, 0x00, 0x00, 0x40, 0x64, 0x0A, 0x9B, 
    0x40, 0x00, 0x00, 0x44, 0x64, 0x08, 0x96, 0x67, 0x00, 0x00, 0x97, 0x55, 
    0x00, 0x00, 0x57, 0x64, 0x00, 0x96, 0x69, 0x64, 0x02, 0x99, 0x26, 0x00, 
    0x00, 0x2A, 0x00, 0x00, 0x92, 0x34, 0x00, 0x00, 0x90, 0x3E, 0x00, 0x00, 
    0x99, 0x2A, 0x64, 0x00, 0x24, 0x64, 0x00, 0x92, 0x28, 0x64, 0x00, 0x90, 
    0x40, 0x64, 0x0A, 0x9A, 0x40, 0x00, 0x00, 0x3E, 0x64, 0x0A, 0x9B, 0x44, 
    0x00, 0x00, 0x40, 0x64, 0x08, 0x97, 0x57, 0x00, 0x00, 0x96, 0x69, 0x00, 
    0x00, 0x67, 0x64, 0x00, 0x97, 0x55, 0x64, 0x02, 0x99, 0x24, 0x00, 0x00, 
    0x92, 0x28, 0x00, 0x00, 0x90, 0x40, 0x00, 0x00, 0x99, 0x2A, 0x00, 0x00, 
    0x2A, 0x64, 0x00, 0x92, 0x34, 0x64, 0x00, 0x90, 0x40, 0x64, 0x00, 0x91, 
    0x53, 0x64, 0x0A, 0x9A, 0x3E, 0x00, 0x00, 0x40, 0x64, 0x0A, 0x9B, 0x40, 
    0x00, 0x00, 0x3E, 0x64, 0x08, 0x97, 0x55, 0x00, 0x00, 0x96, 0x67, 0x00, 
    0x00, 0x62, 0x64, 0x00, 0x97, 0x50, 0x64, 0x02, 0x90, 0x40, 0x00, 0x00, 
    0x99, 0x2A, 0x00, 0x00, 0x3B, 0x00, 0x00, 0x92, 0x34, 0x00, 0x00, 0x91, 
    0x53, 0x00, 0x00, 0x5F, 0x64, 0x00, 0x90, 0x3E, 0x64, 0x00, 0x99, 0x26, 
    0x64, 0x00, 0x2A, 0x64, 0x00, 0x3B, 0x7F, 0x0A, 0x9A, 0x40, 0x00, 0x00, 
    0x44, 0x64, 0x0A, 0x9B, 0x3E, 0x00, 0x00, 0x40, 0x64, 0x08, 0x97, 0x50, 
    0x00, 0x00, 0x96, 0x62, 0x00, 0x01, 0x97, 0x51, 0x64, 0x00, 0x96, 0x63, 
    0x64, 0x01, 0x90, 0x3E, 0x00, 0x00, 0x99, 0x2A, 0x00, 0x00, 0x91, 0x5F, 
    0x00, 0x00, 0x99, 0x26, 0x00, 0x00, 0x2A, 0x64, 0x00, 0x90, 0x40, 0x64, 
    0x00, 0x99, 0x24, 0x64, 0x00, 0x92, 0x28, 0x64, 0x0A, 0x9A, 0x44, 0x00, 
    0x00, 0x40, 0x64, 0x0A, 0x9B, 0x40, 0x00, 0x00, 0x40, 0x64, 0x09, 0x96, 
    0x63, 0x00, 0x00, 0x97, 0x51, 0x00, 0x00, 0x59, 0x64, 0x00, 0x96, 0x6B, 
    0x64, 0x01, 0x99, 0x24, 0x00, 0x00, 0x2A, 0x00, 0x00, 0x90, 0x40, 0x00, 
    0x00, 0x92, 0x28, 0x00, 0x00, 0x91, 0x5F, 0x64, 0x00, 0x99, 0x2A, 0x7F, 
    0x00, 0x92, 0x34, 0x64, 0x00, 0x90, 0x44, 0x64, 0x0A, 0x9A, 0x40, 0x00, 
    0x00, 0x3E, 0x64, 0x0A, 0x9B, 0x40, 0x00, 0x00, 0x3E, 0x64, 0x09, 0x97, 
    0x59, 0x00, 0x00, 0x96, 0x6B, 0x00, 0x00, 0x97, 0x55, 0x64, 0x00, 0x96, 
    0x67, 0x64, 0x01, 0x99, 0x2A, 0x00, 0x00, 0x91, 0x5F, 0x00, 0x00, 0x92, 
    0x34, 0x00, 0x00, 0x90, 0x44, 0x00, 0x00, 0x99, 0x2A, 0x64, 0x00, 0x90, 
    0x45, 0x64, 0x00, 0x91, 0x53, 0x64, 0x00, 0x92, 0x34, 0x64, 0x0A, 0x9A, 
    0x3E, 0x00, 0x00, 0x40, 0x64, 0x0A, 0x9B, 0x3E, 0x00, 0x00, 0x40, 0x64, 
    0x09, 0x97, 0x55, 0x00, 0x00, 0x96, 0x67, 0x00, 0x00, 0x69, 0x64, 0x00, 
    0x97, 0x57, 0x64, 0x01, 0x90, 0x45, 0x00, 0x00, 0x91, 0x53, 0x00, 0x00, 
    0x92, 0x34, 0x00, 0x00, 0x99, 0x2A, 0x00, 0x00, 0x3B, 0x00, 0x00, 0x24, 
    0x64, 0x00, 0x2A, 0x64, 0x00, 0x26, 0x64, 0x00, 0x3B, 0x7F, 0x00, 0x90, 
    0x44, 0x64, 0x0A, 0x9A, 0x40, 0x00, 0x00, 0x40, 0x64, 0x0A, 0x9B, 0x40, 
    0x00, 0x00, 0x44, 0x64, 0x09, 0x96, 0x69, 0x00, 0x00, 0x97, 0x57, 0x00, 
    0x01, 0x99, 0x24, 0x00, 0x00, 0x2A, 0x00, 0x00, 0x26, 0x00, 0x00, 0x90, 
    0x44, 0x00, 0x00, 0x92, 0x34, 0x64, 0x00, 0x96, 0x62, 0x64, 0x00, 0x99, 
    0x2E, 0x7F, 0x00, 0x26, 0x4B, 0x00, 0x97, 0x50, 0x64, 0x00, 0x90, 0x45, 
    0x64, 0x0A, 0x9A, 0x40, 0x00, 0x00, 0x3E, 0x64, 0x0A, 0x9B, 0x44, 0x00, 
    0x00, 0x45, 0x64, 0x0A, 0x97, 0x50, 0x00, 0x00, 0x99, 0x2A, 0x00, 0x00, 
    0x26, 0x00, 0x00, 0x96, 0x62, 0x00, 0x00, 0x90, 0x45, 0x00, 0x00, 0x92, 
    0x34, 0x00, 0x00, 0x99, 0x2A, 0x7F, 0x00, 0x96, 0x64, 0x64, 0x00, 0x92, 
    0x23, 0x64, 0x00, 0x99, 0x24, 0x64, 0x00, 0x90, 0x44, 0x64, 0x00, 0x97, 
    0x52, 0x64, 0x0A, 0x9A, 0x3E, 0x00, 0x00, 0x40, 0x64, 0x0A, 0x9B, 0x45, 
    0x00, 0x00, 0x44, 0x64, 0x0A, 0x92, 0x23, 0x00, 0x00, 0x99, 0x2A, 0x00, 
    0x00, 0x24, 0x00, 0x00, 0x96, 0x64, 0x00, 0x00, 0x90, 0x44, 0x00, 0x00, 
    0x97, 0x52, 0x00, 0x00, 0x91, 0x53, 0x64, 0x00, 0x96, 0x67, 0x64, 0x00, 
    0x99, 0x2A, 0x50, 0x00, 0x90, 0x45, 0x64, 0x00, 0x97, 0x55, 0x64, 0x00, 
    0x92, 0x2F, 0x64, 0x0A, 0x9A, 0x40, 0x00, 0x00, 0x44, 0x64, 0x0A, 0x9B, 
    0x44, 0x00, 0x00, 0x45, 0x64, 0x0A, 0x96, 0x67, 0x00, 0x00, 0x99, 0x3B, 
    0x00, 0x00, 0x97, 0x55, 0x00, 0x00, 0x99, 0x2A, 0x00, 0x00, 0x92, 0x2F, 
    0x00, 0x00, 0x91, 0x53, 0x00, 0x00, 0x5F, 0x64, 0x00, 0x99, 0x3B, 0x7F, 
    0x00, 0x26, 0x64, 0x00, 0x97, 0x57, 0x64, 0x00, 0x96, 0x69, 0x64, 0x00, 
    0x99, 0x2A, 0x5A, 0x0A, 0x9A, 0x44, 0x00, 0x00, 0x45, 0x64, 0x0A, 0x9B, 
    0x45, 0x00, 0x00, 0x44, 0x64, 0x0A, 0x99, 0x26, 0x00, 0x00, 0x90, 0x45, 
    0x00, 0x00, 0x96, 0x69, 0x00, 0x00, 0x97, 0x57, 0x00, 0x00, 0x91, 0x5F, 
    0x00, 0x00, 0x99, 0x2E, 0x00, 0x00, 0x92, 0x23, 0x64, 0x00, 0x99, 0x24, 
    0x64, 0x00, 0x2A, 0x64, 0x00, 0x90, 0x44, 0x64, 0x01, 0x97, 0x56, 0x64, 
    0x00, 0x96, 0x68, 0x64, 0x09, 0x9A, 0x45, 0x00, 0x00, 0x44, 0x64, 0x0A, 
    0x9B, 0x44, 0x00, 0x00, 0x45, 0x64, 0x0A, 0x99, 0x24, 0x00, 0x00, 0x90, 
    0x44, 0x00, 0x00, 0x99, 0x2A, 0x00, 0x00, 0x92, 0x23, 0x00, 0x00, 0x91, 
    0x5F, 0x64, 0x00, 0x92, 0x2F, 0x64, 0x00, 0x99, 0x2A, 0x7F, 0x00, 0x90, 
    0x45, 0x64, 0x01, 0x97, 0x56, 0x00, 0x00, 0x96, 0x68, 0x00, 0x00, 0x6A, 
    0x64, 0x00, 0x97, 0x58, 0x64, 0x09, 0x9A, 0x44, 0x00, 0x00, 0x45, 0x64, 
    0x14, 0x91, 0x5F, 0x00, 0x00, 0x99, 0x2A, 0x00, 0x00, 0x92, 0x2F, 0x00, 
    0x00, 0x99, 0x2A, 0x50, 0x00, 0x91, 0x53, 0x64, 0x00, 0x92, 0x2F, 0x64, 
    0x01, 0x96, 0x6A, 0x00, 0x00, 0x97, 0x58, 0x00, 0x00, 0x96, 0x6B, 0x64, 
    0x00, 0x97, 0x59, 0x64, 0x09, 0x9A, 0x45, 0x00, 0x00, 0x44, 0x64, 0x0A, 
    0x9B, 0x45, 0x00, 0x00, 0x44, 0x64, 0x0A, 0x90, 0x45, 0x00, 0x00, 0x99, 
    0x3B, 0x00, 0x00, 0x91, 0x53, 0x00, 0x00, 0x92, 0x2F, 0x00, 0x00, 0x99, 
    0x2A, 0x00, 0x00, 0x90, 0x44, 0x64, 0x00, 0x99, 0x24, 0x64, 0x00, 0x3B, 
    0x7F, 0x00, 0x2A, 0x5A, 0x00, 0x26, 0x64, 0x01, 0x96, 0x6B, 0x00, 0x00, 
    0x97, 0x59, 0x00, 0x00, 0x56, 0x64, 0x00, 0x96, 0x68, 0x64, 0x09, 0x9A, 
    0x44, 0x00, 0x00, 0x45, 0x64, 0x0A, 0x9B, 0x44, 0x00, 0x00, 0x45, 0x64, 
    0x0A, 0x99, 0x24, 0x00, 0x00, 0x2A, 0x00, 0x00, 0x90, 0x44, 0x00, 0x00, 
    0x99, 0x26, 0x00, 0x00, 0x2A, 0x7F, 0x00, 0x92, 0x2F, 0x64, 0x00, 0x90, 
    0x45, 0x64, 0x00, 0x99, 0x26, 0x4B, 0x01, 0x97, 0x56, 0x00, 0x00, 0x96, 
    0x68, 0x00, 0x01, 0x97, 0x55, 0x64, 0x00, 0x96, 0x67, 0x64, 0x1C, 0x92, 
    0x2F, 0x00, 0x00, 0x99, 0x2A, 0x00, 0x00, 0x26, 0x00, 0x00, 0x24, 0x64, 
    0x00, 0x92, 0x26, 0x64, 0x00, 0x99, 0x2A, 0x64, 0x02, 0x97, 0x55, 0x00, 
    0x00, 0x96, 0x67, 0x00, 0x00, 0x66, 0x64, 0x00, 0x97, 0x54, 0x64, 0x08, 
    0x9A, 0x45, 0x00, 0x00, 0x44, 0x64, 0x0A, 0x9B, 0x45, 0x00, 0x00, 0x44, 
    0x64, 0x0A, 0x99, 0x24, 0x00, 0x00, 0x92, 0x26, 0x00, 0x00, 0x90, 0x45, 
    0x00, 0x00, 0x99, 0x2A, 0x00, 0x00, 0x92, 0x32, 0x64, 0x00, 0x90, 0x44, 
    0x64, 0x00, 0x99, 0x2A, 0x64, 0x00, 0x91, 0x53, 0x64, 0x02, 0x96, 0x66, 
    0x00, 0x00, 0x97, 0x54, 0x00, 0x00, 0x53, 0x64, 0x00, 0x96, 0x65, 0x64, 
    0x08, 0x9A, 0x44, 0x00, 0x00, 0x45, 0x64, 0x0A, 0x9B, 0x44, 0x00, 0x00, 
    0x45, 0x64, 0x0A, 0x92, 0x32, 0x00, 0x00, 0x99, 0x2A, 0x00, 0x00, 0x3B, 
    0x00, 0x00, 0x90, 0x44, 0x00, 0x00, 0x91, 0x53, 0x00, 0x00, 0x99, 0x26, 
    0x64, 0x00, 0x91, 0x5F, 0x64, 0x00, 0x99, 0x2A, 0x64, 0x00, 0x90, 0x45, 
    0x64, 0x00, 0x99, 0x3B, 0x7F, 0x02, 0x97, 0x53, 0x00, 0x00, 0x96, 0x65, 
    0x00, 0x00, 0x67, 0x64, 0x00, 0x97, 0x55, 0x64, 0x1C, 0x91, 0x5F, 0x00, 
    0x00, 0x99, 0x26, 0x00, 0x00, 0x2A, 0x00, 0x00, 0x2A, 0x64, 0x00, 0x24, 
    0x64, 0x00, 0x92, 0x26, 0x64, 0x02, 0x96, 0x67, 0x00, 0x00, 0x97, 0x55, 
    0x00, 0x01, 0x56, 0x64, 0x00, 0x96, 0x68, 0x64, 0x07, 0x9A, 0x45, 0x00, 
    0x00, 0x44, 0x64, 0x0A, 0x9B, 0x45, 0x00, 0x00, 0x44, 0x64, 0x0A, 0x90, 
    0x45, 0x00, 0x00, 0x99, 0x24, 0x00, 0x00, 0x92, 0x26, 0x00, 0x00, 0x99, 
    0x2A, 0x00, 0x00, 0x2A, 0x7F, 0x00, 0x92, 0x32, 0x64, 0x00, 0x91, 0x5F, 
    0x64, 0x00, 0x90, 0x44, 0x64, 0x03, 0x97, 0x56, 0x00, 0x00, 0x96, 0x68, 
    0x00, 0x00, 0x62, 0x64, 0x00, 0x97, 0x50, 0x64, 0x07, 0x9A, 0x44, 0x00, 
    0x00, 0x45, 0x64, 0x0A, 0x9B, 0x44, 0x00, 0x00, 0x45, 0x64, 0x0A, 0x92, 
    0x32, 0x00, 0x00, 0x99, 0x2A, 0x00, 0x00, 0x91, 0x5F, 0x00, 0x00, 0x90, 
    0x44, 0x00, 0x00, 0x99, 0x2A, 0x64, 0x00, 0x91, 0x53, 0x64, 0x00, 0x92, 
    0x32, 0x64, 0x00, 0x90, 0x45, 0x64, 0x03, 0x96, 0x62, 0x00, 0x00, 0x97, 
    0x50, 0x00, 0x00, 0x53, 0x64, 0x00, 0x96, 0x65, 0x64, 0x1B, 0x99, 0x3B, 
    0x00, 0x00, 0x92, 0x32, 0x00, 0x00, 0x91, 0x53, 0x00, 0x00, 0x99, 0x2A, 
    0x00, 0x00, 0x26, 0x64, 0x00, 0x2A, 0x64, 0x00, 0x3B, 0x7F, 0x00, 0x24, 
    0x64, 0x03, 0x97, 0x53, 0x00, 0x00, 0x96, 0x65, 0x00, 0x00, 0x69, 0x64, 
    0x00, 0x97, 0x57, 0x64, 0x07, 0x9A, 0x45, 0x00, 0x00, 0x44, 0x64, 0x0A, 
    0x9B, 0x45, 0x00, 0x00, 0x44, 0x64, 0x0A, 0x99, 0x26, 0x00, 0x00, 0x90, 
    0x45, 0x00, 0x00, 0x99, 0x24, 0x00, 0x00, 0x2A, 0x00, 0x00, 0x2E, 0x7F, 
    0x00, 0x90, 0x44, 0x64, 0x00, 0x92, 0x32, 0x64, 0x00, 0x99, 0x26, 0x4B, 
    0x03, 0x96, 0x69, 0x00, 0x00, 0x97, 0x57, 0x00, 0x01, 0x96, 0x62, 0x64, 
    0x00, 0x97, 0x50, 0x64, 0x06, 0x9A, 0x44, 0x00, 0x00, 0x45, 0x64, 0x0A, 
    0x9B, 0x44, 0x00, 0x00, 0x45, 0x64, 0x0A, 0x90, 0x44, 0x00, 0x00, 0x99, 
    0x2A, 0x00, 0x00, 0x92, 0x32, 0x00, 0x00, 0x99, 0x26, 0x00, 0x00, 0x24, 
    0x64, 0x00, 0x90, 0x31, 0x64, 0x00, 0x99, 0x2A, 0x7F, 0x00, 0x92, 0x21, 
    0x64, 0x04, 0x96, 0x62, 0x00, 0x00, 0x97, 0x50, 0x00, 0x00, 0x51, 0x64, 
    0x00, 0x96, 0x63, 0x64, 0x1A, 0x90, 0x31, 0x00, 0x00, 0x99, 0x2A, 0x00, 
    0x00, 0x24, 0x00, 0x00, 0x92, 0x21, 0x00, 0x00, 0x90, 0x45, 0x64, 0x00, 
    0x91, 0x53, 0x64, 0x00, 0x99, 0x2A, 0x50, 0x00, 0x92, 0x2D, 0x64, 0x04, 
    0x97, 0x51, 0x00, 0x00, 0x96, 0x63, 0x00, 0x00, 0x6B, 0x64, 0x00, 0x97, 
    0x59, 0x64, 0x06, 0x9A, 0x45, 0x00, 0x00, 0x44, 0x64, 0x0A, 0x9B, 0x45, 
    0x00, 0x00, 0x44, 0x64, 0x0A, 0x90, 0x45, 0x00, 0x00, 0x91, 0x53, 0x00, 
    0x00, 0x99, 0x3B, 0x00, 0x00, 0x92, 0x2D, 0x00, 0x00, 0x99, 0x2A, 0x00, 
    0x00, 0x2A, 0x5A, 0x00, 0x3B, 0x7F, 0x00, 0x26, 0x64, 0x00, 0x90, 0x45, 
    0x64, 0x00, 0x91, 0x5F, 0x64, 0x04, 0x97, 0x59, 0x00, 0x00, 0x96, 0x6B, 
    0x00, 0x00, 0x97, 0x4E, 0x64, 0x00, 0x96, 0x60, 0x64, 0x06, 0x9A, 0x44, 
    0x00, 0x00, 0x45, 0x64, 0x0A, 0x9B, 0x44, 0x00, 0x00, 0x31, 0x64, 0x0A, 
    0x99, 0x2E, 0x00, 0x00, 0x90, 0x45, 0x00, 0x00, 0x99, 0x26, 0x00, 0x00, 
    0x91, 0x5F, 0x00, 0x00, 0x92, 0x21, 0x64, 0x00, 0x90, 0x44, 0x64, 0x00, 
    0x99, 0x2A, 0x64, 0x00, 0x24, 0x64, 0x04, 0x96, 0x60, 0x00, 0x00, 0x97, 
    0x4E, 0x00, 0x01, 0x5A, 0x64, 0x00, 0x96, 0x6C, 0x64, 0x0F, 0x9B, 0x31, 
    0x00, 0x00, 0x45, 0x64, 0x0A, 0x92, 0x21, 0x00, 0x00, 0x90, 0x44, 0x00, 
    0x00, 0x99, 0x24, 0x00, 0x00, 0x2A, 0x00, 0x00, 0x2A, 0x7F, 0x00, 0x92, 
    0x2D, 0x64, 0x00, 0x90, 0x45, 0x64, 0x00, 0x91, 0x5F, 0x64, 0x05, 0x96, 
    0x6C, 0x00, 0x00, 0x97, 0x5A, 0x00, 0x00, 0x53, 0x64, 0x00, 0x96, 0x65, 
    0x64, 0x05, 0x9A, 0x45, 0x00, 0x00, 0x44, 0x64, 0x0A, 0x9B, 0x45, 0x00, 
    0x00, 0x45, 0x64, 0x0A, 0x92, 0x2D, 0x00, 0x00, 0x90, 0x45, 0x00, 0x00, 
    0x91, 0x5F, 0x00, 0x00, 0x99, 0x2A, 0x00, 0x00, 0x92, 0x2D, 0x64, 0x00, 
    0x99, 0x2A, 0x50, 0x00, 0x90, 0x49, 0x64, 0x00, 0x91, 0x53, 0x64, 0x05, 
    0x97, 0x53, 0x00, 0x00, 0x96, 0x65, 0x00, 0x00, 0x61, 0x64, 0x00, 0x97, 
    0x4F, 0x64, 0x05, 0x9A, 0x44, 0x00, 0x00, 0x31, 0x64, 0x0A, 0x9B, 0x45, 
    0x00, 0x00, 0x44, 0x64, 0x0A, 0x92, 0x2D, 0x00, 0x00, 0x99, 0x2A, 0x00, 
    0x00, 0x3B, 0x00, 0x00, 0x90, 0x49, 0x00, 0x00, 0x91, 0x53, 0x00, 0x00, 
    0x99, 0x2A, 0x5A, 0x00, 0x26, 0x64, 0x00, 0x90, 0x45, 0x64, 0x00, 0x99, 
    0x24, 0x64, 0x00, 0x3B, 0x7F, 0x05, 0x96, 0x61, 0x00, 0x00, 0x97, 0x4F, 
    0x00, 0x00, 0x96, 0x68, 0x64, 0x00, 0x97, 0x56, 0x64, 0x05, 0x9A, 0x31, 
    0x00, 0x00, 0x45, 0x64, 0x0A, 0x9B, 0x44, 0x00, 0x00, 0x45, 0x64, 0x0A, 
    0x90, 0x45, 0x00, 0x00, 0x99, 0x26, 0x00, 0x00, 0x24, 0x00, 0x00, 0x2A, 
    0x00, 0x00, 0x2A, 0x7F, 0x00, 0x92, 0x2D, 0x64, 0x00, 0x99, 0x26, 0x4B, 
    0x00, 0x90, 0x44, 0x64, 0x05, 0x96, 0x68, 0x00, 0x00, 0x97, 0x56, 0x00, 
    0x01, 0x96, 0x61, 0x64, 0x00, 0x97, 0x4F, 0x64, 0x04, 0x9A, 0x45, 0x00, 
    0x00, 0x45, 0x64, 0x0A, 0x9B, 0x45, 0x00, 0x00, 0x49, 0x64, 0x0A, 0x99, 
    0x2A, 0x00, 0x00, 0x26, 0x00, 0x00, 0x92, 0x2D, 0x00, 0x00, 0x90, 0x44, 
    0x00, 0x00, 0x99, 0x24, 0x64, 0x00, 0x2A, 0x64, 0x00, 0x92, 0x21, 0x64, 
    0x00, 0x90, 0x45, 0x64, 0x06, 0x96, 0x61, 0x00, 0x00, 0x97, 0x4F, 0x00, 
    0x00, 0x5A, 0x64, 0x00, 0x96, 0x6C, 0x64, 0x04, 0x9A, 0x45, 0x00, 0x00, 
    0x44, 0x64, 0x0A, 0x9B, 0x49, 0x00, 0x00, 0x45, 0x64, 0x0A, 0x99, 0x24, 
    0x00, 0x00, 0x2A, 0x00, 0x00, 0x92, 0x21, 0x00, 0x00, 0x90, 0x45, 0x00, 
    0x00, 0x91, 0x53, 0x64, 0x00, 0x99, 0x2A, 0x64, 0x00, 0x92, 0x2D, 0x64, 
    0x00, 0x90, 0x45, 0x64, 0x06, 0x97, 0x5A, 0x00, 0x00, 0x96, 0x6C, 0x00, 
    0x00, 0x97, 0x53, 0x64, 0x00, 0x96, 0x65, 0x64, 0x04, 0x9A, 0x44, 0x00, 
    0x00, 0x45, 0x64, 0x0A, 0x9B, 0x45, 0x00, 0x00, 0x44, 0x64, 0x0A, 0x91, 
    0x53, 0x00, 0x00, 0x99, 0x2A, 0x00, 0x00, 0x92, 0x2D, 0x00, 0x00, 0x90, 
    0x45, 0x00, 0x00, 0x99, 0x3B, 0x00, 0x00, 0x90, 0x44, 0x64, 0x00, 0x91, 
    0x5F, 0x64, 0x00, 0x99, 0x2A, 0x64, 0x00, 0x3B, 0x7F, 0x00, 0x26, 0x64, 
    0x06, 0x97, 0x53, 0x00, 0x00, 0x96, 0x65, 0x00, 0x00, 0x97, 0x5A, 0x64, 
    0x00, 0x96, 0x6C, 0x64, 0x04, 0x9A, 0x45, 0x00, 0x00, 0x49, 0x64, 0x0A, 
    0x9B, 0x44, 0x00, 0x00, 0x45, 0x64, 0x0A, 0x91, 0x5F, 0x00, 0x00, 0x99, 
    0x2A, 0x00, 0x00, 0x90, 0x44, 0x00, 0x00, 0x99, 0x26, 0x00, 0x00, 0x92, 
    0x21, 0x64, 0x00, 0x99, 0x24, 0x64, 0x00, 0x90, 0x45, 0x64, 0x00, 0x99, 
    0x2A, 0x64, 0x06, 0x97, 0x5A, 0x00, 0x00, 0x96, 0x6C, 0x00, 0x01, 0x97, 
    0x50, 0x64, 0x00, 0x96, 0x62, 0x64, 0x03, 0x9A, 0x49, 0x00, 0x00, 0x45, 
    0x64, 0x0A, 0x9B, 0x45, 0x00, 0x00, 0x45, 0x64, 0x0A, 0x99, 0x24, 0x00, 
    0x00, 0x2A, 0x00, 0x00, 0x92, 0x21, 0x00, 0x00, 0x90, 0x45, 0x00, 0x00, 
    0x4A, 0x64, 0x00, 0x91, 0x5F, 0x64, 0x00, 0x99, 0x2A, 0x7F, 0x00, 0x92, 
    0x2D, 0x64, 0x07, 0x97, 0x50, 0x00, 0x00, 0x96, 0x62, 0x00, 0x00, 0x97, 
    0x52, 0x64, 0x00, 0x96, 0x64, 0x64, 0x03, 0x9A, 0x45, 0x00, 0x00, 0x44, 
    0x64, 0x0A, 0x9B, 0x45, 0x00, 0x00, 0x44, 0x64, 0x0A, 0x90, 0x4A, 0x00, 
    0x00, 0x99, 0x2A, 0x00, 0x00, 0x91, 0x5F, 0x00, 0x00, 0x92, 0x2D, 0x00, 
    0x00, 0x90, 0x4C, 0x64, 0x00, 0x91, 0x53, 0x64, 0x00, 0x99, 0x2A, 0x64, 
    0x00, 0x92, 0x2D, 0x64, 0x07, 0x97, 0x52, 0x00, 0x00, 0x96, 0x64, 0x00, 
    0x00, 0x62, 0x64, 0x00, 0x97, 0x50, 0x64, 0x03, 0x9A, 0x44, 0x00, 0x00, 
    0x45, 0x64, 0x0A, 0x9B, 0x44, 0x00, 0x00, 0x45, 0x64, 0x0A, 0x90, 0x4C, 
    0x00, 0x00, 0x99, 0x2A, 0x00, 0x00, 0x91, 0x53, 0x00, 0x00, 0x99, 0x3B, 
    0x00, 0x00, 0x92, 0x2D, 0x00, 0x00, 0x99, 0x24, 0x64, 0x00, 0x3B, 0x7F, 
    0x00, 0x26, 0x64, 0x00, 0x2A, 0x64, 0x00, 0x90, 0x49, 0x64, 0x07, 0x97, 
    0x50, 0x00, 0x00, 0x96, 0x62, 0x00, 0x00, 0x97, 0x5A, 0x64, 0x00, 0x96, 
    0x6C, 0x64, 0x03, 0x9A, 0x45, 0x00, 0x00, 0x45, 0x64, 0x0A, 0x9B, 0x45, 
    0x00, 0x00, 0x4A, 0x64, 0x0A, 0x99, 0x24, 0x00, 0x00, 0x26, 0x00, 0x00, 
    0x90, 0x49, 0x00, 0x00, 0x99, 0x2A, 0x00, 0x00, 0x2E, 0x7F, 0x00, 0x26, 
    0x4B, 0x00, 0x90, 0x47, 0x64, 0x00, 0x92, 0x2D, 0x64, 0x07, 0x97, 0x5A, 
    0x00, 0x00, 0x96, 0x6C, 0x00, 0x01, 0x97, 0x57, 0x64, 0x00, 0x96, 0x69, 
    0x64, 0x02, 0x9A, 0x45, 0x00, 0x00, 0x44, 0x64, 0x0A, 0x9B, 0x4A, 0x00, 
    0x00, 0x4C, 0x64, 0x0A, 0x99, 0x26, 0x00, 0x00, 0x90, 0x47, 0x00, 0x00, 
    0x92, 0x2D, 0x00, 0x00, 0x99, 0x2A, 0x00, 0x00, 0x2A, 0x7F, 0x00, 0x92, 
    0x23, 0x64, 0x00, 0xB0, 0x06, 0x02, 0x00, 0x90, 0x4C, 0x64, 0x00, 0xB0, 
    0x64, 0x00, 0x00, 0x65, 0x00, 0x00, 0x99, 0x24, 0x64, 0x08, 0x97, 0x57, 
    0x00, 0x00, 0x96, 0x69, 0x00, 0x00, 0x97, 0x5A, 0x64, 0x00, 0x96, 0x6C, 
    0x64, 0x02, 0x9A, 0x44, 0x00, 0x00, 0x45, 0x64, 0x0A, 0x9B, 0x4C, 0x00, 
    0x00, 0x49, 0x64, 0x0A, 0x99, 0x2A, 0x00, 0x00, 0x92, 0x23, 0x00, 0x00, 
    0x99, 0x24, 0x00, 0x00, 0x92, 0x2F, 0x64, 0x00, 0x99, 0x2A, 0x50, 0x00, 
    0x91, 0x53, 0x64, 0x08, 0x97, 0x5A, 0x00, 0x00, 0x96, 0x6C, 0x00, 0x00, 
    0x97, 0x54, 0x64, 0x00, 0x96, 0x66, 0x64, 0x02, 0x9A, 0x45, 0x00, 0x00, 
    0x4A, 0x64, 0x0A, 0x9B, 0x49, 0x00, 0x00, 0x47, 0x64, 0x0A, 0x99, 0x2A, 
    0x00, 0x00, 0x92, 0x2F, 0x00, 0x00, 0x91, 0x53, 0x00, 0x00, 0x99, 0x3B, 
    0x00, 0x00, 0x26, 0x64, 0x00, 0x3B, 0x7F, 0x00, 0x2A, 0x5A, 0x00, 0x91, 
    0x5F, 0x64, 0x08, 0x97, 0x54, 0x00, 0x00, 0x96, 0x66, 0x00, 0x00, 0x97, 
    0x50, 0x64, 0x00, 0x96, 0x62, 0x64, 0x02, 0x9A, 0x4A, 0x00, 0x00, 0x4C, 
    0x64, 0x0A, 0x9B, 0x47, 0x00, 0x00, 0x4C, 0x64, 0x00, 0xBB, 0x64, 0x00, 
    0x00, 0x65, 0x00, 0x00, 0x06, 0x02, 0x0A, 0x99, 0x26, 0x00, 0x00, 0x91, 
    0x5F, 0x00, 0x00, 0x99, 0x2E, 0x00, 0x00, 0x92, 0x23, 0x64, 0x00, 0x99, 
    0x24, 0x64, 0x00, 0x2A, 0x64, 0x08, 0x97, 0x50, 0x00, 0x00, 0x96, 0x62, 
    0x00, 0x01, 0x68, 0x64, 0x00, 0x97, 0x56, 0x64, 0x01, 0x9A, 0x4C, 0x00, 
    0x00, 0x49, 0x64, 0x14, 0x92, 0x23, 0x00, 0x00, 0x99, 0x2A, 0x00, 0x00, 
    0x24, 0x00, 0x00, 0x2A, 0x7F, 0x00, 0x92, 0x2F, 0x64, 0x00, 0x91, 0x5F, 
    0x64, 0x09, 0x96, 0x68, 0x00, 0x00, 0x97, 0x56, 0x00, 0x00, 0x96, 0x66, 
    0x64, 0x00, 0x97, 0x54, 0x64, 0x01, 0x9A, 0x49, 0x00, 0x00, 0x47, 0x64, 
    0x14, 0x92, 0x2F, 0x00, 0x00, 0x99, 0x2A, 0x00, 0x00, 0x91, 0x5F, 0x00, 
    0x00, 0x99, 0x2A, 0x50, 0x00, 0x92, 0x2F, 0x64, 0x00, 0x91, 0x53, 0x64, 
    0x09, 0x96, 0x66, 0x00, 0x00, 0x97, 0x54, 0x00, 0x00, 0x55, 0x64, 0x00, 
    0x96, 0x67, 0x64, 0x01, 0x9A, 0x47, 0x00, 0x00, 0xBA, 0x64, 0x00, 0x00, 
    0x06, 0x02, 0x00, 0x9A, 0x4C, 0x64, 0x00, 0xBA, 0x65, 0x00, 0x14, 0x99, 
    0x2A, 0x00, 0x00, 0x92, 0x2F, 0x00, 0x00, 0x99, 0x3B, 0x00, 0x00, 0x91, 
    0x53, 0x00, 0x00, 0x99, 0x24, 0x64, 0x00, 0x2A, 0x5A, 0x00, 0x26, 0x64, 
    0x00, 0x3B, 0x7F, 0x09, 0x96, 0x67, 0x00, 0x00, 0x97, 0x55, 0x00, 0x00, 
    0x96, 0x63, 0x64, 0x00, 0x97, 0x51, 0x64, 0x15, 0x99, 0x24, 0x00, 0x00, 
    0x2A, 0x00, 0x00, 0x26, 0x00, 0x00, 0x92, 0x2F, 0x64, 0x00, 0xE0, 0x00, 
    0x40, 0x00, 0x99, 0x2A, 0x7F, 0x00, 0x26, 0x4B, 0x02, 0xE0, 0x5D, 0x3B, 
    0x02, 0x3B, 0x37, 0x02, 0x19, 0x33, 0x02, 0x77, 0x2E, 0x01, 0x96, 0x63, 
    0x00, 0x00, 0x97, 0x51, 0x00, 0x01, 0x96, 0x65, 0x64, 0x00, 0x97, 0x53, 
    0x64, 0x00, 0xE0, 0x55, 0x2A, 0x02, 0x33, 0x26, 0x02, 0x11, 0x22, 0x02, 
    0x6F, 0x1D, 0x02, 0x4D, 0x19, 0x02, 0x2B, 0x15, 0x02, 0x09, 0x11, 0x02, 
    0x67, 0x0C, 0x02, 0x45, 0x08, 0x02, 0x23, 0x04, 0x02, 0x92, 0x2F, 0x00, 
    0x00, 0x99, 0x2A, 0x00, 0x00, 0x26, 0x00, 0x00, 0x2A, 0x64, 0x00, 0xE0, 
    0x01, 0x00, 0x00, 0x99, 0x24, 0x64, 0x00, 0x92, 0x26, 0x64, 0x0A, 0x96, 
    0x65, 0x00, 0x00, 0x97, 0x53, 0x00, 0x00, 0x96, 0x63, 0x64, 0x00, 0x97, 
    0x51, 0x64, 0x14, 0x99, 0x24, 0x00, 0x00, 0x2A, 0x00, 0x00, 0x92, 0x26, 
    0x00, 0x00, 0x32, 0x64, 0x00, 0x91, 0x53, 0x64, 0x00, 0x99, 0x2A, 0x64, 
    0x0A, 0x96, 0x63, 0x00, 0x00, 0x97, 0x51, 0x00, 0x00, 0x57, 0x64, 0x00, 
    0x96, 0x69, 0x64, 0x0A, 0xEB, 0x00, 0x40, 0x02, 0x5D, 0x3B, 0x02, 0x3B, 
    0x37, 0x02, 0x19, 0x33, 0x02, 0x77, 0x2E, 0x02, 0x99, 0x2A, 0x00, 0x00, 
    0x91, 0x53, 0x00, 0x00, 0x92, 0x32, 0x00, 0x00, 0x99, 0x3B, 0x00, 0x00, 
    0x2A, 0x64, 0x00, 0x91, 0x5F, 0x64, 0x00, 0xEB, 0x55, 0x2A, 0x00, 0x99, 
    0x26, 0x64, 0x00, 0x3B, 0x7F, 0x02, 0xEB, 0x33, 0x26, 0x02, 0x11, 0x22, 
    0x02, 0x6F, 0x1D, 0x02, 0x4D, 0x19, 0x02, 0x97, 0x57, 0x00, 0x00, 0x96, 
    0x69, 0x00, 0x00, 0xEB, 0x2B, 0x15, 0x00, 0x97, 0x50, 0x64, 0x00, 0x96, 
    0x62, 0x64, 0x02, 0xEB, 0x09, 0x11, 0x02, 0x67, 0x0C, 0x02, 0x45, 0x08, 
    0x02, 0x23, 0x04, 0x02, 0x01, 0x00, 0x0A, 0x99, 0x26, 0x00, 0x00, 0x91, 
    0x5F, 0x00, 0x00, 0x99, 0x2A, 0x00, 0x00, 0x92, 0x26, 0x64, 0x00, 0x99, 
    0x2A, 0x64, 0x00, 0x24, 0x64, 0x0A, 0x97, 0x50, 0x00, 0x00, 0x96, 0x62, 
    0x00, 0x01, 0x65, 0x64, 0x00, 0x97, 0x53, 0x64, 0x13, 0x92, 0x26, 0x00, 
    0x00, 0x99, 0x2A, 0x00, 0x00, 0x24, 0x00, 0x00, 0x92, 0x32, 0x64, 0x00, 
    0x91, 0x5F, 0x64, 0x00, 0x99, 0x2A, 0x7F, 0x0A, 0xEA, 0x00, 0x40, 0x01, 
    0x96, 0x65, 0x00, 0x00, 0x97, 0x53, 0x00, 0x00, 0x4E, 0x64, 0x00, 0x96, 
    0x60, 0x64, 0x01, 0xEA, 0x5D, 0x3B, 0x02, 0x3B, 0x37, 0x02, 0x19, 0x33, 
    0x02, 0x77, 0x2E, 0x02, 0x55, 0x2A, 0x02, 0x33, 0x26, 0x02, 0x11, 0x22, 
    0x02, 0x6F, 0x1D, 0x02, 0x4D, 0x19, 0x02, 0x99, 0x2A, 0x00, 0x00, 0x91, 
    0x5F, 0x00, 0x00, 0x92, 0x32, 0x00, 0x00, 0x32, 0x64, 0x00, 0xEA, 0x2B, 
    0x15, 0x00, 0x99, 0x2A, 0x64, 0x00, 0x91, 0x53, 0x64, 0x02, 0xEA, 0x09, 
    0x11, 0x02, 0x67, 0x0C, 0x02, 0x45, 0x08, 0x02, 0x23, 0x04, 0x02, 0x01, 
    0x00, 0x01, 0x97, 0x4E, 0x00, 0x00, 0x96, 0x60, 0x00, 0x00, 0x67, 0x64, 
    0x00, 0x97, 0x55, 0x64, 0x13, 0x92, 0x32, 0x00, 0x00, 0x90, 0x4C, 0x00, 
    0x00, 0x99, 0x2A, 0x00, 0x00, 0x3B, 0x00, 0x00, 0x91, 0x53, 0x00, 0x00, 
    0x99, 0x2A, 0x64, 0x00, 0xE0, 0x00, 0x40, 0x00, 0x99, 0x26, 0x64, 0x00, 
    0x90, 0x49, 0x64, 0x00, 0x99, 0x24, 0x64, 0x00, 0x3B, 0x7F, 0x0B, 0x96, 
    0x67, 0x00, 0x00, 0x97, 0x55, 0x00, 0x00, 0x96, 0x68, 0x64, 0x00, 0x97, 
    0x56, 0x64, 0x13, 0x90, 0x49, 0x00, 0x00, 0x99, 0x26, 0x00, 0x00, 0x24, 
    0x00, 0x00, 0x2A, 0x00, 0x00, 0x92, 0x32, 0x64, 0x00, 0x90, 0x47, 0x64, 
    0x00, 0x99, 0x2E, 0x7F, 0x00, 0x26, 0x4B, 0x0B, 0x96, 0x68, 0x00, 0x00, 
    0x97, 0x56, 0x00, 0x01, 0x96, 0x69, 0x64, 0x00, 0x97, 0x57, 0x64, 0x12, 
    0x90, 0x47, 0x00, 0x00, 0x99, 0x2A, 0x00, 0x00, 0x92, 0x32, 0x00, 0x00, 
    0x99, 0x26, 0x00, 0x00, 0x92, 0x28, 0x64, 0x00, 0x99, 0x2A, 0x7F, 0x00, 
    0x24, 0x64, 0x00, 0x90, 0x4A, 0x64, 0x0C, 0x96, 0x69, 0x00, 0x00, 0x97, 
    0x57, 0x00, 0x08, 0x9B, 0x4C, 0x00, 0x00, 0x49, 0x64, 0x00, 0xEB, 0x00, 
    0x40, 0x06, 0x96, 0x68, 0x64, 0x00, 0x97, 0x56, 0x64, 0x04, 0x99, 0x24, 
    0x00, 0x00, 0x2A, 0x00, 0x00, 0x92, 0x28, 0x00, 0x00, 0x90, 0x4A, 0x00, 
    0x00, 0x91, 0x53, 0x64, 0x00, 0x99, 0x2A, 0x50, 0x00, 0x90, 0x4C, 0x64, 
    0x00, 0x92, 0x34, 0x64, 0x14, 0x9B, 0x49, 0x00, 0x00, 0x47, 0x64, 0x06, 
    0x96, 0x68, 0x00, 0x00, 0x97, 0x56, 0x00, 0x00, 0x96, 0x67, 0x64, 0x00, 
    0x97, 0x55, 0x64, 0x04, 0x99, 0x3B, 0x00, 0x00, 0x91, 0x53, 0x00, 0x00, 
    0x99, 0x2A, 0x00, 0x00, 0x90, 0x4C, 0x00, 0x00, 0x92, 0x34, 0x00, 0x00, 
    0x99, 0x2A, 0x5A, 0x00, 0x3B, 0x7F, 0x00, 0x90, 0x49, 0x64, 0x00, 0x91, 
    0x5F, 0x64, 0x00, 0x99, 0x26, 0x64, 0x14, 0x9B, 0x47, 0x00, 0x00, 0x4A, 
    0x64, 0x06, 0x97, 0x55, 0x00, 0x00, 0x96, 0x67, 0x00, 0x01, 0x69, 0x64, 
    0x00, 0x97, 0x57, 0x64, 0x03, 0x91, 0x5F, 0x00, 0x00, 0x99, 0x2E, 0x00, 
    0x00, 0x90, 0x49, 0x00, 0x00, 0x99, 0x26, 0x00, 0x00, 0x92, 0x28, 0x64, 
    0x00, 0x99, 0x24, 0x64, 0x00, 0x2A, 0x64, 0x00, 0x90, 0x47, 0x64, 0x0A, 
    0x9A, 0x4C, 0x00, 0x00, 0x49, 0x64, 0x00, 0xEA, 0x00, 0x40, 0x0A, 0x9B, 
    0x4A, 0x00, 0x00, 0x4C, 0x64, 0x07, 0x96, 0x69, 0x00, 0x00, 0x97, 0x57, 
    0x00, 0x00, 0x96, 0x61, 0x64, 0x00, 0x97, 0x4F, 0x64, 0x03, 0x92, 0x28, 
    0x00, 0x00, 0x99, 0x24, 0x00, 0x00, 0x90, 0x47, 0x00, 0x00, 0x99, 0x2A, 
    0x00, 0x00, 0x92, 0x34, 0x64, 0x00, 0x99, 0x2A, 0x7F, 0x00, 0x90, 0x4A, 
    0x64, 0x00, 0x91, 0x5F, 0x64, 0x0A, 0x9A, 0x49, 0x00, 0x00, 0x47, 0x64, 
    0x0A, 0x9B, 0x4C, 0x00, 0x00, 0x49, 0x64, 0x07, 0x97, 0x4F, 0x00, 0x00, 
    0x96, 0x61, 0x00, 0x00, 0x97, 0x54, 0x64, 0x00, 0x96, 0x66, 0x64, 0x03, 
    0x92, 0x34, 0x00, 0x00, 0x90, 0x4A, 0x00, 0x00, 0x91, 0x5F, 0x00, 0x00, 
    0x99, 0x2A, 0x00, 0x00, 0x2A, 0x50, 0x00, 0x92, 0x34, 0x64, 0x00, 0x91, 
    0x53, 0x64, 0x00, 0x90, 0x4C, 0x64, 0x0A, 0x9A, 0x47, 0x00, 0x00, 0x4A, 
    0x64, 0x0A, 0x9B, 0x49, 0x00, 0x00, 0x47, 0x64, 0x07, 0x96, 0x66, 0x00, 
    0x00, 0x97, 0x54, 0x00, 0x00, 0x96, 0x64, 0x64, 0x00, 0x97, 0x52, 0x64, 
    0x03, 0x91, 0x53, 0x00, 0x00, 0x99, 0x3B, 0x00, 0x00, 0x2A, 0x00, 0x00, 
    0x92, 0x34, 0x00, 0x00, 0x90, 0x4C, 0x00, 0x00, 0x99, 0x2A, 0x5A, 0x00, 
    0x24, 0x64, 0x00, 0x3B, 0x7F, 0x00, 0x90, 0x49, 0x64, 0x00, 0x99, 0x26, 
    0x64, 0x0A, 0x9A, 0x4A, 0x00, 0x00, 0x4C, 0x64, 0x0A, 0x9B, 0x47, 0x00, 
    0x00, 0x4A, 0x64, 0x07, 0x97, 0x52, 0x00, 0x00, 0x96, 0x64, 0x00, 0x01, 
    0x67, 0x64, 0x00, 0x97, 0x55, 0x64, 0x02, 0x99, 0x24, 0x00, 0x00, 0x90, 
    0x49, 0x00, 0x00, 0x99, 0x26, 0x00, 0x00, 0x2A, 0x00, 0x00, 0x2A, 0x7F, 
    0x00, 0x26, 0x4B, 0x00, 0x92, 0x34, 0x64, 0x00, 0x90, 0x47, 0x64, 0x0A, 
    0x9A, 0x4C, 0x00, 0x00, 0x49, 0x64, 0x0A, 0x9B, 0x4A, 0x00, 0x00, 0x4C, 
    0x64, 0x08, 0x97, 0x55, 0x00, 0x00, 0x96, 0x67, 0x00, 0x00, 0x69, 0x64, 
    0x00, 0x97, 0x57, 0x64, 0x02, 0x99, 0x26, 0x00, 0x00, 0x92, 0x34, 0x00, 
    0x00, 0x99, 0x2A, 0x00, 0x00, 0x24, 0x64, 0x00, 0x2A, 0x64, 0x00, 0x92, 
    0x28, 0x64, 0x0A, 0x9A, 0x49, 0x00, 0x00, 0x47, 0x64, 0x0A, 0x9B, 0x4C, 
    0x00, 0x00, 0x49, 0x64, 0x08, 0x97, 0x57, 0x00, 0x00, 0x96, 0x69, 0x00, 
    0x00, 0x67, 0x64, 0x00, 0x97, 0x55, 0x64, 0x02, 0x99, 0x2A, 0x00, 0x00, 
    0x24, 0x00, 0x00, 0x90, 0x47, 0x00, 0x00, 0x92, 0x28, 0x00, 0x00, 0x91, 
    0x53, 0x64, 0x00, 0x92, 0x34, 0x64, 0x00, 0x90, 0x4A, 0x64, 0x00, 0x99, 
    0x2A, 0x64, 0x0A, 0x9A, 0x47, 0x00, 0x00, 0x4A, 0x64, 0x0A, 0x9B, 0x49, 
    0x00, 0x00, 0x47, 0x64, 0x08, 0x97, 0x55, 0x00, 0x00, 0x96, 0x67, 0x00, 
    0x00, 0x62, 0x64, 0x00, 0x97, 0x50, 0x64, 0x02, 0x91, 0x53, 0x00, 0x00, 
    0x99, 0x2A, 0x00, 0x00, 0x92, 0x34, 0x00, 0x00, 0x99, 0x3B, 0x00, 0x00, 
    0x91, 0x5F, 0x64, 0x00, 0x99, 0x3B, 0x7F, 0x00, 0x26, 0x64, 0x00, 0x2A, 
    0x64, 0x0A, 0x9A, 0x4A, 0x00, 0x00, 0x4C, 0x64, 0x12, 0x96, 0x62, 0x00, 
    0x00, 0x97, 0x50, 0x00, 0x01, 0x51, 0x64, 0x00, 0x96, 0x63, 0x64, 0x01, 
    0x91, 0x5F, 0x00, 0x00, 0x99, 0x2A, 0x00, 0x00, 0x26, 0x00, 0x00, 0x2A, 
    0x64, 0x00, 0x92, 0x28, 0x64, 0x00, 0x99, 0x24, 0x64, 0x0A, 0x9A, 0x4C, 
    0x00, 0x00, 0x49, 0x64, 0x0A, 0x9B, 0x47, 0x00, 0x00, 0x4A, 0x64, 0x09, 
    0x97, 0x51, 0x00, 0x00, 0x96, 0x63, 0x00, 0x00, 0x97, 0x59, 0x64, 0x00, 
    0x96, 0x6B, 0x64, 0x01, 0x90, 0x4A, 0x00, 0x00, 0x92, 0x28, 0x00, 0x00, 
    0x99, 0x24, 0x00, 0x00, 0x2A, 0x00, 0x00, 0x91, 0x5F, 0x64, 0x00, 0x92, 
    0x34, 0x64, 0x00, 0x90, 0x4A, 0x64, 0x00, 0x99, 0x2A, 0x7F, 0x0A, 0x9A, 
    0x49, 0x00, 0x00, 0x47, 0x64, 0x13, 0x96, 0x6B, 0x00, 0x00, 0x97, 0x59, 
    0x00, 0x00, 0x96, 0x67, 0x64, 0x00, 0x97, 0x55, 0x64, 0x01, 0x90, 0x4A, 
    0x00, 0x00, 0x91, 0x5F, 0x00, 0x00, 0x99, 0x2A, 0x00, 0x00, 0x92, 0x34, 
    0x00, 0x00, 0x91, 0x53, 0x64, 0x00, 0x92, 0x34, 0x64, 0x00, 0x99, 0x2A, 
    0x64, 0x00, 0x90, 0x4C, 0x64, 0x1D, 0x96, 0x67, 0x00, 0x00, 0x97, 0x55, 
    0x00, 0x00, 0x96, 0x69, 0x64, 0x00, 0x97, 0x57, 0x64, 0x01, 0x92, 0x34, 
    0x00, 0x00, 0x99, 0x2A, 0x00, 0x00, 0x91, 0x53, 0x00, 0x00, 0x99, 0x3B, 
    0x00, 0x00, 0x90, 0x4C, 0x00, 0x00, 0x99, 0x24, 0x64, 0x00, 0x3B, 0x7F, 
    0x00, 0x2A, 0x64, 0x00, 0x90, 0x49, 0x64, 0x00, 0x99, 0x26, 0x64, 0x0A, 
    0x9A, 0x47, 0x00, 0x00, 0x4A, 0x64, 0x0A, 0x9B, 0x4A, 0x00, 0x00, 0x4A, 
    0x64, 0x09, 0x96, 0x69, 0x00, 0x00, 0x97, 0x57, 0x00, 0x01, 0x99, 0x24, 
    0x00, 0x00, 0x2A, 0x00, 0x00, 0x90, 0x49, 0x00, 0x00, 0x99, 0x26, 0x00, 
    0x00, 0x97, 0x50, 0x64, 0x00, 0x96, 0x62, 0x64, 0x00, 0x99, 0x26, 0x4B, 
    0x00, 0x92, 0x34, 0x64, 0x00, 0x90, 0x47, 0x64, 0x00, 0x99, 0x2E, 0x7F, 
    0x14, 0x9B, 0x4A, 0x00, 0x00, 0x4C, 0x64, 0x0A, 0x90, 0x47, 0x00, 0x00, 
    0x96, 0x62, 0x00, 0x00, 0x99, 0x26, 0x00, 0x00, 0x2A, 0x00, 0x00, 0x92, 
    0x34, 0x00, 0x00, 0x97, 0x50, 0x00, 0x00, 0x90, 0x4A, 0x64, 0x00, 0x96, 
    0x64, 0x64, 0x00, 0x99, 0x2A, 0x7F, 0x00, 0x92, 0x23, 0x64, 0x00, 0x97, 
    0x52, 0x64, 0x00, 0x99, 0x24, 0x64, 0x14, 0x9B, 0x4C, 0x00, 0x00, 0x49, 
    0x64, 0x0A, 0x97, 0x52, 0x00, 0x00, 0x92, 0x23, 0x00, 0x00, 0x96, 0x64, 
    0x00, 0x00, 0x99, 0x24, 0x00, 0x00, 0x90, 0x4A, 0x00, 0x00, 0x99, 0x2A, 
    0x00, 0x00, 0x97, 0x55, 0x64, 0x00, 0x92, 0x2F, 0x64, 0x00, 0x96, 0x67, 
    0x64, 0x00, 0x91, 0x53, 0x64, 0x00, 0x90, 0x49, 0x64, 0x00, 0x99, 0x2A, 
    0x50, 0x0A, 0x9A, 0x4A, 0x00, 0x00, 0x4A, 0x64, 0x0A, 0x9B, 0x49, 0x00, 
    0x00, 0x47, 0x64, 0x0A, 0x96, 0x67, 0x00, 0x00, 0x99, 0x3B, 0x00, 0x00, 
    0x91, 0x53, 0x00, 0x00, 0x92, 0x2F, 0x00, 0x00, 0x90, 0x49, 0x00, 0x00, 
    0x97, 0x55, 0x00, 0x00, 0x99, 0x2A, 0x00, 0x00, 0x91, 0x5F, 0x64, 0x00, 
    0x99, 0x2A, 0x5A, 0x00, 0x3B, 0x7F, 0x00, 0x26, 0x64, 0x00, 0x97, 0x57, 
    0x64, 0x00, 0x96, 0x69, 0x64, 0x00, 0x90, 0x4A, 0x64, 0x0A, 0x9A, 0x4A, 
    0x00, 0x00, 0x4C, 0x64, 0x0A, 0x9B, 0x47, 0x00, 0x00, 0x4A, 0x64, 0x0A, 
    0x99, 0x26, 0x00, 0x00, 0x2E, 0x00, 0x00, 0x96, 0x69, 0x00, 0x00, 0x97, 
    0x57, 0x00, 0x00, 0x90, 0x4A, 0x00, 0x00, 0x91, 0x5F, 0x00, 0x00, 0x99, 
    0x2A, 0x64, 0x00, 0x92, 0x23, 0x64, 0x00, 0x90, 0x49, 0x64, 0x00, 0x99, 
    0x24, 0x64, 0x01, 0x97, 0x56, 0x64, 0x00, 0x96, 0x68, 0x64, 0x09, 0x9A, 
    0x4C, 0x00, 0x00, 0x49, 0x64, 0x0A, 0x9B, 0x4A, 0x00, 0x00, 0x49, 0x64, 
    0x0A, 0x90, 0x49, 0x00, 0x00, 0x99, 0x2A, 0x00, 0x00, 0x92, 0x23, 0x00, 
    0x00, 0x99, 0x24, 0x00, 0x00, 0x2A, 0x7F, 0x00, 0x92, 0x2F, 0x64, 0x00, 
    0x90, 0x4A, 0x64, 0x00, 0x91, 0x5F, 0x64, 0x01, 0x97, 0x56, 0x00, 0x00, 
    0x96, 0x68, 0x00, 0x00, 0x6A, 0x64, 0x00, 0x97, 0x58, 0x64, 0x09, 0x9A, 
    0x49, 0x00, 0x00, 0x47, 0x64, 0x0A, 0x9B, 0x49, 0x00, 0x00, 0x4A, 0x64, 
    0x0A, 0x99, 0x2A, 0x00, 0x00, 0x90, 0x4A, 0x00, 0x00, 0x92, 0x2F, 0x00, 
    0x00, 0x91, 0x5F, 0x00, 0x00, 0x99, 0x2A, 0x50, 0x00, 0x92, 0x2F, 0x64, 
    0x00, 0x91, 0x53, 0x64, 0x00, 0x90, 0x49, 0x64, 0x01, 0x97, 0x58, 0x00, 
    0x00, 0x96, 0x6A, 0x00, 0x00, 0x97, 0x59, 0x64, 0x00, 0x96, 0x6B, 0x64, 
    0x09, 0x9A, 0x47, 0x00, 0x00, 0x4A, 0x64, 0x0A, 0x9B, 0x4A, 0x00, 0x00, 
    0x49, 0x64, 0x0A, 0x99, 0x2A, 0x00, 0x00, 0x3B, 0x00, 0x00, 0x91, 0x53, 
    0x00, 0x00, 0x92, 0x2F, 0x00, 0x00, 0x90, 0x49, 0x00, 0x00, 0x99, 0x3B, 
    0x7F, 0x00, 0x90, 0x4A, 0x64, 0x00, 0x99, 0x24, 0x64, 0x00, 0x2A, 0x5A, 
    0x00, 0x26, 0x64, 0x01, 0x96, 0x6B, 0x00, 0x00, 0x97, 0x59, 0x00, 0x00, 
    0x96, 0x68, 0x64, 0x00, 0x97, 0x56, 0x64, 0x09, 0x9A, 0x4A, 0x00, 0x00, 
    0x49, 0x64, 0x0A, 0x9B, 0x49, 0x00, 0x00, 0x4A, 0x64, 0x0A, 0x90, 0x4A, 
    0x00, 0x00, 0x99, 0x24, 0x00, 0x00, 0x26, 0x00, 0x00, 0x2A, 0x00, 0x00, 
    0x90, 0x4C, 0x64, 0x00, 0x92, 0x2F, 0x64, 0x00, 0x99, 0x2A, 0x7F, 0x00, 
    0x26, 0x4B, 0x01, 0x97, 0x56, 0x00, 0x00, 0x96, 0x68, 0x00, 0x01, 0x97, 
    0x55, 0x64, 0x00, 0x96, 0x67, 0x64, 0x08, 0x9A, 0x49, 0x00, 0x00, 0x4A, 
    0x64, 0x0A, 0x9B, 0x4A, 0x00, 0x00, 0x49, 0x64, 0x0A, 0x90, 0x4C, 0x00, 
    0x00, 0x92, 0x2F, 0x00, 0x00, 0x99, 0x2A, 0x00, 0x00, 0x26, 0x00, 0x00, 
    0x24, 0x64, 0x00, 0x90, 0x4C, 0x64, 0x00, 0x92, 0x26, 0x64, 0x00, 0x99, 
    0x2A, 0x64, 0x02, 0x97, 0x55, 0x00, 0x00, 0x96, 0x67, 0x00, 0x00, 0x66, 
    0x64, 0x00, 0x97, 0x54, 0x64, 0x08, 0x9A, 0x4A, 0x00, 0x00, 0x49, 0x64, 
    0x0A, 0x9B, 0x49, 0x00, 0x00, 0x4A, 0x64, 0x0A, 0x90, 0x4C, 0x00, 0x00, 
    0x99, 0x24, 0x00, 0x00, 0x92, 0x26, 0x00, 0x00, 0x99, 0x2A, 0x00, 0x00, 
    0x91, 0x53, 0x64, 0x00, 0x99, 0x2A, 0x64, 0x00, 0x90, 0x4A, 0x64, 0x00, 
    0x92, 0x32, 0x64, 0x02, 0x96, 0x66, 0x00, 0x00, 0x97, 0x54, 0x00, 0x00, 
    0x96, 0x65, 0x64, 0x00, 0x97, 0x53, 0x64, 0x08, 0x9A, 0x49, 0x00, 0x00, 
    0x4A, 0x64, 0x0A, 0x9B, 0x4A, 0x00, 0x00, 0x4C, 0x64, 0x0A, 0x91, 0x53, 
    0x00, 0x00, 0x99, 0x3B, 0x00, 0x00, 0x90, 0x4A, 0x00, 0x00, 0x99, 0x2A, 
    0x00, 0x00, 0x92, 0x32, 0x00, 0x00, 0x99, 0x2A, 0x64, 0x00, 0x26, 0x64, 
    0x00, 0x90, 0x4C, 0x64, 0x00, 0x99, 0x3B, 0x7F, 0x00, 0x91, 0x5F, 0x64, 
    0x02, 0x97, 0x53, 0x00, 0x00, 0x96, 0x65, 0x00, 0x00, 0x97, 0x55, 0x64, 
    0x00, 0x96, 0x67, 0x64, 0x08, 0x9A, 0x4A, 0x00, 0x00, 0x49, 0x64, 0x0A, 
    0x9B, 0x4C, 0x00, 0x00, 0x4C, 0x64, 0x0A, 0x99, 0x26, 0x00, 0x00, 0x90, 
    0x4C, 0x00, 0x00, 0x99, 0x2A, 0x00, 0x00, 0x91, 0x5F, 0x00, 0x00, 0x92, 
    0x26, 0x64, 0x00, 0x99, 0x2A, 0x64, 0x00, 0x24, 0x64, 0x00, 0x90, 0x4A, 
    0x64, 0x02, 0x97, 0x55, 0x00, 0x00, 0x96, 0x67, 0x00, 0x01, 0x97, 0x56, 
    0x64, 0x00, 0x96, 0x68, 0x64, 0x07, 0x9A, 0x49, 0x00, 0x00, 0x4A, 0x64, 
    0x0A, 0x9B, 0x4C, 0x00, 0x00, 0x4A, 0x64, 0x0A, 0x92, 0x26, 0x00, 0x00, 
    0x99, 0x24, 0x00, 0x00, 0x90, 0x4A, 0x00, 0x00, 0x99, 0x2A, 0x00, 0x00, 
    0x91, 0x5F, 0x64, 0x00, 0x99, 0x2A, 0x7F, 0x00, 0x92, 0x32, 0x64, 0x00, 
    0x90, 0x4C, 0x64, 0x03, 0x97, 0x56, 0x00, 0x00, 0x96, 0x68, 0x00, 0x00, 
    0x97, 0x50, 0x64, 0x00, 0x96, 0x62, 0x64, 0x07, 0x9A, 0x4A, 0x00, 0x00, 
    0x4C, 0x64, 0x0A, 0x9B, 0x4A, 0x00, 0x00, 0x4C, 0x64, 0x0A, 0x91, 0x5F, 
    0x00, 0x00, 0x99, 0x2A, 0x00, 0x00, 0x92, 0x32, 0x00, 0x00, 0x90, 0x4C, 
    0x00, 0x00, 0x99, 0x2A, 0x64, 0x00, 0x91, 0x53, 0x64, 0x00, 0x90, 0x4E, 
    0x64, 0x00, 0x92, 0x32, 0x64, 0x03, 0x97, 0x50, 0x00, 0x00, 0x96, 0x62, 
    0x00, 0x00, 0x65, 0x64, 0x00, 0x97, 0x53, 0x64, 0x07, 0x9A, 0x4C, 0x00, 
    0x00, 0x4C, 0x64, 0x0A, 0x9B, 0x4C, 0x00, 0x00, 0x4A, 0x64, 0x0A, 0x99, 
    0x3B, 0x00, 0x00, 0x2A, 0x00, 0x00, 0x90, 0x4E, 0x00, 0x00, 0x91, 0x53, 
    0x00, 0x00, 0x92, 0x32, 0x00, 0x00, 0x99, 0x3B, 0x7F, 0x00, 0x24, 0x64, 
    0x00, 0x26, 0x64, 0x00, 0x90, 0x50, 0x64, 0x00, 0x99, 0x2A, 0x64, 0x03, 
    0x96, 0x65, 0x00, 0x00, 0x97, 0x53, 0x00, 0x00, 0x96, 0x69, 0x64, 0x00, 
    0x97, 0x57, 0x64, 0x07, 0x9A, 0x4C, 0x00, 0x00, 0x4A, 0x64, 0x0A, 0x9B, 
    0x4A, 0x00, 0x00, 0x4C, 0x64, 0x0A, 0x99, 0x24, 0x00, 0x00, 0x90, 0x50, 
    0x00, 0x00, 0x99, 0x26, 0x00, 0x00, 0x2A, 0x00, 0x00, 0x90, 0x51, 0x64, 
    0x00, 0x99, 0x26, 0x4B, 0x00, 0x2E, 0x7F, 0x00, 0x92, 0x32, 0x64, 0x03, 
    0x96, 0x69, 0x00, 0x00, 0x97, 0x57, 0x00, 0x01, 0x96, 0x62, 0x64, 0x00, 
    0x97, 0x50, 0x64, 0x06, 0x9A, 0x4A, 0x00, 0x00, 0x4C, 0x64, 0x0A, 0x9B, 
    0x4C, 0x00, 0x00, 0x4E, 0x64, 0x0A, 0x90, 0x51, 0x00, 0x00, 0x99, 0x2A, 
    0x00, 0x00, 0x26, 0x00, 0x00, 0x92, 0x32, 0x00, 0x00, 0x99, 0x24, 0x64, 
    0x00, 0x2A, 0x7F, 0x00, 0x90, 0x50, 0x64, 0x00, 0x92, 0x21, 0x64, 0x04, 
    0x96, 0x62, 0x00, 0x00, 0x97, 0x50, 0x00, 0x00, 0x96, 0x63, 0x64, 0x00, 
    0x97, 0x51, 0x64, 0x06, 0x9A, 0x4C, 0x00, 0x00, 0x4A, 0x64, 0x0A, 0x9B, 
    0x4E, 0x00, 0x00, 0x50, 0x64, 0x0A, 0x99, 0x24, 0x00, 0x00, 0x90, 0x50, 
    0x00, 0x00, 0x99, 0x2A, 0x00, 0x00, 0x92, 0x21, 0x00, 0x00, 0x91, 0x53, 
    0x64, 0x00, 0x90, 0x51, 0x64, 0x00, 0x99, 0x2A, 0x50, 0x00, 0x92, 0x2D, 
    0x64, 0x04, 0x97, 0x51, 0x00, 0x00, 0x96, 0x63, 0x00, 0x00, 0x6B, 0x64, 
    0x00, 0x97, 0x59, 0x64, 0x06, 0x9A, 0x4A, 0x00, 0x00, 0x4C, 0x64, 0x0A, 
    0x9B, 0x50, 0x00, 0x00, 0x51, 0x64, 0x0A, 0x91, 0x53, 0x00, 0x00, 0x90, 
    0x51, 0x00, 0x00, 0x99, 0x3B, 0x00, 0x00, 0x92, 0x2D, 0x00, 0x00, 0x99, 
    0x2A, 0x00, 0x00, 0x91, 0x5F, 0x64, 0x00, 0x99, 0x2A, 0x5A, 0x00, 0x90, 
    0x4E, 0x64, 0x00, 0x99, 0x3B, 0x7F, 0x00, 0x26, 0x64, 0x04, 0x96, 0x6B, 
    0x00, 0x00, 0x97, 0x59, 0x00, 0x00, 0x4E, 0x64, 0x00, 0x96, 0x60, 0x64, 
    0x06, 0x9A, 0x4C, 0x00, 0x00, 0x4E, 0x64, 0x0A, 0x9B, 0x51, 0x00, 0x00, 
    0x50, 0x64, 0x0A, 0x91, 0x5F, 0x00, 0x00, 0x99, 0x2E, 0x00, 0x00, 0x90, 
    0x4E, 0x00, 0x00, 0x99, 0x26, 0x00, 0x00, 0x90, 0x4C, 0x64, 0x00, 0x99, 
    0x24, 0x64, 0x00, 0x2A, 0x64, 0x00, 0x92, 0x21, 0x64, 0x04, 0x97, 0x4E, 
    0x00, 0x00, 0x96, 0x60, 0x00, 0x01, 0x97, 0x5A, 0x64, 0x00, 0x96, 0x6C, 
    0x64, 0x05, 0x9A, 0x4E, 0x00, 0x00, 0x50, 0x64, 0x0A, 0x9B, 0x50, 0x00, 
    0x00, 0x51, 0x64, 0x0A, 0x90, 0x4C, 0x00, 0x00, 0x99, 0x24, 0x00, 0x00, 
    0x92, 0x21, 0x00, 0x00, 0x99, 0x2A, 0x00, 0x00, 0x90, 0x50, 0x64, 0x00, 
    0x99, 0x2A, 0x7F, 0x00, 0x91, 0x5F, 0x64, 0x00, 0x92, 0x2D, 0x64, 0x05, 
    0x97, 0x5A, 0x00, 0x00, 0x96, 0x6C, 0x00, 0x00, 0x97, 0x53, 0x64, 0x00, 
    0x96, 0x65, 0x64, 0x05, 0x9A, 0x50, 0x00, 0x00, 0x51, 0x64, 0x0A, 0x9B, 
    0x51, 0x00, 0x00, 0x4E, 0x64, 0x0A, 0x90, 0x50, 0x00, 0x00, 0x99, 0x2A, 
    0x00, 0x00, 0x91, 0x5F, 0x00, 0x00, 0x92, 0x2D, 0x00, 0x00, 0x2D, 0x64, 
    0x00, 0x91, 0x53, 0x64, 0x00, 0x90, 0x51, 0x64, 0x00, 0x99, 0x2A, 0x50, 
    0x05, 0x97, 0x53, 0x00, 0x00, 0x96, 0x65, 0x00, 0x00, 0x97, 0x4F, 0x64, 
    0x00, 0x96, 0x61, 0x64, 0x05, 0x9A, 0x51, 0x00, 0x00, 0x50, 0x64, 0x0A, 
    0x9B, 0x4E, 0x00, 0x00, 0x4C, 0x64, 0x0A, 0x92, 0x2D, 0x00, 0x00, 0x99, 
    0x3B, 0x00, 0x00, 0x2A, 0x00, 0x00, 0x90, 0x51, 0x00, 0x00, 0x91, 0x53, 
    0x00, 0x00, 0x99, 0x26, 0x64, 0x00, 0x2A, 0x5A, 0x00, 0x90, 0x4E, 0x64, 
    0x00, 0x99, 0x24, 0x64, 0x00, 0x3B, 0x7F, 0x05, 0x97, 0x4F, 0x00, 0x00, 
    0x96, 0x61, 0x00, 0x00, 0x68, 0x64, 0x00, 0x97, 0x56, 0x64, 0x05, 0x9A, 
    0x50, 0x00, 0x00, 0x51, 0x64, 0x0A, 0x9B, 0x4C, 0x00, 0x00, 0x50, 0x64, 
    0x0A, 0x99, 0x26, 0x00, 0x00, 0x24, 0x00, 0x00, 0x2A, 0x00, 0x00, 0x90, 
    0x4E, 0x00, 0x00, 0x4C, 0x64, 0x00, 0x99, 0x26, 0x4B, 0x00, 0x92, 0x2D, 
    0x64, 0x00, 0x99, 0x2A, 0x7F, 0x05, 0x96, 0x68, 0x00, 0x00, 0x97, 0x56, 
    0x00, 0x01, 0x96, 0x61, 0x64, 0x00, 0x97, 0x4F, 0x64, 0x04, 0x9A, 0x51, 
    0x00, 0x00, 0x4E, 0x64, 0x0A, 0x9B, 0x50, 0x00, 0x00, 0x51, 0x64, 0x0A, 
    0x99, 0x26, 0x00, 0x00, 0x2A, 0x00, 0x00, 0x92, 0x2D, 0x00, 0x00, 0x21, 
    0x64, 0x00, 0x99, 0x2A, 0x64, 0x00, 0x24, 0x64, 0x06, 0x96, 0x61, 0x00, 
    0x00, 0x97, 0x4F, 0x00, 0x00, 0x5A, 0x64, 0x00, 0x96, 0x6C, 0x64, 0x04, 
    0x9A, 0x4E, 0x00, 0x00, 0x4C, 0x64, 0x0A, 0x9B, 0x51, 0x00, 0x00, 0x4E, 
    0x64, 0x0A, 0x90, 0x4C, 0x00, 0x00, 0x92, 0x21, 0x00, 0x00, 0x99, 0x24, 
    0x00, 0x00, 0x2A, 0x00, 0x00, 0x91, 0x53, 0x64, 0x00, 0x90, 0x50, 0x64, 
    0x00, 0x92, 0x2D, 0x64, 0x00, 0x99, 0x2A, 0x64, 0x06, 0x97, 0x5A, 0x00, 
    0x00, 0x96, 0x6C, 0x00, 0x00, 0x65, 0x64, 0x00, 0x97, 0x53, 0x64, 0x04, 
    0x9A, 0x4C, 0x00, 0x00, 0x50, 0x64, 0x0A, 0x9B, 0x4E, 0x00, 0x00, 0x4C, 
    0x64, 0x0A, 0x91, 0x53, 0x00, 0x00, 0x99, 0x3B, 0x00, 0x00, 0x92, 0x2D, 
    0x00, 0x00, 0x99, 0x2A, 0x00, 0x00, 0x91, 0x5F, 0x64, 0x00, 0x99, 0x2A, 
    0x64, 0x00, 0x26, 0x64, 0x00, 0x3B, 0x7F, 0x06, 0x96, 0x65, 0x00, 0x00, 
    0x97, 0x53, 0x00, 0x00, 0x96, 0x6C, 0x64, 0x00, 0x97, 0x5A, 0x64, 0x04, 
    0x9A, 0x50, 0x00, 0x00, 0x51, 0x64, 0x14, 0x99, 0x2A, 0x00, 0x00, 0x91, 
    0x5F, 0x00, 0x00, 0x90, 0x50, 0x00, 0x00, 0x99, 0x26, 0x00, 0x00, 0x2A, 
    0x64, 0x00, 0x90, 0x4E, 0x64, 0x00, 0x92, 0x21, 0x64, 0x00, 0x99, 0x24, 
    0x64, 0x06, 0x96, 0x6C, 0x00, 0x00, 0x97, 0x5A, 0x00, 0x01, 0x50, 0x64, 
    0x00, 0x96, 0x62, 0x64, 0x03, 0x9A, 0x51, 0x00, 0x00, 0x4E, 0x64, 0x0A, 
    0x9B, 0x4C, 0x00, 0x00, 0x50, 0x64, 0x0A, 0x99, 0x2A, 0x00, 0x00, 0x92, 
    0x21, 0x00, 0x00, 0x90, 0x4E, 0x00, 0x00, 0x99, 0x24, 0x00, 0x00, 0x91, 
    0x5F, 0x64, 0x00, 0x99, 0x2A, 0x7F, 0x00, 0x92, 0x2D, 0x64, 0x00, 0x90, 
    0x51, 0x64, 0x07, 0x96, 0x62, 0x00, 0x00, 0x97, 0x50, 0x00, 0x00, 0x96, 
    0x64, 0x64, 0x00, 0x97, 0x52, 0x64, 0x03, 0x9A, 0x4E, 0x00, 0x00, 0x4C, 
    0x64, 0x14, 0x91, 0x5F, 0x00, 0x00, 0x92, 0x2D, 0x00, 0x00, 0x90, 0x51, 
    0x00, 0x00, 0x99, 0x2A, 0x00, 0x00, 0x90, 0x50, 0x64, 0x00, 0x99, 0x2A, 
    0x64, 0x00, 0x92, 0x2D, 0x64, 0x00, 0x91, 0x53, 0x64, 0x07, 0x96, 0x64, 
    0x00, 0x00, 0x97, 0x52, 0x00, 0x00, 0x50, 0x64, 0x00, 0x96, 0x62, 0x64, 
    0x0D, 0x9B, 0x50, 0x00, 0x00, 0x4E, 0x64, 0x0A, 0x90, 0x50, 0x00, 0x00, 
    0x99, 0x3B, 0x00, 0x00, 0x2A, 0x00, 0x00, 0x92, 0x2D, 0x00, 0x00, 0x91, 
    0x53, 0x00, 0x00, 0x99, 0x24, 0x64, 0x00, 0x2A, 0x64, 0x00, 0x90, 0x51, 
    0x64, 0x00, 0x99, 0x3B, 0x7F, 0x00, 0x26, 0x64, 0x07, 0x97, 0x50, 0x00, 
    0x00, 0x96, 0x62, 0x00, 0x00, 0x97, 0x5A, 0x64, 0x00, 0x96, 0x6C, 0x64, 
    0x03, 0x9A, 0x4C, 0x00, 0x00, 0x50, 0x64, 0x0A, 0x9B, 0x4E, 0x00, 0x00, 
    0x51, 0x64, 0x0A, 0x99, 0x24, 0x00, 0x00, 0x90, 0x51, 0x00, 0x00, 0x99, 
    0x26, 0x00, 0x00, 0x2A, 0x00, 0x00, 0x2E, 0x7F, 0x00, 0x26, 0x4B, 0x00, 
    0x90, 0x50, 0x64, 0x00, 0x92, 0x2D, 0x64, 0x07, 0x97, 0x5A, 0x00, 0x00, 
    0x96, 0x6C, 0x00, 0x01, 0x69, 0x64, 0x00, 0x97, 0x57, 0x64, 0x0C, 0x9B, 
    0x51, 0x00, 0x00, 0x50, 0x64, 0x0A, 0x99, 0x26, 0x00, 0x00, 0x2A, 0x00, 
    0x00, 0x90, 0x50, 0x00, 0x00, 0x92, 0x2D, 0x00, 0x00, 0x99, 0x2A, 0x7F, 
    0x00, 0x24, 0x64, 0x00, 0x90, 0x53, 0x64, 0x00, 0x92, 0x23, 0x64, 0x08, 
    0x96, 0x69, 0x00, 0x00, 0x97, 0x57, 0x00, 0x00, 0x5A, 0x64, 0x00, 0x96, 
    0x6C, 0x64, 0x02, 0x9A, 0x50, 0x00, 0x00, 0x4E, 0x64, 0x0A, 0x9B, 0x50, 
    0x00, 0x00, 0x51, 0x64, 0x0A, 0x99, 0x2A, 0x00, 0x00, 0x90, 0x53, 0x00, 
    0x00, 0x99, 0x24, 0x00, 0x00, 0x92, 0x23, 0x00, 0x00, 0x2F, 0x64, 0x00, 
    0x91, 0x53, 0x64, 0x00, 0x99, 0x2A, 0x50, 0x00, 0x90, 0x51, 0x64, 0x08, 
    0x96, 0x6C, 0x00, 0x00, 0x97, 0x5A, 0x00, 0x00, 0x96, 0x66, 0x64, 0x00, 
    0x97, 0x54, 0x64, 0x02, 0x9A, 0x4E, 0x00, 0x00, 0x51, 0x64, 0x0A, 0x9B, 
    0x51, 0x00, 0x00, 0x50, 0x64, 0x0A, 0x99, 0x3B, 0x00, 0x00, 0x92, 0x2F, 
    0x00, 0x00, 0x91, 0x53, 0x00, 0x00, 0x90, 0x51, 0x00, 0x00, 0x99, 0x2A, 
    0x00, 0x00, 0x2A, 0x5A, 0x00, 0x91, 0x5F, 0x64, 0x00, 0x99, 0x3B, 0x7F, 
    0x00, 0x90, 0x53, 0x64, 0x00, 0x99, 0x26, 0x64, 0x08, 0x96, 0x66, 0x00, 
    0x00, 0x97, 0x54, 0x00, 0x00, 0x96, 0x62, 0x64, 0x00, 0x97, 0x50, 0x64, 
    0x02, 0x9A, 0x51, 0x00, 0x00, 0x50, 0x64, 0x0A, 0x9B, 0x50, 0x00, 0x00, 
    0x53, 0x64, 0x0A, 0x91, 0x5F, 0x00, 0x00, 0x99, 0x2E, 0x00, 0x00, 0x90, 
    0x53, 0x00, 0x00, 0x99, 0x26, 0x00, 0x00, 0x24, 0x64, 0x00, 0x2A, 0x64, 
    0x00, 0x90, 0x51, 0x64, 0x00, 0x92, 0x23, 0x64, 0x08, 0x96, 0x62, 0x00, 
    0x00, 0x97, 0x50, 0x00, 0x01, 0x56, 0x64, 0x00, 0x96, 0x68, 0x64, 0x01, 
    0x9A, 0x50, 0x00, 0x00, 0x51, 0x64, 0x0A, 0x9B, 0x53, 0x00, 0x00, 0x51, 
    0x64, 0x0A, 0x99, 0x24, 0x00, 0x00, 0x90, 0x51, 0x00, 0x00, 0x92, 0x23, 
    0x00, 0x00, 0x99, 0x2A, 0x00, 0x00, 0x91, 0x5F, 0x64, 0x00, 0x92, 0x2F, 
    0x64, 0x00, 0x99, 0x2A, 0x7F, 0x00, 0x90, 0x53, 0x64, 0x09, 0x97, 0x56, 
    0x00, 0x00, 0x96, 0x68, 0x00, 0x00, 0x66, 0x64, 0x00, 0x97, 0x54, 0x64, 
    0x01, 0x9A, 0x51, 0x00, 0x00, 0x50, 0x64, 0x0A, 0x9B, 0x51, 0x00, 0x00, 
    0x53, 0x64, 0x0A, 0x91, 0x5F, 0x00, 0x00, 0x99, 0x2A, 0x00, 0x00, 0x92, 
    0x2F, 0x00, 0x00, 0x90, 0x53, 0x00, 0x00, 0x91, 0x53, 0x64, 0x00, 0x99, 
    0x2A, 0x50, 0x00, 0x90, 0x51, 0x64, 0x00, 0x92, 0x2F, 0x64, 0x09, 0x96, 
    0x66, 0x00, 0x00, 0x97, 0x54, 0x00, 0x00, 0x55, 0x64, 0x00, 0x96, 0x67, 
    0x64, 0x01, 0x9A, 0x50, 0x00, 0x00, 0x53, 0x64, 0x0A, 0x9B, 0x53, 0x00, 
    0x00, 0x51, 0x64, 0x0A, 0x91, 0x53, 0x00, 0x00, 0x99, 0x2A, 0x00, 0x00, 
    0x90, 0x51, 0x00, 0x00, 0x99, 0x3B, 0x00, 0x00, 0x92, 0x2F, 0x00, 0x00, 
    0x90, 0x53, 0x64, 0x00, 0x99, 0x3B, 0x7F, 0x00, 0x2A, 0x5A, 0x00, 0x26, 
    0x64, 0x00, 0x24, 0x64, 0x09, 0x96, 0x67, 0x00, 0x00, 0x97, 0x55, 0x00, 
    0x00, 0x51, 0x64, 0x00, 0x96, 0x63, 0x64, 0x01, 0x9A, 0x53, 0x00, 0x00, 
    0x51, 0x64, 0x0A, 0x9B, 0x51, 0x00, 0x00, 0x53, 0x64, 0x0A, 0x90, 0x53, 
    0x00, 0x00, 0x99, 0x26, 0x00, 0x00, 0x24, 0x00, 0x00, 0x2A, 0x00, 0x00, 
    0x90, 0x55, 0x64, 0x00, 0x99, 0x2A, 0x7F, 0x00, 0x26, 0x4B, 0x00, 0x92, 
    0x2F, 0x64, 0x09, 0x97, 0x51, 0x00, 0x00, 0x96, 0x63, 0x00, 0x01, 0x9A, 
    0x51, 0x00, 0x00, 0x96, 0x65, 0x64, 0x00, 0x9A, 0x53, 0x64, 0x00, 0x97, 
    0x53, 0x64, 0x0A, 0x9B, 0x53, 0x00, 0x00, 0x51, 0x64, 0x0A, 0x90, 0x55, 
    0x00, 0x00, 0x99, 0x2A, 0x00, 0x00, 0x26, 0x00, 0x00, 0x92, 0x2F, 0x00, 
    0x00, 0x90, 0x56, 0x64, 0x00, 0x99, 0x2A, 0x64, 0x00, 0x92, 0x26, 0x64, 
    0x00, 0x99, 0x24, 0x64, 0x0A, 0x9A, 0x53, 0x00, 0x00, 0x96, 0x65, 0x00, 
    0x00, 0x97, 0x53, 0x00, 0x00, 0x9A, 0x51, 0x64, 0x00, 0x97, 0x51, 0x64, 
    0x00, 0x96, 0x63, 0x64, 0x0A, 0x9B, 0x51, 0x00, 0x00, 0x53, 0x64, 0x0A, 
    0x99, 0x24, 0x00, 0x00, 0x90, 0x56, 0x00, 0x00, 0x99, 0x2A, 0x00, 0x00, 
    0x92, 0x26, 0x00, 0x00, 0x32, 0x64, 0x00, 0x91, 0x53, 0x64, 0x00, 0x99, 
    0x2A, 0x64, 0x00, 0x90, 0x55, 0x64, 0x0A, 0x9A, 0x51, 0x00, 0x00, 0x97, 
    0x51, 0x00, 0x00, 0x96, 0x63, 0x00, 0x00, 0x9A, 0x53, 0x64, 0x00, 0x96, 
    0x69, 0x64, 0x00, 0x97, 0x57, 0x64, 0x0A, 0x9B, 0x53, 0x00, 0x00, 0x55, 
    0x64, 0x0A, 0x90, 0x55, 0x00, 0x00, 0x92, 0x32, 0x00, 0x00, 0x99, 0x3B, 
    0x00, 0x00, 0x91, 0x53, 0x00, 0x00, 0x99, 0x2A, 0x00, 0x00, 0x26, 0x64, 
    0x00, 0x3B, 0x7F, 0x00, 0x91, 0x5F, 0x64, 0x00, 0x99, 0x2A, 0x64, 0x00, 
    0x90, 0x51, 0x64, 0x0A, 0x9A, 0x53, 0x00, 0x00, 0x96, 0x69, 0x00, 0x00, 
    0x97, 0x57, 0x00, 0x00, 0x50, 0x64, 0x00, 0x9A, 0x51, 0x64, 0x00, 0x96, 
    0x62, 0x64, 0x0A, 0x9B, 0x55, 0x00, 0x00, 0x56, 0x64, 0x0A, 0x99, 0x2A, 
    0x00, 0x00, 0x26, 0x00, 0x00, 0x91, 0x5F, 0x00, 0x00, 0x90, 0x51, 0x00, 
    0x00, 0x99, 0x2A, 0x64, 0x00, 0x92, 0x26, 0x64, 0x00, 0x99, 0x24, 0x64, 
    0x00, 0x90, 0x56, 0x64, 0x0A, 0x9A, 0x51, 0x00, 0x00, 0x97, 0x50, 0x00, 
    0x00, 0x96, 0x62, 0x00, 0x00, 0x9A, 0x53, 0x64, 0x01, 0x97, 0x53, 0x64, 
    0x00, 0x96, 0x65, 0x64, 0x09, 0x9B, 0x56, 0x00, 0x00, 0x55, 0x64, 0x0A, 
    0x90, 0x56, 0x00, 0x00, 0x99, 0x24, 0x00, 0x00, 0x92, 0x26, 0x00, 0x00, 
    0x99, 0x2A, 0x00, 0x00, 0x92, 0x32, 0x64, 0x00, 0x99, 0x2A, 0x7F, 0x00, 
    0x90, 0x55, 0x64, 0x00, 0x91, 0x5F, 0x64, 0x0A, 0x9A, 0x53, 0x00, 0x00, 
    0x55, 0x64, 0x01, 0x97, 0x53, 0x00, 0x00, 0x96, 0x65, 0x00, 0x00, 0x60, 
    0x64, 0x00, 0x97, 0x4E, 0x64, 0x09, 0x9B, 0x55, 0x00, 0x00, 0x51, 0x64, 
    0x0A, 0x92, 0x32, 0x00, 0x00, 0x99, 0x2A, 0x00, 0x00, 0x90, 0x55, 0x00, 
    0x00, 0x91, 0x5F, 0x00, 0x00, 0x90, 0x4E, 0x64, 0x00, 0x91, 0x53, 0x64, 
    0x00, 0x92, 0x32, 0x64, 0x00, 0x99, 0x2A, 0x64, 0x0A, 0x9A, 0x55, 0x00, 
    0x00, 0x56, 0x64, 0x01, 0x96, 0x60, 0x00, 0x00, 0x97, 0x4E, 0x00, 0x00, 
    0x55, 0x64, 0x00, 0x96, 0x67, 0x64, 0x09, 0x9B, 0x51, 0x00, 0x00, 0x56, 
    0x64, 0x0A, 0x92, 0x32, 0x00, 0x00, 0x90, 0x4E, 0x00, 0x00, 0x99, 0x2A, 
    0x00, 0x00, 0x91, 0x53, 0x00, 0x00, 0x99, 0x3B, 0x00, 0x00, 0x26, 0x64, 
    0x00, 0x24, 0x64, 0x00, 0x90, 0x56, 0x64, 0x00, 0x99, 0x3B, 0x7F, 0x00, 
    0x2A, 0x64, 0x0A, 0x9A, 0x56, 0x00, 0x00, 0x55, 0x64, 0x01, 0x96, 0x67, 
    0x00, 0x00, 0x97, 0x55, 0x00, 0x00, 0x56, 0x64, 0x00, 0x96, 0x68, 0x64, 
    0x09, 0x9B, 0x56, 0x00, 0x00, 0x55, 0x64, 0x0A, 0x99, 0x26, 0x00, 0x00, 
    0x24, 0x00, 0x00, 0x90, 0x56, 0x00, 0x00, 0x99, 0x2A, 0x00, 0x00, 0x90, 
    0x55, 0x64, 0x00, 0x92, 0x32, 0x64, 0x00, 0x99, 0x2E, 0x7F, 0x00, 0x26, 
    0x4B, 0x0A, 0x9A, 0x55, 0x00, 0x00, 0x51, 0x64, 0x01, 0x96, 0x68, 0x00, 
    0x00, 0x97, 0x56, 0x00, 0x01, 0x57, 0x64, 0x00, 0x96, 0x69, 0x64, 0x08, 
    0x9B, 0x55, 0x00, 0x00, 0x4E, 0x64, 0x0A, 0x90, 0x55, 0x00, 0x00, 0x92, 
    0x32, 0x00, 0x00, 0x99, 0x26, 0x00, 0x00, 0x2A, 0x00, 0x00, 0x2A, 0x7F, 
    0x00, 0x92, 0x28, 0x64, 0x00, 0x90, 0x56, 0x64, 0x00, 0x99, 0x24, 0x64, 
    0x0A, 0x9A, 0x51, 0x00, 0x00, 0x56, 0x64, 0x02, 0x96, 0x69, 0x00, 0x00, 
    0x97, 0x57, 0x00, 0x08, 0x9B, 0x4E, 0x00, 0x00, 0x56, 0x64, 0x06, 0x97, 
    0x56, 0x64, 0x00, 0x96, 0x68, 0x64, 0x04, 0x92, 0x28, 0x00, 0x00, 0x99, 
    0x2A, 0x00, 0x00, 0x90, 0x56, 0x00, 0x00, 0x99, 0x24, 0x00, 0x00, 0x91, 
    0x53, 0x64, 0x00, 0x90, 0x55, 0x64, 0x00, 0x92, 0x34, 0x64, 0x00, 0x99, 
    0x2A, 0x50, 0x0A, 0x9A, 0x56, 0x00, 0x00, 0x55, 0x64, 0x0A, 0x9B, 0x56, 
    0x00, 0x00, 0x55, 0x64, 0x06, 0x97, 0x56, 0x00, 0x00, 0x96, 0x68, 0x00, 
    0x00, 0x67, 0x64, 0x00, 0x97, 0x55, 0x64, 0x04, 0x92, 0x34, 0x00, 0x00, 
    0x91, 0x53, 0x00, 0x00, 0x99, 0x2A, 0x00, 0x00, 0x90, 0x55, 0x00, 0x00, 
    0x99, 0x3B, 0x00, 0x00, 0x3B, 0x7F, 0x00, 0x2A, 0x5A, 0x00, 0x91, 0x5F, 
    0x64, 0x00, 0x99, 0x26, 0x64, 0x00, 0x90, 0x51, 0x64, 0x0A, 0x9A, 0x55, 
    0x00, 0x00, 0x4E, 0x64, 0x0A, 0x9B, 0x55, 0x00, 0x00, 0x56, 0x64, 0x06, 
    0x97, 0x55, 0x00, 0x00, 0x96, 0x67, 0x00, 0x01, 0x69, 0x64, 0x00, 0x97, 
    0x57, 0x64, 0x03, 0x99, 0x26, 0x00, 0x00, 0x2E, 0x00, 0x00, 0x91, 0x5F, 
    0x00, 0x00, 0x90, 0x51, 0x00, 0x00, 0x99, 0x24, 0x64, 0x00, 0x2A, 0x64, 
    0x00, 0x90, 0x56, 0x64, 0x00, 0x92, 0x28, 0x64, 0x0A, 0x9A, 0x4E, 0x00, 
    0x00, 0x56, 0x64, 0x0A, 0x9B, 0x56, 0x00, 0x00, 0x55, 0x64, 0x07, 0x96, 
    0x69, 0x00, 0x00, 0x97, 0x57, 0x00, 0x00, 0x4F, 0x64, 0x00, 0x96, 0x61, 
    0x64, 0x03, 0x99, 0x24, 0x00, 0x00, 0x90, 0x56, 0x00, 0x00, 0x92, 0x28, 
    0x00, 0x00, 0x99, 0x2A, 0x00, 0x00, 0x91, 0x5F, 0x64, 0x00, 0x92, 0x34, 
    0x64, 0x00, 0x99, 0x2A, 0x7F, 0x00, 0x90, 0x55, 0x64, 0x0A, 0x9A, 0x56, 
    0x00, 0x00, 0x55, 0x64, 0x0A, 0x9B, 0x55, 0x00, 0x00, 0x51, 0x64, 0x07, 
    0x96, 0x61, 0x00, 0x00, 0x97, 0x4F, 0x00, 0x00, 0x96, 0x66, 0x64, 0x00, 
    0x97, 0x54, 0x64, 0x03, 0x91, 0x5F, 0x00, 0x00, 0x92, 0x34, 0x00, 0x00, 
    0x90, 0x55, 0x00, 0x00, 0x99, 0x2A, 0x00, 0x00, 0x2A, 0x50, 0x00, 0x90, 
    0x4E, 0x64, 0x00, 0x91, 0x53, 0x64, 0x00, 0x92, 0x34, 0x64, 0x0A, 0x9A, 
    0x55, 0x00, 0x00, 0x56, 0x64, 0x0A, 0x9B, 0x51, 0x00, 0x00, 0x56, 0x64, 
    0x07, 0x97, 0x54, 0x00, 0x00, 0x96, 0x66, 0x00, 0x00, 0x64, 0x64, 0x00, 
    0x97, 0x52, 0x64, 0x03, 0x91, 0x53, 0x00, 0x00, 0x99, 0x2A, 0x00, 0x00, 
    0x3B, 0x00, 0x00, 0x90, 0x4E, 0x00, 0x00, 0x92, 0x34, 0x00, 0x00, 0x99, 
    0x26, 0x64, 0x00, 0x2A, 0x5A, 0x00, 0x24, 0x64, 0x00, 0x3B, 0x7F, 0x00, 
    0x90, 0x56, 0x64, 0x0A, 0x9A, 0x56, 0x00, 0x00, 0x55, 0x64, 0x0A, 0x9B, 
    0x56, 0x00, 0x00, 0x55, 0x64, 0x07, 0x97, 0x52, 0x00, 0x00, 0x96, 0x64, 
    0x00, 0x01, 0x67, 0x64, 0x00, 0x97, 0x55, 0x64, 0x02, 0x99, 0x26, 0x00, 
    0x00, 0x24, 0x00, 0x00, 0x90, 0x56, 0x00, 0x00, 0x99, 0x2A, 0x00, 0x00, 
    0x26, 0x4B, 0x00, 0x92, 0x34, 0x64, 0x00, 0x90, 0x55, 0x64, 0x00, 0x99, 
    0x2A, 0x7F, 0x0A, 0x9A, 0x55, 0x00, 0x00, 0x51, 0x64, 0x0A, 0x9B, 0x55, 
    0x00, 0x00, 0x4E, 0x64, 0x08, 0x97, 0x55, 0x00, 0x00, 0x96, 0x67, 0x00, 
    0x00, 0x97, 0x57, 0x64, 0x00, 0x96, 0x69, 0x64, 0x02, 0x90, 0x55, 0x00, 
    0x00, 0x99, 0x26, 0x00, 0x00, 0x92, 0x34, 0x00, 0x00, 0x99, 0x2A, 0x00, 
    0x00, 0x2A, 0x64, 0x00, 0x90, 0x4A, 0x64, 0x00, 0x99, 0x24, 0x64, 0x00, 
    0x92, 0x28, 0x64, 0x0A, 0x9A, 0x51, 0x00, 0x00, 0x56, 0x64, 0x0A, 0x9B, 
    0x4E, 0x00, 0x00, 0x56, 0x64, 0x08, 0x97, 0x57, 0x00, 0x00, 0x96, 0x69, 
    0x00, 0x00, 0x97, 0x55, 0x64, 0x00, 0x96, 0x67, 0x64, 0x02, 0x99, 0x24, 
    0x00, 0x00, 0x2A, 0x00, 0x00, 0x90, 0x4A, 0x00, 0x00, 0x92, 0x28, 0x00, 
    0x00, 0x99, 0x2A, 0x64, 0x00, 0x92, 0x34, 0x64, 0x00, 0x91, 0x53, 0x64, 
    0x00, 0x90, 0x56, 0x64, 0x0A, 0x9A, 0x56, 0x00, 0x00, 0x55, 0x64, 0x0A, 
    0x9B, 0x56, 0x00, 0x00, 0x55, 0x64, 0x08, 0x97, 0x55, 0x00, 0x00, 0x96, 
    0x67, 0x00, 0x00, 0x62, 0x64, 0x00, 0x97, 0x50, 0x64, 0x02, 0x91, 0x53, 
    0x00, 0x00, 0x99, 0x2A, 0x00, 0x00, 0x92, 0x34, 0x00, 0x00, 0x90, 0x56, 
    0x00, 0x00, 0x99, 0x3B, 0x00, 0x00, 0x91, 0x5F, 0x64, 0x00, 0x99, 0x3B, 
    0x7F, 0x00, 0x90, 0x55, 0x64, 0x00, 0x99, 0x26, 0x64, 0x00, 0x2A, 0x64, 
    0x0A, 0x9A, 0x55, 0x00, 0x00, 0x4E, 0x64, 0x0A, 0x9B, 0x55, 0x00, 0x00, 
    0x4A, 0x64, 0x08, 0x96, 0x62, 0x00, 0x00, 0x97, 0x50, 0x00, 0x01, 0x96, 
    0x63, 0x64, 0x00, 0x97, 0x51, 0x64, 0x01, 0x99, 0x26, 0x00, 0x00, 0x91, 
    0x5F, 0x00, 0x00, 0x99, 0x2A, 0x00, 0x00, 0x90, 0x55, 0x00, 0x00, 0x92, 
    0x28, 0x64, 0x00, 0x99, 0x2A, 0x64, 0x00, 0x90, 0x4C, 0x64, 0x00, 0x99, 
    0x24, 0x64, 0x0A, 0x9A, 0x4E, 0x00, 0x00, 0x56, 0x64, 0x0A, 0x9B, 0x4A, 
    0x00, 0x00, 0x56, 0x64, 0x09, 0x97, 0x51, 0x00, 0x00, 0x96, 0x63, 0x00, 
    0x00, 0x97, 0x59, 0x64, 0x00, 0x96, 0x6B, 0x64, 0x01, 0x92, 0x28, 0x00, 
    0x00, 0x90, 0x4C, 0x00, 0x00, 0x99, 0x24, 0x00, 0x00, 0x2A, 0x00, 0x00, 
    0x90, 0x56, 0x64, 0x00, 0x92, 0x34, 0x64, 0x00, 0x91, 0x5F, 0x64, 0x00, 
    0x99, 0x2A, 0x7F, 0x0A, 0x9A, 0x56, 0x00, 0x00, 0x55, 0x64, 0x0A, 0x9B, 
    0x56, 0x00, 0x00, 0x55, 0x64, 0x09, 0x96, 0x6B, 0x00, 0x00, 0x97, 0x59, 
    0x00, 0x00, 0x96, 0x67, 0x64, 0x00, 0x97, 0x55, 0x64, 0x01, 0x91, 0x5F, 
    0x00, 0x00, 0x90, 0x56, 0x00, 0x00, 0x92, 0x34, 0x00, 0x00, 0x99, 0x2A, 
    0x00, 0x00, 0x91, 0x53, 0x64, 0x00, 0x99, 0x2A, 0x64, 0x00, 0x90, 0x55, 
    0x64, 0x00, 0x92, 0x34, 0x64, 0x0A, 0x9A, 0x55, 0x00, 0x00, 0x4A, 0x64, 
    0x0A, 0x9B, 0x55, 0x00, 0x00, 0x4C, 0x64, 0x09, 0x96, 0x67, 0x00, 0x00, 
    0x97, 0x55, 0x00, 0x00, 0x57, 0x64, 0x00, 0x96, 0x69, 0x64, 0x01, 0x99, 
    0x2A, 0x00, 0x00, 0x91, 0x53, 0x00, 0x00, 0x90, 0x55, 0x00, 0x00, 0x92, 
    0x34, 0x00, 0x00, 0x99, 0x3B, 0x00, 0x00, 0x90, 0x4E, 0x64, 0x00, 0x99, 
    0x2A, 0x64, 0x00, 0x24, 0x64, 0x00, 0x3B, 0x7F, 0x00, 0x26, 0x64, 0x0A, 
    0x9A, 0x4A, 0x00, 0x00, 0x56, 0x64, 0x0A, 0x9B, 0x4C, 0x00, 0x00, 0x56, 
    0x64, 0x09, 0x96, 0x69, 0x00, 0x00, 0x97, 0x57, 0x00, 0x01, 0x90, 0x4E, 
    0x00, 0x00, 0x99, 0x2A, 0x00, 0x00, 0x24, 0x00, 0x00, 0x26, 0x00, 0x00, 
    0x2E, 0x7F, 0x00, 0x90, 0x55, 0x64, 0x00, 0x96, 0x62, 0x64, 0x00, 0x97, 
    0x50, 0x64, 0x00, 0x92, 0x34, 0x64, 0x00, 0x99, 0x26, 0x4B, 0x0A, 0x9A, 
    0x56, 0x00, 0x00, 0x55, 0x64, 0x0A, 0x9B, 0x56, 0x00, 0x00, 0x55, 0x64, 
    0x0A, 0x92, 0x34, 0x00, 0x00, 0x90, 0x55, 0x00, 0x00, 0x96, 0x62, 0x00, 
    0x00, 0x99, 0x2A, 0x00, 0x00, 0x97, 0x50, 0x00, 0x00, 0x99, 0x26, 0x00, 
    0x00, 0x24, 0x64, 0x00, 0x96, 0x64, 0x64, 0x00, 0x97, 0x52, 0x64, 0x00, 
    0x92, 0x23, 0x64, 0x00, 0x99, 0x2A, 0x7F, 0x00, 0x90, 0x56, 0x64, 0x0A, 
    0x9A, 0x55, 0x00, 0x00, 0x4C, 0x64, 0x0A, 0x9B, 0x55, 0x00, 0x00, 0x4E, 
    0x64, 0x0A, 0x97, 0x52, 0x00, 0x00, 0x96, 0x64, 0x00, 0x00, 0x92, 0x23, 
    0x00, 0x00, 0x99, 0x2A, 0x00, 0x00, 0x90, 0x56, 0x00, 0x00, 0x99, 0x24, 
    0x00, 0x00, 0x97, 0x55, 0x64, 0x00, 0x91, 0x53, 0x64, 0x00, 0x92, 0x2F, 
    0x64, 0x00, 0x99, 0x2A, 0x50, 0x00, 0x90, 0x55, 0x64, 0x00, 0x96, 0x67, 
    0x64, 0x0A, 0x9A, 0x4C, 0x00, 0x00, 0x56, 0x64, 0x0A, 0x9B, 0x4E, 0x00, 
    0x00, 0x55, 0x64, 0x0A, 0x92, 0x2F, 0x00, 0x00, 0x99, 0x3B, 0x00, 0x00, 
    0x91, 0x53, 0x00, 0x00, 0x90, 0x55, 0x00, 0x00, 0x96, 0x67, 0x00, 0x00, 
    0x97, 0x55, 0x00, 0x00, 0x99, 0x2A, 0x00, 0x00, 0x26, 0x64, 0x00, 0x2A, 
    0x5A, 0x00, 0x91, 0x5F, 0x64, 0x00, 0x97, 0x57, 0x64, 0x00, 0x99, 0x3B, 
    0x7F, 0x00, 0x90, 0x51, 0x64, 0x00, 0x96, 0x69, 0x64, 0x0A, 0x9A, 0x56, 
    0x00, 0x00, 0x55, 0x64, 0x0A, 0x9B, 0x55, 0x00, 0x00, 0x56, 0x64, 0x0A, 
    0x99, 0x2E, 0x00, 0x00, 0x97, 0x57, 0x00, 0x00, 0x91, 0x5F, 0x00, 0x00, 
    0x90, 0x51, 0x00, 0x00, 0x96, 0x69, 0x00, 0x00, 0x99, 0x26, 0x00, 0x00, 
    0x90, 0x56, 0x64, 0x00, 0x99, 0x2A, 0x64, 0x00, 0x92, 0x23, 0x64, 0x00, 
    0x99, 0x24, 0x64, 0x01, 0x96, 0x68, 0x64, 0x00, 0x97, 0x56, 0x64, 0x09, 
    0x9A, 0x55, 0x00, 0x00, 0x4E, 0x64, 0x0A, 0x9B, 0x56, 0x00, 0x00, 0x55, 
    0x64, 0x0A, 0x92, 0x23, 0x00, 0x00, 0x99, 0x24, 0x00, 0x00, 0x2A, 0x00, 
    0x00, 0x90, 0x56, 0x00, 0x00, 0x99, 0x2A, 0x7F, 0x00, 0x92, 0x2F, 0x64, 
    0x00, 0x91, 0x5F, 0x64, 0x00, 0x90, 0x55, 0x64, 0x01, 0x96, 0x68, 0x00, 
    0x00, 0x97, 0x56, 0x00, 0x00, 0x96, 0x6A, 0x64, 0x00, 0x97, 0x58, 0x64, 
    0x09, 0x9A, 0x4E, 0x00, 0x00, 0x55, 0x64, 0x0A, 0x9B, 0x55, 0x00, 0x00, 
    0x51, 0x64, 0x0A, 0x92, 0x2F, 0x00, 0x00, 0x91, 0x5F, 0x00, 0x00, 0x90, 
    0x55, 0x00, 0x00, 0x99, 0x2A, 0x00, 0x00, 0x90, 0x4E, 0x64, 0x00, 0x91, 
    0x53, 0x64, 0x00, 0x92, 0x2F, 0x64, 0x00, 0x99, 0x2A, 0x50, 0x01, 0x96, 
    0x6A, 0x00, 0x00, 0x97, 0x58, 0x00, 0x00, 0x59, 0x64, 0x00, 0x96, 0x6B, 
    0x64, 0x09, 0x9A, 0x55, 0x00, 0x00, 0x56, 0x64, 0x0A, 0x9B, 0x51, 0x00, 
    0x00, 0x56, 0x64, 0x0A, 0x91, 0x53, 0x00, 0x00, 0x90, 0x4E, 0x00, 0x00, 
    0x99, 0x3B, 0x00, 0x00, 0x92, 0x2F, 0x00, 0x00, 0x99, 0x2A, 0x00, 0x00, 
    0x24, 0x64, 0x00, 0x90, 0x56, 0x64, 0x00, 0x99, 0x3B, 0x7F, 0x00, 0x26, 
    0x64, 0x00, 0x2A, 0x5A, 0x01, 0x97, 0x59, 0x00, 0x00, 0x96, 0x6B, 0x00, 
    0x00, 0x97, 0x56, 0x64, 0x00, 0x96, 0x68, 0x64, 0x09, 0x9A, 0x56, 0x00, 
    0x00, 0x55, 0x64, 0x0A, 0x9B, 0x56, 0x00, 0x00, 0x55, 0x64, 0x0A, 0x90, 
    0x56, 0x00, 0x00, 0x99, 0x2A, 0x00, 0x00, 0x24, 0x00, 0x00, 0x26, 0x00, 
    0x00, 0x90, 0x55, 0x64, 0x00, 0x99, 0x26, 0x4B, 0x00, 0x2A, 0x7F, 0x00, 
    0x92, 0x2F, 0x64, 0x01, 0x97, 0x56, 0x00, 0x00, 0x96, 0x68, 0x00, 0x01, 
    0x67, 0x64, 0x00, 0x97, 0x55, 0x64, 0x08, 0x9A, 0x55, 0x00, 0x00, 0x51, 
    0x64, 0x0A, 0x9B, 0x55, 0x00, 0x00, 0x4E, 0x64, 0x0A, 0x90, 0x55, 0x00, 
    0x00, 0x99, 0x2A, 0x00, 0x00, 0x26, 0x00, 0x00, 0x92, 0x2F, 0x00, 0x00, 
    0x99, 0x2A, 0x64, 0x00, 0x92, 0x26, 0x64, 0x00, 0x99, 0x24, 0x64, 0x00, 
    0x90, 0x4A, 0x64, 0x02, 0x96, 0x67, 0x00, 0x00, 0x97, 0x55, 0x00, 0x00, 
    0x96, 0x66, 0x64, 0x00, 0x97, 0x54, 0x64, 0x08, 0x9A, 0x51, 0x00, 0x00, 
    0x56, 0x64, 0x0A, 0x9B, 0x4E, 0x00, 0x00, 0x56, 0x64, 0x0A, 0x99, 0x24, 
    0x00, 0x00, 0x92, 0x26, 0x00, 0x00, 0x90, 0x4A, 0x00, 0x00, 0x99, 0x2A, 
    0x00, 0x00, 0x91, 0x53, 0x64, 0x00, 0x92, 0x32, 0x64, 0x00, 0x90, 0x56, 
    0x64, 0x00, 0x99, 0x2A, 0x64, 0x02, 0x96, 0x66, 0x00, 0x00, 0x97, 0x54, 
    0x00, 0x00, 0x96, 0x65, 0x64, 0x00, 0x97, 0x53, 0x64, 0x08, 0x9A, 0x56, 
    0x00, 0x00, 0x55, 0x64, 0x0A, 0x9B, 0x56, 0x00, 0x00, 0x55, 0x64, 0x0A, 
    0x92, 0x32, 0x00, 0x00, 0x91, 0x53, 0x00, 0x00, 0x99, 0x2A, 0x00, 0x00, 
    0x90, 0x56, 0x00, 0x00, 0x99, 0x3B, 0x00, 0x00, 0x90, 0x55, 0x64, 0x00, 
    0x99, 0x2A, 0x64, 0x00, 0x91, 0x5F, 0x64, 0x00, 0x99, 0x3B, 0x7F, 0x00, 
    0x26, 0x64, 0x02, 0x96, 0x65, 0x00, 0x00, 0x97, 0x53, 0x00, 0x00, 0x96, 
    0x67, 0x64, 0x00, 0x97, 0x55, 0x64, 0x08, 0x9A, 0x55, 0x00, 0x00, 0x4E, 
    0x64, 0x0A, 0x9B, 0x55, 0x00, 0x00, 0x4A, 0x64, 0x0A, 0x90, 0x55, 0x00, 
    0x00, 0x99, 0x2A, 0x00, 0x00, 0x91, 0x5F, 0x00, 0x00, 0x99, 0x26, 0x00, 
    0x00, 0x24, 0x64, 0x00, 0x2A, 0x64, 0x00, 0x90, 0x4C, 0x64, 0x00, 0x92, 
    0x26, 0x64, 0x02, 0x96, 0x67, 0x00, 0x00, 0x97, 0x55, 0x00, 0x01, 0x96, 
    0x68, 0x64, 0x00, 0x97, 0x56, 0x64, 0x07, 0x9A, 0x4E, 0x00, 0x00, 0x56, 
    0x64, 0x0A, 0x9B, 0x4A, 0x00, 0x00, 0x56, 0x64, 0x0A, 0x99, 0x24, 0x00, 
    0x00, 0x90, 0x4C, 0x00, 0x00, 0x99, 0x2A, 0x00, 0x00, 0x92, 0x26, 0x00, 
    0x00, 0x91, 0x5F, 0x64, 0x00, 0x99, 0x2A, 0x7F, 0x00, 0x92, 0x32, 0x64, 
    0x00, 0x90, 0x56, 0x64, 0x03, 0x97, 0x56, 0x00, 0x00, 0x96, 0x68, 0x00, 
    0x00, 0x62, 0x64, 0x00, 0x97, 0x50, 0x64, 0x07, 0x9A, 0x56, 0x00, 0x00, 
    0x55, 0x64, 0x0A, 0x9B, 0x56, 0x00, 0x00, 0x55, 0x64, 0x0A, 0x91, 0x5F, 
    0x00, 0x00, 0x92, 0x32, 0x00, 0x00, 0x90, 0x56, 0x00, 0x00, 0x99, 0x2A, 
    0x00, 0x00, 0x2A, 0x64, 0x00, 0x92, 0x32, 0x64, 0x00, 0x91, 0x53, 0x64, 
    0x00, 0x90, 0x55, 0x64, 0x03, 0x96, 0x62, 0x00, 0x00, 0x97, 0x50, 0x00, 
    0x00, 0x53, 0x64, 0x00, 0x96, 0x65, 0x64, 0x07, 0x9A, 0x55, 0x00, 0x00, 
    0x4A, 0x64, 0x0A, 0x9B, 0x55, 0x00, 0x00, 0x4C, 0x64, 0x0A, 0x92, 0x32, 
    0x00, 0x00, 0x99, 0x2A, 0x00, 0x00, 0x3B, 0x00, 0x00, 0x91, 0x53, 0x00, 
    0x00, 0x90, 0x55, 0x00, 0x00, 0x99, 0x3B, 0x7F, 0x00, 0x24, 0x64, 0x00, 
    0x90, 0x4E, 0x64, 0x00, 0x99, 0x2A, 0x64, 0x00, 0x26, 0x64, 0x03, 0x97, 
    0x53, 0x00, 0x00, 0x96, 0x65, 0x00, 0x00, 0x97, 0x57, 0x64, 0x00, 0x96, 
    0x69, 0x64, 0x07, 0x9A, 0x4A, 0x00, 0x00, 0x56, 0x64, 0x0A, 0x9B, 0x4C, 
    0x00, 0x00, 0x56, 0x64, 0x0A, 0x99, 0x24, 0x00, 0x00, 0x90, 0x4E, 0x00, 
    0x00, 0x99, 0x2A, 0x00, 0x00, 0x26, 0x00, 0x00, 0x90, 0x55, 0x64, 0x00, 
    0x99, 0x2E, 0x7F, 0x00, 0x26, 0x4B, 0x00, 0x92, 0x32, 0x64, 0x03, 0x97, 
    0x57, 0x00, 0x00, 0x96, 0x69, 0x00, 0x01, 0x62, 0x64, 0x00, 0x97, 0x50, 
    0x64, 0x06, 0x9A, 0x56, 0x00, 0x00, 0x55, 0x64, 0x0A, 0x9B, 0x56, 0x00, 
    0x00, 0x55, 0x64, 0x0A, 0x90, 0x55, 0x00, 0x00, 0x99, 0x26, 0x00, 0x00, 
    0x92, 0x32, 0x00, 0x00, 0x99, 0x2A, 0x00, 0x00, 0x2A, 0x7F, 0x00, 0x92, 
    0x21, 0x64, 0x00, 0x90, 0x51, 0x64, 0x00, 0x99, 0x24, 0x64, 0x04, 0x96, 
    0x62, 0x00, 0x00, 0x97, 0x50, 0x00, 0x00, 0x51, 0x64, 0x00, 0x96, 0x63, 
    0x64, 0x06, 0x9A, 0x55, 0x00, 0x00, 0x4C, 0x64, 0x0A, 0x9B, 0x55, 0x00, 
    0x00, 0x4E, 0x64, 0x0A, 0x92, 0x21, 0x00, 0x00, 0x99, 0x2A, 0x00, 0x00, 
    0x90, 0x51, 0x00, 0x00, 0x99, 0x24, 0x00, 0x00, 0x91, 0x53, 0x64, 0x00, 
    0x90, 0x50, 0x64, 0x00, 0x92, 0x2D, 0x64, 0x00, 0x99, 0x2A, 0x50, 0x04, 
    0x97, 0x51, 0x00, 0x00, 0x96, 0x63, 0x00, 0x00, 0x6B, 0x64, 0x00, 0x97, 
    0x59, 0x64, 0x06, 0x9A, 0x4C, 0x00, 0x00, 0x56, 0x64, 0x0A, 0x9B, 0x4E, 
    0x00, 0x00, 0x55, 0x64, 0x0A, 0x91, 0x53, 0x00, 0x00, 0x99, 0x3B, 0x00, 
    0x00, 0x92, 0x2D, 0x00, 0x00, 0x90, 0x50, 0x00, 0x00, 0x99, 0x2A, 0x00, 
    0x00, 0x2A, 0x5A, 0x00, 0x3B, 0x7F, 0x00, 0x91, 0x5F, 0x64, 0x00, 0x90, 
    0x4C, 0x64, 0x00, 0x99, 0x26, 0x64, 0x04, 0x96, 0x6B, 0x00, 0x00, 0x97, 
    0x59, 0x00, 0x00, 0x4E, 0x64, 0x00, 0x96, 0x60, 0x64, 0x06, 0x9A, 0x56, 
    0x00, 0x00, 0x55, 0x64, 0x0A, 0x9B, 0x55, 0x00, 0x00, 0x51, 0x64, 0x0A, 
    0x90, 0x4C, 0x00, 0x00, 0x91, 0x5F, 0x00, 0x00, 0x99, 0x26, 0x00, 0x00, 
    0x2E, 0x00, 0x00, 0x2A, 0x64, 0x00, 0x24, 0x64, 0x00, 0x90, 0x51, 0x64, 
    0x00, 0x92, 0x21, 0x64, 0x04, 0x97, 0x4E, 0x00, 0x00, 0x96, 0x60, 0x00, 
    0x01, 0x97, 0x5A, 0x64, 0x00, 0x96, 0x6C, 0x64, 0x05, 0x9A, 0x55, 0x00, 
    0x00, 0x4E, 0x64, 0x0A, 0x9B, 0x51, 0x00, 0x00, 0x50, 0x64, 0x0A, 0x99, 
    0x24, 0x00, 0x00, 0x2A, 0x00, 0x00, 0x90, 0x51, 0x00, 0x00, 0x92, 0x21, 
    0x00, 0x00, 0x99, 0x2A, 0x7F, 0x00, 0x90, 0x50, 0x64, 0x00, 0x92, 0x2D, 
    0x64, 0x00, 0x91, 0x5F, 0x64, 0x05, 0x97, 0x5A, 0x00, 0x00, 0x96, 0x6C, 
    0x00, 0x00, 0x65, 0x64, 0x00, 0x97, 0x53, 0x64, 0x05, 0x9A, 0x4E, 0x00, 
    0x00, 0x55, 0x64, 0x0A, 0x9B, 0x50, 0x00, 0x00, 0x4C, 0x64, 0x0A, 0x92, 
    0x2D, 0x00, 0x00, 0x90, 0x50, 0x00, 0x00, 0x91, 0x5F, 0x00, 0x00, 0x99, 
    0x2A, 0x00, 0x00, 0x92, 0x2D, 0x64, 0x00, 0x99, 0x2A, 0x50, 0x00, 0x91, 
    0x53, 0x64, 0x00, 0x90, 0x4A, 0x64, 0x05, 0x96, 0x65, 0x00, 0x00, 0x97, 
    0x53, 0x00, 0x00, 0x96, 0x61, 0x64, 0x00, 0x97, 0x4F, 0x64, 0x05, 0x9A, 
    0x55, 0x00, 0x00, 0x51, 0x64, 0x0A, 0x9B, 0x4C, 0x00, 0x00, 0x51, 0x64, 
    0x0A, 0x92, 0x2D, 0x00, 0x00, 0x99, 0x2A, 0x00, 0x00, 0x91, 0x53, 0x00, 
    0x00, 0x90, 0x4A, 0x00, 0x00, 0x99, 0x3B, 0x00, 0x00, 0x2A, 0x5A, 0x00, 
    0x90, 0x51, 0x64, 0x00, 0x99, 0x26, 0x64, 0x00, 0x24, 0x64, 0x00, 0x3B, 
    0x7F, 0x05, 0x96, 0x61, 0x00, 0x00, 0x97, 0x4F, 0x00, 0x00, 0x56, 0x64, 
    0x00, 0x96, 0x68, 0x64, 0x05, 0x9A, 0x51, 0x00, 0x00, 0x50, 0x64, 0x0A, 
    0x9B, 0x51, 0x00, 0x00, 0x50, 0x64, 0x0A, 0x90, 0x51, 0x00, 0x00, 0x99, 
    0x2A, 0x00, 0x00, 0x24, 0x00, 0x00, 0x26, 0x00, 0x00, 0x26, 0x4B, 0x00, 
    0x2A, 0x7F, 0x00, 0x92, 0x2D, 0x64, 0x00, 0x90, 0x50, 0x64, 0x05, 0x97, 
    0x56, 0x00, 0x00, 0x96, 0x68, 0x00, 0x01, 0x61, 0x64, 0x00, 0x97, 0x4F, 
    0x64, 0x04, 0x9A, 0x50, 0x00, 0x00, 0x4C, 0x64, 0x0A, 0x9B, 0x50, 0x00, 
    0x00, 0x4A, 0x64, 0x0A, 0x99, 0x26, 0x00, 0x00, 0x2A, 0x00, 0x00, 0x92, 
    0x2D, 0x00, 0x00, 0x90, 0x50, 0x00, 0x00, 0x99, 0x2A, 0x64, 0x00, 0x24, 
    0x64, 0x00, 0x90, 0x49, 0x64, 0x00, 0x92, 0x21, 0x64, 0x06, 0x96, 0x61, 
    0x00, 0x00, 0x97, 0x4F, 0x00, 0x00, 0x96, 0x6C, 0x64, 0x00, 0x97, 0x5A, 
    0x64, 0x04, 0x9A, 0x4C, 0x00, 0x00, 0x51, 0x64, 0x0A, 0x9B, 0x4A, 0x00, 
    0x00, 0x51, 0x64, 0x0A, 0x90, 0x49, 0x00, 0x00, 0x99, 0x24, 0x00, 0x00, 
    0x92, 0x21, 0x00, 0x00, 0x99, 0x2A, 0x00, 0x00, 0x90, 0x51, 0x64, 0x00, 
    0x99, 0x2A, 0x64, 0x00, 0x92, 0x2D, 0x64, 0x00, 0x91, 0x53, 0x64, 0x06, 
    0x96, 0x6C, 0x00, 0x00, 0x97, 0x5A, 0x00, 0x00, 0x53, 0x64, 0x00, 0x96, 
    0x65, 0x64, 0x04, 0x9A, 0x51, 0x00, 0x00, 0x50, 0x64, 0x0A, 0x9B, 0x51, 
    0x00, 0x00, 0x50, 0x64, 0x0A, 0x90, 0x51, 0x00, 0x00, 0x99, 0x2A, 0x00, 
    0x00, 0x3B, 0x00, 0x00, 0x92, 0x2D, 0x00, 0x00, 0x91, 0x53, 0x00, 0x00, 
    0x90, 0x50, 0x64, 0x00, 0x99, 0x26, 0x64, 0x00, 0x3B, 0x7F, 0x00, 0x91, 
    0x5F, 0x64, 0x00, 0x99, 0x2A, 0x64, 0x06, 0x97, 0x53, 0x00, 0x00, 0x96, 
    0x65, 0x00, 0x00, 0x6C, 0x64, 0x00, 0x97, 0x5A, 0x64, 0x04, 0x9A, 0x50, 
    0x00, 0x00, 0x4A, 0x64, 0x0A, 0x9B, 0x50, 0x00, 0x00, 0x49, 0x64, 0x0A, 
    0x99, 0x26, 0x00, 0x00, 0x90, 0x50, 0x00, 0x00, 0x91, 0x5F, 0x00, 0x00, 
    0x99, 0x2A, 0x00, 0x00, 0x90, 0x45, 0x64, 0x00, 0x99, 0x24, 0x64, 0x00, 
    0x2A, 0x64, 0x00, 0x92, 0x21, 0x64, 0x06, 0x96, 0x6C, 0x00, 0x00, 0x97, 
    0x5A, 0x00, 0x01, 0x50, 0x64, 0x00, 0x96, 0x62, 0x64, 0x03, 0x9A, 0x4A, 
    0x00, 0x00, 0x51, 0x64, 0x0A, 0x9B, 0x49, 0x00, 0x00, 0x51, 0x64, 0x0A, 
    0x90, 0x45, 0x00, 0x00, 0x99, 0x2A, 0x00, 0x00, 0x24, 0x00, 0x00, 0x92, 
    0x21, 0x00, 0x00, 0x2D, 0x64, 0x00, 0x91, 0x5F, 0x64, 0x00, 0x99, 0x2A, 
    0x7F, 0x00, 0x90, 0x51, 0x64, 0x07, 0x97, 0x50, 0x00, 0x00, 0x96, 0x62, 
    0x00, 0x00, 0x64, 0x64, 0x00, 0x97, 0x52, 0x64, 0x03, 0x9A, 0x51, 0x00, 
    0x00, 0x50, 0x64, 0x0A, 0x9B, 0x51, 0x00, 0x00, 0x50, 0x64, 0x0A, 0x92, 
    0x2D, 0x00, 0x00, 0x99, 0x2A, 0x00, 0x00, 0x91, 0x5F, 0x00, 0x00, 0x90, 
    0x51, 0x00, 0x00, 0x50, 0x64, 0x00, 0x99, 0x2A, 0x64, 0x00, 0x92, 0x2D, 
    0x64, 0x00, 0x91, 0x53, 0x64, 0x07, 0x96, 0x64, 0x00, 0x00, 0x97, 0x52, 
    0x00, 0x00, 0x50, 0x64, 0x00, 0x96, 0x62, 0x64, 0x03, 0x9A, 0x50, 0x00, 
    0x00, 0x49, 0x64, 0x0A, 0x9B, 0x50, 0x00, 0x00, 0x45, 0x64, 0x0A, 0x90, 
    0x50, 0x00, 0x00, 0x99, 0x3B, 0x00, 0x00, 0x92, 0x2D, 0x00, 0x00, 0x91, 
    0x53, 0x00, 0x00, 0x99, 0x2A, 0x00, 0x00, 0x26, 0x64, 0x00, 0x24, 0x64, 
    0x00, 0x3B, 0x7F, 0x00, 0x90, 0x47, 0x64, 0x00, 0x99, 0x2A, 0x64, 0x07, 
    0x97, 0x50, 0x00, 0x00, 0x96, 0x62, 0x00, 0x00, 0x6C, 0x64, 0x00, 0x97, 
    0x5A, 0x64, 0x03, 0x9A, 0x49, 0x00, 0x00, 0x51, 0x64, 0x0A, 0x9B, 0x45, 
    0x00, 0x00, 0x51, 0x64, 0x0A, 0x99, 0x24, 0x00, 0x00, 0x2A, 0x00, 0x00, 
    0x26, 0x00, 0x00, 0x90, 0x47, 0x00, 0x00, 0x99, 0x26, 0x4B, 0x00, 0x90, 
    0x51, 0x64, 0x00, 0x92, 0x2D, 0x64, 0x00, 0x99, 0x2E, 0x7F, 0x07, 0x96, 
    0x6C, 0x00, 0x00, 0x97, 0x5A, 0x00, 0x01, 0x96, 0x69, 0x64, 0x00, 0x97, 
    0x57, 0x64, 0x02, 0x9A, 0x51, 0x00, 0x00, 0x50, 0x64, 0x0A, 0x9B, 0x51, 
    0x00, 0x00, 0x50, 0x64, 0x0A, 0x99, 0x26, 0x00, 0x00, 0x2A, 0x00, 0x00, 
    0x92, 0x2D, 0x00, 0x00, 0x90, 0x51, 0x00, 0x00, 0x51, 0x64, 0x00, 0x99, 
    0x24, 0x64, 0x00, 0x92, 0x23, 0x64, 0x00, 0x99, 0x2A, 0x7F, 0x08, 0x96, 
    0x69, 0x00, 0x00, 0x97, 0x57, 0x00, 0x00, 0x96, 0x6C, 0x64, 0x00, 0x97, 
    0x5A, 0x64, 0x02, 0x9A, 0x50, 0x00, 0x00, 0x45, 0x64, 0x0A, 0x9B, 0x50, 
    0x00, 0x00, 0x47, 0x64, 0x0A, 0x90, 0x51, 0x00, 0x00, 0x92, 0x23, 0x00, 
    0x00, 0x99, 0x24, 0x00, 0x00, 0x2A, 0x00, 0x00, 0x2A, 0x50, 0x00, 0x90, 
    0x50, 0x64, 0x00, 0x92, 0x2F, 0x64, 0x00, 0x91, 0x53, 0x64, 0x08, 0x96, 
    0x6C, 0x00, 0x00, 0x97, 0x5A, 0x00, 0x00, 0x54, 0x64, 0x00, 0x96, 0x66, 
    0x64, 0x02, 0x9A, 0x45, 0x00, 0x00, 0x51, 0x64, 0x0A, 0x9B, 0x47, 0x00, 
    0x00, 0x51, 0x64, 0x0A, 0x90, 0x50, 0x00, 0x00, 0x99, 0x3B, 0x00, 0x00, 
    0x92, 0x2F, 0x00, 0x00, 0x99, 0x2A, 0x00, 0x00, 0x91, 0x53, 0x00, 0x00, 
    0x99, 0x26, 0x64, 0x00, 0x2A, 0x5A, 0x00, 0x3B, 0x7F, 0x00, 0x90, 0x4C, 
    0x64, 0x00, 0x91, 0x5F, 0x64, 0x08, 0x97, 0x54, 0x00, 0x00, 0x96, 0x66, 
    0x00, 0x00, 0x97, 0x50, 0x64, 0x00, 0x96, 0x62, 0x64, 0x02, 0x9A, 0x51, 
    0x00, 0x00, 0x50, 0x64, 0x0A, 0x9B, 0x51, 0x00, 0x00, 0x51, 0x64, 0x0A, 
    0x99, 0x26, 0x00, 0x00, 0x2E, 0x00, 0x00, 0x90, 0x4C, 0x00, 0x00, 0x91, 
    0x5F, 0x00, 0x00, 0x90, 0x51, 0x64, 0x00, 0x99, 0x24, 0x64, 0x00, 0x92, 
    0x23, 0x64, 0x00, 0x99, 0x2A, 0x64, 0x08, 0x97, 0x50, 0x00, 0x00, 0x96, 
    0x62, 0x00, 0x01, 0x68, 0x64, 0x00, 0x97, 0x56, 0x64, 0x01, 0x9A, 0x50, 
    0x00, 0x00, 0x47, 0x64, 0x0A, 0x9B, 0x51, 0x00, 0x00, 0x50, 0x64, 0x0A, 
    0x90, 0x51, 0x00, 0x00, 0x92, 0x23, 0x00, 0x00, 0x99, 0x24, 0x00, 0x00, 
    0x2A, 0x00, 0x00, 0x92, 0x2F, 0x64, 0x00, 0x90, 0x50, 0x64, 0x00, 0x99, 
    0x2A, 0x7F, 0x00, 0x91, 0x5F, 0x64, 0x09, 0x96, 0x68, 0x00, 0x00, 0x97, 
    0x56, 0x00, 0x00, 0x54, 0x64, 0x00, 0x96, 0x66, 0x64, 0x01, 0x9A, 0x47, 
    0x00, 0x00, 0x51, 0x64, 0x0A, 0x9B, 0x50, 0x00, 0x00, 0x4C, 0x64, 0x0A, 
    0x92, 0x2F, 0x00, 0x00, 0x99, 0x2A, 0x00, 0x00, 0x90, 0x50, 0x00, 0x00, 
    0x91, 0x5F, 0x00, 0x00, 0x90, 0x4A, 0x64, 0x00, 0x99, 0x2A, 0x50, 0x00, 
    0x91, 0x53, 0x64, 0x00, 0x92, 0x2F, 0x64, 0x09, 0x97, 0x54, 0x00, 0x00, 
    0x96, 0x66, 0x00, 0x00, 0x67, 0x64, 0x00, 0x97, 0x55, 0x64, 0x01, 0x9A, 
    0x51, 0x00, 0x00, 0x51, 0x64, 0x0A, 0x9B, 0x4C, 0x00, 0x00, 0x51, 0x64, 
    0x0A, 0x90, 0x4A, 0x00, 0x00, 0x99, 0x2A, 0x00, 0x00, 0x91, 0x53, 0x00, 
    0x00, 0x99, 0x3B, 0x00, 0x00, 0x92, 0x2F, 0x00, 0x00, 0x99, 0x3B, 0x7F, 
    0x00, 0x2A, 0x5A, 0x00, 0x90, 0x51, 0x64, 0x00, 0x99, 0x24, 0x64, 0x00, 
    0x26, 0x64, 0x09, 0x97, 0x55, 0x00, 0x00, 0x96, 0x67, 0x00, 0x00, 0x63, 
    0x64, 0x00, 0x97, 0x51, 0x64, 0x01, 0x9A, 0x51, 0x00, 0x00, 0x50, 0x64, 
    0x0A, 0x9B, 0x51, 0x00, 0x00, 0x50, 0x64, 0x0A, 0x90, 0x51, 0x00, 0x00, 
    0x99, 0x24, 0x00, 0x00, 0x26, 0x00, 0x00, 0x2A, 0x00, 0x00, 0x90, 0x50, 
    0x64, 0x00, 0x92, 0x2F, 0x64, 0x00, 0x99, 0x2A, 0x7F, 0x00, 0x26, 0x4B, 
    0x09, 0x96, 0x63, 0x00, 0x00, 0x97, 0x51, 0x00, 0x01, 0x9A, 0x50, 0x00, 
    0x00, 0x4C, 0x64, 0x00, 0x96, 0x65, 0x64, 0x00, 0x97, 0x53, 0x64, 0x0A, 
    0x9B, 0x50, 0x00, 0x00, 0x4A, 0x64, 0x0A, 0x90, 0x50, 0x00, 0x00, 0x92, 
    0x2F, 0x00, 0x00, 0x99, 0x26, 0x00, 0x00, 0x2A, 0x00, 0x00, 0x24, 0x64, 
    0x00, 0x92, 0x26, 0x64, 0x00, 0x99, 0x2A, 0x64, 0x00, 0x90, 0x49, 0x64, 
    0x0A, 0x9A, 0x4C, 0x00, 0x00, 0x96, 0x65, 0x00, 0x00, 0x97, 0x53, 0x00, 
    0x00, 0x51, 0x64, 0x00, 0x96, 0x63, 0x64, 0x00, 0x9A, 0x51, 0x64, 0x0A, 
    0x9B, 0x4A, 0x00, 0x00, 0x51, 0x64, 0x0A, 0x99, 0x24, 0x00, 0x00, 0x2A, 
    0x00, 0x00, 0x92, 0x26, 0x00, 0x00, 0x90, 0x49, 0x00, 0x00, 0x99, 0x2A, 
    0x64, 0x00, 0x90, 0x51, 0x64, 0x00, 0x92, 0x32, 0x64, 0x00, 0x91, 0x53, 
    0x64, 0x0A, 0x96, 0x63, 0x00, 0x00, 0x97, 0x51, 0x00, 0x00, 0x9A, 0x51, 
    0x00, 0x00, 0x96, 0x69, 0x64, 0x00, 0x9A, 0x50, 0x64, 0x00, 0x97, 0x57, 
    0x64, 0x0A, 0x9B, 0x51, 0x00, 0x00, 0x50, 0x64, 0x0A, 0x91, 0x53, 0x00, 
    0x00, 0x99, 0x3B, 0x00, 0x00, 0x92, 0x32, 0x00, 0x00, 0x99, 0x2A, 0x00, 
    0x00, 0x90, 0x51, 0x00, 0x00, 0x99, 0x2A, 0x64, 0x00, 0x26, 0x64, 0x00, 
    0x91, 0x5F, 0x64, 0x00, 0x99, 0x3B, 0x7F, 0x00, 0x90, 0x50, 0x64, 0x0A, 
    0x9A, 0x50, 0x00, 0x00, 0x97, 0x57, 0x00, 0x00, 0x96, 0x69, 0x00, 0x00, 
    0x62, 0x64, 0x00, 0x97, 0x50, 0x64, 0x00, 0x9A, 0x4A, 0x64, 0x0A, 0x9B, 
    0x50, 0x00, 0x00, 0x49, 0x64, 0x0A, 0x99, 0x26, 0x00, 0x00, 0x2A, 0x00, 
    0x00, 0x91, 0x5F, 0x00, 0x00, 0x90, 0x50, 0x00, 0x00, 0x45, 0x64, 0x00, 
    0x92, 0x26, 0x64, 0x00, 0x99, 0x24, 0x64, 0x00, 0x2A, 0x64, 0x0A, 0x97, 
    0x50, 0x00, 0x00, 0x96, 0x62, 0x00, 0x00, 0x9A, 0x4A, 0x00, 0x00, 0x51, 
    0x64, 0x01, 0x96, 0x65, 0x64, 0x00, 0x97, 0x53, 0x64, 0x09, 0x9B, 0x49, 
    0x00, 0x00, 0x51, 0x64, 0x0A, 0x90, 0x45, 0x00, 0x00, 0x99, 0x24, 0x00, 
    0x00, 0x92, 0x26, 0x00, 0x00, 0x99, 0x2A, 0x00, 0x00, 0x92, 0x32, 0x64, 
    0x00, 0x99, 0x2A, 0x7F, 0x00, 0x91, 0x5F, 0x64, 0x00, 0x90, 0x51, 0x64, 
    0x0A, 0x9A, 0x51, 0x00, 0x00, 0x50, 0x64, 0x01, 0x96, 0x65, 0x00, 0x00, 
    0x97, 0x53, 0x00, 0x00, 0x4E, 0x64, 0x00, 0x96, 0x60, 0x64, 0x09, 0x9B, 
    0x51, 0x00, 0x00, 0x50, 0x64, 0x0A, 0x92, 0x32, 0x00, 0x00, 0x99, 0x2A, 
    0x00, 0x00, 0x91, 0x5F, 0x00, 0x00, 0x90, 0x51, 0x00, 0x00, 0x92, 0x32, 
    0x64, 0x00, 0x91, 0x53, 0x64, 0x00, 0x90, 0x50, 0x64, 0x00, 0x99, 0x2A, 
    0x64, 0x0A, 0x9A, 0x50, 0x00, 0x00, 0x49, 0x64, 0x01, 0x97, 0x4E, 0x00, 
    0x00, 0x96, 0x60, 0x00, 0x00, 0x67, 0x64, 0x00, 0x97, 0x55, 0x64, 0x09, 
    0x9B, 0x50, 0x00, 0x00, 0x45, 0x64, 0x0A, 0x90, 0x50, 0x00, 0x00, 0x92, 
    0x32, 0x00, 0x00, 0x99, 0x2A, 0x00, 0x00, 0x91, 0x53, 0x00, 0x00, 0x99, 
    0x3B, 0x00, 0x00, 0x3B, 0x7F, 0x00, 0x24, 0x64, 0x00, 0x2A, 0x64, 0x00, 
    0x26, 0x64, 0x00, 0x90, 0x47, 0x64, 0x0A, 0x9A, 0x49, 0x00, 0x00, 0x51, 
    0x64, 0x01, 0x97, 0x55, 0x00, 0x00, 0x96, 0x67, 0x00, 0x00, 0x68, 0x64, 
    0x00, 0x97, 0x56, 0x64, 0x09, 0x9B, 0x45, 0x00, 0x00, 0x51, 0x64, 0x0A, 
    0x99, 0x24, 0x00, 0x00, 0x26, 0x00, 0x00, 0x90, 0x47, 0x00, 0x00, 0x99, 
    0x2A, 0x00, 0x00, 0x26, 0x4B, 0x00, 0x92, 0x32, 0x64, 0x00, 0x99, 0x2E, 
    0x7F, 0x00, 0x90, 0x51, 0x64, 0x0A, 0x9A, 0x51, 0x00, 0x00, 0x50, 0x64, 
    0x01, 0x97, 0x56, 0x00, 0x00, 0x96, 0x68, 0x00, 0x01, 0x97, 0x57, 0x64, 
    0x00, 0x96, 0x69, 0x64, 0x08, 0x9B, 0x51, 0x00, 0x00, 0x50, 0x64, 0x0A, 
    0x99, 0x26, 0x00, 0x00, 0x92, 0x32, 0x00, 0x00, 0x90, 0x51, 0x00, 0x00, 
    0x99, 0x2A, 0x00, 0x00, 0x24, 0x64, 0x00, 0x90, 0x4C, 0x64, 0x00, 0xE0, 
    0x00, 0x40, 0x00, 0x92, 0x28, 0x64, 0x00, 0x99, 0x2A, 0x7F, 0x0A, 0x9A, 
    0x50, 0x00, 0x00, 0x45, 0x64, 0x02, 0x96, 0x69, 0x00, 0x00, 0x97, 0x57, 
    0x00, 0x08, 0x9B, 0x50, 0x00, 0x00, 0x47, 0x64, 0x06, 0x96, 0x68, 0x64, 
    0x00, 0x97, 0x56, 0x64, 0x04, 0x99, 0x24, 0x00, 0x00, 0x92, 0x28, 0x00, 
    0x00, 0x99, 0x2A, 0x00, 0x00, 0x91, 0x53, 0x64, 0x00, 0x92, 0x34, 0x64, 
    0x00, 0x99, 0x2A, 0x50, 0x0A, 0x9A, 0x45, 0x00, 0x00, 0x51, 0x64, 0x0A, 
    0x9B, 0x47, 0x00, 0x00, 0x51, 0x64, 0x06, 0x96, 0x68, 0x00, 0x00, 0x97, 
    0x56, 0x00, 0x00, 0x96, 0x67, 0x64, 0x00, 0x97, 0x55, 0x64, 0x04, 0x91, 
    0x53, 0x00, 0x00, 0x99, 0x3B, 0x00, 0x00, 0x92, 0x34, 0x00, 0x00, 0x99, 
    0x2A, 0x00, 0x00, 0x91, 0x5F, 0x64, 0x00, 0x99, 0x26, 0x64, 0x00, 0x3B, 
    0x7F, 0x00, 0x2A, 0x5A, 0x0A, 0x9A, 0x51, 0x00, 0x00, 0x50, 0x64, 0x0A, 
    0x9B, 0x51, 0x00, 0x00, 0x4C, 0x64, 0x00, 0xEB, 0x00, 0x40, 0x06, 0x96, 
    0x67, 0x00, 0x00, 0x97, 0x55, 0x00, 0x01, 0x96, 0x69, 0x64, 0x00, 0x97, 
    0x57, 0x64, 0x03, 0x91, 0x5F, 0x00, 0x00, 0x99, 0x2E, 0x00, 0x00, 0x26, 
    0x00, 0x00, 0x92, 0x28, 0x64, 0x00, 0x99, 0x24, 0x64, 0x00, 0x2A, 0x64, 
    0x0A, 0x9A, 0x50, 0x00, 0x00, 0x47, 0x64, 0x11, 0x96, 0x69, 0x00, 0x00, 
    0x97, 0x57, 0x00, 0x00, 0x96, 0x61, 0x64, 0x00, 0x97, 0x4F, 0x64, 0x03, 
    0x92, 0x28, 0x00, 0x00, 0x99, 0x24, 0x00, 0x00, 0x2A, 0x00, 0x00, 0x92, 
    0x34, 0x64, 0x00, 0x99, 0x2A, 0x7F, 0x00, 0x91, 0x5F, 0x64, 0x0A, 0x9A, 
    0x47, 0x00, 0x00, 0x51, 0x64, 0x11, 0x96, 0x61, 0x00, 0x00, 0x97, 0x4F, 
    0x00, 0x00, 0x54, 0x64, 0x00, 0x96, 0x66, 0x64, 0x03, 0x99, 0x2A, 0x00, 
    0x00, 0x92, 0x34, 0x00, 0x00, 0x91, 0x5F, 0x00, 0x00, 0x92, 0x34, 0x64, 
    0x00, 0x99, 0x2A, 0x50, 0x00, 0x91, 0x53, 0x64, 0x0A, 0x9A, 0x51, 0x00, 
    0x00, 0x4C, 0x64, 0x00, 0xEA, 0x00, 0x40, 0x11, 0x96, 0x66, 0x00, 0x00, 
    0x97, 0x54, 0x00, 0x00, 0x96, 0x64, 0x64, 0x00, 0x97, 0x52, 0x64, 0x03, 
    0x99, 0x3B, 0x00, 0x00, 0x92, 0x34, 0x00, 0x00, 0x91, 0x53, 0x00, 0x00, 
    0x99, 0x2A, 0x00, 0x00, 0x24, 0x64, 0x00, 0x26, 0x64, 0x00, 0x2A, 0x5A, 
    0x00, 0x3B, 0x7F, 0x1B, 0x97, 0x52, 0x00, 0x00, 0x96, 0x64, 0x00, 0x01, 
    0x67, 0x64, 0x00, 0x97, 0x55, 0x64, 0x02, 0x99, 0x24, 0x00, 0x00, 0x2A, 
    0x00, 0x00, 0x26, 0x00, 0x00, 0x92, 0x34, 0x64, 0x00, 0x99, 0x26, 0x4B, 
    0x00, 0x2A, 0x7F, 0x1C, 0x96, 0x67, 0x00, 0x00, 0x97, 0x55, 0x00, 0x00, 
    0x57, 0x64, 0x00, 0x96, 0x69, 0x64, 0x02, 0x99, 0x26, 0x00, 0x00, 0x92, 
    0x34, 0x00, 0x00, 0x99, 0x2A, 0x00, 0x00, 0x24, 0x64, 0x00, 0x92, 0x28, 
    0x64, 0x00, 0x99, 0x2A, 0x64, 0x1C, 0x97, 0x57, 0x00, 0x00, 0x96, 0x69, 
    0x00, 0x00, 0x97, 0x55, 0x64, 0x00, 0x96, 0x67, 0x64, 0x02, 0x99, 0x2A, 
    0x00, 0x00, 0x92, 0x28, 0x00, 0x00, 0x99, 0x24, 0x00, 0x00, 0x92, 0x34, 
    0x64, 0x00, 0x91, 0x53, 0x64, 0x00, 0x99, 0x2A, 0x64, 0x1C, 0x97, 0x55, 
    0x00, 0x00, 0x96, 0x67, 0x00, 0x00, 0x97, 0x50, 0x64, 0x00, 0x96, 0x62, 
    0x64, 0x02, 0x99, 0x2A, 0x00, 0x00, 0x91, 0x53, 0x00, 0x00, 0x99, 0x3B, 
    0x00, 0x00, 0x92, 0x34, 0x00, 0x00, 0x90, 0x4C, 0x00, 0x00, 0x91, 0x5F, 
    0x64, 0x00, 0x99, 0x3B, 0x7F, 0x00, 0x2A, 0x64, 0x00, 0xB0, 0x06, 0x02, 
    0x00, 0x90, 0x4C, 0x64, 0x00, 0x99, 0x26, 0x64, 0x0F, 0xE0, 0x00, 0x40, 
    0x01, 0x37, 0x41, 0x02, 0x23, 0x44, 0x02, 0x0F, 0x47, 0x02, 0x7B, 0x49, 
    0x02, 0x67, 0x4C, 0x02, 0x53, 0x4F, 0x02, 0x97, 0x50, 0x00, 0x00, 0x96, 
    0x62, 0x00, 0x00, 0xE0, 0x3F, 0x52, 0x01, 0x97, 0x51, 0x64, 0x00, 0x96, 
    0x63, 0x64, 0x01, 0x91, 0x5F, 0x00, 0x00, 0x99, 0x2A, 0x00, 0x00, 0x26, 
    0x00, 0x00, 0x24, 0x64, 0x00, 0x92, 0x28, 0x64, 0x00, 0xE0, 0x2B, 0x55, 
    0x00, 0x99, 0x2A, 0x64, 0x02, 0xE0, 0x17, 0x58, 0x02, 0x03, 0x5B, 0x02, 
    0x6F, 0x5D, 0x02, 0x5B, 0x60, 0x02, 0x47, 0x63, 0x02, 0x33, 0x66, 0x02, 
    0x1F, 0x69, 0x02, 0x0B, 0x6C, 0x02, 0x77, 0x6E, 0x02, 0x63, 0x71, 0x02, 
    0x4F, 0x74, 0x02, 0x3B, 0x77, 0x02, 0x27, 0x7A, 0x02, 0x13, 0x7D, 0x01, 
    0x97, 0x51, 0x00, 0x00, 0x96, 0x63, 0x00, 0x00, 0x6B, 0x64, 0x00, 0x97, 
    0x59, 0x64, 0x01, 0x92, 0x28, 0x00, 0x00, 0x99, 0x24, 0x00, 0x00, 0x2A, 
    0x00, 0x00, 0x91, 0x5F, 0x64, 0x00, 0xB0, 0x01, 0x00, 0x00, 0x92, 0x34, 
    0x64, 0x00, 0x99, 0x2A, 0x7F, 0x00, 0xE0, 0x7F, 0x7F, 0x02, 0xB0, 0x01, 
    0x03, 0x02, 0x01, 0x05, 0x02, 0x01, 0x07, 0x02, 0x01, 0x09, 0x02, 0x01, 
    0x0B, 0x02, 0x01, 0x0D, 0x02, 0x01, 0x0F, 0x02, 0x01, 0x12, 0x02, 0x01, 
    0x14, 0x02, 0x9B, 0x4C, 0x00, 0x00, 0xBB, 0x06, 0x02, 0x00, 0xB0, 0x01, 
    0x16, 0x00, 0x9B, 0x4C, 0x64, 0x02, 0xB0, 0x01, 0x18, 0x02, 0x01, 0x1A, 
    0x02, 0x01, 0x1C, 0x02, 0x01, 0x1E, 0x01, 0x96, 0x6B, 0x00, 0x00, 0x97, 
    0x59, 0x00, 0x00, 0x55, 0x64, 0x00, 0x96, 0x67, 0x64, 0x01, 0x91, 0x5F, 
    0x00, 0x00, 0x92, 0x34, 0x00, 0x00, 0x99, 0x2A, 0x00, 0x00, 0x2A, 0x64, 
    0x00, 0xB0, 0x01, 0x21, 0x00, 0x91, 0x53, 0x64, 0x00, 0x92, 0x34, 0x64, 
    0x02, 0xB0, 0x01, 0x23, 0x02, 0x01, 0x25, 0x01, 0xEB, 0x00, 0x40, 0x01, 
    0x37, 0x41, 0x00, 0xB0, 0x01, 0x27, 0x02, 0x01, 0x29, 0x00, 0xEB, 0x23, 
    0x44, 0x02, 0x0F, 0x47, 0x00, 0xB0, 0x01, 0x2B, 0x02, 0xEB, 0x7B, 0x49, 
    0x00, 0xB0, 0x01, 0x2D, 0x02, 0x01, 0x2F, 0x00, 0xEB, 0x67, 0x4C, 0x02, 
    0x53, 0x4F, 0x00, 0xB0, 0x01, 0x32, 0x02, 0xEB, 0x3F, 0x52, 0x00, 0xB0, 
    0x01, 0x34, 0x02, 0xEB, 0x2B, 0x55, 0x00, 0xB0, 0x01, 0x36, 0x02, 0x01, 
    0x38, 0x00, 0xEB, 0x17, 0x58, 0x02, 0x03, 0x5B, 0x00, 0xB0, 0x01, 0x3A, 
    0x02, 0xEB, 0x6F, 0x5D, 0x00, 0xB0, 0x01, 0x3C, 0x02, 0x01, 0x3E, 0x00, 
    0xEB, 0x5B, 0x60, 0x01, 0x97, 0x55, 0x00, 0x00, 0x96, 0x67, 0x00, 0x00, 
    0x97, 0x57, 0x64, 0x00, 0x96, 0x69, 0x64, 0x01, 0x91, 0x53, 0x00, 0x00, 
    0x99, 0x3B, 0x00, 0x00, 0x2A, 0x00, 0x00, 0x92, 0x34, 0x00, 0x00, 0x99, 
    0x3B, 0x7F, 0x00, 0x24, 0x64, 0x00, 0xB0, 0x01, 0x41, 0x00, 0xEB, 0x47, 
    0x63, 0x00, 0x99, 0x26, 0x64, 0x00, 0x2A, 0x64, 0x02, 0xB0, 0x01, 0x43, 
    0x00, 0xEB, 0x33, 0x66, 0x02, 0xB0, 0x01, 0x45, 0x00, 0xEB, 0x1F, 0x69, 
    0x02, 0x0B, 0x6C, 0x00, 0xB0, 0x01, 0x47, 0x02, 0xEB, 0x77, 0x6E, 0x00, 
    0xB0, 0x01, 0x49, 0x02, 0x01, 0x4B, 0x00, 0xEB, 0x63, 0x71, 0x02, 0xB0, 
    0x01, 0x4D, 0x00, 0xEB, 0x4F, 0x74, 0x02, 0xB0, 0x01, 0x4F, 0x00, 0xEB, 
    0x3B, 0x77, 0x02, 0x27, 0x7A, 0x00, 0xB0, 0x01, 0x52, 0x02, 0xEB, 0x13, 
    0x7D, 0x00, 0xB0, 0x01, 0x54, 0x02, 0xBB, 0x01, 0x00, 0x00, 0xEB, 0x7F, 
    0x7F, 0x00, 0xB0, 0x01, 0x56, 0x02, 0x01, 0x58, 0x00, 0xBB, 0x01, 0x03, 
    0x02, 0x01, 0x05, 0x00, 0xB0, 0x01, 0x5A, 0x02, 0x01, 0x5C, 0x00, 0xBB, 
    0x01, 0x07, 0x02, 0x01, 0x09, 0x00, 0xB0, 0x01, 0x5E, 0x01, 0x96, 0x69, 
    0x00, 0x00, 0x97, 0x57, 0x00, 0x01, 0x99, 0x26, 0x00, 0x00, 0x24, 0x00, 
    0x00, 0x2A, 0x00, 0x00, 0x97, 0x50, 0x64, 0x00, 0x99, 0x26, 0x4B, 0x00, 
    0xB0, 0x01, 0x61, 0x00, 0x99, 0x2E, 0x7F, 0x00, 0x92, 0x34, 0x64, 0x00, 
    0xBB, 0x01, 0x0B, 0x00, 0x96, 0x62, 0x64, 0x00, 0xE0, 0x7F, 0x7F, 0x01, 
    0x65, 0x7C, 0x01, 0xB0, 0x01, 0x63, 0x00, 0xBB, 0x01, 0x0D, 0x01, 0xE0, 
    0x32, 0x76, 0x01, 0xBB, 0x01, 0x0F, 0x00, 0xB0, 0x01, 0x65, 0x01, 0xE0, 
    0x7F, 0x6F, 0x01, 0xB0, 0x01, 0x67, 0x00, 0xBB, 0x01, 0x12, 0x01, 0xE0, 
    0x4C, 0x69, 0x01, 0xBB, 0x01, 0x14, 0x00, 0xB0, 0x01, 0x69, 0x01, 0xE0, 
    0x19, 0x63, 0x01, 0x9A, 0x4C, 0x00, 0x00, 0xB0, 0x01, 0x6B, 0x00, 0xBB, 
    0x01, 0x16, 0x00, 0xBA, 0x06, 0x02, 0x00, 0x9A, 0x4C, 0x64, 0x01, 0xE0, 
    0x65, 0x5C, 0x01, 0xB0, 0x01, 0x6D, 0x00, 0xBB, 0x01, 0x18, 0x01, 0xE0, 
    0x32, 0x56, 0x01, 0xB0, 0x01, 0x6F, 0x00, 0xBB, 0x01, 0x1A, 0x01, 0xE0, 
    0x7F, 0x4F, 0x01, 0xBB, 0x01, 0x1C, 0x00, 0xB0, 0x01, 0x72, 0x01, 0xE0, 
    0x4C, 0x49, 0x01, 0xB0, 0x01, 0x74, 0x00, 0xBB, 0x01, 0x1E, 0x01, 0xE0, 
    0x19, 0x43, 0x01, 0xB0, 0x01, 0x76, 0x00, 0xBB, 0x01, 0x21, 0x00, 0xE0, 
    0x00, 0x40, 0x02, 0xBB, 0x01, 0x23, 0x00, 0xB0, 0x01, 0x78, 0x02, 0x01, 
    0x7A, 0x00, 0xBB, 0x01, 0x25, 0x01, 0xEA, 0x00, 0x40, 0x01, 0xBB, 0x01, 
    0x27, 0x00, 0xB0, 0x01, 0x7C, 0x00, 0xEA, 0x37, 0x41, 0x02, 0xB0, 0x01, 
    0x7E, 0x00, 0xBB, 0x01, 0x29, 0x00, 0xEA, 0x23, 0x44, 0x01, 0xB0, 0x01, 
    0x00, 0x01, 0x92, 0x34, 0x00, 0x00, 0x97, 0x50, 0x00, 0x00, 0x99, 0x26, 
    0x00, 0x00, 0x96, 0x62, 0x00, 0x00, 0x99, 0x2A, 0x00, 0x00, 0xEA, 0x0F, 
    0x47, 0x00, 0x96, 0x64, 0x64, 0x00, 0x92, 0x23, 0x64, 0x00, 0x99, 0x24, 
    0x64, 0x00, 0xBB, 0x01, 0x2B, 0x00, 0x99, 0x2A, 0x7F, 0x00, 0x97, 0x52, 
    0x64, 0x02, 0xEA, 0x7B, 0x49, 0x00, 0xBB, 0x01, 0x2D, 0x02, 0xEA, 0x67, 
    0x4C, 0x00, 0xBB, 0x01, 0x2F, 0x02, 0x01, 0x32, 0x00, 0xEA, 0x53, 0x4F, 
    0x02, 0x3F, 0x52, 0x00, 0xBB, 0x01, 0x34, 0x02, 0xEA, 0x2B, 0x55, 0x00, 
    0xBB, 0x01, 0x36, 0x02, 0xEA, 0x17, 0x58, 0x00, 0xBB, 0x01, 0x38, 0x02, 
    0xEA, 0x03, 0x5B, 0x00, 0xBB, 0x01, 0x3A, 0x02, 0x01, 0x3C, 0x00, 0xEA, 
    0x6F, 0x5D, 0x02, 0x5B, 0x60, 0x00, 0xBB, 0x01, 0x3E, 0x02, 0xEA, 0x47, 
    0x63, 0x00, 0xBB, 0x01, 0x41, 0x02, 0x01, 0x43, 0x00, 0xEA, 0x33, 0x66, 
    0x02, 0x1F, 0x69, 0x00, 0xBB, 0x01, 0x45, 0x02, 0x01, 0x47, 0x00, 0xEA, 
    0x0B, 0x6C, 0x02, 0x77, 0x6E, 0x00, 0xBB, 0x01, 0x49, 0x02, 0x97, 0x52, 
    0x00, 0x00, 0x92, 0x23, 0x00, 0x00, 0x99, 0x2A, 0x00, 0x00, 0x96, 0x64, 
    0x00, 0x00, 0x99, 0x24, 0x00, 0x00, 0x96, 0x67, 0x64, 0x00, 0xBB, 0x01, 
    0x4B, 0x00, 0x91, 0x53, 0x64, 0x00, 0xEA, 0x63, 0x71, 0x00, 0x97, 0x55, 
    0x64, 0x00, 0x92, 0x2F, 0x64, 0x00, 0x99, 0x2A, 0x50, 0x02, 0xEA, 0x4F, 
    0x74, 0x00, 0xBB, 0x01, 0x4D, 0x02, 0x01, 0x4F, 0x00, 0xEA, 0x3B, 0x77, 
    0x02, 0x27, 0x7A, 0x00, 0xBB, 0x01, 0x52, 0x02, 0x01, 0x54, 0x00, 0xEA, 
    0x13, 0x7D, 0x02, 0xBA, 0x01, 0x00, 0x00, 0xBB, 0x01, 0x56, 0x00, 0xEA, 
    0x7F, 0x7F, 0x02, 0xBB, 0x01, 0x58, 0x00, 0xBA, 0x01, 0x03, 0x02, 0xBB, 
    0x01, 0x5A, 0x00, 0xBA, 0x01, 0x05, 0x02, 0xBB, 0x01, 0x5C, 0x00, 0xBA, 
    0x01, 0x07, 0x02, 0xBB, 0x01, 0x5E, 0x00, 0xBA, 0x01, 0x09, 0x02, 0xEB, 
    0x7F, 0x7F, 0x00, 0xBA, 0x01, 0x0B, 0x00, 0xBB, 0x01, 0x61, 0x01, 0xEB, 
    0x65, 0x7C, 0x01, 0xBA, 0x01, 0x0D, 0x00, 0xBB, 0x01, 0x63, 0x01, 0xEB, 
    0x32, 0x76, 0x01, 0xBB, 0x01, 0x65, 0x00, 0xBA, 0x01, 0x0F, 0x01, 0xEB, 
    0x7F, 0x6F, 0x01, 0xBA, 0x01, 0x12, 0x00, 0xBB, 0x01, 0x67, 0x01, 0xEB, 
    0x4C, 0x69, 0x01, 0xBB, 0x01, 0x69, 0x00, 0xBA, 0x01, 0x14, 0x01, 0xEB, 
    0x19, 0x63, 0x01, 0x92, 0x2F, 0x00, 0x00, 0x97, 0x55, 0x00, 0x00, 0x96, 
    0x67, 0x00, 0x00, 0x99, 0x3B, 0x00, 0x00, 0x2A, 0x00, 0x00, 0x91, 0x53, 
    0x00, 0x00, 0xBA, 0x01, 0x16, 0x00, 0x97, 0x57, 0x64, 0x00, 0x91, 0x5F, 
    0x64, 0x00, 0xBB, 0x01, 0x6B, 0x00, 0x99, 0x3B, 0x7F, 0x00, 0x26, 0x64, 
    0x00, 0x2A, 0x5A, 0x00, 0x96, 0x69, 0x64, 0x01, 0xEB, 0x65, 0x5C, 0x01, 
    0xBB, 0x01, 0x6D, 0x00, 0xBA, 0x01, 0x18, 0x01, 0xEB, 0x32, 0x56, 0x01, 
    0xBA, 0x01, 0x1A, 0x00, 0xBB, 0x01, 0x6F, 0x01, 0xEB, 0x7F, 0x4F, 0x01, 
    0xBB, 0x01, 0x72, 0x00, 0xBA, 0x01, 0x1C, 0x01, 0xEB, 0x4C, 0x49, 0x01, 
    0xBA, 0x01, 0x1E, 0x00, 0xBB, 0x01, 0x74, 0x01, 0xEB, 0x19, 0x43, 0x01, 
    0xBB, 0x01, 0x76, 0x00, 0xBA, 0x01, 0x21, 0x00, 0xEB, 0x00, 0x40, 0x02, 
    0xBB, 0x01, 0x78, 0x00, 0xBA, 0x01, 0x23, 0x02, 0xBB, 0x01, 0x7A, 0x00, 
    0xBA, 0x01, 0x25, 0x02, 0x01, 0x27, 0x00, 0xBB, 0x01, 0x7C, 0x02, 0x01, 
    0x7E, 0x00, 0xBA, 0x01, 0x29, 0x01, 0xBB, 0x01, 0x00, 0x01, 0xBA, 0x01, 
    0x2B, 0x02, 0x01, 0x2D, 0x02, 0x01, 0x2F, 0x02, 0x01, 0x32, 0x02, 0x01, 
    0x34, 0x02, 0x96, 0x69, 0x00, 0x00, 0x91, 0x5F, 0x00, 0x00, 0x97, 0x57, 
    0x00, 0x00, 0x99, 0x26, 0x00, 0x00, 0x2E, 0x00, 0x00, 0x2A, 0x64, 0x00, 
    0x24, 0x64, 0x00, 0x92, 0x23, 0x64, 0x00, 0xBA, 0x01, 0x36, 0x01, 0x96, 
    0x68, 0x64, 0x00, 0x97, 0x56, 0x64, 0x01, 0xBA, 0x01, 0x38, 0x02, 0x01, 
    0x3A, 0x02, 0x01, 0x3C, 0x02, 0x01, 0x3E, 0x02, 0x01, 0x41, 0x02, 0x01, 
    0x43, 0x02, 0x01, 0x45, 0x02, 0x01, 0x47, 0x02, 0x01, 0x49, 0x02, 0x01, 
    0x4B, 0x02, 0x01, 0x4D, 0x02, 0x01, 0x4F, 0x02, 0x01, 0x52, 0x02, 0x01, 
    0x54, 0x02, 0x92, 0x23, 0x00, 0x00, 0x99, 0x24, 0x00, 0x00, 0x2A, 0x00, 
    0x00, 0x92, 0x2F, 0x64, 0x00, 0x99, 0x2A, 0x7F, 0x00, 0xBA, 0x01, 0x56, 
    0x00, 0x91, 0x5F, 0x64, 0x01, 0x96, 0x68, 0x00, 0x00, 0x97, 0x56, 0x00, 
    0x00, 0x96, 0x6A, 0x64, 0x00, 0x97, 0x58, 0x64, 0x01, 0xBA, 0x01, 0x58, 
    0x02, 0x01, 0x5A, 0x02, 0x01, 0x5C, 0x02, 0x01, 0x5E, 0x02, 0xEA, 0x7F, 
    0x7F, 0x00, 0xBA, 0x01, 0x61, 0x01, 0xEA, 0x65, 0x7C, 0x01, 0xBA, 0x01, 
    0x63, 0x01, 0xEA, 0x32, 0x76, 0x01, 0xBA, 0x01, 0x65, 0x01, 0xEA, 0x7F, 
    0x6F, 0x01, 0xBA, 0x01, 0x67, 0x01, 0xEA, 0x4C, 0x69, 0x01, 0xBA, 0x01, 
    0x69, 0x01, 0xEA, 0x19, 0x63, 0x01, 0xBA, 0x01, 0x6B, 0x01, 0xEA, 0x65, 
    0x5C, 0x01, 0xBA, 0x01, 0x6D, 0x01, 0xEA, 0x32, 0x56, 0x01, 0xBA, 0x01, 
    0x6F, 0x01, 0xEA, 0x7F, 0x4F, 0x01, 0xBA, 0x01, 0x72, 0x01, 0xEA, 0x4C, 
    0x49, 0x01, 0xBA, 0x01, 0x74, 0x01, 0xEA, 0x19, 0x43, 0x01, 0x92, 0x2F, 
    0x00, 0x00, 0x99, 0x2A, 0x00, 0x00, 0x91, 0x5F, 0x00, 0x00, 0x99, 0x2A, 
    0x50, 0x00, 0xBA, 0x01, 0x76, 0x00, 0xEA, 0x00, 0x40, 0x00, 0x91, 0x53, 
    0x64, 0x00, 0x92, 0x2F, 0x64, 0x01, 0x96, 0x6A, 0x00, 0x00, 0x97, 0x58, 
    0x00, 0x00, 0x59, 0x64, 0x00, 0x96, 0x6B, 0x64, 0x01, 0xBA, 0x01, 0x78, 
    0x02, 0x01, 0x7A, 0x02, 0x01, 0x7C, 0x02, 0x01, 0x7E, 0x01, 0x01, 0x00, 
    0x15, 0x91, 0x53, 0x00, 0x00, 0x99, 0x3B, 0x00, 0x00, 0x2A, 0x00, 0x00, 
    0x92, 0x2F, 0x00, 0x00, 0x99, 0x3B, 0x7F, 0x00, 0x24, 0x64, 0x00, 0x2A, 
    0x5A, 0x00, 0x26, 0x64, 0x01, 0x96, 0x6B, 0x00, 0x00, 0x97, 0x59, 0x00, 
    0x00, 0x96, 0x68, 0x64, 0x00, 0x97, 0x56, 0x64, 0x1D, 0x99, 0x2A, 0x00, 
    0x00, 0x24, 0x00, 0x00, 0x26, 0x00, 0x00, 0x2A, 0x7F, 0x00, 0x92, 0x2F, 
    0x64, 0x00, 0x99, 0x26, 0x4B, 0x01, 0x96, 0x68, 0x00, 0x00, 0x97, 0x56, 
    0x00, 0x01, 0x55, 0x64, 0x00, 0x96, 0x67, 0x64, 0x1C, 0x92, 0x2F, 0x00, 
    0x00, 0x99, 0x2A, 0x00, 0x00, 0x26, 0x00, 0x00, 0x2A, 0x64, 0x00, 0x24, 
    0x64, 0x00, 0x92, 0x26, 0x64, 0x02, 0x97, 0x55, 0x00, 0x00, 0x96, 0x67, 
    0x00, 0x00, 0x66, 0x64, 0x00, 0x97, 0x54, 0x64, 0x1C, 0x99, 0x24, 0x00, 
    0x00, 0x2A, 0x00, 0x00, 0x92, 0x26, 0x00, 0x00, 0x91, 0x53, 0x64, 0x00, 
    0x99, 0x2A, 0x64, 0x00, 0x92, 0x32, 0x64, 0x02, 0x96, 0x66, 0x00, 0x00, 
    0x97, 0x54, 0x00, 0x00, 0x53, 0x64, 0x00, 0x96, 0x65, 0x64, 0x1C, 0x91, 
    0x53, 0x00, 0x00, 0x99, 0x3B, 0x00, 0x00, 0x2A, 0x00, 0x00, 0x92, 0x32, 
    0x00, 0x00, 0x91, 0x5F, 0x64, 0x00, 0x99, 0x26, 0x64, 0x00, 0x3B, 0x7F, 
    0x00, 0x2A, 0x64, 0x02, 0x97, 0x53, 0x00, 0x00, 0x96, 0x65, 0x00, 0x00, 
    0x67, 0x64, 0x00, 0x97, 0x55, 0x64, 0x1C, 0x99, 0x26, 0x00, 0x00, 0x2A, 
    0x00, 0x00, 0x91, 0x5F, 0x00, 0x00, 0x99, 0x24, 0x64, 0x00, 0x92, 0x26, 
    0x64, 0x00, 0x99, 0x2A, 0x64, 0x02, 0x96, 0x67, 0x00, 0x00, 0x97, 0x55, 
    0x00, 0x01, 0x56, 0x64, 0x00, 0x96, 0x68, 0x64, 0x1B, 0x90, 0x4C, 0x00, 
    0x00, 0x92, 0x26, 0x00, 0x00, 0x99, 0x2A, 0x00, 0x00, 0x24, 0x00, 0x00, 
    0x90, 0x4A, 0x64, 0x00, 0x99, 0x2A, 0x7F, 0x00, 0xE0, 0x00, 0x40, 0x00, 
    0x91, 0x5F, 0x64, 0x00, 0x92, 0x32, 0x64, 0x03, 0x97, 0x56, 0x00, 0x00, 
    0x96, 0x68, 0x00, 0x00, 0x97, 0x50, 0x64, 0x00, 0x96, 0x62, 0x64, 0x0C, 
    0xE0, 0x7F, 0x7F, 0x01, 0x6D, 0x7D, 0x02, 0x4B, 0x79, 0x02, 0x29, 0x75, 
    0x02, 0x07, 0x71, 0x02, 0x65, 0x6C, 0x02, 0x43, 0x68, 0x02, 0x21, 0x64, 
    0x02, 0x91, 0x5F, 0x00, 0x00, 0x99, 0x2A, 0x00, 0x00, 0x92, 0x32, 0x00, 
    0x00, 0x99, 0x2A, 0x64, 0x00, 0xE0, 0x7F, 0x5F, 0x00, 0x92, 0x32, 0x64, 
    0x00, 0x91, 0x53, 0x64, 0x02, 0xE0, 0x5D, 0x5B, 0x01, 0x97, 0x50, 0x00, 
    0x00, 0x96, 0x62, 0x00, 0x00, 0x97, 0x53, 0x64, 0x00, 0x96, 0x65, 0x64, 
    0x01, 0xE0, 0x3B, 0x57, 0x02, 0x19, 0x53, 0x02, 0x77, 0x4E, 0x02, 0x55, 
    0x4A, 0x02, 0x33, 0x46, 0x02, 0x11, 0x42, 0x01, 0x00, 0x40, 0x0F, 0x92, 
    0x32, 0x00, 0x00, 0x99, 0x2A, 0x00, 0x00, 0x3B, 0x00, 0x00, 0x91, 0x53, 
    0x00, 0x00, 0x99, 0x2A, 0x64, 0x00, 0x3B, 0x7F, 0x00, 0x26, 0x64, 0x00, 
    0x24, 0x64, 0x03, 0x96, 0x65, 0x00, 0x00, 0x97, 0x53, 0x00, 0x00, 0x57, 
    0x64, 0x00, 0x96, 0x69, 0x64, 0x11, 0x9B, 0x4C, 0x00, 0x00, 0xEB, 0x00, 
    0x40, 0x00, 0x9B, 0x4A, 0x64, 0x0A, 0x99, 0x2A, 0x00, 0x00, 0x26, 0x00, 
    0x00, 0x24, 0x00, 0x00, 0x26, 0x4B, 0x00, 0x92, 0x32, 0x64, 0x00, 0x99, 
    0x2E, 0x7F, 0x03, 0x97, 0x57, 0x00, 0x00, 0x96, 0x69, 0x00, 0x01, 0x62, 
    0x64, 0x00, 0x97, 0x50, 0x64, 0x01, 0xEB, 0x7F, 0x7F, 0x01, 0x6D, 0x7D, 
    0x02, 0x4B, 0x79, 0x02, 0x29, 0x75, 0x02, 0x07, 0x71, 0x02, 0x65, 0x6C, 
    0x02, 0x43, 0x68, 0x02, 0x21, 0x64, 0x02, 0x7F, 0x5F, 0x02, 0x5D, 0x5B, 
    0x02, 0x3B, 0x57, 0x02, 0x19, 0x53, 0x02, 0x77, 0x4E, 0x02, 0x99, 0x2A, 
    0x00, 0x00, 0x92, 0x32, 0x00, 0x00, 0x99, 0x26, 0x00, 0x00, 0xE0, 0x00, 
    0x40, 0x00, 0x99, 0x24, 0x64, 0x00, 0x92, 0x21, 0x64, 0x00, 0xEB, 0x55, 
    0x4A, 0x00, 0x99, 0x2A, 0x7F, 0x02, 0xEB, 0x33, 0x46, 0x00, 0xE0, 0x5D, 
    0x3B, 0x02, 0x96, 0x62, 0x00, 0x00, 0x97, 0x50, 0x00, 0x00, 0xEB, 0x11, 
    0x42, 0x00, 0xE0, 0x3B, 0x37, 0x00, 0x97, 0x51, 0x64, 0x00, 0x96, 0x63, 
    0x64, 0x01, 0xEB, 0x00, 0x40, 0x01, 0xE0, 0x19, 0x33, 0x02, 0x77, 0x2E, 
    0x02, 0x55, 0x2A, 0x02, 0x33, 0x26, 0x02, 0x11, 0x22, 0x10, 0x92, 0x21, 
    0x00, 0x00, 0x99, 0x24, 0x00, 0x00, 0x2A, 0x00, 0x00, 0x91, 0x53, 0x64, 
    0x00, 0x99, 0x2A, 0x50, 0x00, 0x92, 0x2D, 0x64, 0x04, 0x97, 0x51, 0x00, 
    0x00, 0x96, 0x63, 0x00, 0x00, 0x6B, 0x64, 0x00, 0x97, 0x59, 0x64, 0x06, 
    0x9A, 0x4C, 0x00, 0x00, 0x4A, 0x64, 0x00, 0xEA, 0x00, 0x40, 0x0F, 0x7F, 
    0x7F, 0x01, 0x6D, 0x7D, 0x02, 0x4B, 0x79, 0x02, 0x99, 0x2A, 0x00, 0x00, 
    0x91, 0x53, 0x00, 0x00, 0x99, 0x3B, 0x00, 0x00, 0x92, 0x2D, 0x00, 0x00, 
    0x99, 0x3B, 0x7F, 0x00, 0xEA, 0x29, 0x75, 0x00, 0x99, 0x2A, 0x5A, 0x00, 
    0x26, 0x64, 0x00, 0x91, 0x5F, 0x64, 0x02, 0xEA, 0x07, 0x71, 0x02, 0x96, 
    0x6B, 0x00, 0x00, 0x97, 0x59, 0x00, 0x00, 0x4E, 0x64, 0x00, 0x96, 0x60, 
    0x64, 0x00, 0xEA, 0x65, 0x6C, 0x02, 0x43, 0x68, 0x02, 0x21, 0x64, 0x02, 
    0x7F, 0x5F, 0x02, 0x5D, 0x5B, 0x02, 0x3B, 0x57, 0x02, 0x19, 0x53, 0x02, 
    0x77, 0x4E, 0x02, 0xEB, 0x00, 0x40, 0x00, 0xEA, 0x55, 0x4A, 0x02, 0x33, 
    0x46, 0x00, 0xEB, 0x5D, 0x3B, 0x02, 0x3B, 0x37, 0x00, 0xEA, 0x11, 0x42, 
    0x01, 0x00, 0x40, 0x01, 0xEB, 0x19, 0x33, 0x02, 0x77, 0x2E, 0x02, 0x99, 
    0x26, 0x00, 0x00, 0x2E, 0x00, 0x00, 0x91, 0x5F, 0x00, 0x00, 0x99, 0x24, 
    0x64, 0x00, 0x92, 0x21, 0x64, 0x00, 0xEB, 0x55, 0x2A, 0x00, 0x99, 0x2A, 
    0x64, 0x02, 0xEB, 0x33, 0x26, 0x02, 0x97, 0x4E, 0x00, 0x00, 0x96, 0x60, 
    0x00, 0x00, 0xEB, 0x11, 0x22, 0x01, 0x96, 0x6C, 0x64, 0x00, 0x97, 0x5A, 
    0x64, 0x19, 0x99, 0x2A, 0x00, 0x00, 0x92, 0x21, 0x00, 0x00, 0x99, 0x24, 
    0x00, 0x00, 0x91, 0x5F, 0x64, 0x00, 0x99, 0x2A, 0x7F, 0x00, 0x92, 0x2D, 
    0x64, 0x05, 0x96, 0x6C, 0x00, 0x00, 0x97, 0x5A, 0x00, 0x00, 0x53, 0x64, 
    0x00, 0x96, 0x65, 0x64, 0x19, 0x91, 0x5F, 0x00, 0x00, 0x99, 0x2A, 0x00, 
    0x00, 0x92, 0x2D, 0x00, 0x00, 0x99, 0x2A, 0x50, 0x00, 0x91, 0x53, 0x64, 
    0x00, 0x92, 0x2D, 0x64, 0x05, 0x97, 0x53, 0x00, 0x00, 0x96, 0x65, 0x00, 
    0x00, 0x97, 0x4F, 0x64, 0x00, 0x96, 0x61, 0x64, 0x05, 0xEA, 0x00, 0x40, 
    0x02, 0x5D, 0x3B, 0x02, 0x3B, 0x37, 0x02, 0x19, 0x33, 0x02, 0x77, 0x2E, 
    0x02, 0x55, 0x2A, 0x02, 0x33, 0x26, 0x02, 0x11, 0x22, 0x06, 0x99, 0x2A, 
    0x00, 0x00, 0x91, 0x53, 0x00, 0x00, 0x99, 0x3B, 0x00, 0x00, 0x92, 0x2D, 
    0x00, 0x00, 0x99, 0x2A, 0x5A, 0x00, 0x24, 0x64, 0x00, 0x26, 0x64, 0x00, 
    0x3B, 0x7F, 0x05, 0x97, 0x4F, 0x00, 0x00, 0x96, 0x61, 0x00, 0x00, 0x97, 
    0x56, 0x64, 0x00, 0x96, 0x68, 0x64, 0x19, 0x99, 0x2A, 0x00, 0x00, 0x26, 
    0x00, 0x00, 0x24, 0x00, 0x00, 0x2A, 0x7F, 0x00, 0x92, 0x2D, 0x64, 0x00, 
    0x99, 0x26, 0x4B, 0x05, 0x97, 0x56, 0x00, 0x00, 0x96, 0x68, 0x00, 0x01, 
    0x97, 0x4F, 0x64, 0x00, 0x96, 0x61, 0x64, 0x18, 0x92, 0x2D, 0x00, 0x00, 
    0x99, 0x2A, 0x00, 0x00, 0x26, 0x00, 0x00, 0x2A, 0x64, 0x00, 0x24, 0x64, 
    0x00, 0x92, 0x21, 0x64, 0x06, 0x97, 0x4F, 0x00, 0x00, 0x96, 0x61, 0x00, 
    0x00, 0x6C, 0x64, 0x00, 0x97, 0x5A, 0x64, 0x18, 0x99, 0x24, 0x00, 0x00, 
    0x2A, 0x00, 0x00, 0x92, 0x21, 0x00, 0x00, 0x91, 0x53, 0x64, 0x00, 0x99, 
    0x2A, 0x64, 0x00, 0x92, 0x2D, 0x64, 0x06, 0x96, 0x6C, 0x00, 0x00, 0x97, 
    0x5A, 0x00, 0x00, 0x96, 0x65, 0x64, 0x00, 0x97, 0x53, 0x64, 0x18, 0x91, 
    0x53, 0x00, 0x00, 0x99, 0x2A, 0x00, 0x00, 0x3B, 0x00, 0x00, 0x92, 0x2D, 
    0x00, 0x00, 0x99, 0x26, 0x64, 0x00, 0x3B, 0x7F, 0x00, 0x2A, 0x64, 0x00, 
    0x91, 0x5F, 0x64, 0x06, 0x96, 0x65, 0x00, 0x00, 0x97, 0x53, 0x00, 0x00, 
    0x96, 0x6C, 0x64, 0x00, 0x97, 0x5A, 0x64, 0x18, 0x99, 0x26, 0x00, 0x00, 
    0x2A, 0x00, 0x00, 0x91, 0x5F, 0x00, 0x00, 0x99, 0x24, 0x64, 0x00, 0x2A, 
    0x64, 0x00, 0x92, 0x21, 0x64, 0x06, 0x96, 0x6C, 0x00, 0x00, 0x97, 0x5A, 
    0x00, 0x01, 0x96, 0x62, 0x64, 0x00, 0x97, 0x50, 0x64, 0x17, 0x99, 0x24, 
    0x00, 0x00, 0x2A, 0x00, 0x00, 0x90, 0x4A, 0x00, 0x00, 0x92, 0x21, 0x00, 
    0x00, 0x2D, 0x64, 0x00, 0xE0, 0x00, 0x40, 0x00, 0x99, 0x2A, 0x7F, 0x00, 
    0x91, 0x5F, 0x64, 0x00, 0x90, 0x4A, 0x64, 0x07, 0x96, 0x62, 0x00, 0x00, 
    0x97, 0x50, 0x00, 0x00, 0x96, 0x64, 0x64, 0x00, 0x97, 0x52, 0x64, 0x17, 
    0x91, 0x5F, 0x00, 0x00, 0x99, 0x2A, 0x00, 0x00, 0x92, 0x2D, 0x00, 0x00, 
    0x91, 0x53, 0x64, 0x00, 0x99, 0x2A, 0x64, 0x00, 0x92, 0x2D, 0x64, 0x07, 
    0x96, 0x64, 0x00, 0x00, 0x97, 0x52, 0x00, 0x00, 0x50, 0x64, 0x00, 0x96, 
    0x62, 0x64, 0x17, 0x91, 0x53, 0x00, 0x00, 0x99, 0x3B, 0x00, 0x00, 0x2A, 
    0x00, 0x00, 0x92, 0x2D, 0x00, 0x00, 0x99, 0x3B, 0x7F, 0x00, 0x24, 0x64, 
    0x00, 0x26, 0x64, 0x00, 0x2A, 0x64, 0x07, 0x96, 0x62, 0x00, 0x00, 0x97, 
    0x50, 0x00, 0x00, 0x5A, 0x64, 0x00, 0x96, 0x6C, 0x64, 0x0D, 0x9B, 0x4A, 
    0x00, 0x00, 0xEB, 0x00, 0x40, 0x00, 0x9B, 0x4A, 0x64, 0x0A, 0x99, 0x2A, 
    0x00, 0x00, 0x26, 0x00, 0x00, 0x24, 0x00, 0x00, 0x26, 0x4B, 0x00, 0x2E, 
    0x7F, 0x00, 0x92, 0x2D, 0x64, 0x07, 0x97, 0x5A, 0x00, 0x00, 0x96, 0x6C, 
    0x00, 0x01, 0x69, 0x64, 0x00, 0x97, 0x57, 0x64, 0x16, 0x99, 0x26, 0x00, 
    0x00, 0x2A, 0x00, 0x00, 0x92, 0x2D, 0x00, 0x00, 0x99, 0x24, 0x64, 0x00, 
    0x92, 0x23, 0x64, 0x00, 0x99, 0x2A, 0x7F, 0x00, 0xE0, 0x00, 0x40, 0x01, 
    0x23, 0x44, 0x02, 0x67, 0x4C, 0x02, 0x2B, 0x55, 0x02, 0x6F, 0x5D, 0x01, 
    0x96, 0x69, 0x00, 0x00, 0x97, 0x57, 0x00, 0x00, 0x96, 0x6C, 0x64, 0x00, 
    0x97, 0x5A, 0x64, 0x01, 0xE0, 0x33, 0x66, 0x02, 0x77, 0x6E, 0x02, 0x3B, 
    0x77, 0x02, 0x7F, 0x7F, 0x0F, 0x99, 0x2A, 0x00, 0x00, 0x92, 0x23, 0x00, 
    0x00, 0x99, 0x24, 0x00, 0x00, 0x91, 0x53, 0x64, 0x00, 0x92, 0x2F, 0x64, 
    0x00, 0x99, 0x2A, 0x50, 0x08, 0x96, 0x6C, 0x00, 0x00, 0x97, 0x5A, 0x00, 
    0x00, 0x54, 0x64, 0x00, 0x96, 0x66, 0x64, 0x02, 0x9A, 0x4A, 0x00, 0x00, 
    0xEA, 0x00, 0x40, 0x00, 0x9A, 0x4A, 0x64, 0x14, 0x92, 0x2F, 0x00, 0x00, 
    0x99, 0x3B, 0x00, 0x00, 0x91, 0x53, 0x00, 0x00, 0x99, 0x2A, 0x00, 0x00, 
    0x26, 0x64, 0x00, 0x91, 0x5F, 0x64, 0x00, 0x99, 0x2A, 0x5A, 0x00, 0x3B, 
    0x7F, 0x08, 0x97, 0x54, 0x00, 0x00, 0x96, 0x66, 0x00, 0x00, 0x97, 0x50, 
    0x64, 0x00, 0x96, 0x62, 0x64, 0x0C, 0xEB, 0x00, 0x40, 0x01, 0x23, 0x44, 
    0x02, 0x67, 0x4C, 0x02, 0x2B, 0x55, 0x02, 0x6F, 0x5D, 0x02, 0x33, 0x66, 
    0x01, 0x91, 0x5F, 0x00, 0x00, 0x99, 0x2E, 0x00, 0x00, 0x26, 0x00, 0x00, 
    0x24, 0x64, 0x00, 0x92, 0x23, 0x64, 0x00, 0x99, 0x2A, 0x64, 0x01, 0xEB, 
    0x77, 0x6E, 0x02, 0x3B, 0x77, 0x02, 0x7F, 0x7F, 0x03, 0x97, 0x50, 0x00, 
    0x00, 0x96, 0x62, 0x00, 0x01, 0x97, 0x56, 0x64, 0x00, 0x96, 0x68, 0x64, 
    0x15, 0x92, 0x23, 0x00, 0x00, 0x99, 0x24, 0x00, 0x00, 0x2A, 0x00, 0x00, 
    0x92, 0x2F, 0x64, 0x00, 0x91, 0x5F, 0x64, 0x00, 0x99, 0x2A, 0x7F, 0x09, 
    0x97, 0x56, 0x00, 0x00, 0x96, 0x68, 0x00, 0x00, 0x97, 0x54, 0x64, 0x00, 
    0x96, 0x66, 0x64, 0x15, 0x99, 0x2A, 0x00, 0x00, 0x91, 0x5F, 0x00, 0x00, 
    0x92, 0x2F, 0x00, 0x00, 0x99, 0x2A, 0x50, 0x00, 0x91, 0x53, 0x64, 0x00, 
    0x92, 0x2F, 0x64, 0x09, 0x97, 0x54, 0x00, 0x00, 0x96, 0x66, 0x00, 0x00, 
    0x67, 0x64, 0x00, 0x97, 0x55, 0x64, 0x01, 0xEA, 0x00, 0x40, 0x01, 0x23, 
    0x44, 0x02, 0x67, 0x4C, 0x02, 0x2B, 0x55, 0x02, 0x6F, 0x5D, 0x02, 0x33, 
    0x66, 0x02, 0x77, 0x6E, 0x02, 0x3B, 0x77, 0x02, 0x7F, 0x7F, 0x05, 0x99, 
    0x3B, 0x00, 0x00, 0x91, 0x53, 0x00, 0x00, 0x99, 0x2A, 0x00, 0x00, 0x92, 
    0x2F, 0x00, 0x00, 0x99, 0x2A, 0x5A, 0x00, 0x26, 0x64, 0x00, 0x3B, 0x7F, 
    0x00, 0x24, 0x64, 0x09, 0x96, 0x67, 0x00, 0x00, 0x97, 0x55, 0x00, 0x00, 
    0x96, 0x63, 0x64, 0x00, 0x97, 0x51, 0x64, 0x15, 0x99, 0x26, 0x00, 0x00, 
    0x2A, 0x00, 0x00, 0x24, 0x00, 0x00, 0x92, 0x2F, 0x64, 0x00, 0x99, 0x2A, 
    0x7F, 0x00, 0x26, 0x4B, 0x09, 0x96, 0x63, 0x00, 0x00, 0x97, 0x51, 0x00, 
    0x01, 0x53, 0x64, 0x00, 0x96, 0x65, 0x64, 0x14, 0x92, 0x2F, 0x00, 0x00, 
    0x99, 0x2A, 0x00, 0x00, 0x26, 0x00, 0x00, 0x2A, 0x64, 0x00, 0x24, 0x64, 
    0x00, 0x92, 0x26, 0x64, 0x0A, 0x97, 0x53, 0x00, 0x00, 0x96, 0x65, 0x00, 
    0x00, 0x63, 0x64, 0x00, 0x97, 0x51, 0x64, 0x14, 0x99, 0x24, 0x00, 0x00, 
    0x2A, 0x00, 0x00, 0x92, 0x26, 0x00, 0x00, 0x32, 0x64, 0x00, 0x91, 0x53, 
    0x64, 0x00, 0x99, 0x2A, 0x64, 0x0A, 0x96, 0x63, 0x00, 0x00, 0x97, 0x51, 
    0x00, 0x00, 0x96, 0x69, 0x64, 0x00, 0x97, 0x57, 0x64, 0x14, 0x99, 0x2A, 
    0x00, 0x00, 0x91, 0x53, 0x00, 0x00, 0x92, 0x32, 0x00, 0x00, 0x99, 0x3B, 
    0x00, 0x00, 0x2A, 0x64, 0x00, 0x26, 0x64, 0x00, 0x3B, 0x7F, 0x00, 0x91, 
    0x5F, 0x64, 0x0A, 0x96, 0x69, 0x00, 0x00, 0x97, 0x57, 0x00, 0x00, 0x96, 
    0x62, 0x64, 0x00, 0x97, 0x50, 0x64, 0x14, 0x99, 0x26, 0x00, 0x00, 0x2A, 
    0x00, 0x00, 0x91, 0x5F, 0x00, 0x00, 0x92, 0x26, 0x64, 0x00, 0x99, 0x24, 
    0x64, 0x00, 0x2A, 0x64, 0x0A, 0x96, 0x62, 0x00, 0x00, 0x97, 0x50, 0x00, 
    0x01, 0x53, 0x64, 0x00, 0x96, 0x65, 0x64, 0x13, 0x99, 0x2A, 0x00, 0x00, 
    0x24, 0x00, 0x00, 0x92, 0x26, 0x00, 0x00, 0x99, 0x2A, 0x7F, 0x00, 0x91, 
    0x5F, 0x64, 0x00, 0x92, 0x32, 0x64, 0x0B, 0x97, 0x53, 0x00, 0x00, 0x96, 
    0x65, 0x00, 0x00, 0x60, 0x64, 0x00, 0x97, 0x4E, 0x64, 0x13, 0x91, 0x5F, 
    0x00, 0x00, 0x99, 0x2A, 0x00, 0x00, 0x92, 0x32, 0x00, 0x00, 0x32, 0x64, 
    0x00, 0x91, 0x53, 0x64, 0x00, 0x99, 0x2A, 0x64, 0x0B, 0x96, 0x60, 0x00, 
    0x00, 0x97, 0x4E, 0x00, 0x00, 0x55, 0x64, 0x00, 0x96, 0x67, 0x64, 0x13, 
    0x99, 0x3B, 0x00, 0x00, 0x91, 0x53, 0x00, 0x00, 0x92, 0x32, 0x00, 0x00, 
    0x99, 0x2A, 0x00, 0x00, 0x24, 0x64, 0x00, 0x3B, 0x7F, 0x00, 0x26, 0x64, 
    0x00, 0x2A, 0x64, 0x0B, 0x97, 0x55, 0x00, 0x00, 0x96, 0x67, 0x00, 0x00, 
    0x68, 0x64, 0x00, 0x97, 0x56, 0x64, 0x13, 0x99, 0x26, 0x00, 0x00, 0x2A, 
    0x00, 0x00, 0x24, 0x00, 0x00, 0x2E, 0x7F, 0x00, 0x92, 0x32, 0x64, 0x00, 
    0x99, 0x26, 0x4B, 0x0B, 0x96, 0x68, 0x00, 0x00, 0x97, 0x56, 0x00, 0x01, 
    0x96, 0x69, 0x64, 0x00, 0x97, 0x57, 0x64, 0x11, 0xE0, 0x00, 0x40, 0x01, 
    0x92, 0x32, 0x00, 0x00, 0x90, 0x4A, 0x00, 0x00, 0x99, 0x2A, 0x00, 0x00, 
    0x26, 0x00, 0x00, 0x91, 0x5F, 0x64, 0x00, 0xB0, 0x65, 0x00, 0x00, 0x90, 
    0x56, 0x64, 0x00, 0x93, 0x53, 0x64, 0x00, 0x99, 0x24, 0x64, 0x00, 0xB0, 
    0x64, 0x00, 0x00, 0x92, 0x64, 0x64, 0x00, 0x99, 0x2A, 0x7F, 0x00, 0xB3, 
    0x06, 0x02, 0x00, 0x65, 0x00, 0x00, 0xB0, 0x06, 0x01, 0x00, 0xB3, 0x64, 
    0x00, 0x0C, 0x96, 0x69, 0x00, 0x00, 0x97, 0x57, 0x00, 0x0E, 0x96, 0x68, 
    0x64, 0x00, 0x97, 0x56, 0x64, 0x04, 0x99, 0x2A, 0x00, 0x00, 0x92, 0x64, 
    0x00, 0x00, 0x99, 0x24, 0x00, 0x00, 0x2A, 0x50, 0x00, 0x92, 0x53, 0x64, 
    0x1A, 0x96, 0x68, 0x00, 0x00, 0x97, 0x56, 0x00, 0x00, 0x96, 0x67, 0x64, 
    0x00, 0x97, 0x55, 0x64, 0x04, 0x99, 0x2A, 0x00, 0x00, 0x3B, 0x00, 0x00, 
    0x92, 0x53, 0x00, 0x00, 0x99, 0x26, 0x64, 0x00, 0x3B, 0x7F, 0x00, 0x2A, 
    0x5A, 0x00, 0x92, 0x5F, 0x64, 0x13, 0xEB, 0x00, 0x40, 0x01, 0x9B, 0x4A, 
    0x00, 0x00, 0xBB, 0x65, 0x00, 0x00, 0x9B, 0x56, 0x64, 0x00, 0xBB, 0x64, 
    0x00, 0x00, 0x06, 0x01, 0x06, 0x96, 0x67, 0x00, 0x00, 0x97, 0x55, 0x00, 
    0x01, 0x57, 0x64, 0x00, 0x96, 0x69, 0x64, 0x03, 0x93, 0x53, 0x00, 0x00, 
    0x91, 0x5F, 0x00, 0x00, 0x99, 0x26, 0x00, 0x00, 0x90, 0x56, 0x00, 0x00, 
    0x99, 0x2E, 0x00, 0x00, 0x92, 0x5F, 0x00, 0x00, 0x90, 0x4E, 0x64, 0x00, 
    0x99, 0x2A, 0x64, 0x00, 0x93, 0x4A, 0x64, 0x00, 0x91, 0x56, 0x64, 0x00, 
    0x92, 0x64, 0x64, 0x00, 0x99, 0x24, 0x64, 0x1B, 0x96, 0x69, 0x00, 0x00, 
    0x97, 0x57, 0x00, 0x00, 0x96, 0x61, 0x64, 0x00, 0x97, 0x4F, 0x64, 0x03, 
    0x99, 0x2A, 0x00, 0x00, 0x92, 0x64, 0x00, 0x00, 0x99, 0x24, 0x00, 0x00, 
    0x92, 0x5F, 0x64, 0x00, 0x99, 0x2A, 0x7F, 0x1B, 0x96, 0x61, 0x00, 0x00, 
    0x97, 0x4F, 0x00, 0x00, 0x54, 0x64, 0x00, 0x96, 0x66, 0x64, 0x03, 0x99, 
    0x2A, 0x00, 0x00, 0x92, 0x5F, 0x00, 0x00, 0x99, 0x2A, 0x50, 0x00, 0x92, 
    0x53, 0x64, 0x09, 0xEA, 0x00, 0x40, 0x01, 0x9A, 0x4A, 0x00, 0x00, 0xBA, 
    0x64, 0x00, 0x00, 0x9A, 0x56, 0x64, 0x00, 0xBA, 0x06, 0x01, 0x00, 0x65, 
    0x00, 0x0A, 0x9B, 0x56, 0x00, 0x00, 0x4E, 0x64, 0x07, 0x97, 0x54, 0x00, 
    0x00, 0x96, 0x66, 0x00, 0x00, 0x64, 0x64, 0x00, 0x97, 0x52, 0x64, 0x03, 
    0x99, 0x2A, 0x00, 0x00, 0x90, 0x4E, 0x00, 0x00, 0x91, 0x56, 0x00, 0x00, 
    0x93, 0x4A, 0x00, 0x00, 0x92, 0x53, 0x00, 0x00, 0x99, 0x3B, 0x00, 0x00, 
    0x93, 0x53, 0x64, 0x00, 0x99, 0x3B, 0x7F, 0x00, 0x91, 0x5F, 0x64, 0x00, 
    0x90, 0x56, 0x64, 0x00, 0x99, 0x26, 0x64, 0x00, 0x92, 0x64, 0x64, 0x00, 
    0x99, 0x2A, 0x5A, 0x00, 0x24, 0x64, 0x1B, 0x96, 0x64, 0x00, 0x00, 0x97, 
    0x52, 0x00, 0x01, 0x55, 0x64, 0x00, 0x96, 0x67, 0x64, 0x02, 0x99, 0x2A, 
    0x00, 0x00, 0x92, 0x64, 0x00, 0x00, 0x99, 0x26, 0x00, 0x00, 0x24, 0x00, 
    0x00, 0x92, 0x46, 0x64, 0x00, 0x99, 0x26, 0x4B, 0x00, 0x2A, 0x7F, 0x1C, 
    0x96, 0x67, 0x00, 0x00, 0x97, 0x55, 0x00, 0x00, 0x96, 0x69, 0x64, 0x00, 
    0x97, 0x57, 0x64, 0x02, 0x99, 0x2A, 0x00, 0x00, 0x26, 0x00, 0x00, 0x92, 
    0x46, 0x00, 0x00, 0x64, 0x64, 0x00, 0xE3, 0x00, 0x40, 0x00, 0x99, 0x24, 
    0x64, 0x00, 0x2A, 0x64, 0x00, 0xE0, 0x00, 0x40, 0x01, 0xE3, 0x5D, 0x3B, 
    0x01, 0xE0, 0x3B, 0x37, 0x00, 0xE3, 0x3B, 0x37, 0x01, 0x19, 0x33, 0x01, 
    0x77, 0x2E, 0x00, 0xE0, 0x77, 0x2E, 0x01, 0xE3, 0x55, 0x2A, 0x01, 0xE0, 
    0x33, 0x26, 0x00, 0xE3, 0x33, 0x26, 0x01, 0x11, 0x22, 0x01, 0x6F, 0x1D, 
    0x00, 0xE0, 0x6F, 0x1D, 0x01, 0xE3, 0x4D, 0x19, 0x01, 0x9A, 0x56, 0x00, 
    0x00, 0xE0, 0x2B, 0x15, 0x00, 0xE3, 0x2B, 0x15, 0x00, 0x9A, 0x4E, 0x64, 
    0x01, 0xE3, 0x09, 0x11, 0x01, 0x67, 0x0C, 0x00, 0xE0, 0x67, 0x0C, 0x01, 
    0xE3, 0x45, 0x08, 0x01, 0x23, 0x04, 0x00, 0xE0, 0x23, 0x04, 0x01, 0xE3, 
    0x01, 0x00, 0x05, 0x9B, 0x4E, 0x00, 0x00, 0x56, 0x64, 0x08, 0x96, 0x69, 
    0x00, 0x00, 0x97, 0x57, 0x00, 0x00, 0x96, 0x67, 0x64, 0x00, 0x97, 0x55, 
    0x64, 0x02, 0x99, 0x2A, 0x00, 0x00, 0x92, 0x64, 0x00, 0x00, 0x99, 0x24, 
    0x00, 0x00, 0x92, 0x53, 0x64, 0x00, 0x99, 0x2A, 0x64, 0x1C, 0x96, 0x67, 
    0x00, 0x00, 0x97, 0x55, 0x00, 0x00, 0x50, 0x64, 0x00, 0x96, 0x62, 0x64, 
    0x02, 0x99, 0x2A, 0x00, 0x00, 0x3B, 0x00, 0x00, 0x92, 0x53, 0x00, 0x00, 
    0x99, 0x3B, 0x7F, 0x00, 0x92, 0x5F, 0x64, 0x00, 0x99, 0x2A, 0x64, 0x00, 
    0x26, 0x64, 0x14, 0xEB, 0x00, 0x40, 0x02, 0x3B, 0x37, 0x02, 0x77, 0x2E, 
    0x02, 0x33, 0x26, 0x02, 0x97, 0x50, 0x00, 0x00, 0x96, 0x62, 0x00, 0x00, 
    0xEB, 0x6F, 0x1D, 0x01, 0x96, 0x63, 0x64, 0x00, 0x97, 0x51, 0x64, 0x01, 
    0x90, 0x56, 0x00, 0x00, 0x93, 0x53, 0x00, 0x00, 0x99, 0x2A, 0x00, 0x00, 
    0x91, 0x5F, 0x00, 0x00, 0x92, 0x5F, 0x00, 0x00, 0x99, 0x26, 0x00, 0x00, 
    0x92, 0x64, 0x64, 0x00, 0x99, 0x2A, 0x64, 0x00, 0xEB, 0x2B, 0x15, 0x00, 
    0x93, 0x49, 0x64, 0x00, 0xE3, 0x00, 0x40, 0x00, 0x91, 0x55, 0x64, 0x00, 
    0x99, 0x24, 0x64, 0x00, 0x90, 0x4C, 0x64, 0x00, 0xE0, 0x00, 0x40, 0x02, 
    0xEB, 0x67, 0x0C, 0x02, 0x23, 0x04, 0x06, 0x9A, 0x4E, 0x00, 0x00, 0x56, 
    0x64, 0x13, 0x96, 0x63, 0x00, 0x00, 0x97, 0x51, 0x00, 0x00, 0x96, 0x6B, 
    0x64, 0x00, 0x97, 0x59, 0x64, 0x01, 0x92, 0x64, 0x00, 0x00, 0x99, 0x24, 
    0x00, 0x00, 0x2A, 0x00, 0x00, 0x92, 0x5F, 0x64, 0x00, 0x99, 0x2A, 0x7F, 
    0x1D, 0x96, 0x6B, 0x00, 0x00, 0x97, 0x59, 0x00, 0x00, 0x96, 0x67, 0x64, 
    0x00, 0x97, 0x55, 0x64, 0x01, 0x99, 0x2A, 0x00, 0x00, 0x92, 0x5F, 0x00, 
    0x00, 0x53, 0x64, 0x00, 0x99, 0x2A, 0x64, 0x0A, 0xEA, 0x00, 0x40, 0x02, 
    0x3B, 0x37, 0x02, 0x77, 0x2E, 0x02, 0x33, 0x26, 0x02, 0x6F, 0x1D, 0x02, 
    0x9B, 0x56, 0x00, 0x00, 0xEA, 0x2B, 0x15, 0x00, 0x9B, 0x4C, 0x64, 0x00, 
    0xEB, 0x00, 0x40, 0x02, 0xEA, 0x67, 0x0C, 0x02, 0x23, 0x04, 0x05, 0x96, 
    0x67, 0x00, 0x00, 0x97, 0x55, 0x00, 0x00, 0x57, 0x64, 0x00, 0x96, 0x69, 
    0x64, 0x01, 0x90, 0x4C, 0x00, 0x00, 0x99, 0x2A, 0x00, 0x00, 0x3B, 0x00, 
    0x00, 0x93, 0x49, 0x00, 0x00, 0x92, 0x53, 0x00, 0x00, 0x91, 0x55, 0x00, 
    0x00, 0x93, 0x51, 0x64, 0x00, 0x99, 0x3B, 0x7F, 0x00, 0x91, 0x5D, 0x64, 
    0x00, 0x99, 0x26, 0x64, 0x00, 0x2A, 0x64, 0x00, 0x24, 0x64, 0x00, 0x92, 
    0x64, 0x64, 0x00, 0x90, 0x55, 0x64, 0x1D, 0x97, 0x57, 0x00, 0x00, 0x96, 
    0x69, 0x00, 0x01, 0x99, 0x26, 0x00, 0x00, 0x2A, 0x00, 0x00, 0x24, 0x00, 
    0x00, 0x92, 0x64, 0x00, 0x00, 0x97, 0x50, 0x64, 0x00, 0x96, 0x62, 0x64, 
    0x00, 0x99, 0x26, 0x4B, 0x00, 0x92, 0x46, 0x64, 0x00, 0x99, 0x2E, 0x7F, 
    0x1E, 0x92, 0x46, 0x00, 0x00, 0x97, 0x50, 0x00, 0x00, 0x99, 0x2A, 0x00, 
    0x00, 0x26, 0x00, 0x00, 0x96, 0x62, 0x00, 0x00, 0x92, 0x64, 0x64, 0x00, 
    0xE3, 0x00, 0x40, 0x00, 0x97, 0x52, 0x64, 0x00, 0x96, 0x64, 0x64, 0x00, 
    0xE0, 0x00, 0x40, 0x00, 0x99, 0x2A, 0x7F, 0x00, 0xB3, 0x06, 0x02, 0x00, 
    0x99, 0x24, 0x64, 0x00, 0xB0, 0x06, 0x02, 0x01, 0xE0, 0x5D, 0x3B, 0x00, 
    0xE3, 0x5D, 0x3B, 0x01, 0x3B, 0x37, 0x01, 0xE0, 0x19, 0x33, 0x00, 0xE3, 
    0x19, 0x33, 0x01, 0x77, 0x2E, 0x01, 0x55, 0x2A, 0x00, 0xE0, 0x55, 0x2A, 
    0x01, 0xE3, 0x33, 0x26, 0x01, 0xE0, 0x11, 0x22, 0x00, 0xE3, 0x11, 0x22, 
    0x01, 0x6F, 0x1D, 0x01, 0x4D, 0x19, 0x00, 0xE0, 0x4D, 0x19, 0x01, 0x9A, 
    0x56, 0x00, 0x00, 0xEA, 0x00, 0x40, 0x00, 0xE3, 0x2B, 0x15, 0x00, 0x9A, 
    0x4C, 0x64, 0x01, 0xE0, 0x09, 0x11, 0x00, 0xE3, 0x09, 0x11, 0x01, 0x67, 
    0x0C, 0x01, 0xE0, 0x45, 0x08, 0x00, 0xE3, 0x45, 0x08, 0x01, 0x23, 0x04, 
    0x01, 0xE0, 0x01, 0x00, 0x00, 0xE3, 0x01, 0x00, 0x05, 0x9B, 0x4C, 0x00, 
    0x00, 0x55, 0x64, 0x0A, 0x97, 0x52, 0x00, 0x00, 0x92, 0x64, 0x00, 0x00, 
    0x99, 0x24, 0x00, 0x00, 0x2A, 0x00, 0x00, 0x96, 0x64, 0x00, 0x00, 0x67, 
    0x64, 0x00, 0x92, 0x53, 0x64, 0x00, 0x99, 0x2A, 0x50, 0x00, 0x97, 0x55, 
    0x64, 0x1E, 0x55, 0x00, 0x00, 0x96, 0x67, 0x00, 0x00, 0x99, 0x3B, 0x00, 
    0x00, 0x2A, 0x00, 0x00, 0x92, 0x53, 0x00, 0x00, 0x97, 0x57, 0x64, 0x00, 
    0x99, 0x2A, 0x5A, 0x00, 0x26, 0x64, 0x00, 0x3B, 0x7F, 0x00, 0x92, 0x5F, 
    0x64, 0x00, 0x96, 0x69, 0x64, 0x14, 0xEB, 0x00, 0x40, 0x00, 0xBB, 0x06, 
    0x02, 0x01, 0xEB, 0x5D, 0x3B, 0x02, 0x19, 0x33, 0x02, 0x55, 0x2A, 0x02, 
    0x11, 0x22, 0x02, 0x4D, 0x19, 0x01, 0x96, 0x69, 0x00, 0x00, 0x97, 0x57, 
    0x00, 0x00, 0x90, 0x55, 0x00, 0x00, 0x93, 0x51, 0x00, 0x00, 0x91, 0x5D, 
    0x00, 0x00, 0x92, 0x5F, 0x00, 0x00, 0x99, 0x2E, 0x00, 0x00, 0x26, 0x00, 
    0x00, 0xE3, 0x00, 0x40, 0x00, 0xB3, 0x06, 0x01, 0x00, 0xE0, 0x00, 0x40, 
    0x00, 0x90, 0x4A, 0x64, 0x00, 0x99, 0x2A, 0x64, 0x00, 0x24, 0x64, 0x00, 
    0x91, 0x53, 0x64, 0x00, 0x92, 0x64, 0x64, 0x00, 0x93, 0x47, 0x64, 0x01, 
    0x96, 0x68, 0x64, 0x00, 0x97, 0x56, 0x64, 0x00, 0xEB, 0x09, 0x11, 0x02, 
    0x45, 0x08, 0x02, 0x01, 0x00, 0x05, 0x9A, 0x4C, 0x00, 0x00, 0x55, 0x64, 
    0x14, 0x92, 0x64, 0x00, 0x00, 0x99, 0x2A, 0x00, 0x00, 0x24, 0x00, 0x00, 
    0x92, 0x5F, 0x64, 0x00, 0x99, 0x2A, 0x7F, 0x01, 0x97, 0x56, 0x00, 0x00, 
    0x96, 0x68, 0x00, 0x00, 0x6A, 0x64, 0x00, 0x97, 0x58, 0x64, 0x1D, 0x99, 
    0x2A, 0x00, 0x00, 0x92, 0x5F, 0x00, 0x00, 0x99, 0x2A, 0x50, 0x00, 0x92, 
    0x53, 0x64, 0x01, 0x96, 0x6A, 0x00, 0x00, 0x97, 0x58, 0x00, 0x00, 0x59, 
    0x64, 0x00, 0x96, 0x6B, 0x64, 0x09, 0xEA, 0x00, 0x40, 0x00, 0xBA, 0x06, 
    0x02, 0x01, 0xEA, 0x5D, 0x3B, 0x02, 0x19, 0x33, 0x02, 0x55, 0x2A, 0x02, 
    0x11, 0x22, 0x02, 0x4D, 0x19, 0x01, 0x9B, 0x55, 0x00, 0x00, 0x4A, 0x64, 
    0x00, 0xEB, 0x00, 0x40, 0x01, 0xEA, 0x09, 0x11, 0x02, 0x45, 0x08, 0x02, 
    0x01, 0x00, 0x05, 0x90, 0x4A, 0x00, 0x00, 0x99, 0x3B, 0x00, 0x00, 0x93, 
    0x47, 0x00, 0x00, 0x91, 0x53, 0x00, 0x00, 0x92, 0x53, 0x00, 0x00, 0x99, 
    0x2A, 0x00, 0x00, 0x3B, 0x7F, 0x00, 0x91, 0x5B, 0x64, 0x00, 0x99, 0x2A, 
    0x5A, 0x00, 0x92, 0x64, 0x64, 0x00, 0x93, 0x4F, 0x64, 0x00, 0x99, 0x24, 
    0x64, 0x00, 0x90, 0x53, 0x64, 0x00, 0x99, 0x26, 0x64, 0x01, 0x97, 0x59, 
    0x00, 0x00, 0x96, 0x6B, 0x00, 0x00, 0x68, 0x64, 0x00, 0x97, 0x56, 0x64, 
    0x1D, 0x92, 0x64, 0x00, 0x00, 0x99, 0x2A, 0x00, 0x00, 0x24, 0x00, 0x00, 
    0x26, 0x00, 0x00, 0x2A, 0x7F, 0x00, 0x26, 0x4B, 0x00, 0x92, 0x46, 0x64, 
    0x01, 0x97, 0x56, 0x00, 0x00, 0x96, 0x68, 0x00, 0x01, 0x97, 0x55, 0x64, 
    0x00, 0x96, 0x67, 0x64, 0x1C, 0x99, 0x26, 0x00, 0x00, 0x2A, 0x00, 0x00, 
    0x92, 0x46, 0x00, 0x00, 0x64, 0x64, 0x00, 0x99, 0x24, 0x64, 0x00, 0xE3, 
    0x00, 0x40, 0x00, 0x99, 0x2A, 0x64, 0x00, 0xE0, 0x00, 0x40, 0x01, 0xE3, 
    0x5D, 0x3B, 0x01, 0x97, 0x55, 0x00, 0x00, 0x96, 0x67, 0x00, 0x00, 0xE3, 
    0x3B, 0x37, 0x00, 0xE0, 0x3B, 0x37, 0x00, 0x96, 0x66, 0x64, 0x00, 0x97, 
    0x54, 0x64, 0x01, 0xE3, 0x19, 0x33, 0x01, 0xE0, 0x77, 0x2E, 0x00, 0xE3, 
    0x77, 0x2E, 0x01, 0x55, 0x2A, 0x01, 0xE0, 0x33, 0x26, 0x00, 0xE3, 0x33, 
    0x26, 0x01, 0x11, 0x22, 0x01, 0xE0, 0x6F, 0x1D, 0x00, 0xE3, 0x6F, 0x1D, 
    0x01, 0x4D, 0x19, 0x01, 0x9A, 0x55, 0x00, 0x00, 0xEA, 0x00, 0x40, 0x00, 
    0x9A, 0x4A, 0x64, 0x00, 0xE3, 0x2B, 0x15, 0x00, 0xE0, 0x2B, 0x15, 0x01, 
    0xE3, 0x09, 0x11, 0x01, 0xE0, 0x67, 0x0C, 0x00, 0xE3, 0x67, 0x0C, 0x01, 
    0x45, 0x08, 0x01, 0xE0, 0x23, 0x04, 0x00, 0xE3, 0x23, 0x04, 0x01, 0x01, 
    0x00, 0x05, 0x9B, 0x4A, 0x00, 0x00, 0x53, 0x64, 0x0A, 0x99, 0x24, 0x00, 
    0x00, 0x2A, 0x00, 0x00, 0x92, 0x64, 0x00, 0x00, 0x53, 0x64, 0x00, 0x99, 
    0x2A, 0x64, 0x02, 0x96, 0x66, 0x00, 0x00, 0x97, 0x54, 0x00, 0x00, 0x53, 
    0x64, 0x00, 0x96, 0x65, 0x64, 0x1C, 0x99, 0x3B, 0x00, 0x00, 0x2A, 0x00, 
    0x00, 0x92, 0x53, 0x00, 0x00, 0x99, 0x2A, 0x64, 0x00, 0x26, 0x64, 0x00, 
    0x3B, 0x7F, 0x00, 0x92, 0x5F, 0x64, 0x02, 0x97, 0x53, 0x00, 0x00, 0x96, 
    0x65, 0x00, 0x00, 0x67, 0x64, 0x00, 0x97, 0x55, 0x64, 0x12, 0xEB, 0x00, 
    0x40, 0x02, 0x3B, 0x37, 0x02, 0x77, 0x2E, 0x02, 0x33, 0x26, 0x02, 0x6F, 
    0x1D, 0x02, 0x99, 0x26, 0x00, 0x00, 0x2A, 0x00, 0x00, 0x92, 0x5F, 0x00, 
    0x00, 0xEB, 0x2B, 0x15, 0x00, 0x92, 0x64, 0x64, 0x00, 0x99, 0x2A, 0x64, 
    0x00, 0x24, 0x64, 0x02, 0x96, 0x67, 0x00, 0x00, 0x97, 0x55, 0x00, 0x00, 
    0xEB, 0x67, 0x0C, 0x01, 0x96, 0x68, 0x64, 0x00, 0x97, 0x56, 0x64, 0x01, 
    0xEB, 0x23, 0x04, 0x06, 0x9A, 0x4A, 0x00, 0x00, 0x53, 0x64, 0x14, 0x92, 
    0x64, 0x00, 0x00, 0x99, 0x2A, 0x00, 0x00, 0x24, 0x00, 0x00, 0x92, 0x5F, 
    0x64, 0x00, 0x99, 0x2A, 0x7F, 0x03, 0x96, 0x68, 0x00, 0x00, 0x97, 0x56, 
    0x00, 0x00, 0x50, 0x64, 0x00, 0x96, 0x62, 0x64, 0x1B, 0x99, 0x2A, 0x00, 
    0x00, 0x92, 0x5F, 0x00, 0x00, 0x53, 0x64, 0x00, 0x99, 0x2A, 0x64, 0x03, 
    0x97, 0x50, 0x00, 0x00, 0x96, 0x62, 0x00, 0x00, 0x97, 0x53, 0x64, 0x00, 
    0x96, 0x65, 0x64, 0x07, 0xEA, 0x00, 0x40, 0x02, 0x3B, 0x37, 0x02, 0x77, 
    0x2E, 0x02, 0x33, 0x26, 0x02, 0x6F, 0x1D, 0x02, 0x2B, 0x15, 0x02, 0x67, 
    0x0C, 0x02, 0x23, 0x04, 0x06, 0x99, 0x2A, 0x00, 0x00, 0x92, 0x53, 0x00, 
    0x00, 0x99, 0x3B, 0x00, 0x00, 0x26, 0x64, 0x00, 0x3B, 0x7F, 0x00, 0x24, 
    0x64, 0x00, 0x92, 0x64, 0x64, 0x00, 0x99, 0x2A, 0x64, 0x03, 0x97, 0x53, 
    0x00, 0x00, 0x96, 0x65, 0x00, 0x00, 0x97, 0x57, 0x64, 0x00, 0x96, 0x69, 
    0x64, 0x1B, 0x99, 0x26, 0x00, 0x00, 0x2A, 0x00, 0x00, 0x24, 0x00, 0x00, 
    0x92, 0x64, 0x00, 0x00, 0x46, 0x64, 0x00, 0x99, 0x2E, 0x7F, 0x00, 0x26, 
    0x4B, 0x03, 0x96, 0x69, 0x00, 0x00, 0x97, 0x57, 0x00, 0x01, 0x96, 0x62, 
    0x64, 0x00, 0x97, 0x50, 0x64, 0x1A, 0x90, 0x53, 0x00, 0x00, 0x91, 0x5B, 
    0x00, 0x00, 0x93, 0x4F, 0x00, 0x00, 0x92, 0x46, 0x00, 0x00, 0x99, 0x2A, 
    0x00, 0x00, 0x26, 0x00, 0x00, 0x24, 0x64, 0x00, 0x92, 0x64, 0x64, 0x00, 
    0x93, 0x4C, 0x64, 0x00, 0xE3, 0x00, 0x40, 0x00, 0x99, 0x2A, 0x7F, 0x00, 
    0x90, 0x4F, 0x64, 0x00, 0xB3, 0x06, 0x01, 0x00, 0x91, 0x58, 0x64, 0x00, 
    0xB0, 0x06, 0x01, 0x00, 0xE0, 0x00, 0x40, 0x04, 0x96, 0x62, 0x00, 0x00, 
    0x97, 0x50, 0x00, 0x00, 0x96, 0x63, 0x64, 0x00, 0x97, 0x51, 0x64, 0x1A, 
    0x99, 0x24, 0x00, 0x00, 0x92, 0x64, 0x00, 0x00, 0x99, 0x2A, 0x00, 0x00, 
    0x92, 0x53, 0x64, 0x00, 0x99, 0x2A, 0x50, 0x04, 0x96, 0x63, 0x00, 0x00, 
    0x97, 0x51, 0x00, 0x00, 0x59, 0x64, 0x00, 0x96, 0x6B, 0x64, 0x1A, 0x99, 
    0x3B, 0x00, 0x00, 0x92, 0x53, 0x00, 0x00, 0x99, 0x2A, 0x00, 0x00, 0x3B, 
    0x7F, 0x00, 0x2A, 0x5A, 0x00, 0x26, 0x64, 0x00, 0x92, 0x5F, 0x64, 0x04, 
    0x97, 0x59, 0x00, 0x00, 0x96, 0x6B, 0x00, 0x00, 0x60, 0x64, 0x00, 0x97, 
    0x4E, 0x64, 0x10, 0x9B, 0x53, 0x00, 0x00, 0x4F, 0x64, 0x00, 0xBB, 0x06, 
    0x01, 0x00, 0xEB, 0x00, 0x40, 0x0A, 0x91, 0x58, 0x00, 0x00, 0x90, 0x4F, 
    0x00, 0x00, 0x99, 0x2E, 0x00, 0x00, 0x26, 0x00, 0x00, 0x93, 0x4C, 0x00, 
    0x00, 0x92, 0x5F, 0x00, 0x00, 0x93, 0x43, 0x64, 0x00, 0x90, 0x47, 0x64, 
    0x00, 0x99, 0x24, 0x64, 0x00, 0x91, 0x4F, 0x64, 0x00, 0x92, 0x64, 0x64, 
    0x00, 0x99, 0x2A, 0x64, 0x04, 0x96, 0x60, 0x00, 0x00, 0x97, 0x4E, 0x00, 
    0x01, 0x96, 0x6C, 0x64, 0x00, 0x97, 0x5A, 0x64, 0x19, 0x99, 0x2A, 0x00, 
    0x00, 0x24, 0x00, 0x00, 0x92, 0x64, 0x00, 0x00, 0x99, 0x2A, 0x7F, 0x00, 
    0x92, 0x5F, 0x64, 0x05, 0x96, 0x6C, 0x00, 0x00, 0x97, 0x5A, 0x00, 0x00, 
    0x96, 0x65, 0x64, 0x00, 0x97, 0x53, 0x64, 0x19, 0x99, 0x2A, 0x00, 0x00, 
    0x92, 0x5F, 0x00, 0x00, 0x53, 0x64, 0x00, 0x99, 0x2A, 0x50, 0x05, 0x96, 
    0x65, 0x00, 0x00, 0x97, 0x53, 0x00, 0x00, 0x4F, 0x64, 0x00, 0x96, 0x61, 
    0x64, 0x05, 0x9A, 0x53, 0x00, 0x00, 0x4F, 0x64, 0x00, 0xEA, 0x00, 0x40, 
    0x00, 0xBA, 0x06, 0x01, 0x0A, 0x9B, 0x4F, 0x00, 0x00, 0x47, 0x64, 0x0A, 
    0x99, 0x3B, 0x00, 0x00, 0x93, 0x43, 0x00, 0x00, 0x90, 0x47, 0x00, 0x00, 
    0x91, 0x4F, 0x00, 0x00, 0x92, 0x53, 0x00, 0x00, 0x99, 0x2A, 0x00, 0x00, 
    0x91, 0x58, 0x64, 0x00, 0x99, 0x2A, 0x5A, 0x00, 0x26, 0x64, 0x00, 0x90, 
    0x4F, 0x64, 0x00, 0x93, 0x4C, 0x64, 0x00, 0x92, 0x64, 0x64, 0x00, 0x99, 
    0x24, 0x64, 0x00, 0x3B, 0x7F, 0x05, 0x97, 0x4F, 0x00, 0x00, 0x96, 0x61, 
    0x00, 0x00, 0x97, 0x56, 0x64, 0x00, 0x96, 0x68, 0x64, 0x19, 0x99, 0x26, 
    0x00, 0x00, 0x2A, 0x00, 0x00, 0x92, 0x64, 0x00, 0x00, 0x99, 0x24, 0x00, 
    0x00, 0x92, 0x46, 0x64, 0x00, 0x99, 0x2A, 0x7F, 0x00, 0x26, 0x4B, 0x05, 
    0x96, 0x68, 0x00, 0x00, 0x97, 0x56, 0x00, 0x01, 0x4F, 0x64, 0x00, 0x96, 
    0x61, 0x64, 0x18, 0x99, 0x2A, 0x00, 0x00, 0x92, 0x46, 0x00, 0x00, 0x99, 
    0x26, 0x00, 0x00, 0x2A, 0x64, 0x00, 0xE0, 0x00, 0x40, 0x00, 0xB3, 0x06, 
    0x02, 0x00, 0xE3, 0x00, 0x40, 0x00, 0x99, 0x24, 0x64, 0x00, 0x92, 0x64, 
    0x64, 0x01, 0xE3, 0x5D, 0x3B, 0x00, 0xE0, 0x5D, 0x3B, 0x01, 0xE3, 0x3B, 
    0x37, 0x01, 0x19, 0x33, 0x00, 0xE0, 0x19, 0x33, 0x01, 0xE3, 0x77, 0x2E, 
    0x01, 0xE0, 0x55, 0x2A, 0x00, 0xE3, 0x55, 0x2A, 0x01, 0x97, 0x4F, 0x00, 
    0x00, 0x96, 0x61, 0x00, 0x00, 0xE3, 0x33, 0x26, 0x00, 0x97, 0x5A, 0x64, 
    0x00, 0x96, 0x6C, 0x64, 0x01, 0xE0, 0x11, 0x22, 0x00, 0xE3, 0x11, 0x22, 
    0x01, 0x6F, 0x1D, 0x01, 0xE0, 0x4D, 0x19, 0x00, 0xE3, 0x4D, 0x19, 0x01, 
    0x9A, 0x4F, 0x00, 0x00, 0xE3, 0x2B, 0x15, 0x00, 0x9A, 0x47, 0x64, 0x01, 
    0xE3, 0x09, 0x11, 0x00, 0xE0, 0x09, 0x11, 0x01, 0xE3, 0x67, 0x0C, 0x01, 
    0x45, 0x08, 0x00, 0xE0, 0x45, 0x08, 0x01, 0xE3, 0x23, 0x04, 0x01, 0x01, 
    0x00, 0x00, 0xE0, 0x01, 0x00, 0x05, 0x9B, 0x47, 0x00, 0x00, 0x4F, 0x64, 
    0x0A, 0x99, 0x24, 0x00, 0x00, 0x2A, 0x00, 0x00, 0x92, 0x64, 0x00, 0x00, 
    0x53, 0x64, 0x00, 0x99, 0x2A, 0x64, 0x06, 0x96, 0x6C, 0x00, 0x00, 0x97, 
    0x5A, 0x00, 0x00, 0x53, 0x64, 0x00, 0x96, 0x65, 0x64, 0x18, 0x99, 0x2A, 
    0x00, 0x00, 0x3B, 0x00, 0x00, 0x92, 0x53, 0x00, 0x00, 0x99, 0x2A, 0x64, 
    0x00, 0x3B, 0x7F, 0x00, 0x26, 0x64, 0x00, 0x92, 0x5F, 0x64, 0x06, 0x97, 
    0x53, 0x00, 0x00, 0x96, 0x65, 0x00, 0x00, 0x97, 0x5A, 0x64, 0x00, 0x96, 
    0x6C, 0x64, 0x0E, 0xEB, 0x00, 0x40, 0x01, 0x5D, 0x3B, 0x02, 0x19, 0x33, 
    0x02, 0x55, 0x2A, 0x02, 0x11, 0x22, 0x02, 0x4D, 0x19, 0x01, 0x90, 0x4F, 
    0x00, 0x00, 0x91, 0x58, 0x00, 0x00, 0x99, 0x2A, 0x00, 0x00, 0x93, 0x4C, 
    0x00, 0x00, 0x99, 0x26, 0x00, 0x00, 0x92, 0x5F, 0x00, 0x00, 0xB3, 0x06, 
    0x02, 0x00, 0x92, 0x64, 0x64, 0x00, 0xE3, 0x00, 0x40, 0x00, 0xE0, 0x00, 
    0x40, 0x00, 0xB0, 0x06, 0x02, 0x00, 0x93, 0x42, 0x64, 0x00, 0x99, 0x24, 
    0x64, 0x00, 0x2A, 0x64, 0x00, 0x91, 0x4E, 0x64, 0x00, 0x90, 0x45, 0x64, 
    0x01, 0xEB, 0x09, 0x11, 0x02, 0x45, 0x08, 0x02, 0x01, 0x00, 0x01, 0x96, 
    0x6C, 0x00, 0x00, 0x97, 0x5A, 0x00, 0x01, 0x96, 0x62, 0x64, 0x00, 0x97, 
    0x50, 0x64, 0x03, 0x9A, 0x47, 0x00, 0x00, 0x4F, 0x64, 0x14, 0x92, 0x64, 
    0x00, 0x00, 0x99, 0x2A, 0x00, 0x00, 0x24, 0x00, 0x00, 0x2A, 0x7F, 0x00, 
    0x92, 0x5F, 0x64, 0x07, 0x97, 0x50, 0x00, 0x00, 0x96, 0x62, 0x00, 0x00, 
    0x64, 0x64, 0x00, 0x97, 0x52, 0x64, 0x17, 0x99, 0x2A, 0x00, 0x00, 0x92, 
    0x5F, 0x00, 0x00, 0x99, 0x2A, 0x64, 0x00, 0x92, 0x53, 0x64, 0x07, 0x96, 
    0x64, 0x00, 0x00, 0x97, 0x52, 0x00, 0x00, 0x50, 0x64, 0x00, 0x96, 0x62, 
    0x64, 0x03, 0xEA, 0x00, 0x40, 0x01, 0x5D, 0x3B, 0x02, 0x19, 0x33, 0x02, 
    0x55, 0x2A, 0x02, 0x11, 0x22, 0x02, 0x4D, 0x19, 0x01, 0x9B, 0x4F, 0x00, 
    0x00, 0x45, 0x64, 0x00, 0xEB, 0x00, 0x40, 0x00, 0xBB, 0x06, 0x02, 0x01, 
    0xEA, 0x09, 0x11, 0x02, 0x45, 0x08, 0x02, 0x01, 0x00, 0x05, 0x90, 0x45, 
    0x00, 0x00, 0x99, 0x3B, 0x00, 0x00, 0x91, 0x4E, 0x00, 0x00, 0x99, 0x2A, 
    0x00, 0x00, 0x93, 0x42, 0x00, 0x00, 0x92, 0x53, 0x00, 0x00, 0x91, 0x56, 
    0x64, 0x00, 0x99, 0x26, 0x64, 0x00, 0x90, 0x4E, 0x64, 0x00, 0x93, 0x4A, 
    0x64, 0x00, 0x99, 0x2A, 0x64, 0x00, 0x24, 0x64, 0x00, 0x92, 0x64, 0x64, 
    0x00, 0x99, 0x3B, 0x7F, 0x07, 0x97, 0x50, 0x00, 0x00, 0x96, 0x62, 0x00, 
    0x00, 0x97, 0x5A, 0x64, 0x00, 0x96, 0x6C, 0x64, 0x17, 0x99, 0x2A, 0x00, 
    0x00, 0x26, 0x00, 0x00, 0x24, 0x00, 0x00, 0x92, 0x64, 0x00, 0x00, 0x99, 
    0x2E, 0x7F, 0x00, 0x92, 0x46, 0x64, 0x00, 0x99, 0x26, 0x4B, 0x07, 0x96, 
    0x6C, 0x00, 0x00, 0x97, 0x5A, 0x00, 0x01, 0x57, 0x64, 0x00, 0x96, 0x69, 
    0x64, 0x16, 0x99, 0x2A, 0x00, 0x00, 0x92, 0x46, 0x00, 0x00, 0x99, 0x26, 
    0x00, 0x00, 0xE0, 0x00, 0x40, 0x00, 0x99, 0x2A, 0x7F, 0x00, 0x92, 0x64, 
    0x64, 0x00, 0xE3, 0x00, 0x40, 0x00, 0x99, 0x24, 0x64, 0x01, 0xE3, 0x5D, 
    0x3B, 0x01, 0x3B, 0x37, 0x00, 0xE0, 0x3B, 0x37, 0x01, 0xE3, 0x19, 0x33, 
    0x01, 0xE0, 0x77, 0x2E, 0x00, 0xE3, 0x77, 0x2E, 0x01, 0x55, 0x2A, 0x01, 
    0xE0, 0x33, 0x26, 0x00, 0xE3, 0x33, 0x26, 0x01, 0x11, 0x22, 0x01, 0x97, 
    0x57, 0x00, 0x00, 0x96, 0x69, 0x00, 0x00, 0xE0, 0x6F, 0x1D, 0x00, 0xE3, 
    0x6F, 0x1D, 0x00, 0x96, 0x6C, 0x64, 0x00, 0x97, 0x5A, 0x64, 0x01, 0xE3, 
    0x4D, 0x19, 0x01, 0x9A, 0x4F, 0x00, 0x00, 0xE0, 0x2B, 0x15, 0x00, 0x9A, 
    0x45, 0x64, 0x00, 0xBA, 0x06, 0x02, 0x00, 0xEA, 0x00, 0x40, 0x00, 0xE3, 
    0x2B, 0x15, 0x01, 0x09, 0x11, 0x01, 0x67, 0x0C, 0x00, 0xE0, 0x67, 0x0C, 
    0x01, 0xE3, 0x45, 0x08, 0x01, 0xE0, 0x23, 0x04, 0x00, 0xE3, 0x23, 0x04, 
    0x01, 0x01, 0x00, 0x05, 0x9B, 0x45, 0x00, 0x00, 0x4E, 0x64, 0x0A, 0x99, 
    0x2A, 0x00, 0x00, 0x92, 0x64, 0x00, 0x00, 0x99, 0x24, 0x00, 0x00, 0x92, 
    0x53, 0x64, 0x00, 0x99, 0x2A, 0x50, 0x08, 0x96, 0x6C, 0x00, 0x00, 0x97, 
    0x5A, 0x00, 0x00, 0x96, 0x66, 0x64, 0x00, 0x97, 0x54, 0x64, 0x16, 0x99, 
    0x3B, 0x00, 0x00, 0x2A, 0x00, 0x00, 0x92, 0x53, 0x00, 0x00, 0x5F, 0x64, 
    0x00, 0x99, 0x2A, 0x5A, 0x00, 0x3B, 0x7F, 0x00, 0x26, 0x64, 0x08, 0x96, 
    0x66, 0x00, 0x00, 0x97, 0x54, 0x00, 0x00, 0x96, 0x62, 0x64, 0x00, 0x97, 
    0x50, 0x64, 0x0C, 0xEB, 0x00, 0x40, 0x02, 0x3B, 0x37, 0x02, 0x77, 0x2E, 
    0x02, 0x33, 0x26, 0x02, 0x6F, 0x1D, 0x02, 0x92, 0x5F, 0x00, 0x00, 0x91, 
    0x56, 0x00, 0x00, 0x93, 0x4A, 0x00, 0x00, 0x90, 0x4E, 0x00, 0x00, 0x99, 
    0x2E, 0x00, 0x00, 0x26, 0x00, 0x00, 0xEB, 0x2B, 0x15, 0x00, 0x92, 0x64, 
    0x64, 0x00, 0x91, 0x4C, 0x64, 0x00, 0xE3, 0x00, 0x40, 0x00, 0x99, 0x24, 
    0x64, 0x00, 0x2A, 0x64, 0x00, 0x93, 0x40, 0x64, 0x00, 0x90, 0x43, 0x64, 
    0x00, 0xE0, 0x00, 0x40, 0x02, 0xEB, 0x67, 0x0C, 0x02, 0x23, 0x04, 0x04, 
    0x96, 0x62, 0x00, 0x00, 0x97, 0x50, 0x00, 0x01, 0x56, 0x64, 0x00, 0x96, 
    0x68, 0x64, 0x01, 0x9A, 0x45, 0x00, 0x00, 0x4E, 0x64, 0x14, 0x92, 0x64, 
    0x00, 0x00, 0x99, 0x24, 0x00, 0x00, 0x2A, 0x00, 0x00, 0x92, 0x5F, 0x64, 
    0x00, 0x99, 0x2A, 0x7F, 0x09, 0x96, 0x68, 0x00, 0x00, 0x97, 0x56, 0x00, 
    0x00, 0x54, 0x64, 0x00, 0x96, 0x66, 0x64, 0x15, 0x99, 0x2A, 0x00, 0x00, 
    0x92, 0x5F, 0x00, 0x00, 0x53, 0x64, 0x00, 0x99, 0x2A, 0x50, 0x09, 0x97, 
    0x54, 0x00, 0x00, 0x96, 0x66, 0x00, 0x00, 0x97, 0x55, 0x64, 0x00, 0x96, 
    0x67, 0x64, 0x01, 0xEA, 0x00, 0x40, 0x02, 0x3B, 0x37, 0x02, 0x77, 0x2E, 
    0x02, 0x33, 0x26, 0x02, 0x6F, 0x1D, 0x02, 0x9B, 0x4E, 0x00, 0x00, 0xEB, 
    0x00, 0x40, 0x00, 0xEA, 0x2B, 0x15, 0x00, 0x9B, 0x43, 0x64, 0x02, 0xEA, 
    0x67, 0x0C, 0x02, 0x23, 0x04, 0x06, 0x99, 0x3B, 0x00, 0x00, 0x2A, 0x00, 
    0x00, 0x93, 0x40, 0x00, 0x00, 0x91, 0x4C, 0x00, 0x00, 0x90, 0x43, 0x00, 
    0x00, 0x92, 0x53, 0x00, 0x00, 0x93, 0x48, 0x64, 0x00, 0x91, 0x54, 0x64, 
    0x00, 0x90, 0x4C, 0x64, 0x00, 0x99, 0x24, 0x64, 0x00, 0x92, 0x64, 0x64, 
    0x00, 0xB3, 0x06, 0x01, 0x00, 0x99, 0x3B, 0x7F, 0x00, 0xB0, 0x06, 0x01, 
    0x00, 0x99, 0x26, 0x64, 0x00, 0x2A, 0x5A, 0x09, 0x97, 0x55, 0x00, 0x00, 
    0x96, 0x67, 0x00, 0x00, 0x97, 0x51, 0x64, 0x00, 0x96, 0x63, 0x64, 0x15, 
    0x99, 0x2A, 0x00, 0x00, 0x24, 0x00, 0x00, 0x92, 0x64, 0x00, 0x00, 0x99, 
    0x26, 0x00, 0x00, 0x2A, 0x7F, 0x00, 0x92, 0x46, 0x64, 0x00, 0x99, 0x26, 
    0x4B, 0x09, 0x96, 0x63, 0x00, 0x00, 0x97, 0x51, 0x00, 0x01, 0x53, 0x64, 
    0x00, 0x96, 0x65, 0x64, 0x14, 0x99, 0x2A, 0x00, 0x00, 0x92, 0x46, 0x00, 
    0x00, 0x99, 0x26, 0x00, 0x00, 0x24, 0x64, 0x00, 0x92, 0x64, 0x64, 0x00, 
    0xE0, 0x00, 0x40, 0x00, 0xE3, 0x00, 0x40, 0x00, 0x99, 0x2A, 0x64, 0x01, 
    0xE0, 0x5D, 0x3B, 0x00, 0xE3, 0x5D, 0x3B, 0x01, 0x3B, 0x37, 0x01, 0x19, 
    0x33, 0x00, 0xE0, 0x19, 0x33, 0x01, 0xE3, 0x77, 0x2E, 0x01, 0xE0, 0x55, 
    0x2A, 0x00, 0xE3, 0x55, 0x2A, 0x01, 0x33, 0x26, 0x01, 0xE0, 0x11, 0x22, 
    0x00, 0xE3, 0x11, 0x22, 0x01, 0x6F, 0x1D, 0x01, 0xE0, 0x4D, 0x19, 0x00, 
    0xE3, 0x4D, 0x19, 0x01, 0x9A, 0x4E, 0x00, 0x00, 0x97, 0x53, 0x00, 0x00, 
    0x96, 0x65, 0x00, 0x00, 0xEA, 0x00, 0x40, 0x00, 0xE3, 0x2B, 0x15, 0x00, 
    0x97, 0x51, 0x64, 0x00, 0x96, 0x63, 0x64, 0x00, 0x9A, 0x43, 0x64, 0x01, 
    0xE3, 0x09, 0x11, 0x00, 0xE0, 0x09, 0x11, 0x01, 0xE3, 0x67, 0x0C, 0x01, 
    0xE0, 0x45, 0x08, 0x00, 0xE3, 0x45, 0x08, 0x01, 0x23, 0x04, 0x01, 0xE0, 
    0x01, 0x00, 0x00, 0xE3, 0x01, 0x00, 0x05, 0x9B, 0x43, 0x00, 0x00, 0x4C, 
    0x64, 0x00, 0xBB, 0x06, 0x01, 0x0A, 0x99, 0x2A, 0x00, 0x00, 0x24, 0x00, 
    0x00, 0x92, 0x64, 0x00, 0x00, 0x53, 0x64, 0x00, 0x99, 0x2A, 0x64, 0x0A, 
    0x96, 0x63, 0x00, 0x00, 0x97, 0x51, 0x00, 0x00, 0x57, 0x64, 0x00, 0x96, 
    0x69, 0x64, 0x14, 0x99, 0x3B, 0x00, 0x00, 0x2A, 0x00, 0x00, 0x92, 0x53, 
    0x00, 0x00, 0x99, 0x3B, 0x7F, 0x00, 0x26, 0x64, 0x00, 0x92, 0x5F, 0x64, 
    0x00, 0x99, 0x2A, 0x64, 0x0A, 0x97, 0x57, 0x00, 0x00, 0x96, 0x69, 0x00, 
    0x00, 0x62, 0x64, 0x00, 0x97, 0x50, 0x64, 0x0A, 0xEB, 0x00, 0x40, 0x01, 
    0x5D, 0x3B, 0x02, 0x19, 0x33, 0x02, 0x55, 0x2A, 0x02, 0x11, 0x22, 0x02, 
    0x4D, 0x19, 0x01, 0x99, 0x2A, 0x00, 0x00, 0x92, 0x5F, 0x00, 0x00, 0x99, 
    0x26, 0x00, 0x00, 0x24, 0x64, 0x00, 0x92, 0x64, 0x64, 0x00, 0x99, 0x2A, 
    0x64, 0x01, 0xEB, 0x09, 0x11, 0x02, 0x45, 0x08, 0x02, 0x01, 0x00, 0x05, 
    0x96, 0x62, 0x00, 0x00, 0x9A, 0x43, 0x00, 0x00, 0x97, 0x50, 0x00, 0x00, 
    0x9A, 0x4C, 0x64, 0x00, 0xBA, 0x06, 0x01, 0x01, 0x96, 0x65, 0x64, 0x00, 
    0x97, 0x53, 0x64, 0x13, 0x99, 0x2A, 0x00, 0x00, 0x93, 0x48, 0x00, 0x00, 
    0x91, 0x54, 0x00, 0x00, 0x90, 0x4C, 0x00, 0x00, 0x99, 0x24, 0x00, 0x00, 
    0x92, 0x64, 0x00, 0x00, 0x5F, 0x64, 0x00, 0x99, 0x2A, 0x7F, 0x00, 0x90, 
    0x57, 0x64, 0x00, 0x91, 0x5F, 0x64, 0x00, 0xE3, 0x00, 0x40, 0x00, 0x93, 
    0x53, 0x64, 0x00, 0xE0, 0x00, 0x40, 0x0B, 0x96, 0x65, 0x00, 0x00, 0x97, 
    0x53, 0x00, 0x00, 0x4E, 0x64, 0x00, 0x96, 0x60, 0x64, 0x13, 0x92, 0x5F, 
    0x00, 0x00, 0x99, 0x2A, 0x00, 0x00, 0x92, 0x53, 0x64, 0x00, 0x99, 0x2A, 
    0x64, 0x0A, 0xEA, 0x00, 0x40, 0x01, 0x96, 0x60, 0x00, 0x00, 0x97, 0x4E, 
    0x00, 0x00, 0x55, 0x64, 0x00, 0x96, 0x67, 0x64, 0x00, 0xEA, 0x5D, 0x3B, 
    0x02, 0x19, 0x33, 0x02, 0x55, 0x2A, 0x02, 0x11, 0x22, 0x02, 0x4D, 0x19, 
    0x02, 0x09, 0x11, 0x02, 0x45, 0x08, 0x02, 0x01, 0x00, 0x05, 0x99, 0x2A, 
    0x00, 0x00, 0x3B, 0x00, 0x00, 0x92, 0x53, 0x00, 0x00, 0x99, 0x2A, 0x64, 
    0x00, 0x92, 0x64, 0x64, 0x00, 0x99, 0x24, 0x64, 0x00, 0x3B, 0x7F, 0x00, 
    0x26, 0x64, 0x0B, 0x97, 0x55, 0x00, 0x00, 0x96, 0x67, 0x00, 0x00, 0x68, 
    0x64, 0x00, 0x97, 0x56, 0x64, 0x09, 0x9B, 0x4C, 0x00, 0x00, 0x57, 0x64, 
    0x00, 0xEB, 0x00, 0x40, 0x0A, 0x99, 0x2A, 0x00, 0x00, 0x24, 0x00, 0x00, 
    0x92, 0x64, 0x00, 0x00, 0x99, 0x26, 0x00, 0x00, 0x92, 0x46, 0x64, 0x00, 
    0x99, 0x2E, 0x7F, 0x00, 0x26, 0x4B, 0x0B, 0x97, 0x56, 0x00, 0x00, 0x96, 
    0x68, 0x00, 0x01, 0x97, 0x57, 0x64, 0x00, 0x96, 0x69, 0x64, 0x12, 0x90, 
    0x57, 0x00, 0x00, 0x99, 0x2A, 0x00, 0x00, 0x91, 0x5F, 0x00, 0x00, 0x92, 
    0x46, 0x00, 0x00, 0x93, 0x53, 0x00, 0x00, 0x99, 0x26, 0x00, 0x00, 0x92, 
    0x64, 0x64, 0x00, 0x99, 0x2A, 0x7F, 0x00, 0xB3, 0x65, 0x00, 0x00, 0x93, 
    0x53, 0x64, 0x00, 0x99, 0x24, 0x64, 0x00, 0xB3, 0x06, 0x02, 0x00, 0xB0, 
    0x65, 0x00, 0x00, 0xB3, 0x64, 0x00, 0x00, 0x91, 0x5F, 0x64, 0x00, 0x90, 
    0x56, 0x64, 0x00, 0xB0, 0x06, 0x01, 0x00, 0x64, 0x00, 0x0C, 0x96, 0x69, 
    0x00, 0x00, 0x97, 0x57, 0x00, 0x0E, 0x96, 0x68, 0x64, 0x00, 0x97, 0x56, 
    0x64, 0x04, 0x92, 0x64, 0x00, 0x00, 0x99, 0x2A, 0x00, 0x00, 0x24, 0x00, 
    0x00, 0x92, 0x53, 0x64, 0x00, 0x99, 0x2A, 0x50, 0x0A, 0x9A, 0x4C, 0x00, 
    0x00, 0xEA, 0x00, 0x40, 0x00, 0x9A, 0x57, 0x64, 0x10, 0x96, 0x68, 0x00, 
    0x00, 0x97, 0x56, 0x00, 0x00, 0x55, 0x64, 0x00, 0x96, 0x67, 0x64, 0x04, 
    0x99, 0x2A, 0x00, 0x00, 0x3B, 0x00, 0x00, 0x92, 0x53, 0x00, 0x00, 0x99, 
    0x3B, 0x7F, 0x00, 0x2A, 0x5A, 0x00, 0x26, 0x64, 0x00, 0x92, 0x5F, 0x64, 
    0x14, 0x9B, 0x57, 0x00, 0x00, 0x56, 0x64, 0x00, 0xBB, 0x65, 0x00, 0x00, 
    0x06, 0x01, 0x00, 0x64, 0x00, 0x06, 0x97, 0x55, 0x00, 0x00, 0x96, 0x67, 
    0x00, 0x01, 0x69, 0x64, 0x00, 0x97, 0x57, 0x64, 0x03, 0x99, 0x2E, 0x00, 
    0x00, 0x91, 0x5F, 0x00, 0x00, 0x93, 0x53, 0x00, 0x00, 0x99, 0x26, 0x00, 
    0x00, 0x90, 0x56, 0x00, 0x00, 0x92, 0x5F, 0x00, 0x00, 0x90, 0x4E, 0x64, 
    0x00, 0x99, 0x2A, 0x64, 0x00, 0x92, 0x64, 0x64, 0x00, 0x99, 0x24, 0x64, 
    0x00, 0x93, 0x4A, 0x64, 0x00, 0x91, 0x56, 0x64, 0x1B, 0x96, 0x69, 0x00, 
    0x00, 0x97, 0x57, 0x00, 0x00, 0x4F, 0x64, 0x00, 0x96, 0x61, 0x64, 0x03, 
    0x92, 0x64, 0x00, 0x00, 0x99, 0x24, 0x00, 0x00, 0x2A, 0x00, 0x00, 0x92, 
    0x5F, 0x64, 0x00, 0x99, 0x2A, 0x7F, 0x1B, 0x97, 0x4F, 0x00, 0x00, 0x96, 
    0x61, 0x00, 0x00, 0x66, 0x64, 0x00, 0x97, 0x54, 0x64, 0x03, 0x99, 0x2A, 
    0x00, 0x00, 0x92, 0x5F, 0x00, 0x00, 0x53, 0x64, 0x00, 0x99, 0x2A, 0x50, 
    0x0A, 0x9A, 0x57, 0x00, 0x00, 0xBA, 0x65, 0x00, 0x00, 0x06, 0x01, 0x00, 
    0x64, 0x00, 0x00, 0x9A, 0x56, 0x64, 0x0A, 0x9B, 0x56, 0x00, 0x00, 0x4E, 
    0x64, 0x07, 0x96, 0x66, 0x00, 0x00, 0x97, 0x54, 0x00, 0x00, 0x96, 0x64, 
    0x64, 0x00, 0x97, 0x52, 0x64, 0x03, 0x93, 0x4A, 0x00, 0x00, 0x90, 0x4E, 
    0x00, 0x00, 0x91, 0x56, 0x00, 0x00, 0x99, 0x3B, 0x00, 0x00, 0x92, 0x53, 
    0x00, 0x00, 0x99, 0x2A, 0x00, 0x00, 0x91, 0x5F, 0x64, 0x00, 0x99, 0x26, 
    0x64, 0x00, 0x24, 0x64, 0x00, 0x2A, 0x5A, 0x00, 0x90, 0x56, 0x64, 0x00, 
    0x99, 0x3B, 0x7F, 0x00, 0x93, 0x53, 0x64, 0x00, 0x92, 0x64, 0x64, 0x1B, 
    0x96, 0x64, 0x00, 0x00, 0x97, 0x52, 0x00, 0x01, 0x55, 0x64, 0x00, 0x96, 
    0x67, 0x64, 0x02, 0x99, 0x24, 0x00, 0x00, 0x2A, 0x00, 0x00, 0x26, 0x00, 
    0x00, 0x92, 0x64, 0x00, 0x00, 0x99, 0x26, 0x4B, 0x00, 0x92, 0x46, 0x64, 
    0x00, 0x99, 0x2A, 0x7F, 0x1C, 0x97, 0x55, 0x00, 0x00, 0x96, 0x67, 0x00, 
    0x00, 0x97, 0x57, 0x64, 0x00, 0x96, 0x69, 0x64, 0x02, 0x99, 0x2A, 0x00, 
    0x00, 0x92, 0x46, 0x00, 0x00, 0x99, 0x26, 0x00, 0x00, 0xE0, 0x00, 0x40, 
    0x00, 0x99, 0x2A, 0x64, 0x00, 0xE3, 0x00, 0x40, 0x00, 0x92, 0x64, 0x64, 
    0x00, 0x99, 0x24, 0x64, 0x01, 0xE3, 0x5D, 0x3B, 0x01, 0xE0, 0x3B, 0x37, 
    0x00, 0xE3, 0x3B, 0x37, 0x01, 0x19, 0x33, 0x01, 0x77, 0x2E, 0x00, 0xE0, 
    0x77, 0x2E, 0x01, 0xE3, 0x55, 0x2A, 0x01, 0x33, 0x26, 0x00, 0xE0, 0x33, 
    0x26, 0x01, 0xE3, 0x11, 0x22, 0x01, 0xE0, 0x6F, 0x1D, 0x00, 0xE3, 0x6F, 
    0x1D, 0x01, 0x4D, 0x19, 0x01, 0x9A, 0x56, 0x00, 0x00, 0xE3, 0x2B, 0x15, 
    0x00, 0xE0, 0x2B, 0x15, 0x00, 0x9A, 0x4E, 0x64, 0x01, 0xE3, 0x09, 0x11, 
    0x01, 0xE0, 0x67, 0x0C, 0x00, 0xE3, 0x67, 0x0C, 0x01, 0x45, 0x08, 0x01, 
    0x23, 0x04, 0x00, 0xE0, 0x23, 0x04, 0x01, 0xE3, 0x01, 0x00, 0x05, 0x9B, 
    0x4E, 0x00, 0x00, 0x56, 0x64, 0x08, 0x97, 0x57, 0x00, 0x00, 0x96, 0x69, 
    0x00, 0x00, 0x67, 0x64, 0x00, 0x97, 0x55, 0x64, 0x02, 0x99, 0x24, 0x00, 
    0x00, 0x92, 0x64, 0x00, 0x00, 0x99, 0x2A, 0x00, 0x00, 0x2A, 0x64, 0x00, 
    0x92, 0x53, 0x64, 0x1C, 0x96, 0x67, 0x00, 0x00, 0x97, 0x55, 0x00, 0x00, 
    0x50, 0x64, 0x00, 0x96, 0x62, 0x64, 0x02, 0x99, 0x3B, 0x00, 0x00, 0x2A, 
    0x00, 0x00, 0x92, 0x53, 0x00, 0x00, 0x99, 0x2A, 0x64, 0x00, 0x26, 0x64, 
    0x00, 0x92, 0x5F, 0x64, 0x00, 0x99, 0x3B, 0x7F, 0x14, 0xEB, 0x00, 0x40, 
    0x02, 0x3B, 0x37, 0x02, 0x77, 0x2E, 0x02, 0x33, 0x26, 0x02, 0x97, 0x50, 
    0x00, 0x00, 0x96, 0x62, 0x00, 0x00, 0xEB, 0x6F, 0x1D, 0x01, 0x97, 0x51, 
    0x64, 0x00, 0x96, 0x63, 0x64, 0x01, 0x90, 0x56, 0x00, 0x00, 0x91, 0x5F, 
    0x00, 0x00, 0x93, 0x53, 0x00, 0x00, 0x99, 0x2A, 0x00, 0x00, 0x92, 0x5F, 
    0x00, 0x00, 0x99, 0x26, 0x00, 0x00, 0x90, 0x4C, 0x64, 0x00, 0xE0, 0x00, 
    0x40, 0x00, 0x99, 0x24, 0x64, 0x00, 0x2A, 0x64, 0x00, 0xE3, 0x00, 0x40, 
    0x00, 0x91, 0x55, 0x64, 0x00, 0xEB, 0x2B, 0x15, 0x00, 0x93, 0x49, 0x64, 
    0x00, 0x92, 0x64, 0x64, 0x02, 0xEB, 0x67, 0x0C, 0x02, 0x23, 0x04, 0x06, 
    0x9A, 0x4E, 0x00, 0x00, 0x56, 0x64, 0x13, 0x97, 0x51, 0x00, 0x00, 0x96, 
    0x63, 0x00, 0x00, 0x97, 0x59, 0x64, 0x00, 0x96, 0x6B, 0x64, 0x01, 0x99, 
    0x2A, 0x00, 0x00, 0x24, 0x00, 0x00, 0x92, 0x64, 0x00, 0x00, 0x99, 0x2A, 
    0x7F, 0x00, 0x92, 0x5F, 0x64, 0x1D, 0x97, 0x59, 0x00, 0x00, 0x96, 0x6B, 
    0x00, 0x00, 0x67, 0x64, 0x00, 0x97, 0x55, 0x64, 0x01, 0x99, 0x2A, 0x00, 
    0x00, 0x92, 0x5F, 0x00, 0x00, 0x53, 0x64, 0x00, 0x99, 0x2A, 0x64, 0x0A, 
    0xEA, 0x00, 0x40, 0x02, 0x3B, 0x37, 0x02, 0x77, 0x2E, 0x02, 0x33, 0x26, 
    0x02, 0x6F, 0x1D, 0x02, 0x9B, 0x56, 0x00, 0x00, 0xEB, 0x00, 0x40, 0x00, 
    0xEA, 0x2B, 0x15, 0x00, 0x9B, 0x4C, 0x64, 0x02, 0xEA, 0x67, 0x0C, 0x02, 
    0x23, 0x04, 0x05, 0x96, 0x67, 0x00, 0x00, 0x97, 0x55, 0x00, 0x00, 0x96, 
    0x69, 0x64, 0x00, 0x97, 0x57, 0x64, 0x01, 0x93, 0x49, 0x00, 0x00, 0x90, 
    0x4C, 0x00, 0x00, 0x91, 0x55, 0x00, 0x00, 0x99, 0x3B, 0x00, 0x00, 0x92, 
    0x53, 0x00, 0x00, 0x99, 0x2A, 0x00, 0x00, 0x2A, 0x64, 0x00, 0x93, 0x51, 
    0x64, 0x00, 0x99, 0x3B, 0x7F, 0x00, 0x91, 0x5D, 0x64, 0x00, 0x99, 0x26, 
    0x64, 0x00, 0x90, 0x55, 0x64, 0x00, 0x99, 0x24, 0x64, 0x00, 0x92, 0x64, 
    0x64, 0x1D, 0x96, 0x69, 0x00, 0x00, 0x97, 0x57, 0x00, 0x01, 0x99, 0x2A, 
    0x00, 0x00, 0x24, 0x00, 0x00, 0x26, 0x00, 0x00, 0x92, 0x64, 0x00, 0x00, 
    0x96, 0x62, 0x64, 0x00, 0x99, 0x26, 0x4B, 0x00, 0x92, 0x46, 0x64, 0x00, 
    0x99, 0x2E, 0x7F, 0x00, 0x97, 0x50, 0x64, 0x1E, 0x50, 0x00, 0x00, 0x96, 
    0x62, 0x00, 0x00, 0x99, 0x2A, 0x00, 0x00, 0x92, 0x46, 0x00, 0x00, 0x99, 
    0x26, 0x00, 0x00, 0x96, 0x64, 0x64, 0x00, 0xE3, 0x00, 0x40, 0x00, 0xE0, 
    0x00, 0x40, 0x00, 0x99, 0x2A, 0x7F, 0x00, 0xB0, 0x06, 0x02, 0x00, 0x92, 
    0x64, 0x64, 0x00, 0x99, 0x24, 0x64, 0x00, 0x97, 0x52, 0x64, 0x00, 0xB3, 
    0x06, 0x02, 0x01, 0xE0, 0x5D, 0x3B, 0x00, 0xE3, 0x5D, 0x3B, 0x01, 0x3B, 
    0x37, 0x01, 0x19, 0x33, 0x00, 0xE0, 0x19, 0x33, 0x01, 0xE3, 0x77, 0x2E, 
    0x01, 0xE0, 0x55, 0x2A, 0x00, 0xE3, 0x55, 0x2A, 0x01, 0x33, 0x26, 0x01, 
    0xE0, 0x11, 0x22, 0x00, 0xE3, 0x11, 0x22, 0x01, 0x6F, 0x1D, 0x01, 0x4D, 
    0x19, 0x00, 0xE0, 0x4D, 0x19, 0x01, 0x9A, 0x56, 0x00, 0x00, 0x4C, 0x64, 
    0x00, 0xE3, 0x2B, 0x15, 0x00, 0xEA, 0x00, 0x40, 0x01, 0xE3, 0x09, 0x11, 
    0x00, 0xE0, 0x09, 0x11, 0x01, 0xE3, 0x67, 0x0C, 0x01, 0x45, 0x08, 0x00, 
    0xE0, 0x45, 0x08, 0x01, 0xE3, 0x23, 0x04, 0x01, 0xE0, 0x01, 0x00, 0x00, 
    0xE3, 0x01, 0x00, 0x05, 0x9B, 0x4C, 0x00, 0x00, 0x55, 0x64, 0x0A, 0x96, 
    0x64, 0x00, 0x00, 0x97, 0x52, 0x00, 0x00, 0x92, 0x64, 0x00, 0x00, 0x99, 
    0x2A, 0x00, 0x00, 0x24, 0x00, 0x00, 0x92, 0x53, 0x64, 0x00, 0x96, 0x67, 
    0x64, 0x00, 0x99, 0x2A, 0x50, 0x00, 0x97, 0x55, 0x64, 0x1E, 0x55, 0x00, 
    0x00, 0x92, 0x53, 0x00, 0x00, 0x99, 0x2A, 0x00, 0x00, 0x3B, 0x00, 0x00, 
    0x96, 0x67, 0x00, 0x00, 0x99, 0x3B, 0x7F, 0x00, 0x97, 0x57, 0x64, 0x00, 
    0x96, 0x69, 0x64, 0x00, 0x99, 0x2A, 0x5A, 0x00, 0x26, 0x64, 0x00, 0x92, 
    0x5F, 0x64, 0x14, 0xEB, 0x00, 0x40, 0x00, 0xBB, 0x06, 0x02, 0x01, 0xEB, 
    0x5D, 0x3B, 0x02, 0x19, 0x33, 0x02, 0x55, 0x2A, 0x02, 0x11, 0x22, 0x02, 
    0x4D, 0x19, 0x01, 0x92, 0x5F, 0x00, 0x00, 0x97, 0x57, 0x00, 0x00, 0x99, 
    0x2E, 0x00, 0x00, 0x91, 0x5D, 0x00, 0x00, 0x93, 0x51, 0x00, 0x00, 0x99, 
    0x26, 0x00, 0x00, 0x90, 0x55, 0x00, 0x00, 0x96, 0x69, 0x00, 0x00, 0x90, 
    0x4A, 0x64, 0x00, 0x99, 0x2A, 0x64, 0x00, 0xB3, 0x06, 0x01, 0x00, 0x99, 
    0x24, 0x64, 0x00, 0x93, 0x47, 0x64, 0x00, 0x91, 0x53, 0x64, 0x00, 0xE0, 
    0x00, 0x40, 0x00, 0x92, 0x64, 0x64, 0x00, 0xE3, 0x00, 0x40, 0x01, 0x97, 
    0x56, 0x64, 0x00, 0x96, 0x68, 0x64, 0x00, 0xEB, 0x09, 0x11, 0x02, 0x45, 
    0x08, 0x02, 0x01, 0x00, 0x05, 0x9A, 0x4C, 0x00, 0x00, 0x55, 0x64, 0x14, 
    0x99, 0x24, 0x00, 0x00, 0x2A, 0x00, 0x00, 0x92, 0x64, 0x00, 0x00, 0x99, 
    0x2A, 0x7F, 0x00, 0x92, 0x5F, 0x64, 0x01, 0x97, 0x56, 0x00, 0x00, 0x96, 
    0x68, 0x00, 0x00, 0x97, 0x58, 0x64, 0x00, 0x96, 0x6A, 0x64, 0x1D, 0x99, 
    0x2A, 0x00, 0x00, 0x92, 0x5F, 0x00, 0x00, 0x53, 0x64, 0x00, 0x99, 0x2A, 
    0x50, 0x01, 0x97, 0x58, 0x00, 0x00, 0x96, 0x6A, 0x00, 0x00, 0x97, 0x59, 
    0x64, 0x00, 0x96, 0x6B, 0x64, 0x09, 0xBA, 0x06, 0x02, 0x00, 0xEA, 0x00, 
    0x40, 0x01, 0x5D, 0x3B, 0x02, 0x19, 0x33, 0x02, 0x55, 0x2A, 0x02, 0x11, 
    0x22, 0x02, 0x4D, 0x19, 0x01, 0x9B, 0x55, 0x00, 0x00, 0x4A, 0x64, 0x00, 
    0xEB, 0x00, 0x40, 0x01, 0xEA, 0x09, 0x11, 0x02, 0x45, 0x08, 0x02, 0x01, 
    0x00, 0x05, 0x90, 0x4A, 0x00, 0x00, 0x99, 0x3B, 0x00, 0x00, 0x93, 0x47, 
    0x00, 0x00, 0x91, 0x53, 0x00, 0x00, 0x92, 0x53, 0x00, 0x00, 0x99, 0x2A, 
    0x00, 0x00, 0x90, 0x53, 0x64, 0x00, 0x93, 0x4F, 0x64, 0x00, 0x99, 0x3B, 
    0x7F, 0x00, 0x2A, 0x5A, 0x00, 0x91, 0x5B, 0x64, 0x00, 0x92, 0x64, 0x64, 
    0x00, 0x99, 0x26, 0x64, 0x00, 0x24, 0x64, 0x01, 0x97, 0x59, 0x00, 0x00, 
    0x96, 0x6B, 0x00, 0x00, 0x68, 0x64, 0x00, 0x97, 0x56, 0x64, 0x1D, 0x99, 
    0x2A, 0x00, 0x00, 0x26, 0x00, 0x00, 0x92, 0x64, 0x00, 0x00, 0x99, 0x24, 
    0x00, 0x00, 0x92, 0x46, 0x64, 0x00, 0x99, 0x2A, 0x7F, 0x00, 0x26, 0x4B, 
    0x01, 0x97, 0x56, 0x00, 0x00, 0x96, 0x68, 0x00, 0x01, 0x97, 0x55, 0x64, 
    0x00, 0x96, 0x67, 0x64, 0x1C, 0x92, 0x46, 0x00, 0x00, 0x99, 0x2A, 0x00, 
    0x00, 0x26, 0x00, 0x00, 0x24, 0x64, 0x00, 0xE3, 0x00, 0x40, 0x00, 0x99, 
    0x2A, 0x64, 0x00, 0xE0, 0x00, 0x40, 0x00, 0x92, 0x64, 0x64, 0x01, 0xE3, 
    0x5D, 0x3B, 0x01, 0x97, 0x55, 0x00, 0x00, 0x96, 0x67, 0x00, 0x00, 0xE0, 
    0x3B, 0x37, 0x00, 0xE3, 0x3B, 0x37, 0x00, 0x97, 0x54, 0x64, 0x00, 0x96, 
    0x66, 0x64, 0x01, 0xE3, 0x19, 0x33, 0x01, 0xE0, 0x77, 0x2E, 0x00, 0xE3, 
    0x77, 0x2E, 0x01, 0x55, 0x2A, 0x01, 0x33, 0x26, 0x00, 0xE0, 0x33, 0x26, 
    0x01, 0xE3, 0x11, 0x22, 0x01, 0xE0, 0x6F, 0x1D, 0x00, 0xE3, 0x6F, 0x1D, 
    0x01, 0x4D, 0x19, 0x01, 0x9A, 0x55, 0x00, 0x00, 0xEA, 0x00, 0x40, 0x00, 
    0xE3, 0x2B, 0x15, 0x00, 0x9A, 0x4A, 0x64, 0x00, 0xE0, 0x2B, 0x15, 0x01, 
    0xE3, 0x09, 0x11, 0x01, 0xE0, 0x67, 0x0C, 0x00, 0xE3, 0x67, 0x0C, 0x01, 
    0x45, 0x08, 0x01, 0xE0, 0x23, 0x04, 0x00, 0xE3, 0x23, 0x04, 0x01, 0x01, 
    0x00, 0x05, 0x9B, 0x4A, 0x00, 0x00, 0x53, 0x64, 0x0A, 0x99, 0x2A, 0x00, 
    0x00, 0x24, 0x00, 0x00, 0x92, 0x64, 0x00, 0x00, 0x53, 0x64, 0x00, 0x99, 
    0x2A, 0x64, 0x02, 0x96, 0x66, 0x00, 0x00, 0x97, 0x54, 0x00, 0x00, 0x53, 
    0x64, 0x00, 0x96, 0x65, 0x64, 0x1C, 0x99, 0x3B, 0x00, 0x00, 0x2A, 0x00, 
    0x00, 0x92, 0x53, 0x00, 0x00, 0x99, 0x2A, 0x64, 0x00, 0x92, 0x5F, 0x64, 
    0x00, 0x99, 0x26, 0x64, 0x00, 0x3B, 0x7F, 0x02, 0x97, 0x53, 0x00, 0x00, 
    0x96, 0x65, 0x00, 0x00, 0x67, 0x64, 0x00, 0x97, 0x55, 0x64, 0x12, 0xEB, 
    0x00, 0x40, 0x02, 0x3B, 0x37, 0x02, 0x77, 0x2E, 0x02, 0x33, 0x26, 0x02, 
    0x6F, 0x1D, 0x02, 0x92, 0x5F, 0x00, 0x00, 0x99, 0x26, 0x00, 0x00, 0x2A, 
    0x00, 0x00, 0x92, 0x64, 0x64, 0x00, 0x99, 0x2A, 0x64, 0x00, 0xEB, 0x2B, 
    0x15, 0x00, 0x99, 0x24, 0x64, 0x02, 0x96, 0x67, 0x00, 0x00, 0x97, 0x55, 
    0x00, 0x00, 0xEB, 0x67, 0x0C, 0x01, 0x96, 0x68, 0x64, 0x00, 0x97, 0x56, 
    0x64, 0x01, 0xEB, 0x23, 0x04, 0x06, 0x9A, 0x4A, 0x00, 0x00, 0x53, 0x64, 
    0x14, 0x99, 0x2A, 0x00, 0x00, 0x92, 0x64, 0x00, 0x00, 0x99, 0x24, 0x00, 
    0x00, 0x2A, 0x7F, 0x00, 0x92, 0x5F, 0x64, 0x03, 0x97, 0x56, 0x00, 0x00, 
    0x96, 0x68, 0x00, 0x00, 0x62, 0x64, 0x00, 0x97, 0x50, 0x64, 0x1B, 0x99, 
    0x2A, 0x00, 0x00, 0x92, 0x5F, 0x00, 0x00, 0x53, 0x64, 0x00, 0x99, 0x2A, 
    0x64, 0x03, 0x96, 0x62, 0x00, 0x00, 0x97, 0x50, 0x00, 0x00, 0x96, 0x65, 
    0x64, 0x00, 0x97, 0x53, 0x64, 0x07, 0xEA, 0x00, 0x40, 0x02, 0x3B, 0x37, 
    0x02, 0x77, 0x2E, 0x02, 0x33, 0x26, 0x02, 0x6F, 0x1D, 0x02, 0x2B, 0x15, 
    0x02, 0x67, 0x0C, 0x02, 0x23, 0x04, 0x06, 0x99, 0x2A, 0x00, 0x00, 0x92, 
    0x53, 0x00, 0x00, 0x99, 0x3B, 0x00, 0x00, 0x3B, 0x7F, 0x00, 0x92, 0x64, 
    0x64, 0x00, 0x99, 0x24, 0x64, 0x00, 0x26, 0x64, 0x00, 0x2A, 0x64, 0x03, 
    0x96, 0x65, 0x00, 0x00, 0x97, 0x53, 0x00, 0x00, 0x96, 0x69, 0x64, 0x00, 
    0x97, 0x57, 0x64, 0x1B, 0x99, 0x2A, 0x00, 0x00, 0x24, 0x00, 0x00, 0x92, 
    0x64, 0x00, 0x00, 0x99, 0x26, 0x00, 0x00, 0x92, 0x46, 0x64, 0x00, 0x99, 
    0x26, 0x4B, 0x00, 0x2E, 0x7F, 0x03, 0x97, 0x57, 0x00, 0x00, 0x96, 0x69, 
    0x00, 0x01, 0x97, 0x50, 0x64, 0x00, 0x96, 0x62, 0x64, 0x1A, 0x90, 0x53, 
    0x00, 0x00, 0x93, 0x4F, 0x00, 0x00, 0x99, 0x2A, 0x00, 0x00, 0x91, 0x5B, 
    0x00, 0x00, 0x99, 0x26, 0x00, 0x00, 0x92, 0x46, 0x00, 0x00, 0xE0, 0x00, 
    0x40, 0x00, 0x91, 0x58, 0x64, 0x00, 0x92, 0x64, 0x64, 0x00, 0xB0, 0x06, 
    0x01, 0x00, 0xB3, 0x06, 0x01, 0x00, 0xE3, 0x00, 0x40, 0x00, 0x99, 0x2A, 
    0x7F, 0x00, 0x90, 0x4F, 0x64, 0x00, 0x93, 0x4C, 0x64, 0x00, 0x99, 0x24, 
    0x64, 0x04, 0x97, 0x50, 0x00, 0x00, 0x96, 0x62, 0x00, 0x00, 0x63, 0x64, 
    0x00, 0x97, 0x51, 0x64, 0x1A, 0x92, 0x64, 0x00, 0x00, 0x99, 0x2A, 0x00, 
    0x00, 0x24, 0x00, 0x00, 0x92, 0x53, 0x64, 0x00, 0x99, 0x2A, 0x50, 0x04, 
    0x96, 0x63, 0x00, 0x00, 0x97, 0x51, 0x00, 0x00, 0x59, 0x64, 0x00, 0x96, 
    0x6B, 0x64, 0x1A, 0x99, 0x2A, 0x00, 0x00, 0x92, 0x53, 0x00, 0x00, 0x99, 
    0x3B, 0x00, 0x00, 0x2A, 0x5A, 0x00, 0x26, 0x64, 0x00, 0x92, 0x5F, 0x64, 
    0x00, 0x99, 0x3B, 0x7F, 0x04, 0x97, 0x59, 0x00, 0x00, 0x96, 0x6B, 0x00, 
    0x00, 0x60, 0x64, 0x00, 0x97, 0x4E, 0x64, 0x10, 0x9B, 0x53, 0x00, 0x00, 
    0xBB, 0x06, 0x01, 0x00, 0x9B, 0x4F, 0x64, 0x00, 0xEB, 0x00, 0x40, 0x0A, 
    0x91, 0x58, 0x00, 0x00, 0x99, 0x2E, 0x00, 0x00, 0x93, 0x4C, 0x00, 0x00, 
    0x92, 0x5F, 0x00, 0x00, 0x99, 0x26, 0x00, 0x00, 0x90, 0x4F, 0x00, 0x00, 
    0x93, 0x43, 0x64, 0x00, 0x92, 0x64, 0x64, 0x00, 0x99, 0x2A, 0x64, 0x00, 
    0x24, 0x64, 0x00, 0x90, 0x47, 0x64, 0x00, 0x91, 0x4F, 0x64, 0x04, 0x96, 
    0x60, 0x00, 0x00, 0x97, 0x4E, 0x00, 0x01, 0x5A, 0x64, 0x00, 0x96, 0x6C, 
    0x64, 0x19, 0x92, 0x64, 0x00, 0x00, 0x99, 0x24, 0x00, 0x00, 0x2A, 0x00, 
    0x00, 0x2A, 0x7F, 0x00, 0x92, 0x5F, 0x64, 0x05, 0x97, 0x5A, 0x00, 0x00, 
    0x96, 0x6C, 0x00, 0x00, 0x65, 0x64, 0x00, 0x97, 0x53, 0x64, 0x19, 0x99, 
    0x2A, 0x00, 0x00, 0x92, 0x5F, 0x00, 0x00, 0x99, 0x2A, 0x50, 0x00, 0x92, 
    0x53, 0x64, 0x05, 0x96, 0x65, 0x00, 0x00, 0x97, 0x53, 0x00, 0x00, 0x96, 
    0x61, 0x64, 0x00, 0x97, 0x4F, 0x64, 0x05, 0x9A, 0x53, 0x00, 0x00, 0x4F, 
    0x64, 0x00, 0xEA, 0x00, 0x40, 0x00, 0xBA, 0x06, 0x01, 0x0A, 0x9B, 0x4F, 
    0x00, 0x00, 0x47, 0x64, 0x0A, 0x99, 0x3B, 0x00, 0x00, 0x93, 0x43, 0x00, 
    0x00, 0x90, 0x47, 0x00, 0x00, 0x99, 0x2A, 0x00, 0x00, 0x92, 0x53, 0x00, 
    0x00, 0x91, 0x4F, 0x00, 0x00, 0x93, 0x4C, 0x64, 0x00, 0x99, 0x2A, 0x5A, 
    0x00, 0x24, 0x64, 0x00, 0x26, 0x64, 0x00, 0x91, 0x58, 0x64, 0x00, 0x99, 
    0x3B, 0x7F, 0x00, 0x90, 0x4F, 0x64, 0x00, 0x92, 0x64, 0x64, 0x05, 0x96, 
    0x61, 0x00, 0x00, 0x97, 0x4F, 0x00, 0x00, 0x56, 0x64, 0x00, 0x96, 0x68, 
    0x64, 0x19, 0x99, 0x26, 0x00, 0x00, 0x24, 0x00, 0x00, 0x2A, 0x00, 0x00, 
    0x92, 0x64, 0x00, 0x00, 0x99, 0x2A, 0x7F, 0x00, 0x26, 0x4B, 0x00, 0x92, 
    0x46, 0x64, 0x05, 0x97, 0x56, 0x00, 0x00, 0x96, 0x68, 0x00, 0x01, 0x97, 
    0x4F, 0x64, 0x00, 0x96, 0x61, 0x64, 0x18, 0x99, 0x2A, 0x00, 0x00, 0x26, 
    0x00, 0x00, 0x92, 0x46, 0x00, 0x00, 0x99, 0x24, 0x64, 0x00, 0xB3, 0x06, 
    0x02, 0x00, 0xE3, 0x00, 0x40, 0x00, 0x92, 0x64, 0x64, 0x00, 0xE0, 0x00, 
    0x40, 0x00, 0x99, 0x2A, 0x64, 0x01, 0xE3, 0x5D, 0x3B, 0x00, 0xE0, 0x5D, 
    0x3B, 0x01, 0xE3, 0x3B, 0x37, 0x01, 0xE0, 0x19, 0x33, 0x00, 0xE3, 0x19, 
    0x33, 0x01, 0x77, 0x2E, 0x01, 0xE0, 0x55, 0x2A, 0x00, 0xE3, 0x55, 0x2A, 
    0x01, 0x97, 0x4F, 0x00, 0x00, 0x96, 0x61, 0x00, 0x00, 0x6C, 0x64, 0x00, 
    0xE3, 0x33, 0x26, 0x00, 0x97, 0x5A, 0x64, 0x01, 0xE0, 0x11, 0x22, 0x00, 
    0xE3, 0x11, 0x22, 0x01, 0x6F, 0x1D, 0x01, 0x4D, 0x19, 0x00, 0xE0, 0x4D, 
    0x19, 0x01, 0x9A, 0x4F, 0x00, 0x00, 0x47, 0x64, 0x00, 0xE3, 0x2B, 0x15, 
    0x01, 0x09, 0x11, 0x00, 0xE0, 0x09, 0x11, 0x01, 0xE3, 0x67, 0x0C, 0x01, 
    0x45, 0x08, 0x00, 0xE0, 0x45, 0x08, 0x01, 0xE3, 0x23, 0x04, 0x01, 0x01, 
    0x00, 0x00, 0xE0, 0x01, 0x00, 0x05, 0x9B, 0x47, 0x00, 0x00, 0x4F, 0x64, 
    0x0A, 0x99, 0x24, 0x00, 0x00, 0x92, 0x64, 0x00, 0x00, 0x99, 0x2A, 0x00, 
    0x00, 0x92, 0x53, 0x64, 0x00, 0x99, 0x2A, 0x64, 0x06, 0x96, 0x6C, 0x00, 
    0x00, 0x97, 0x5A, 0x00, 0x00, 0x96, 0x65, 0x64, 0x00, 0x97, 0x53, 0x64, 
    0x18, 0x99, 0x2A, 0x00, 0x00, 0x3B, 0x00, 0x00, 0x92, 0x53, 0x00, 0x00, 
    0x99, 0x26, 0x64, 0x00, 0x2A, 0x64, 0x00, 0x3B, 0x7F, 0x00, 0x92, 0x5F, 
    0x64, 0x06, 0x96, 0x65, 0x00, 0x00, 0x97, 0x53, 0x00, 0x00, 0x5A, 0x64, 
    0x00, 0x96, 0x6C, 0x64, 0x0E, 0xEB, 0x00, 0x40, 0x01, 0x5D, 0x3B, 0x02, 
    0x19, 0x33, 0x02, 0x55, 0x2A, 0x02, 0x11, 0x22, 0x02, 0x4D, 0x19, 0x01, 
    0x99, 0x26, 0x00, 0x00, 0x93, 0x4C, 0x00, 0x00, 0x91, 0x58, 0x00, 0x00, 
    0x90, 0x4F, 0x00, 0x00, 0x99, 0x2A, 0x00, 0x00, 0x92, 0x5F, 0x00, 0x00, 
    0x93, 0x42, 0x64, 0x00, 0xB3, 0x06, 0x02, 0x00, 0xB0, 0x06, 0x02, 0x00, 
    0x91, 0x4E, 0x64, 0x00, 0xE3, 0x00, 0x40, 0x00, 0xE0, 0x00, 0x40, 0x00, 
    0x99, 0x2A, 0x64, 0x00, 0x90, 0x45, 0x64, 0x00, 0x99, 0x24, 0x64, 0x00, 
    0x92, 0x64, 0x64, 0x01, 0xEB, 0x09, 0x11, 0x02, 0x45, 0x08, 0x02, 0x01, 
    0x00, 0x01, 0x97, 0x5A, 0x00, 0x00, 0x96, 0x6C, 0x00, 0x01, 0x62, 0x64, 
    0x00, 0x97, 0x50, 0x64, 0x03, 0x9A, 0x47, 0x00, 0x00, 0x4F, 0x64, 0x14, 
    0x99, 0x2A, 0x00, 0x00, 0x24, 0x00, 0x00, 0x92, 0x64, 0x00, 0x00, 0x5F, 
    0x64, 0x00, 0x99, 0x2A, 0x7F, 0x07, 0x97, 0x50, 0x00, 0x00, 0x96, 0x62, 
    0x00, 0x00, 0x97, 0x52, 0x64, 0x00, 0x96, 0x64, 0x64, 0x17, 0x92, 0x5F, 
    0x00, 0x00, 0x99, 0x2A, 0x00, 0x00, 0x2A, 0x64, 0x00, 0x92, 0x53, 0x64, 
    0x07, 0x97, 0x52, 0x00, 0x00, 0x96, 0x64, 0x00, 0x00, 0x62, 0x64, 0x00, 
    0x97, 0x50, 0x64, 0x03, 0xEA, 0x00, 0x40, 0x01, 0x5D, 0x3B, 0x02, 0x19, 
    0x33, 0x02, 0x55, 0x2A, 0x02, 0x11, 0x22, 0x02, 0x4D, 0x19, 0x01, 0x9B, 
    0x4F, 0x00, 0x00, 0x45, 0x64, 0x00, 0xBB, 0x06, 0x02, 0x00, 0xEB, 0x00, 
    0x40, 0x01, 0xEA, 0x09, 0x11, 0x02, 0x45, 0x08, 0x02, 0x01, 0x00, 0x05, 
    0x90, 0x45, 0x00, 0x00, 0x99, 0x2A, 0x00, 0x00, 0x93, 0x42, 0x00, 0x00, 
    0x99, 0x3B, 0x00, 0x00, 0x91, 0x4E, 0x00, 0x00, 0x92, 0x53, 0x00, 0x00, 
    0x99, 0x24, 0x64, 0x00, 0x91, 0x56, 0x64, 0x00, 0x99, 0x26, 0x64, 0x00, 
    0x2A, 0x64, 0x00, 0x93, 0x4A, 0x64, 0x00, 0x99, 0x3B, 0x7F, 0x00, 0x90, 
    0x4E, 0x64, 0x00, 0x92, 0x64, 0x64, 0x07, 0x96, 0x62, 0x00, 0x00, 0x97, 
    0x50, 0x00, 0x00, 0x96, 0x6C, 0x64, 0x00, 0x97, 0x5A, 0x64, 0x17, 0x99, 
    0x26, 0x00, 0x00, 0x2A, 0x00, 0x00, 0x24, 0x00, 0x00, 0x92, 0x64, 0x00, 
    0x00, 0x99, 0x26, 0x4B, 0x00, 0x2E, 0x7F, 0x00, 0x92, 0x46, 0x64, 0x07, 
    0x96, 0x6C, 0x00, 0x00, 0x97, 0x5A, 0x00, 0x01, 0x96, 0x69, 0x64, 0x00, 
    0x97, 0x57, 0x64, 0x16, 0x99, 0x2A, 0x00, 0x00, 0x26, 0x00, 0x00, 0x92, 
    0x46, 0x00, 0x00, 0x99, 0x2A, 0x7F, 0x00, 0x92, 0x64, 0x64, 0x00, 0x99, 
    0x24, 0x64, 0x00, 0xE3, 0x00, 0x40, 0x00, 0xE0, 0x00, 0x40, 0x01, 0xE3, 
    0x5D, 0x3B, 0x01, 0xE0, 0x3B, 0x37, 0x00, 0xE3, 0x3B, 0x37, 0x01, 0x19, 
    0x33, 0x01, 0xE0, 0x77, 0x2E, 0x00, 0xE3, 0x77, 0x2E, 0x01, 0x55, 0x2A, 
    0x01, 0xE0, 0x33, 0x26, 0x00, 0xE3, 0x33, 0x26, 0x01, 0x11, 0x22, 0x01, 
    0x96, 0x69, 0x00, 0x00, 0x97, 0x57, 0x00, 0x00, 0x96, 0x6C, 0x64, 0x00, 
    0x97, 0x5A, 0x64, 0x00, 0xE0, 0x6F, 0x1D, 0x00, 0xE3, 0x6F, 0x1D, 0x01, 
    0x4D, 0x19, 0x01, 0x9A, 0x4F, 0x00, 0x00, 0x45, 0x64, 0x00, 0xE0, 0x2B, 
    0x15, 0x00, 0xEA, 0x00, 0x40, 0x00, 0xE3, 0x2B, 0x15, 0x00, 0xBA, 0x06, 
    0x02, 0x01, 0xE3, 0x09, 0x11, 0x01, 0x67, 0x0C, 0x00, 0xE0, 0x67, 0x0C, 
    0x01, 0xE3, 0x45, 0x08, 0x01, 0xE0, 0x23, 0x04, 0x00, 0xE3, 0x23, 0x04, 
    0x01, 0x01, 0x00, 0x05, 0x9B, 0x45, 0x00, 0x00, 0x4E, 0x64, 0x0A, 0x99, 
    0x2A, 0x00, 0x00, 0x92, 0x64, 0x00, 0x00, 0x99, 0x24, 0x00, 0x00, 0x2A, 
    0x50, 0x00, 0x92, 0x53, 0x64, 0x08, 0x96, 0x6C, 0x00, 0x00, 0x97, 0x5A, 
    0x00, 0x00, 0x96, 0x66, 0x64, 0x00, 0x97, 0x54, 0x64, 0x16, 0x99, 0x3B, 
    0x00, 0x00, 0x2A, 0x00, 0x00, 0x92, 0x53, 0x00, 0x00, 0x5F, 0x64, 0x00, 
    0x99, 0x3B, 0x7F, 0x00, 0x26, 0x64, 0x00, 0x2A, 0x5A, 0x08, 0x96, 0x66, 
    0x00, 0x00, 0x97, 0x54, 0x00, 0x00, 0x50, 0x64, 0x00, 0x96, 0x62, 0x64, 
    0x0C, 0xEB, 0x00, 0x40, 0x02, 0x3B, 0x37, 0x02, 0x77, 0x2E, 0x02, 0x33, 
    0x26, 0x02, 0x6F, 0x1D, 0x02, 0x92, 0x5F, 0x00, 0x00, 0x90, 0x4E, 0x00, 
    0x00, 0x91, 0x56, 0x00, 0x00, 0x93, 0x4A, 0x00, 0x00, 0x99, 0x2E, 0x00, 
    0x00, 0x26, 0x00, 0x00, 0x92, 0x64, 0x64, 0x00, 0x91, 0x4C, 0x64, 0x00, 
    0x99, 0x24, 0x64, 0x00, 0xEB, 0x2B, 0x15, 0x00, 0xE0, 0x00, 0x40, 0x00, 
    0x90, 0x43, 0x64, 0x00, 0x93, 0x40, 0x64, 0x00, 0x99, 0x2A, 0x64, 0x00, 
    0xE3, 0x00, 0x40, 0x02, 0xEB, 0x67, 0x0C, 0x02, 0x23, 0x04, 0x04, 0x97, 
    0x50, 0x00, 0x00, 0x96, 0x62, 0x00, 0x01, 0x97, 0x56, 0x64, 0x00, 0x96, 
    0x68, 0x64, 0x01, 0x9A, 0x45, 0x00, 0x00, 0x4E, 0x64, 0x14, 0x92, 0x64, 
    0x00, 0x00, 0x99, 0x24, 0x00, 0x00, 0x2A, 0x00, 0x00, 0x92, 0x5F, 0x64, 
    0x00, 0x99, 0x2A, 0x7F, 0x09, 0x96, 0x68, 0x00, 0x00, 0x97, 0x56, 0x00, 
    0x00, 0x54, 0x64, 0x00, 0x96, 0x66, 0x64, 0x15, 0x92, 0x5F, 0x00, 0x00, 
    0x99, 0x2A, 0x00, 0x00, 0x2A, 0x50, 0x00, 0x92, 0x53, 0x64, 0x09, 0x97, 
    0x54, 0x00, 0x00, 0x96, 0x66, 0x00, 0x00, 0x97, 0x55, 0x64, 0x00, 0x96, 
    0x67, 0x64, 0x01, 0xEA, 0x00, 0x40, 0x02, 0x3B, 0x37, 0x02, 0x77, 0x2E, 
    0x02, 0x33, 0x26, 0x02, 0x6F, 0x1D, 0x02, 0x9B, 0x4E, 0x00, 0x00, 0xEA, 
    0x2B, 0x15, 0x00, 0x9B, 0x43, 0x64, 0x00, 0xEB, 0x00, 0x40, 0x02, 0xEA, 
    0x67, 0x0C, 0x02, 0x23, 0x04, 0x06, 0x90, 0x43, 0x00, 0x00, 0x99, 0x3B, 
    0x00, 0x00, 0x93, 0x40, 0x00, 0x00, 0x91, 0x4C, 0x00, 0x00, 0x99, 0x2A, 
    0x00, 0x00, 0x92, 0x53, 0x00, 0x00, 0x93, 0x48, 0x64, 0x00, 0x99, 0x24, 
    0x64, 0x00, 0xB0, 0x06, 0x01, 0x00, 0x90, 0x4C, 0x64, 0x00, 0x99, 0x3B, 
    0x7F, 0x00, 0x2A, 0x5A, 0x00, 0x92, 0x64, 0x64, 0x00, 0x91, 0x54, 0x64, 
    0x00, 0x99, 0x26, 0x64, 0x00, 0xB3, 0x06, 0x01, 0x09, 0x97, 0x55, 0x00, 
    0x00, 0x96, 0x67, 0x00, 0x00, 0x97, 0x51, 0x64, 0x00, 0x96, 0x63, 0x64, 
    0x15, 0x99, 0x24, 0x00, 0x00, 0x2A, 0x00, 0x00, 0x92, 0x64, 0x00, 0x00, 
    0x99, 0x26, 0x00, 0x00, 0x2A, 0x7F, 0x00, 0x26, 0x4B, 0x00, 0x92, 0x46, 
    0x64, 0x09, 0x96, 0x63, 0x00, 0x00, 0x97, 0x51, 0x00, 0x01, 0x96, 0x65, 
    0x64, 0x00, 0x97, 0x53, 0x64, 0x14, 0x99, 0x2A, 0x00, 0x00, 0x26, 0x00, 
    0x00, 0x92, 0x46, 0x00, 0x00, 0x99, 0x24, 0x64, 0x00, 0x92, 0x64, 0x64, 
    0x00, 0xE0, 0x00, 0x40, 0x00, 0x99, 0x2A, 0x64, 0x00, 0xE3, 0x00, 0x40, 
    0x01, 0xE0, 0x5D, 0x3B, 0x00, 0xE3, 0x5D, 0x3B, 0x01, 0x3B, 0x37, 0x01, 
    0xE0, 0x19, 0x33, 0x00, 0xE3, 0x19, 0x33, 0x01, 0x77, 0x2E, 0x01, 0xE0, 
    0x55, 0x2A, 0x00, 0xE3, 0x55, 0x2A, 0x01, 0x33, 0x26, 0x01, 0x11, 0x22, 
    0x00, 0xE0, 0x11, 0x22, 0x01, 0xE3, 0x6F, 0x1D, 0x01, 0x4D, 0x19, 0x00, 
    0xE0, 0x4D, 0x19, 0x01, 0x9A, 0x4E, 0x00, 0x00, 0x96, 0x65, 0x00, 0x00, 
    0x97, 0x53, 0x00, 0x00, 0x96, 0x63, 0x64, 0x00, 0x9A, 0x43, 0x64, 0x00, 
    0xE3, 0x2B, 0x15, 0x00, 0xEA, 0x00, 0x40, 0x00, 0x97, 0x51, 0x64, 0x01, 
    0xE3, 0x09, 0x11, 0x00, 0xE0, 0x09, 0x11, 0x01, 0xE3, 0x67, 0x0C, 0x01, 
    0xE0, 0x45, 0x08, 0x00, 0xE3, 0x45, 0x08, 0x01, 0x23, 0x04, 0x01, 0x01, 
    0x00, 0x00, 0xE0, 0x01, 0x00, 0x05, 0x9B, 0x43, 0x00, 0x00, 0x4C, 0x64, 
    0x00, 0xBB, 0x06, 0x01, 0x0A, 0x99, 0x2A, 0x00, 0x00, 0x24, 0x00, 0x00, 
    0x92, 0x64, 0x00, 0x00, 0x53, 0x64, 0x00, 0x99, 0x2A, 0x64, 0x0A, 0x96, 
    0x63, 0x00, 0x00, 0x97, 0x51, 0x00, 0x00, 0x57, 0x64, 0x00, 0x96, 0x69, 
    0x64, 0x14, 0x99, 0x2A, 0x00, 0x00, 0x3B, 0x00, 0x00, 0x92, 0x53, 0x00, 
    0x00, 0x99, 0x3B, 0x7F, 0x00, 0x2A, 0x64, 0x00, 0x92, 0x5F, 0x64, 0x00, 
    0x99, 0x26, 0x64, 0x0A, 0x97, 0x57, 0x00, 0x00, 0x96, 0x69, 0x00, 0x00, 
    0x62, 0x64, 0x00, 0x97, 0x50, 0x64, 0x0A, 0xEB, 0x00, 0x40, 0x01, 0x5D, 
    0x3B, 0x02, 0x19, 0x33, 0x02, 0x55, 0x2A, 0x02, 0x11, 0x22, 0x02, 0x4D, 
    0x19, 0x01, 0x99, 0x2A, 0x00, 0x00, 0x92, 0x5F, 0x00, 0x00, 0x99, 0x26, 
    0x00, 0x00, 0x2A, 0x64, 0x00, 0x24, 0x64, 0x00, 0x92, 0x64, 0x64, 0x01, 
    0xEB, 0x09, 0x11, 0x02, 0x45, 0x08, 0x02, 0x01, 0x00, 0x05, 0x9A, 0x43, 
    0x00, 0x00, 0x96, 0x62, 0x00, 0x00, 0x97, 0x50, 0x00, 0x00, 0x9A, 0x4C, 
    0x64, 0x00, 0xBA, 0x06, 0x01, 0x01, 0x97, 0x53, 0x64, 0x00, 0x96, 0x65, 
    0x64, 0x13, 0x99, 0x2A, 0x00, 0x00, 0x93, 0x48, 0x00, 0x00, 0x91, 0x54, 
    0x00, 0x00, 0x90, 0x4C, 0x00, 0x00, 0x99, 0x24, 0x00, 0x00, 0x92, 0x64, 
    0x00, 0x00, 0xE3, 0x00, 0x40, 0x00, 0x93, 0x53, 0x64, 0x00, 0x99, 0x26, 
    0x64, 0x00, 0xE0, 0x00, 0x40, 0x00, 0x92, 0x5F, 0x64, 0x00, 0x99, 0x2A, 
    0x7F, 0x00, 0x91, 0x5F, 0x64, 0x00, 0x90, 0x57, 0x64, 0x0B, 0x96, 0x65, 
    0x00, 0x00, 0x97, 0x53, 0x00, 0x00, 0x96, 0x60, 0x64, 0x00, 0x97, 0x4E, 
    0x64, 0x13, 0x92, 0x5F, 0x00, 0x00, 0x99, 0x2A, 0x00, 0x00, 0x92, 0x53, 
    0x64, 0x00, 0x99, 0x2A, 0x64, 0x0A, 0xEA, 0x00, 0x40, 0x01, 0x97, 0x4E, 
    0x00, 0x00, 0x96, 0x60, 0x00, 0x00, 0x97, 0x55, 0x64, 0x00, 0x96, 0x67, 
    0x64, 0x00, 0xEA, 0x5D, 0x3B, 0x02, 0x19, 0x33, 0x02, 0x55, 0x2A, 0x02, 
    0x11, 0x22, 0x02, 0x4D, 0x19, 0x02, 0x09, 0x11, 0x02, 0x45, 0x08, 0x02, 
    0x01, 0x00, 0x05, 0x99, 0x3B, 0x00, 0x00, 0x92, 0x53, 0x00, 0x00, 0x99, 
    0x2A, 0x00, 0x00, 0x3B, 0x7F, 0x00, 0x92, 0x64, 0x64, 0x00, 0x99, 0x24, 
    0x64, 0x00, 0x26, 0x64, 0x00, 0x2A, 0x64, 0x0B, 0x97, 0x55, 0x00, 0x00, 
    0x96, 0x67, 0x00, 0x00, 0x97, 0x56, 0x64, 0x00, 0x96, 0x68, 0x64, 0x09, 
    0x9B, 0x4C, 0x00, 0x00, 0xEB, 0x00, 0x40, 0x00, 0x9B, 0x57, 0x64, 0x0A, 
    0x99, 0x24, 0x00, 0x00, 0x2A, 0x00, 0x00, 0x92, 0x64, 0x00, 0x00, 0x99, 
    0x26, 0x00, 0x00, 0x2E, 0x7F, 0x00, 0x92, 0x46, 0x64, 0x00, 0x99, 0x26, 
    0x4B, 0x0B, 0x96, 0x68, 0x00, 0x00, 0x97, 0x56, 0x00, 0x01, 0x96, 0x69, 
    0x64, 0x00, 0x97, 0x57, 0x64, 0x12, 0x99, 0x2A, 0x00, 0x00, 0x93, 0x53, 
    0x00, 0x00, 0x99, 0x26, 0x00, 0x00, 0x91, 0x5F, 0x00, 0x00, 0x92, 0x46, 
    0x00, 0x00, 0x90, 0x57, 0x00, 0x00, 0x99, 0x26, 0x00, 0x00, 0x92, 0x28, 
    0x64, 0x00, 0x99, 0x24, 0x64, 0x00, 0x90, 0x4A, 0x64, 0x00, 0xE0, 0x00, 
    0x40, 0x00, 0x99, 0x2A, 0x7F, 0x0C, 0x96, 0x69, 0x00, 0x00, 0x97, 0x57, 
    0x00, 0x0E, 0x96, 0x68, 0x64, 0x00, 0x97, 0x56, 0x64, 0x04, 0x92, 0x28, 
    0x00, 0x00, 0x99, 0x2A, 0x00, 0x00, 0x24, 0x00, 0x00, 0x2A, 0x50, 0x00, 
    0x91, 0x53, 0x64, 0x00, 0x92, 0x34, 0x64, 0x0A, 0x9A, 0x4C, 0x00, 0x00, 
    0x57, 0x64, 0x00, 0xEA, 0x00, 0x40, 0x10, 0x96, 0x68, 0x00, 0x00, 0x97, 
    0x56, 0x00, 0x00, 0x96, 0x67, 0x64, 0x00, 0x97, 0x55, 0x64, 0x04, 0x99, 
    0x3B, 0x00, 0x00, 0x2A, 0x00, 0x00, 0x91, 0x53, 0x00, 0x00, 0x92, 0x34, 
    0x00, 0x00, 0x99, 0x26, 0x64, 0x00, 0x91, 0x5F, 0x64, 0x00, 0x99, 0x3B, 
    0x7F, 0x00, 0x2A, 0x5A, 0x14, 0x9B, 0x57, 0x00, 0x00, 0xEB, 0x00, 0x40, 
    0x00, 0x9B, 0x4A, 0x64, 0x06, 0x96, 0x67, 0x00, 0x00, 0x97, 0x55, 0x00, 
    0x01, 0x96, 0x69, 0x64, 0x00, 0x97, 0x57, 0x64, 0x03, 0x99, 0x26, 0x00, 
    0x00, 0x91, 0x5F, 0x00, 0x00, 0x99, 0x2E, 0x00, 0x00, 0x24, 0x64, 0x00, 
    0x92, 0x28, 0x64, 0x00, 0x99, 0x2A, 0x64, 0x1B, 0x96, 0x69, 0x00, 0x00, 
    0x97, 0x57, 0x00, 0x00, 0x4F, 0x64, 0x00, 0x96, 0x61, 0x64, 0x03, 0x90, 
    0x4A, 0x00, 0x00, 0x92, 0x28, 0x00, 0x00, 0x99, 0x24, 0x00, 0x00, 0x2A, 
    0x00, 0x00, 0x91, 0x5F, 0x64, 0x00, 0x99, 0x2A, 0x7F, 0x00, 0x92, 0x34, 
    0x64, 0x00, 0x90, 0x49, 0x64, 0x1B, 0x97, 0x4F, 0x00, 0x00, 0x96, 0x61, 
    0x00, 0x00, 0x97, 0x54, 0x64, 0x00, 0x96, 0x66, 0x64, 0x03, 0x92, 0x34, 
    0x00, 0x00, 0x91, 0x5F, 0x00, 0x00, 0x99, 0x2A, 0x00, 0x00, 0x91, 0x53, 
    0x64, 0x00, 0x92, 0x34, 0x64, 0x00, 0x99, 0x2A, 0x50, 0x0A, 0x9A, 0x57, 
    0x00, 0x00, 0x4A, 0x64, 0x00, 0xEA, 0x00, 0x40, 0x11, 0x97, 0x54, 0x00, 
    0x00, 0x96, 0x66, 0x00, 0x00, 0x64, 0x64, 0x00, 0x97, 0x52, 0x64, 0x03, 
    0x91, 0x53, 0x00, 0x00, 0x99, 0x3B, 0x00, 0x00, 0x2A, 0x00, 0x00, 0x92, 
    0x34, 0x00, 0x00, 0x99, 0x3B, 0x7F, 0x00, 0x2A, 0x5A, 0x00, 0x24, 0x64, 
    0x00, 0x26, 0x64, 0x14, 0x9B, 0x4A, 0x00, 0x00, 0x49, 0x64, 0x07, 0x96, 
    0x64, 0x00, 0x00, 0x97, 0x52, 0x00, 0x01, 0x55, 0x64, 0x00, 0x96, 0x67, 
    0x64, 0x02, 0x99, 0x2A, 0x00, 0x00, 0x24, 0x00, 0x00, 0x26, 0x00, 0x00, 
    0x26, 0x4B, 0x00, 0x2A, 0x7F, 0x00, 0x92, 0x34, 0x64, 0x1C, 0x97, 0x55, 
    0x00, 0x00, 0x96, 0x67, 0x00, 0x00, 0x97, 0x57, 0x64, 0x00, 0x96, 0x69, 
    0x64, 0x02, 0x99, 0x26, 0x00, 0x00, 0x90, 0x49, 0x00, 0x00, 0x99, 0x2A, 
    0x00, 0x00, 0x92, 0x34, 0x00, 0x00, 0x99, 0x2A, 0x64, 0x00, 0x24, 0x64, 
    0x00, 0x92, 0x28, 0x64, 0x00, 0x90, 0x4A, 0x64, 0x1C, 0x97, 0x57, 0x00, 
    0x00, 0x96, 0x69, 0x00, 0x00, 0x67, 0x64, 0x00, 0x97, 0x55, 0x64, 0x02, 
    0x99, 0x2A, 0x00, 0x00, 0x92, 0x28, 0x00, 0x00, 0x99, 0x24, 0x00, 0x00, 
    0x91, 0x53, 0x64, 0x00, 0x99, 0x2A, 0x64, 0x00, 0x92, 0x34, 0x64, 0x0A, 
    0x9A, 0x4A, 0x00, 0x00, 0x49, 0x64, 0x12, 0x96, 0x67, 0x00, 0x00, 0x97, 
    0x55, 0x00, 0x00, 0x96, 0x62, 0x64, 0x00, 0x97, 0x50, 0x64, 0x02, 0x99, 
    0x3B, 0x00, 0x00, 0x2A, 0x00, 0x00, 0x91, 0x53, 0x00, 0x00, 0x92, 0x34, 
    0x00, 0x00, 0x91, 0x5F, 0x64, 0x00, 0x99, 0x26, 0x64, 0x00, 0x2A, 0x64, 
    0x00, 0x3B, 0x7F, 0x14, 0x9B, 0x49, 0x00, 0x00, 0x4A, 0x64, 0x08, 0x96, 
    0x62, 0x00, 0x00, 0x97, 0x50, 0x00, 0x01, 0x51, 0x64, 0x00, 0x96, 0x63, 
    0x64, 0x01, 0x91, 0x5F, 0x00, 0x00, 0x99, 0x2A, 0x00, 0x00, 0x26, 0x00, 
    0x00, 0x24, 0x64, 0x00, 0x2A, 0x64, 0x00, 0x92, 0x28, 0x64, 0x1D, 0x97, 
    0x51, 0x00, 0x00, 0x96, 0x63, 0x00, 0x00, 0x6B, 0x64, 0x00, 0x97, 0x59, 
    0x64, 0x01, 0x99, 0x24, 0x00, 0x00, 0x2A, 0x00, 0x00, 0x90, 0x4A, 0x00, 
    0x00, 0x92, 0x28, 0x00, 0x00, 0x91, 0x5F, 0x64, 0x00, 0x92, 0x34, 0x64, 
    0x00, 0x99, 0x2A, 0x7F, 0x00, 0x90, 0x49, 0x64, 0x1D, 0x97, 0x59, 0x00, 
    0x00, 0x96, 0x6B, 0x00, 0x00, 0x97, 0x55, 0x64, 0x00, 0x96, 0x67, 0x64, 
    0x01, 0x91, 0x5F, 0x00, 0x00, 0x99, 0x2A, 0x00, 0x00, 0x92, 0x34, 0x00, 
    0x00, 0x91, 0x53, 0x64, 0x00, 0x92, 0x34, 0x64, 0x00, 0x99, 0x2A, 0x64, 
    0x0A, 0x9A, 0x49, 0x00, 0x00, 0x4A, 0x64, 0x13, 0x97, 0x55, 0x00, 0x00, 
    0x96, 0x67, 0x00, 0x00, 0x97, 0x57, 0x64, 0x00, 0x96, 0x69, 0x64, 0x01, 
    0x91, 0x53, 0x00, 0x00, 0x99, 0x2A, 0x00, 0x00, 0x92, 0x34, 0x00, 0x00, 
    0x99, 0x3B, 0x00, 0x00, 0x3B, 0x7F, 0x00, 0x26, 0x64, 0x00, 0x24, 0x64, 
    0x00, 0x2A, 0x64, 0x14, 0x9B, 0x4A, 0x00, 0x00, 0x49, 0x64, 0x09, 0x97, 
    0x57, 0x00, 0x00, 0x96, 0x69, 0x00, 0x01, 0x99, 0x26, 0x00, 0x00, 0x24, 
    0x00, 0x00, 0x2A, 0x00, 0x00, 0x26, 0x4B, 0x00, 0x97, 0x50, 0x64, 0x00, 
    0x96, 0x62, 0x64, 0x00, 0x99, 0x2E, 0x7F, 0x00, 0x92, 0x34, 0x64, 0x1E, 
    0x34, 0x00, 0x00, 0x97, 0x50, 0x00, 0x00, 0x99, 0x2A, 0x00, 0x00, 0x26, 
    0x00, 0x00, 0x96, 0x62, 0x00, 0x00, 0x90, 0x49, 0x00, 0x00, 0x92, 0x23, 
    0x64, 0x00, 0x97, 0x52, 0x64, 0x00, 0x90, 0x45, 0x64, 0x00, 0x4A, 0x64, 
    0x00, 0x99, 0x2A, 0x7F, 0x00, 0x96, 0x64, 0x64, 0x00, 0x99, 0x24, 0x64, 
    0x1E, 0x24, 0x00, 0x00, 0x2A, 0x00, 0x00, 0x92, 0x23, 0x00, 0x00, 0x96, 
    0x64, 0x00, 0x00, 0x97, 0x52, 0x00, 0x00, 0x96, 0x67, 0x64, 0x00, 0x91, 
    0x53, 0x64, 0x00, 0x99, 0x2A, 0x50, 0x00, 0x92, 0x2F, 0x64, 0x00, 0x97, 
    0x55, 0x64, 0x0A, 0x9A, 0x4A, 0x00, 0x00, 0x49, 0x64, 0x14, 0x91, 0x53, 
    0x00, 0x00, 0x99, 0x3B, 0x00, 0x00, 0x96, 0x67, 0x00, 0x00, 0x99, 0x2A, 
    0x00, 0x00, 0x97, 0x55, 0x00, 0x00, 0x92, 0x2F, 0x00, 0x00, 0x91, 0x5F, 
    0x64, 0x00, 0x97, 0x57, 0x64, 0x00, 0x99, 0x2A, 0x5A, 0x00, 0x26, 0x64, 
    0x00, 0x3B, 0x7F, 0x00, 0x96, 0x69, 0x64, 0x14, 0x9B, 0x49, 0x00, 0x00, 
    0x4A, 0x64, 0x00, 0x45, 0x64, 0x0A, 0x99, 0x26, 0x00, 0x00, 0x91, 0x5F, 
    0x00, 0x00, 0x99, 0x2E, 0x00, 0x00, 0x97, 0x57, 0x00, 0x00, 0x96, 0x69, 
    0x00, 0x00, 0x99, 0x24, 0x64, 0x00, 0x2A, 0x64, 0x00, 0x92, 0x23, 0x64, 
    0x01, 0x97, 0x56, 0x64, 0x00, 0x96, 0x68, 0x64, 0x1D, 0x92, 0x23, 0x00, 
    0x00, 0x99, 0x2A, 0x00, 0x00, 0x24, 0x00, 0x00, 0x2A, 0x7F, 0x00, 0x92, 
    0x2F, 0x64, 0x00, 0x91, 0x5F, 0x64, 0x01, 0x97, 0x56, 0x00, 0x00, 0x96, 
    0x68, 0x00, 0x00, 0x6A, 0x64, 0x00, 0x97, 0x58, 0x64, 0x1D, 0x99, 0x2A, 
    0x00, 0x00, 0x92, 0x2F, 0x00, 0x00, 0x91, 0x5F, 0x00, 0x00, 0x99, 0x2A, 
    0x50, 0x00, 0x91, 0x53, 0x64, 0x00, 0x92, 0x2F, 0x64, 0x01, 0x96, 0x6A, 
    0x00, 0x00, 0x97, 0x58, 0x00, 0x00, 0x96, 0x6B, 0x64, 0x00, 0x97, 0x59, 
    0x64, 0x09, 0x9A, 0x49, 0x00, 0x00, 0x4A, 0x64, 0x00, 0x45, 0x64, 0x14, 
    0x99, 0x3B, 0x00, 0x00, 0x91, 0x53, 0x00, 0x00, 0x99, 0x2A, 0x00, 0x00, 
    0x92, 0x2F, 0x00, 0x00, 0x99, 0x24, 0x64, 0x00, 0x3B, 0x7F, 0x00, 0x2A, 
    0x5A, 0x00, 0x26, 0x64, 0x01, 0x97, 0x59, 0x00, 0x00, 0x96, 0x6B, 0x00, 
    0x00, 0x68, 0x64, 0x00, 0x97, 0x56, 0x64, 0x1D, 0x99, 0x2A, 0x00, 0x00, 
    0x24, 0x00, 0x00, 0x26, 0x00, 0x00, 0x92, 0x2F, 0x64, 0x00, 0x99, 0x26, 
    0x4B, 0x00, 0x2A, 0x7F, 0x01, 0x96, 0x68, 0x00, 0x00, 0x97, 0x56, 0x00, 
    0x01, 0x55, 0x64, 0x00, 0x96, 0x67, 0x64, 0x1C, 0x99, 0x2A, 0x00, 0x00, 
    0x92, 0x2F, 0x00, 0x00, 0x99, 0x26, 0x00, 0x00, 0x24, 0x64, 0x00, 0x2A, 
    0x64, 0x00, 0x92, 0x26, 0x64, 0x00, 0xB0, 0x01, 0x00, 0x02, 0x97, 0x55, 
    0x00, 0x00, 0x96, 0x67, 0x00, 0x00, 0x97, 0x54, 0x64, 0x00, 0x96, 0x66, 
    0x64, 0x04, 0xB0, 0x01, 0x02, 0x07, 0x01, 0x04, 0x07, 0x01, 0x06, 0x07, 
    0x01, 0x08, 0x03, 0x99, 0x24, 0x00, 0x00, 0x2A, 0x00, 0x00, 0x92, 0x26, 
    0x00, 0x00, 0x32, 0x64, 0x00, 0x99, 0x2A, 0x64, 0x00, 0x91, 0x53, 0x64, 
    0x02, 0x97, 0x54, 0x00, 0x00, 0x96, 0x66, 0x00, 0x00, 0x97, 0x53, 0x64, 
    0x00, 0x96, 0x65, 0x64, 0x02, 0xB0, 0x01, 0x0A, 0x06, 0x01, 0x0C, 0x07, 
    0x01, 0x0E, 0x07, 0x01, 0x10, 0x06, 0x99, 0x3B, 0x00, 0x00, 0x92, 0x32, 
    0x00, 0x00, 0x99, 0x2A, 0x00, 0x00, 0x91, 0x53, 0x00, 0x00, 0x99, 0x2A, 
    0x64, 0x00, 0x91, 0x5F, 0x64, 0x00, 0x99, 0x26, 0x64, 0x00, 0x3B, 0x7F, 
    0x01, 0xB0, 0x01, 0x12, 0x01, 0x96, 0x65, 0x00, 0x00, 0x97, 0x53, 0x00, 
    0x00, 0x55, 0x64, 0x00, 0x96, 0x67, 0x64, 0x06, 0xB0, 0x01, 0x14, 0x07, 
    0x01, 0x16, 0x05, 0xBB, 0x01, 0x00, 0x01, 0xB0, 0x01, 0x18, 0x05, 0xBB, 
    0x01, 0x02, 0x02, 0xB0, 0x01, 0x1A, 0x02, 0x91, 0x5F, 0x00, 0x00, 0x99, 
    0x2A, 0x00, 0x00, 0x26, 0x00, 0x00, 0x92, 0x26, 0x64, 0x00, 0x99, 0x2A, 
    0x64, 0x00, 0x24, 0x64, 0x02, 0x97, 0x55, 0x00, 0x00, 0x96, 0x67, 0x00, 
    0x01, 0x68, 0x64, 0x00, 0x97, 0x56, 0x64, 0x00, 0xBB, 0x01, 0x04, 0x02, 
    0xB0, 0x01, 0x1C, 0x05, 0xBB, 0x01, 0x06, 0x02, 0xB0, 0x01, 0x1E, 0x05, 
    0xBB, 0x01, 0x08, 0x02, 0xB0, 0x01, 0x20, 0x05, 0xBB, 0x01, 0x0A, 0x02, 
    0xB0, 0x01, 0x22, 0x04, 0x92, 0x26, 0x00, 0x00, 0x99, 0x2A, 0x00, 0x00, 
    0x24, 0x00, 0x00, 0x2A, 0x7F, 0x00, 0x92, 0x32, 0x64, 0x00, 0x91, 0x5F, 
    0x64, 0x00, 0xBB, 0x01, 0x0C, 0x02, 0xB0, 0x01, 0x24, 0x01, 0x96, 0x68, 
    0x00, 0x00, 0x97, 0x56, 0x00, 0x00, 0x50, 0x64, 0x00, 0x96, 0x62, 0x64, 
    0x04, 0xBB, 0x01, 0x0E, 0x02, 0xB0, 0x01, 0x26, 0x05, 0xBB, 0x01, 0x10, 
    0x02, 0xB0, 0x01, 0x28, 0x05, 0xBB, 0x01, 0x12, 0x02, 0xB0, 0x01, 0x2A, 
    0x05, 0xBB, 0x01, 0x14, 0x02, 0x99, 0x2A, 0x00, 0x00, 0x92, 0x32, 0x00, 
    0x00, 0x91, 0x5F, 0x00, 0x00, 0x92, 0x32, 0x64, 0x00, 0xB0, 0x01, 0x2C, 
    0x00, 0x99, 0x2A, 0x64, 0x00, 0x91, 0x53, 0x64, 0x03, 0x97, 0x50, 0x00, 
    0x00, 0x96, 0x62, 0x00, 0x00, 0x65, 0x64, 0x00, 0x97, 0x53, 0x64, 0x02, 
    0xBB, 0x01, 0x16, 0x02, 0xB0, 0x01, 0x2E, 0x03, 0xBA, 0x01, 0x00, 0x01, 
    0xBB, 0x01, 0x18, 0x02, 0xB0, 0x01, 0x30, 0x03, 0xBA, 0x01, 0x02, 0x02, 
    0xBB, 0x01, 0x1A, 0x02, 0xB0, 0x01, 0x32, 0x03, 0xBA, 0x01, 0x04, 0x02, 
    0xBB, 0x01, 0x1C, 0x02, 0xB0, 0x01, 0x34, 0x03, 0x99, 0x3B, 0x00, 0x00, 
    0x92, 0x32, 0x00, 0x00, 0x99, 0x2A, 0x00, 0x00, 0x91, 0x53, 0x00, 0x00, 
    0x99, 0x24, 0x64, 0x00, 0xBA, 0x01, 0x06, 0x00, 0x99, 0x2A, 0x64, 0x00, 
    0x3B, 0x7F, 0x00, 0x26, 0x64, 0x02, 0xBB, 0x01, 0x1E, 0x01, 0x97, 0x53, 
    0x00, 0x00, 0x96, 0x65, 0x00, 0x00, 0x97, 0x57, 0x64, 0x00, 0x96, 0x69, 
    0x64, 0x01, 0xB0, 0x01, 0x36, 0x03, 0xBA, 0x01, 0x08, 0x02, 0xBB, 0x01, 
    0x20, 0x02, 0xB0, 0x01, 0x38, 0x03, 0xBA, 0x01, 0x0A, 0x02, 0xBB, 0x01, 
    0x22, 0x02, 0xB0, 0x01, 0x3A, 0x02, 0xBA, 0x01, 0x0C, 0x02, 0xBB, 0x01, 
    0x24, 0x02, 0xB0, 0x01, 0x3C, 0x03, 0xBA, 0x01, 0x0E, 0x02, 0xBB, 0x01, 
    0x26, 0x01, 0x99, 0x24, 0x00, 0x00, 0x2A, 0x00, 0x00, 0x26, 0x00, 0x00, 
    0x26, 0x4B, 0x00, 0x2E, 0x7F, 0x00, 0x92, 0x32, 0x64, 0x01, 0xB0, 0x01, 
    0x3E, 0x02, 0x97, 0x57, 0x00, 0x00, 0x96, 0x69, 0x00, 0x01, 0x97, 0x50, 
    0x64, 0x00, 0xBA, 0x01, 0x10, 0x00, 0x96, 0x62, 0x64, 0x02, 0xBB, 0x01, 
    0x28, 0x02, 0xB0, 0x01, 0x40, 0x03, 0xBA, 0x01, 0x12, 0x02, 0xBB, 0x01, 
    0x2A, 0x02, 0xB0, 0x01, 0x42, 0x00, 0x06, 0x18, 0x00, 0xE0, 0x00, 0x40, 
    0x01, 0x36, 0x3B, 0x02, 0x24, 0x32, 0x00, 0xBA, 0x01, 0x14, 0x02, 0xE0, 
    0x12, 0x29, 0x00, 0xBB, 0x01, 0x2C, 0x02, 0xE0, 0x00, 0x20, 0x00, 0xB0, 
    0x01, 0x44, 0x02, 0xE0, 0x6E, 0x16, 0x01, 0xBA, 0x01, 0x16, 0x01, 0xE0, 
    0x5C, 0x0D, 0x01, 0xBB, 0x01, 0x2E, 0x01, 0xE0, 0x4A, 0x04, 0x01, 0xB0, 
    0x01, 0x32, 0x01, 0x90, 0x45, 0x00, 0x00, 0x4A, 0x00, 0x00, 0x99, 0x26, 
    0x00, 0x00, 0x2A, 0x00, 0x00, 0x92, 0x32, 0x00, 0x00, 0xE0, 0x00, 0x40, 
    0x00, 0x99, 0x2A, 0x7F, 0x00, 0x92, 0x21, 0x64, 0x00, 0x99, 0x24, 0x64, 
    0x00, 0xE0, 0x00, 0x40, 0x00, 0x90, 0x45, 0x64, 0x01, 0xBA, 0x01, 0x18, 
    0x02, 0xBB, 0x01, 0x30, 0x01, 0x96, 0x62, 0x00, 0x00, 0x97, 0x50, 0x00, 
    0x00, 0x96, 0x63, 0x64, 0x00, 0x97, 0x51, 0x64, 0x04, 0xBA, 0x01, 0x1A, 
    0x02, 0xBB, 0x01, 0x32, 0x05, 0xBA, 0x01, 0x1C, 0x02, 0xBB, 0x01, 0x34, 
    0x05, 0xBA, 0x01, 0x1E, 0x02, 0xBB, 0x01, 0x36, 0x05, 0xBA, 0x01, 0x20, 
    0x01, 0x99, 0x2A, 0x00, 0x00, 0x24, 0x00, 0x00, 0x92, 0x21, 0x00, 0x00, 
    0x2D, 0x64, 0x00, 0x99, 0x2A, 0x50, 0x00, 0x91, 0x53, 0x64, 0x01, 0xBB, 
    0x01, 0x38, 0x03, 0x96, 0x63, 0x00, 0x00, 0x97, 0x51, 0x00, 0x00, 0x59, 
    0x64, 0x00, 0x96, 0x6B, 0x64, 0x02, 0xBA, 0x01, 0x22, 0x02, 0xBB, 0x01, 
    0x3A, 0x04, 0xBA, 0x01, 0x24, 0x02, 0xBB, 0x01, 0x3C, 0x05, 0xBA, 0x01, 
    0x26, 0x02, 0xBB, 0x01, 0x3E, 0x05, 0xBA, 0x01, 0x28, 0x02, 0xBB, 0x01, 
    0x40, 0x02, 0x99, 0x3B, 0x00, 0x00, 0x92, 0x2D, 0x00, 0x00, 0x99, 0x2A, 
    0x00, 0x00, 0x91, 0x53, 0x00, 0x00, 0x99, 0x2A, 0x5A, 0x00, 0x26, 0x64, 
    0x00, 0x91, 0x5F, 0x64, 0x00, 0x99, 0x3B, 0x7F, 0x03, 0xBA, 0x01, 0x2A, 
    0x01, 0x96, 0x6B, 0x00, 0x00, 0x97, 0x59, 0x00, 0x00, 0x96, 0x60, 0x64, 
    0x00, 0x97, 0x4E, 0x64, 0x01, 0xEB, 0x00, 0x40, 0x00, 0xBB, 0x01, 0x42, 
    0x00, 0x06, 0x18, 0x01, 0xEB, 0x36, 0x3B, 0x02, 0x24, 0x32, 0x02, 0xBA, 
    0x01, 0x2C, 0x00, 0xEB, 0x12, 0x29, 0x02, 0xBB, 0x01, 0x44, 0x00, 0xEB, 
    0x00, 0x20, 0x02, 0x6E, 0x16, 0x02, 0x5C, 0x0D, 0x01, 0xBA, 0x01, 0x2E, 
    0x01, 0xEB, 0x4A, 0x04, 0x01, 0xBB, 0x01, 0x32, 0x01, 0x9B, 0x4A, 0x00, 
    0x00, 0x45, 0x00, 0x00, 0x45, 0x64, 0x00, 0xEB, 0x00, 0x40, 0x00, 0x00, 
    0x40, 0x03, 0xBA, 0x01, 0x30, 0x07, 0x99, 0x2E, 0x00, 0x00, 0x91, 0x5F, 
    0x00, 0x00, 0x99, 0x26, 0x00, 0x00, 0x92, 0x21, 0x64, 0x00, 0xBA, 0x01, 
    0x32, 0x00, 0x99, 0x24, 0x64, 0x00, 0x2A, 0x64, 0x04, 0x96, 0x60, 0x00, 
    0x00, 0x97, 0x4E, 0x00, 0x01, 0x5A, 0x64, 0x00, 0x96, 0x6C, 0x64, 0x02, 
    0xBA, 0x01, 0x34, 0x07, 0x01, 0x36, 0x07, 0x01, 0x38, 0x07, 0x01, 0x3A, 
    0x02, 0x92, 0x21, 0x00, 0x00, 0x90, 0x45, 0x00, 0x00, 0x99, 0x2A, 0x00, 
    0x00, 0x24, 0x00, 0x00, 0x2A, 0x7F, 0x00, 0x91, 0x5F, 0x64, 0x00, 0x92, 
    0x2D, 0x64, 0x00, 0x90, 0x44, 0x64, 0x04, 0xBA, 0x01, 0x3C, 0x01, 0x97, 
    0x5A, 0x00, 0x00, 0x96, 0x6C, 0x00, 0x00, 0x65, 0x64, 0x00, 0x97, 0x53, 
    0x64, 0x06, 0xBA, 0x01, 0x3E, 0x07, 0x01, 0x40, 0x07, 0xEA, 0x00, 0x40, 
    0x00, 0xBA, 0x06, 0x18, 0x00, 0x01, 0x42, 0x01, 0xEA, 0x36, 0x3B, 0x02, 
    0x24, 0x32, 0x02, 0x91, 0x5F, 0x00, 0x00, 0x99, 0x2A, 0x00, 0x00, 0x92, 
    0x2D, 0x00, 0x00, 0x91, 0x53, 0x64, 0x00, 0xEA, 0x12, 0x29, 0x00, 0x92, 
    0x2D, 0x64, 0x00, 0x99, 0x2A, 0x50, 0x02, 0xEA, 0x00, 0x20, 0x00, 0xBA, 
    0x01, 0x44, 0x02, 0xEA, 0x6E, 0x16, 0x01, 0x96, 0x65, 0x00, 0x00, 0x97, 
    0x53, 0x00, 0x00, 0x4F, 0x64, 0x00, 0x96, 0x61, 0x64, 0x01, 0xEA, 0x5C, 
    0x0D, 0x02, 0x4A, 0x04, 0x01, 0xBA, 0x01, 0x32, 0x01, 0x9A, 0x45, 0x00, 
    0x00, 0x4A, 0x00, 0x00, 0xEA, 0x00, 0x40, 0x00, 0x00, 0x40, 0x00, 0x9A, 
    0x45, 0x64, 0x14, 0x99, 0x2A, 0x00, 0x00, 0x3B, 0x00, 0x00, 0x91, 0x53, 
    0x00, 0x00, 0x92, 0x2D, 0x00, 0x00, 0x99, 0x3B, 0x7F, 0x00, 0x24, 0x64, 
    0x00, 0x26, 0x64, 0x00, 0x2A, 0x5A, 0x05, 0x97, 0x4F, 0x00, 0x00, 0x96, 
    0x61, 0x00, 0x00, 0x68, 0x64, 0x00, 0x97, 0x56, 0x64, 0x0F, 0x9B, 0x45, 
    0x00, 0x00, 0x44, 0x64, 0x0A, 0x99, 0x26, 0x00, 0x00, 0x24, 0x00, 0x00, 
    0x2A, 0x00, 0x00, 0x2A, 0x7F, 0x00, 0x92, 0x2D, 0x64, 0x00, 0x99, 0x26, 
    0x4B, 0x05, 0x96, 0x68, 0x00, 0x00, 0x97, 0x56, 0x00, 0x01, 0x4F, 0x64, 
    0x00, 0x96, 0x61, 0x64, 0x18, 0x99, 0x2A, 0x00, 0x00, 0x92, 0x2D, 0x00, 
    0x00, 0x90, 0x44, 0x00, 0x00, 0x99, 0x26, 0x00, 0x00, 0x90, 0x45, 0x64, 
    0x00, 0x99, 0x24, 0x64, 0x00, 0x2A, 0x64, 0x00, 0x92, 0x21, 0x64, 0x06, 
    0x97, 0x4F, 0x00, 0x00, 0x96, 0x61, 0x00, 0x00, 0x6C, 0x64, 0x00, 0x97, 
    0x5A, 0x64, 0x18, 0x99, 0x24, 0x00, 0x00, 0x2A, 0x00, 0x00, 0x92, 0x21, 
    0x00, 0x00, 0x2D, 0x64, 0x00, 0x91, 0x53, 0x64, 0x00, 0x99, 0x2A, 0x64, 
    0x06, 0x96, 0x6C, 0x00, 0x00, 0x97, 0x5A, 0x00, 0x00, 0x53, 0x64, 0x00, 
    0x96, 0x65, 0x64, 0x04, 0x9A, 0x45, 0x00, 0x00, 0x44, 0x64, 0x14, 0x92, 
    0x2D, 0x00, 0x00, 0x99, 0x3B, 0x00, 0x00, 0x91, 0x53, 0x00, 0x00, 0x99, 
    0x2A, 0x00, 0x00, 0x3B, 0x7F, 0x00, 0x2A, 0x64, 0x00, 0x26, 0x64, 0x00, 
    0x91, 0x5F, 0x64, 0x06, 0x97, 0x53, 0x00, 0x00, 0x96, 0x65, 0x00, 0x00, 
    0x6C, 0x64, 0x00, 0x97, 0x5A, 0x64, 0x0E, 0x9B, 0x44, 0x00, 0x00, 0x45, 
    0x64, 0x0A, 0x99, 0x2A, 0x00, 0x00, 0x26, 0x00, 0x00, 0x91, 0x5F, 0x00, 
    0x00, 0x92, 0x21, 0x64, 0x00, 0x99, 0x2A, 0x64, 0x00, 0x24, 0x64, 0x06, 
    0x96, 0x6C, 0x00, 0x00, 0x97, 0x5A, 0x00, 0x01, 0x96, 0x62, 0x64, 0x00, 
    0x97, 0x50, 0x64, 0x17, 0x92, 0x21, 0x00, 0x00, 0x90, 0x45, 0x00, 0x00, 
    0x99, 0x2A, 0x00, 0x00, 0x24, 0x00, 0x00, 0x2A, 0x7F, 0x00, 0x90, 0x44, 
    0x64, 0x00, 0x91, 0x5F, 0x64, 0x00, 0x92, 0x2D, 0x64, 0x07, 0x96, 0x62, 
    0x00, 0x00, 0x97, 0x50, 0x00, 0x00, 0x96, 0x64, 0x64, 0x00, 0x97, 0x52, 
    0x64, 0x17, 0x91, 0x5F, 0x00, 0x00, 0x92, 0x2D, 0x00, 0x00, 0x99, 0x2A, 
    0x00, 0x00, 0x91, 0x53, 0x64, 0x00, 0x92, 0x2D, 0x64, 0x00, 0x99, 0x2A, 
    0x64, 0x07, 0x96, 0x64, 0x00, 0x00, 0x97, 0x52, 0x00, 0x00, 0x50, 0x64, 
    0x00, 0x96, 0x62, 0x64, 0x03, 0x9A, 0x44, 0x00, 0x00, 0x45, 0x64, 0x14, 
    0x91, 0x53, 0x00, 0x00, 0x99, 0x2A, 0x00, 0x00, 0x92, 0x2D, 0x00, 0x00, 
    0x99, 0x3B, 0x00, 0x00, 0x3B, 0x7F, 0x00, 0x26, 0x64, 0x00, 0x24, 0x64, 
    0x00, 0x2A, 0x64, 0x07, 0x97, 0x50, 0x00, 0x00, 0x96, 0x62, 0x00, 0x00, 
    0x6C, 0x64, 0x00, 0x97, 0x5A, 0x64, 0x0D, 0x9B, 0x45, 0x00, 0x00, 0x44, 
    0x64, 0x0A, 0x99, 0x24, 0x00, 0x00, 0x26, 0x00, 0x00, 0x2A, 0x00, 0x00, 
    0x92, 0x2D, 0x64, 0x00, 0x99, 0x2E, 0x7F, 0x00, 0x26, 0x4B, 0x07, 0x96, 
    0x6C, 0x00, 0x00, 0x97, 0x5A, 0x00, 0x01, 0x57, 0x64, 0x00, 0x96, 0x69, 
    0x64, 0x16, 0x92, 0x2D, 0x00, 0x00, 0x99, 0x2A, 0x00, 0x00, 0x90, 0x44, 
    0x00, 0x00, 0x99, 0x26, 0x00, 0x00, 0x90, 0x45, 0x64, 0x00, 0x3E, 0x64, 
    0x00, 0x92, 0x23, 0x64, 0x00, 0xB0, 0x06, 0x02, 0x00, 0x99, 0x2A, 0x7F, 
    0x00, 0xB0, 0x01, 0x00, 0x00, 0x99, 0x24, 0x64, 0x03, 0xB0, 0x01, 0x01, 
    0x05, 0x97, 0x57, 0x00, 0x00, 0x96, 0x69, 0x00, 0x00, 0x97, 0x5A, 0x64, 
    0x00, 0x96, 0x6C, 0x64, 0x03, 0xB0, 0x01, 0x03, 0x07, 0x01, 0x05, 0x08, 
    0x01, 0x07, 0x04, 0x92, 0x23, 0x00, 0x00, 0x99, 0x2A, 0x00, 0x00, 0x24, 
    0x00, 0x00, 0x2A, 0x50, 0x00, 0x91, 0x53, 0x64, 0x00, 0x92, 0x2F, 0x64, 
    0x03, 0xB0, 0x01, 0x09, 0x05, 0x97, 0x5A, 0x00, 0x00, 0x96, 0x6C, 0x00, 
    0x00, 0x66, 0x64, 0x00, 0x97, 0x54, 0x64, 0x02, 0x9A, 0x45, 0x00, 0x00, 
    0x44, 0x64, 0x01, 0xB0, 0x01, 0x0B, 0x07, 0x01, 0x0D, 0x08, 0x01, 0x0F, 
    0x04, 0x99, 0x3B, 0x00, 0x00, 0x91, 0x53, 0x00, 0x00, 0x92, 0x2F, 0x00, 
    0x00, 0x99, 0x2A, 0x00, 0x00, 0x26, 0x64, 0x00, 0x91, 0x5F, 0x64, 0x00, 
    0x99, 0x3B, 0x7F, 0x00, 0x2A, 0x5A, 0x03, 0xB0, 0x01, 0x11, 0x05, 0x97, 
    0x54, 0x00, 0x00, 0x96, 0x66, 0x00, 0x00, 0x97, 0x50, 0x64, 0x00, 0x96, 
    0x62, 0x64, 0x03, 0xB0, 0x01, 0x13, 0x08, 0x01, 0x15, 0x01, 0x9B, 0x44, 
    0x00, 0x00, 0xBB, 0x01, 0x00, 0x00, 0x06, 0x02, 0x00, 0x9B, 0x3E, 0x64, 
    0x00, 0x45, 0x64, 0x03, 0xBB, 0x01, 0x01, 0x03, 0xB0, 0x01, 0x17, 0x04, 
    0x99, 0x2E, 0x00, 0x00, 0x91, 0x5F, 0x00, 0x00, 0x99, 0x26, 0x00, 0x00, 
    0x24, 0x64, 0x00, 0x2A, 0x64, 0x00, 0x92, 0x23, 0x64, 0x01, 0xBB, 0x01, 
    0x03, 0x03, 0xB0, 0x01, 0x19, 0x04, 0x96, 0x62, 0x00, 0x00, 0x97, 0x50, 
    0x00, 0x00, 0xBB, 0x01, 0x05, 0x01, 0x96, 0x68, 0x64, 0x00, 0x97, 0x56, 
    0x64, 0x02, 0xB0, 0x01, 0x1B, 0x05, 0xBB, 0x01, 0x07, 0x03, 0xB0, 0x01, 
    0x1D, 0x04, 0xBB, 0x01, 0x09, 0x03, 0xB0, 0x01, 0x1F, 0x04, 0x99, 0x2A, 
    0x00, 0x00, 0x24, 0x00, 0x00, 0x92, 0x23, 0x00, 0x00, 0x2F, 0x64, 0x00, 
    0x99, 0x2A, 0x7F, 0x00, 0x91, 0x5F, 0x64, 0x01, 0xBB, 0x01, 0x0B, 0x03, 
    0xB0, 0x01, 0x21, 0x04, 0xBB, 0x01, 0x0D, 0x01, 0x96, 0x68, 0x00, 0x00, 
    0x97, 0x56, 0x00, 0x00, 0x54, 0x64, 0x00, 0x96, 0x66, 0x64, 0x02, 0xB0, 
    0x01, 0x23, 0x05, 0xBB, 0x01, 0x0F, 0x03, 0xB0, 0x01, 0x25, 0x04, 0xBB, 
    0x01, 0x11, 0x03, 0xB0, 0x01, 0x27, 0x04, 0x99, 0x2A, 0x00, 0x00, 0x92, 
    0x2F, 0x00, 0x00, 0x91, 0x5F, 0x00, 0x00, 0x53, 0x64, 0x00, 0x99, 0x2A, 
    0x50, 0x00, 0x92, 0x2F, 0x64, 0x01, 0xBB, 0x01, 0x13, 0x03, 0xB0, 0x01, 
    0x29, 0x05, 0x97, 0x54, 0x00, 0x00, 0x96, 0x66, 0x00, 0x00, 0x67, 0x64, 
    0x00, 0xBB, 0x01, 0x15, 0x00, 0x97, 0x55, 0x64, 0x01, 0x9A, 0x44, 0x00, 
    0x00, 0x3E, 0x64, 0x00, 0xBA, 0x06, 0x02, 0x00, 0x9A, 0x45, 0x64, 0x00, 
    0xBA, 0x01, 0x00, 0x01, 0xB0, 0x01, 0x2B, 0x02, 0xBA, 0x01, 0x01, 0x03, 
    0xBB, 0x01, 0x17, 0x03, 0xB0, 0x01, 0x2D, 0x02, 0xBA, 0x01, 0x03, 0x03, 
    0xBB, 0x01, 0x19, 0x02, 0xB0, 0x01, 0x2F, 0x02, 0xBA, 0x01, 0x05, 0x02, 
    0x99, 0x3B, 0x00, 0x00, 0x2A, 0x00, 0x00, 0x91, 0x53, 0x00, 0x00, 0x92, 
    0x2F, 0x00, 0x00, 0x99, 0x3B, 0x7F, 0x00, 0x26, 0x64, 0x00, 0x2A, 0x5A, 
    0x00, 0x24, 0x64, 0x01, 0xBB, 0x01, 0x1B, 0x03, 0xB0, 0x01, 0x31, 0x02, 
    0xBA, 0x01, 0x07, 0x03, 0x97, 0x55, 0x00, 0x00, 0x96, 0x67, 0x00, 0x00, 
    0x63, 0x64, 0x00, 0x97, 0x51, 0x64, 0x00, 0xBB, 0x01, 0x1D, 0x02, 0xB0, 
    0x01, 0x33, 0x02, 0xBA, 0x01, 0x09, 0x03, 0xBB, 0x01, 0x1F, 0x03, 0xB0, 
    0x01, 0x35, 0x02, 0xBA, 0x01, 0x0B, 0x03, 0xBB, 0x01, 0x21, 0x03, 0xB0, 
    0x01, 0x37, 0x01, 0xBA, 0x01, 0x0D, 0x02, 0x99, 0x2A, 0x00, 0x00, 0x26, 
    0x00, 0x00, 0x24, 0x00, 0x00, 0x26, 0x4B, 0x00, 0x2A, 0x7F, 0x00, 0x92, 
    0x2F, 0x64, 0x01, 0xBB, 0x01, 0x23, 0x03, 0xB0, 0x01, 0x39, 0x02, 0xBA, 
    0x01, 0x0F, 0x03, 0x96, 0x63, 0x00, 0x00, 0x97, 0x51, 0x00, 0x00, 0xBB, 
    0x01, 0x25, 0x01, 0x97, 0x53, 0x64, 0x00, 0x96, 0x65, 0x64, 0x02, 0xB0, 
    0x01, 0x3B, 0x01, 0xBA, 0x01, 0x11, 0x03, 0xBB, 0x01, 0x27, 0x03, 0xB0, 
    0x01, 0x3D, 0x02, 0xBA, 0x01, 0x13, 0x03, 0xBB, 0x01, 0x29, 0x03, 0xB0, 
    0x01, 0x3F, 0x02, 0xBA, 0x01, 0x15, 0x01, 0x99, 0x2A, 0x00, 0x00, 0x26, 
    0x00, 0x00, 0x92, 0x2F, 0x00, 0x00, 0xB0, 0x01, 0x40, 0x00, 0x99, 0x24, 
    0x64, 0x00, 0x92, 0x26, 0x64, 0x00, 0x99, 0x2A, 0x64, 0x01, 0xBB, 0x01, 
    0x2B, 0x03, 0xB0, 0x01, 0x41, 0x02, 0xBA, 0x01, 0x17, 0x03, 0xBB, 0x01, 
    0x2D, 0x01, 0x97, 0x53, 0x00, 0x00, 0x96, 0x65, 0x00, 0x00, 0x97, 0x51, 
    0x64, 0x00, 0x96, 0x63, 0x64, 0x02, 0xB0, 0x01, 0x43, 0x02, 0xBA, 0x01, 
    0x19, 0x02, 0xBB, 0x01, 0x2F, 0x03, 0xB0, 0x01, 0x45, 0x02, 0xBA, 0x01, 
    0x1B, 0x03, 0xBB, 0x01, 0x31, 0x03, 0xB0, 0x01, 0x47, 0x02, 0xBA, 0x01, 
    0x1D, 0x01, 0x99, 0x24, 0x00, 0x00, 0x2A, 0x00, 0x00, 0x92, 0x26, 0x00, 
    0x00, 0x99, 0x2A, 0x64, 0x00, 0x91, 0x53, 0x64, 0x00, 0x92, 0x32, 0x64, 
    0x01, 0xBB, 0x01, 0x33, 0x03, 0xB0, 0x01, 0x49, 0x02, 0xBA, 0x01, 0x1F, 
    0x03, 0xBB, 0x01, 0x35, 0x01, 0x97, 0x51, 0x00, 0x00, 0x96, 0x63, 0x00, 
    0x00, 0x69, 0x64, 0x00, 0x97, 0x57, 0x64, 0x02, 0xB0, 0x01, 0x4B, 0x02, 
    0xBA, 0x01, 0x21, 0x03, 0xBB, 0x01, 0x37, 0x02, 0xB0, 0x01, 0x4D, 0x02, 
    0xBA, 0x01, 0x23, 0x03, 0xBB, 0x01, 0x39, 0x03, 0xB0, 0x01, 0x4F, 0x02, 
    0xBA, 0x01, 0x25, 0x01, 0x91, 0x53, 0x00, 0x00, 0x99, 0x2A, 0x00, 0x00, 
    0x3B, 0x00, 0x00, 0x92, 0x32, 0x00, 0x00, 0x99, 0x26, 0x64, 0x00, 0x2A, 
    0x64, 0x00, 0x91, 0x5F, 0x64, 0x00, 0x99, 0x3B, 0x7F, 0x02, 0xBB, 0x01, 
    0x3B, 0x02, 0xB0, 0x01, 0x51, 0x02, 0xBA, 0x01, 0x27, 0x03, 0xBB, 0x01, 
    0x3D, 0x01, 0x97, 0x57, 0x00, 0x00, 0x96, 0x69, 0x00, 0x00, 0x97, 0x50, 
    0x64, 0x00, 0x96, 0x62, 0x64, 0x02, 0xB0, 0x01, 0x53, 0x02, 0xBA, 0x01, 
    0x29, 0x03, 0xBB, 0x01, 0x3F, 0x02, 0xB0, 0x01, 0x55, 0x01, 0xBB, 0x01, 
    0x40, 0x01, 0xBA, 0x01, 0x2B, 0x03, 0xBB, 0x01, 0x41, 0x03, 0xB0, 0x01, 
    0x57, 0x02, 0xBA, 0x01, 0x2D, 0x01, 0x99, 0x2A, 0x00, 0x00, 0x26, 0x00, 
    0x00, 0x91, 0x5F, 0x00, 0x00, 0x99, 0x24, 0x64, 0x00, 0x92, 0x26, 0x64, 
    0x00, 0x99, 0x2A, 0x64, 0x02, 0xBB, 0x01, 0x43, 0x02, 0xB0, 0x01, 0x59, 
    0x02, 0xBA, 0x01, 0x2F, 0x03, 0xBB, 0x01, 0x45, 0x01, 0x97, 0x50, 0x00, 
    0x00, 0x96, 0x62, 0x00, 0x01, 0x65, 0x64, 0x00, 0x97, 0x53, 0x64, 0x01, 
    0xB0, 0x01, 0x5B, 0x02, 0xBA, 0x01, 0x31, 0x03, 0xBB, 0x01, 0x47, 0x03, 
    0xB0, 0x01, 0x5D, 0x01, 0xBA, 0x01, 0x33, 0x03, 0xBB, 0x01, 0x49, 0x03, 
    0xB0, 0x01, 0x5F, 0x02, 0xBA, 0x01, 0x35, 0x01, 0x99, 0x24, 0x00, 0x00, 
    0x2A, 0x00, 0x00, 0x92, 0x26, 0x00, 0x00, 0x99, 0x2A, 0x7F, 0x00, 0xE0, 
    0x00, 0x40, 0x00, 0xB0, 0x06, 0x18, 0x00, 0x91, 0x5F, 0x64, 0x00, 0x92, 
    0x32, 0x64, 0x02, 0xE0, 0x76, 0x3E, 0x00, 0xBB, 0x01, 0x4B, 0x02, 0xE0, 
    0x6C, 0x3D, 0x01, 0xB0, 0x01, 0x61, 0x01, 0xE0, 0x63, 0x3C, 0x01, 0xBA, 
    0x01, 0x37, 0x01, 0xE0, 0x59, 0x3B, 0x01, 0xBB, 0x01, 0x4D, 0x01, 0xE0, 
    0x4F, 0x3A, 0x01, 0x96, 0x65, 0x00, 0x00, 0x97, 0x53, 0x00, 0x00, 0x96, 
    0x60, 0x64, 0x00, 0x97, 0x4E, 0x64, 0x01, 0xB0, 0x01, 0x63, 0x00, 0xE0, 
    0x46, 0x39, 0x02, 0x3C, 0x38, 0x00, 0xBA, 0x01, 0x39, 0x02, 0xE0, 0x32, 
    0x37, 0x01, 0xBB, 0x01, 0x4F, 0x01, 0xE0, 0x29, 0x36, 0x02, 0x1F, 0x35, 
    0x00, 0xB0, 0x01, 0x65, 0x02, 0xE0, 0x15, 0x34, 0x00, 0xBA, 0x01, 0x3B, 
    0x02, 0xBB, 0x01, 0x51, 0x00, 0xE0, 0x0C, 0x33, 0x02, 0x02, 0x32, 0x01, 
    0xB0, 0x01, 0x67, 0x01, 0xE0, 0x78, 0x30, 0x01, 0xBA, 0x01, 0x3D, 0x01, 
    0x99, 0x2A, 0x00, 0x00, 0x91, 0x5F, 0x00, 0x00, 0x92, 0x32, 0x00, 0x00, 
    0x99, 0x2A, 0x64, 0x00, 0xE0, 0x6F, 0x2F, 0x00, 0x91, 0x53, 0x64, 0x00, 
    0x92, 0x32, 0x64, 0x02, 0xE0, 0x65, 0x2E, 0x00, 0xBB, 0x01, 0x53, 0x02, 
    0xE0, 0x5B, 0x2D, 0x01, 0xB0, 0x01, 0x69, 0x01, 0xE0, 0x52, 0x2C, 0x01, 
    0xBA, 0x01, 0x3F, 0x01, 0xE0, 0x48, 0x2B, 0x01, 0xBB, 0x01, 0x55, 0x01, 
    0xBA, 0x01, 0x40, 0x00, 0xE0, 0x3E, 0x2A, 0x01, 0x96, 0x60, 0x00, 0x00, 
    0x97, 0x4E, 0x00, 0x00, 0x96, 0x67, 0x64, 0x00, 0x97, 0x55, 0x64, 0x01, 
    0xE0, 0x35, 0x29, 0x00, 0xB0, 0x01, 0x6B, 0x02, 0xE0, 0x2B, 0x28, 0x00, 
    0xBA, 0x01, 0x41, 0x02, 0xE0, 0x21, 0x27, 0x01, 0xBB, 0x01, 0x57, 0x01, 
    0xE0, 0x18, 0x26, 0x02, 0xB0, 0x01, 0x6D, 0x00, 0xE0, 0x0E, 0x25, 0x02, 
    0x04, 0x24, 0x00, 0xBA, 0x01, 0x43, 0x02, 0xE0, 0x7B, 0x22, 0x00, 0xBB, 
    0x01, 0x59, 0x02, 0xE0, 0x71, 0x21, 0x01, 0xB0, 0x01, 0x6F, 0x01, 0xE0, 
    0x67, 0x20, 0x01, 0xBA, 0x01, 0x45, 0x01, 0x91, 0x53, 0x00, 0x00, 0x99, 
    0x2A, 0x00, 0x00, 0x3B, 0x00, 0x00, 0x92, 0x32, 0x00, 0x00, 0x99, 0x2A, 
    0x64, 0x00, 0x26, 0x64, 0x00, 0xE0, 0x5E, 0x1F, 0x00, 0x99, 0x3B, 0x7F, 
    0x00, 0x24, 0x64, 0x02, 0xE0, 0x54, 0x1E, 0x00, 0xBB, 0x01, 0x5B, 0x02, 
    0xE0, 0x4A, 0x1D, 0x01, 0xB0, 0x01, 0x71, 0x01, 0xE0, 0x41, 0x1C, 0x01, 
    0xBA, 0x01, 0x47, 0x01, 0xE0, 0x37, 0x1B, 0x02, 0x2D, 0x1A, 0x00, 0xBB, 
    0x01, 0x5D, 0x01, 0x97, 0x55, 0x00, 0x00, 0x96, 0x67, 0x00, 0x00, 0x68, 
    0x64, 0x00, 0x97, 0x56, 0x64, 0x01, 0xE0, 0x24, 0x19, 0x00, 0xB0, 0x01, 
    0x73, 0x02, 0xBA, 0x01, 0x49, 0x00, 0xE0, 0x1A, 0x18, 0x02, 0x10, 0x17, 
    0x01, 0xBB, 0x01, 0x5F, 0x01, 0xE0, 0x07, 0x16, 0x02, 0xEB, 0x00, 0x40, 
    0x00, 0xBB, 0x06, 0x18, 0x00, 0xE0, 0x7D, 0x14, 0x00, 0xB0, 0x01, 0x75, 
    0x02, 0xEB, 0x76, 0x3E, 0x00, 0xE0, 0x73, 0x13, 0x00, 0xBA, 0x01, 0x4B, 
    0x02, 0xE0, 0x6A, 0x12, 0x00, 0xEB, 0x6C, 0x3D, 0x01, 0xBB, 0x01, 0x61, 
    0x01, 0xEB, 0x63, 0x3C, 0x00, 0xE0, 0x60, 0x11, 0x01, 0xB0, 0x01, 0x77, 
    0x01, 0xEB, 0x59, 0x3B, 0x00, 0xE0, 0x56, 0x10, 0x01, 0xBA, 0x01, 0x4D, 
    0x01, 0x99, 0x2A, 0x00, 0x00, 0x26, 0x00, 0x00, 0x24, 0x00, 0x00, 0x92, 
    0x32, 0x64, 0x00, 0xEB, 0x4F, 0x3A, 0x00, 0xE0, 0x4D, 0x0F, 0x00, 0x99, 
    0x26, 0x4B, 0x00, 0x2E, 0x7F, 0x02, 0xEB, 0x46, 0x39, 0x00, 0xBB, 0x01, 
    0x63, 0x00, 0xE0, 0x43, 0x0E, 0x02, 0x39, 0x0D, 0x00, 0xEB, 0x3C, 0x38, 
    0x01, 0xB0, 0x01, 0x79, 0x01, 0xEB, 0x32, 0x37, 0x00, 0xE0, 0x30, 0x0C, 
    0x01, 0xBA, 0x01, 0x4F, 0x01, 0xEB, 0x29, 0x36, 0x00, 0xE0, 0x26, 0x0B, 
    0x02, 0xBB, 0x01, 0x65, 0x00, 0xE0, 0x1C, 0x0A, 0x00, 0xEB, 0x1F, 0x35, 
    0x01, 0x96, 0x68, 0x00, 0x00, 0x97, 0x56, 0x00, 0x01, 0xEB, 0x15, 0x34, 
    0x00, 0x97, 0x57, 0x64, 0x00, 0xB0, 0x01, 0x7B, 0x00, 0xE0, 0x13, 0x09, 
    0x00, 0x96, 0x69, 0x64, 0x02, 0xBA, 0x01, 0x51, 0x00, 0xEB, 0x0C, 0x33, 
    0x00, 0xE0, 0x09, 0x08, 0x02, 0xEB, 0x02, 0x32, 0x00, 0xE0, 0x7F, 0x06, 
    0x01, 0xBB, 0x01, 0x67, 0x01, 0xEB, 0x78, 0x30, 0x00, 0xE0, 0x76, 0x05, 
    0x02, 0xB0, 0x01, 0x7D, 0x00, 0xEB, 0x6F, 0x2F, 0x00, 0xE0, 0x6C, 0x04, 
    0x02, 0x62, 0x03, 0x00, 0xEB, 0x65, 0x2E, 0x00, 0xBA, 0x01, 0x53, 0x02, 
    0xEB, 0x5B, 0x2D, 0x00, 0xE0, 0x59, 0x02, 0x01, 0xBB, 0x01, 0x69, 0x01, 
    0xE0, 0x4F, 0x01, 0x00, 0xEB, 0x52, 0x2C, 0x02, 0x48, 0x2B, 0x00, 0xE0, 
    0x45, 0x00, 0x00, 0xB0, 0x01, 0x7F, 0x01, 0xBA, 0x01, 0x55, 0x01, 0x90, 
    0x3E, 0x00, 0x00, 0x45, 0x00, 0x00, 0x92, 0x32, 0x00, 0x00, 0x99, 0x2A, 
    0x00, 0x00, 0x26, 0x00, 0x00, 0x90, 0x4A, 0x64, 0x00, 0xEB, 0x3E, 0x2A, 
    0x00, 0xB0, 0x01, 0x28, 0x00, 0xE0, 0x00, 0x40, 0x00, 0x99, 0x2A, 0x64, 
    0x00, 0x92, 0x28, 0x64, 0x00, 0x99, 0x24, 0x64, 0x02, 0xEB, 0x35, 0x29, 
    0x00, 0xBB, 0x01, 0x6B, 0x02, 0xEB, 0x2B, 0x28, 0x02, 0x21, 0x27, 0x01, 
    0xBA, 0x01, 0x57, 0x01, 0xEB, 0x18, 0x26, 0x02, 0x0E, 0x25, 0x00, 0xBB, 
    0x01, 0x6D, 0x02, 0x96, 0x69, 0x00, 0x00, 0x97, 0x57, 0x00, 0x00, 0xEB, 
    0x04, 0x24, 0x02, 0x7B, 0x22, 0x00, 0xBA, 0x01, 0x59, 0x02, 0xEB, 0x71, 
    0x21, 0x01, 0xBB, 0x01, 0x6F, 0x01, 0xEB, 0x67, 0x20, 0x02, 0x5E, 0x1F, 
    0x02, 0xBA, 0x01, 0x5B, 0x00, 0xEB, 0x54, 0x1E, 0x02, 0x4A, 0x1D, 0x01, 
    0xBB, 0x01, 0x71, 0x01, 0x96, 0x68, 0x64, 0x00, 0xEB, 0x41, 0x1C, 0x00, 
    0x97, 0x56, 0x64, 0x02, 0xEB, 0x37, 0x1B, 0x02, 0x99, 0x2A, 0x00, 0x00, 
    0x92, 0x28, 0x00, 0x00, 0x99, 0x24, 0x00, 0x00, 0xBA, 0x01, 0x5D, 0x00, 
    0xEB, 0x2D, 0x1A, 0x00, 0x99, 0x2A, 0x63, 0x00, 0x92, 0x34, 0x63, 0x00, 
    0x91, 0x53, 0x63, 0x02, 0xBB, 0x01, 0x73, 0x00, 0xEB, 0x24, 0x19, 0x02, 
    0x1A, 0x18, 0x02, 0x10, 0x17, 0x01, 0xBA, 0x01, 0x5F, 0x01, 0xEB, 0x07, 
    0x16, 0x02, 0xBA, 0x06, 0x18, 0x00, 0xEB, 0x7D, 0x14, 0x00, 0xEA, 0x00, 
    0x40, 0x00, 0xBB, 0x01, 0x75, 0x02, 0xEA, 0x76, 0x3E, 0x00, 0xEB, 0x73, 
    0x13, 0x02, 0x6A, 0x12, 0x00, 0xEA, 0x6C, 0x3D, 0x01, 0xBA, 0x01, 0x61, 
    0x01, 0xEA, 0x63, 0x3C, 0x00, 0xEB, 0x60, 0x11, 0x01, 0xBB, 0x01, 0x77, 
    0x01, 0xEB, 0x56, 0x10, 0x00, 0xEA, 0x59, 0x3B, 0x02, 0x4F, 0x3A, 0x00, 
    0xEB, 0x4D, 0x0F, 0x02, 0x43, 0x0E, 0x00, 0xEA, 0x46, 0x39, 0x00, 0xBA, 
    0x01, 0x63, 0x02, 0xEB, 0x39, 0x0D, 0x00, 0xEA, 0x3C, 0x38, 0x01, 0xBB, 
    0x01, 0x79, 0x01, 0x96, 0x68, 0x00, 0x00, 0x97, 0x56, 0x00, 0x00, 0x55, 
    0x64, 0x00, 0xEA, 0x32, 0x37, 0x00, 0x96, 0x67, 0x64, 0x00, 0xEB, 0x30, 
    0x0C, 0x02, 0xEA, 0x29, 0x36, 0x00, 0xEB, 0x26, 0x0B, 0x02, 0x99, 0x3B, 
    0x00, 0x00, 0x92, 0x34, 0x00, 0x00, 0x99, 0x2A, 0x00, 0x00, 0x91, 0x53, 
    0x00, 0x00, 0x99, 0x2A, 0x62, 0x00, 0x3B, 0x62, 0x00, 0x91, 0x5F, 0x62, 
    0x00, 0xBA, 0x01, 0x65, 0x00, 0xEA, 0x1F, 0x35, 0x00, 0xEB, 0x1C, 0x0A, 
    0x00, 0x99, 0x26, 0x62, 0x02, 0xEA, 0x15, 0x34, 0x00, 0xBB, 0x01, 0x7B, 
    0x00, 0xEB, 0x13, 0x09, 0x02, 0x09, 0x08, 0x00, 0xEA, 0x0C, 0x33, 0x02, 
    0xEB, 0x7F, 0x06, 0x00, 0xEA, 0x02, 0x32, 0x01, 0xBA, 0x01, 0x67, 0x01, 
    0xEB, 0x76, 0x05, 0x00, 0xEA, 0x78, 0x30, 0x02, 0xEB, 0x6C, 0x04, 0x00, 
    0xBB, 0x01, 0x7D, 0x00, 0xEA, 0x6F, 0x2F, 0x02, 0xEB, 0x62, 0x03, 0x00, 
    0xEA, 0x65, 0x2E, 0x02, 0xEB, 0x59, 0x02, 0x00, 0xEA, 0x5B, 0x2D, 0x01, 
    0xBA, 0x01, 0x69, 0x01, 0xEA, 0x52, 0x2C, 0x00, 0xEB, 0x4F, 0x01, 0x02, 
    0x45, 0x00, 0x00, 0xBB, 0x01, 0x7F, 0x00, 0xEA, 0x48, 0x2B, 0x02, 0x9B, 
    0x3E, 0x00, 0x00, 0x45, 0x00, 0x00, 0xBB, 0x01, 0x28, 0x00, 0xEB, 0x00, 
    0x40, 0x00, 0xEA, 0x3E, 0x2A, 0x00, 0x9B, 0x4A, 0x64, 0x02, 0xBA, 0x01, 
    0x6B, 0x00, 0xEA, 0x35, 0x29, 0x02, 0x2B, 0x28, 0x02, 0x96, 0x67, 0x00, 
    0x00, 0x97, 0x55, 0x00, 0x00, 0xEA, 0x21, 0x27, 0x01, 0x97, 0x57, 0x64, 
    0x00, 0x96, 0x69, 0x64, 0x01, 0xEA, 0x18, 0x26, 0x02, 0x99, 0x26, 0x00, 
    0x00, 0x2E, 0x00, 0x00, 0x91, 0x5F, 0x00, 0x00, 0x99, 0x2A, 0x61, 0x00, 
    0x24, 0x61, 0x00, 0xEA, 0x0E, 0x25, 0x00, 0xBA, 0x01, 0x6D, 0x00, 0x92, 
    0x28, 0x61, 0x02, 0xEA, 0x04, 0x24, 0x02, 0x7B, 0x22, 0x02, 0x71, 0x21, 
    0x01, 0xBA, 0x01, 0x6F, 0x01, 0xEA, 0x67, 0x20, 0x02, 0x5E, 0x1F, 0x02, 
    0x54, 0x1E, 0x02, 0x4A, 0x1D, 0x01, 0xBA, 0x01, 0x71, 0x01, 0xEA, 0x41, 
    0x1C, 0x02, 0x37, 0x1B, 0x02, 0x2D, 0x1A, 0x02, 0x24, 0x19, 0x00, 0xBA, 
    0x01, 0x73, 0x02, 0xEA, 0x1A, 0x18, 0x02, 0x10, 0x17, 0x01, 0x97, 0x57, 
    0x00, 0x00, 0x96, 0x69, 0x00, 0x00, 0x61, 0x64, 0x00, 0x97, 0x4F, 0x64, 
    0x01, 0xEA, 0x07, 0x16, 0x02, 0x99, 0x2A, 0x00, 0x00, 0x90, 0x4A, 0x00, 
    0x00, 0x99, 0x24, 0x00, 0x00, 0x92, 0x28, 0x00, 0x00, 0x90, 0x49, 0x60, 
    0x00, 0xEA, 0x7D, 0x14, 0x00, 0xBA, 0x01, 0x75, 0x00, 0x92, 0x34, 0x60, 
    0x00, 0x99, 0x2A, 0x60, 0x00, 0x91, 0x5F, 0x60, 0x02, 0xEA, 0x73, 0x13, 
    0x02, 0x6A, 0x12, 0x02, 0x60, 0x11, 0x01, 0xBA, 0x01, 0x77, 0x01, 0xEA, 
    0x56, 0x10, 0x02, 0x4D, 0x0F, 0x02, 0x43, 0x0E, 0x02, 0x39, 0x0D, 0x01, 
    0xBA, 0x01, 0x79, 0x01, 0xEA, 0x30, 0x0C, 0x02, 0x26, 0x0B, 0x02, 0x1C, 
    0x0A, 0x02, 0xBA, 0x01, 0x7B, 0x00, 0xEA, 0x13, 0x09, 0x02, 0x09, 0x08, 
    0x02, 0x7F, 0x06, 0x01, 0x97, 0x4F, 0x00, 0x00, 0x96, 0x61, 0x00, 0x00, 
    0x97, 0x54, 0x64, 0x00, 0x96, 0x66, 0x64, 0x01, 0xEA, 0x76, 0x05, 0x02, 
    0x92, 0x34, 0x00, 0x00, 0x91, 0x5F, 0x00, 0x00, 0x99, 0x2A, 0x00, 0x00, 
    0x2A, 0x5F, 0x00, 0x92, 0x34, 0x5F, 0x00, 0x91, 0x53, 0x5F, 0x00, 0xEA, 
    0x6C, 0x04, 0x00, 0xBA, 0x01, 0x7D, 0x02, 0xEA, 0x62, 0x03, 0x02, 0x59, 
    0x02, 0x02, 0x4F, 0x01, 0x02, 0xBA, 0x01, 0x7F, 0x00, 0xEA, 0x45, 0x00, 
    0x02, 0x9A, 0x3E, 0x00, 0x00, 0x45, 0x00, 0x00, 0x4A, 0x64, 0x00, 0xEA, 
    0x00, 0x40, 0x00, 0xBA, 0x01, 0x28, 0x11, 0x96, 0x66, 0x00, 0x00, 0x97, 
    0x54, 0x00, 0x00, 0x96, 0x64, 0x64, 0x00, 0x97, 0x52, 0x64, 0x03, 0x92, 
    0x34, 0x00, 0x00, 0x99, 0x3B, 0x00, 0x00, 0x2A, 0x00, 0x00, 0x91, 0x53, 
    0x00, 0x00, 0x99, 0x26, 0x5E, 0x00, 0x3B, 0x5E, 0x00, 0x24, 0x5E, 0x00, 
    0x2A, 0x5E, 0x14, 0x9B, 0x4A, 0x00, 0x00, 0x49, 0x60, 0x07, 0x96, 0x64, 
    0x00, 0x00, 0x97, 0x52, 0x00, 0x01, 0x96, 0x67, 0x64, 0x00, 0x97, 0x55, 
    0x64, 0x02, 0x99, 0x26, 0x00, 0x00, 0x24, 0x00, 0x00, 0x2A, 0x00, 0x00, 
    0x26, 0x44, 0x00, 0x2A, 0x5D, 0x00, 0x92, 0x34, 0x5D, 0x1C, 0x96, 0x67, 
    0x00, 0x00, 0x97, 0x55, 0x00, 0x00, 0x57, 0x64, 0x00, 0x96, 0x69, 0x64, 
    0x02, 0x99, 0x26, 0x00, 0x00, 0x2A, 0x00, 0x00, 0x90, 0x49, 0x00, 0x00, 
    0x92, 0x34, 0x00, 0x00, 0x99, 0x2A, 0x5C, 0x00, 0x90, 0x4A, 0x5C, 0x00, 
    0x92, 0x28, 0x5C, 0x00, 0x99, 0x24, 0x5C, 0x1C, 0x97, 0x57, 0x00, 0x00, 
    0x96, 0x69, 0x00, 0x00, 0x97, 0x55, 0x64, 0x00, 0x96, 0x67, 0x64, 0x02, 
    0x92, 0x28, 0x00, 0x00, 0x99, 0x2A, 0x00, 0x00, 0x24, 0x00, 0x00, 0x92, 
    0x34, 0x5B, 0x00, 0x91, 0x53, 0x5B, 0x00, 0x99, 0x2A, 0x5B, 0x0A, 0x9A, 
    0x4A, 0x00, 0x00, 0x49, 0x60, 0x12, 0x97, 0x55, 0x00, 0x00, 0x96, 0x67, 
    0x00, 0x00, 0x97, 0x50, 0x64, 0x00, 0x96, 0x62, 0x64, 0x02, 0x92, 0x34, 
    0x00, 0x00, 0x99, 0x2A, 0x00, 0x00, 0x3B, 0x00, 0x00, 0x91, 0x53, 0x00, 
    0x00, 0x99, 0x2A, 0x5A, 0x00, 0x3B, 0x5A, 0x00, 0x26, 0x5A, 0x00, 0x91, 
    0x5F, 0x5A, 0x14, 0x9B, 0x49, 0x00, 0x00, 0x4A, 0x5C, 0x08, 0x97, 0x50, 
    0x00, 0x00, 0x96, 0x62, 0x00, 0x01, 0x63, 0x64, 0x00, 0x97, 0x51, 0x64, 
    0x01, 0x99, 0x2A, 0x00, 0x00, 0x26, 0x00, 0x00, 0x91, 0x5F, 0x00, 0x00, 
    0x92, 0x28, 0x59, 0x00, 0x99, 0x24, 0x59, 0x00, 0x2A, 0x59, 0x1D, 0x96, 
    0x63, 0x00, 0x00, 0x97, 0x51, 0x00, 0x00, 0x59, 0x64, 0x00, 0x96, 0x6B, 
    0x64, 0x01, 0x99, 0x2A, 0x00, 0x00, 0x24, 0x00, 0x00, 0x92, 0x28, 0x00, 
    0x00, 0x90, 0x4A, 0x00, 0x00, 0x91, 0x5F, 0x58, 0x00, 0x99, 0x2A, 0x58, 
    0x00, 0x92, 0x34, 0x58, 0x00, 0x90, 0x49, 0x58, 0x1D, 0x97, 0x59, 0x00, 
    0x00, 0x96, 0x6B, 0x00, 0x00, 0x97, 0x55, 0x64, 0x00, 0x96, 0x67, 0x64, 
    0x01, 0x92, 0x34, 0x00, 0x00, 0x99, 0x2A, 0x00, 0x00, 0x91, 0x5F, 0x00, 
    0x00, 0x92, 0x34, 0x57, 0x00, 0x99, 0x2A, 0x57, 0x00, 0x91, 0x53, 0x57, 
    0x0A, 0x9A, 0x49, 0x00, 0x00, 0x4A, 0x5C, 0x13, 0x97, 0x55, 0x00, 0x00, 
    0x96, 0x67, 0x00, 0x00, 0x69, 0x64, 0x00, 0x97, 0x57, 0x64, 0x01, 0x99, 
    0x3B, 0x00, 0x00, 0x2A, 0x00, 0x00, 0x92, 0x34, 0x00, 0x00, 0x91, 0x53, 
    0x00, 0x00, 0x99, 0x26, 0x56, 0x00, 0x2A, 0x56, 0x00, 0x24, 0x56, 0x00, 
    0x3B, 0x56, 0x14, 0x9B, 0x4A, 0x00, 0x00, 0x49, 0x58, 0x09, 0x96, 0x69, 
    0x00, 0x00, 0x97, 0x57, 0x00, 0x01, 0x99, 0x26, 0x00, 0x00, 0x24, 0x00, 
    0x00, 0x2A, 0x00, 0x00, 0x2E, 0x55, 0x00, 0x26, 0x3C, 0x00, 0x92, 0x34, 
    0x55, 0x00, 0x96, 0x62, 0x64, 0x00, 0x97, 0x50, 0x64, 0x1E, 0x50, 0x00, 
    0x00, 0x92, 0x34, 0x00, 0x00, 0x99, 0x26, 0x00, 0x00, 0x2A, 0x00, 0x00, 
    0x96, 0x62, 0x00, 0x00, 0x90, 0x49, 0x00, 0x00, 0x92, 0x23, 0x54, 0x00, 
    0x90, 0x45, 0x54, 0x00, 0x97, 0x52, 0x64, 0x00, 0x99, 0x24, 0x54, 0x00, 
    0x96, 0x64, 0x64, 0x00, 0x90, 0x4A, 0x54, 0x00, 0x99, 0x2A, 0x54, 0x1E, 
    0x96, 0x64, 0x00, 0x00, 0x99, 0x24, 0x00, 0x00, 0x97, 0x52, 0x00, 0x00, 
    0x92, 0x23, 0x00, 0x00, 0x99, 0x2A, 0x00, 0x00, 0x91, 0x53, 0x53, 0x00, 
    0x99, 0x2A, 0x53, 0x00, 0x96, 0x67, 0x64, 0x00, 0x97, 0x55, 0x64, 0x00, 
    0x92, 0x2F, 0x53, 0x0A, 0x9A, 0x4A, 0x00, 0x00, 0x49, 0x58, 0x14, 0x99, 
    0x2A, 0x00, 0x00, 0x96, 0x67, 0x00, 0x00, 0x99, 0x3B, 0x00, 0x00, 0x91, 
    0x53, 0x00, 0x00, 0x92, 0x2F, 0x00, 0x00, 0x97, 0x55, 0x00, 0x00, 0x99, 
    0x2A, 0x52, 0x00, 0x96, 0x69, 0x64, 0x00, 0x99, 0x3B, 0x52, 0x00, 0x91, 
    0x5F, 0x52, 0x00, 0x99, 0x26, 0x52, 0x00, 0x97, 0x57, 0x64, 0x14, 0x9B, 
    0x49, 0x00, 0x00, 0x45, 0x54, 0x00, 0x4A, 0x54, 0x0A, 0x91, 0x5F, 0x00, 
    0x00, 0x99, 0x2E, 0x00, 0x00, 0x96, 0x69, 0x00, 0x00, 0x97, 0x57, 0x00, 
    0x00, 0x99, 0x26, 0x00, 0x00, 0x2A, 0x51, 0x00, 0x92, 0x23, 0x51, 0x00, 
    0x99, 0x24, 0x51, 0x01, 0x97, 0x56, 0x64, 0x00, 0x96, 0x68, 0x64, 0x1D, 
    0x99, 0x24, 0x00, 0x00, 0x2A, 0x00, 0x00, 0x92, 0x23, 0x00, 0x00, 0x99, 
    0x2A, 0x50, 0x00, 0x91, 0x5F, 0x50, 0x00, 0x92, 0x2F, 0x50, 0x01, 0x97, 
    0x56, 0x00, 0x00, 0x96, 0x68, 0x00, 0x00, 0x6A, 0x64, 0x00, 0x97, 0x58, 
    0x64, 0x1D, 0x99, 0x2A, 0x00, 0x00, 0x91, 0x5F, 0x00, 0x00, 0x92, 0x2F, 
    0x00, 0x00, 0x91, 0x53, 0x4F, 0x00, 0x92, 0x2F, 0x4F, 0x00, 0x99, 0x2A, 
    0x4F, 0x01, 0x96, 0x6A, 0x00, 0x00, 0x97, 0x58, 0x00, 0x00, 0x59, 0x64, 
    0x00, 0x96, 0x6B, 0x64, 0x09, 0x9A, 0x49, 0x00, 0x00, 0x45, 0x54, 0x00, 
    0x4A, 0x54, 0x14, 0x99, 0x2A, 0x00, 0x00, 0x3B, 0x00, 0x00, 0x92, 0x2F, 
    0x00, 0x00, 0x91, 0x53, 0x00, 0x00, 0x99, 0x26, 0x4E, 0x00, 0x2A, 0x4E, 
    0x00, 0x24, 0x4E, 0x00, 0x3B, 0x4E, 0x01, 0x97, 0x59, 0x00, 0x00, 0x96, 
    0x6B, 0x00, 0x00, 0x97, 0x56, 0x64, 0x00, 0x96, 0x68, 0x64, 0x1D, 0x99, 
    0x2A, 0x00, 0x00, 0x26, 0x00, 0x00, 0x24, 0x00, 0x00, 0x2A, 0x4D, 0x00, 
    0x92, 0x2F, 0x4D, 0x00, 0x99, 0x26, 0x34, 0x01, 0x97, 0x56, 0x00, 0x00, 
    0x96, 0x68, 0x00, 0x01, 0x67, 0x64, 0x00, 0x97, 0x55, 0x64, 0x1C, 0x99, 
    0x2A, 0x00, 0x00, 0x92, 0x2F, 0x00, 0x00, 0x99, 0x26, 0x00, 0x00, 0x2A, 
    0x4B, 0x00, 0xB0, 0x01, 0x00, 0x00, 0x99, 0x24, 0x4B, 0x00, 0x92, 0x26, 
    0x4B, 0x02, 0x96, 0x67, 0x00, 0x00, 0x97, 0x55, 0x00, 0x00, 0x54, 0x64, 
    0x00, 0x96, 0x66, 0x64, 0x04, 0xB0, 0x01, 0x02, 0x07, 0x01, 0x04, 0x07, 
    0x01, 0x06, 0x07, 0x01, 0x08, 0x03, 0x99, 0x24, 0x00, 0x00, 0x2A, 0x00, 
    0x00, 0x92, 0x26, 0x00, 0x00, 0x32, 0x4A, 0x00, 0x91, 0x53, 0x4A, 0x00, 
    0x99, 0x2A, 0x4A, 0x02, 0x97, 0x54, 0x00, 0x00, 0x96, 0x66, 0x00, 0x00, 
    0x97, 0x53, 0x64, 0x00, 0x96, 0x65, 0x64, 0x02, 0xB0, 0x01, 0x0A, 0x06, 
    0x01, 0x0C, 0x07, 0x01, 0x0E, 0x07, 0x01, 0x10, 0x06, 0x99, 0x2A, 0x00, 
    0x00, 0x92, 0x32, 0x00, 0x00, 0x99, 0x3B, 0x00, 0x00, 0x91, 0x53, 0x00, 
    0x00, 0x5F, 0x49, 0x00, 0x99, 0x2A, 0x49, 0x00, 0x26, 0x49, 0x00, 0x3B, 
    0x49, 0x01, 0xB0, 0x01, 0x12, 0x01, 0x96, 0x65, 0x00, 0x00, 0x97, 0x53, 
    0x00, 0x00, 0x96, 0x67, 0x64, 0x00, 0x97, 0x55, 0x64, 0x06, 0xB0, 0x01, 
    0x14, 0x07, 0x01, 0x16, 0x05, 0xBB, 0x01, 0x00, 0x01, 0xB0, 0x01, 0x18, 
    0x05, 0xBB, 0x01, 0x02, 0x02, 0xB0, 0x01, 0x1A, 0x02, 0x91, 0x5F, 0x00, 
    0x00, 0x99, 0x2A, 0x00, 0x00, 0x26, 0x00, 0x00, 0x92, 0x26, 0x48, 0x00, 
    0x99, 0x24, 0x48, 0x00, 0x2A, 0x48, 0x02, 0x96, 0x67, 0x00, 0x00, 0x97, 
    0x55, 0x00, 0x01, 0x56, 0x64, 0x00, 0x96, 0x68, 0x64, 0x00, 0xBB, 0x01, 
    0x04, 0x02, 0xB0, 0x01, 0x1C, 0x05, 0xBB, 0x01, 0x06, 0x02, 0xB0, 0x01, 
    0x1E, 0x05, 0xBB, 0x01, 0x08, 0x02, 0xB0, 0x01, 0x20, 0x05, 0xBB, 0x01, 
    0x0A, 0x02, 0xB0, 0x01, 0x22, 0x04, 0x99, 0x2A, 0x00, 0x00, 0x92, 0x26, 
    0x00, 0x00, 0x99, 0x24, 0x00, 0x00, 0x2A, 0x47, 0x00, 0x91, 0x5F, 0x47, 
    0x00, 0x92, 0x32, 0x47, 0x00, 0xBB, 0x01, 0x0C, 0x02, 0xB0, 0x01, 0x24, 
    0x01, 0x97, 0x56, 0x00, 0x00, 0x96, 0x68, 0x00, 0x00, 0x62, 0x64, 0x00, 
    0x97, 0x50, 0x64, 0x04, 0xBB, 0x01, 0x0E, 0x02, 0xB0, 0x01, 0x26, 0x05, 
    0xBB, 0x01, 0x10, 0x02, 0xB0, 0x01, 0x28, 0x05, 0xBB, 0x01, 0x12, 0x02, 
    0xB0, 0x01, 0x2A, 0x05, 0xBB, 0x01, 0x14, 0x02, 0x91, 0x5F, 0x00, 0x00, 
    0x99, 0x2A, 0x00, 0x00, 0x92, 0x32, 0x00, 0x00, 0xB0, 0x01, 0x2C, 0x00, 
    0x91, 0x53, 0x46, 0x00, 0x92, 0x32, 0x46, 0x00, 0x99, 0x2A, 0x46, 0x03, 
    0x96, 0x62, 0x00, 0x00, 0x97, 0x50, 0x00, 0x00, 0x96, 0x65, 0x64, 0x00, 
    0x97, 0x53, 0x64, 0x02, 0xBB, 0x01, 0x16, 0x02, 0xB0, 0x01, 0x2E, 0x03, 
    0xBA, 0x01, 0x00, 0x01, 0xBB, 0x01, 0x18, 0x02, 0xB0, 0x01, 0x30, 0x03, 
    0xBA, 0x01, 0x02, 0x02, 0xBB, 0x01, 0x1A, 0x02, 0xB0, 0x01, 0x32, 0x03, 
    0xBA, 0x01, 0x04, 0x02, 0xBB, 0x01, 0x1C, 0x02, 0xB0, 0x01, 0x34, 0x03, 
    0x99, 0x2A, 0x00, 0x00, 0x91, 0x53, 0x00, 0x00, 0x99, 0x3B, 0x00, 0x00, 
    0x92, 0x32, 0x00, 0x00, 0x99, 0x3B, 0x45, 0x00, 0xBA, 0x01, 0x06, 0x00, 
    0x99, 0x26, 0x45, 0x00, 0x24, 0x45, 0x00, 0x2A, 0x45, 0x02, 0xBB, 0x01, 
    0x1E, 0x01, 0x97, 0x53, 0x00, 0x00, 0x96, 0x65, 0x00, 0x00, 0x69, 0x64, 
    0x00, 0x97, 0x57, 0x64, 0x01, 0xB0, 0x01, 0x36, 0x03, 0xBA, 0x01, 0x08, 
    0x02, 0xBB, 0x01, 0x20, 0x02, 0xB0, 0x01, 0x38, 0x03, 0xBA, 0x01, 0x0A, 
    0x02, 0xBB, 0x01, 0x22, 0x02, 0xB0, 0x01, 0x3A, 0x02, 0xBA, 0x01, 0x0C, 
    0x02, 0xBB, 0x01, 0x24, 0x02, 0xB0, 0x01, 0x3C, 0x03, 0xBA, 0x01, 0x0E, 
    0x02, 0xBB, 0x01, 0x26, 0x01, 0x99, 0x26, 0x00, 0x00, 0x2A, 0x00, 0x00, 
    0x24, 0x00, 0x00, 0x2E, 0x44, 0x00, 0x92, 0x32, 0x44, 0x00, 0x99, 0x26, 
    0x2B, 0x01, 0xB0, 0x01, 0x3E, 0x02, 0x96, 0x69, 0x00, 0x00, 0x97, 0x57, 
    0x00, 0x01, 0x50, 0x64, 0x00, 0x96, 0x62, 0x64, 0x00, 0xBA, 0x01, 0x10, 
    0x02, 0xBB, 0x01, 0x28, 0x02, 0xB0, 0x01, 0x40, 0x03, 0xBA, 0x01, 0x12, 
    0x02, 0xBB, 0x01, 0x2A, 0x02, 0xB0, 0x01, 0x42, 0x00, 0xE0, 0x00, 0x40, 
    0x00, 0xB0, 0x06, 0x18, 0x01, 0xE0, 0x36, 0x3B, 0x02, 0xBA, 0x01, 0x14, 
    0x00, 0xE0, 0x24, 0x32, 0x02, 0x12, 0x29, 0x00, 0xBB, 0x01, 0x2C, 0x02, 
    0xE0, 0x00, 0x20, 0x00, 0xB0, 0x01, 0x44, 0x02, 0xE0, 0x6E, 0x16, 0x01, 
    0xBA, 0x01, 0x16, 0x01, 0xE0, 0x5C, 0x0D, 0x01, 0xBB, 0x01, 0x2E, 0x01, 
    0xE0, 0x4A, 0x04, 0x01, 0xB0, 0x01, 0x32, 0x01, 0x99, 0x2A, 0x00, 0x00, 
    0x90, 0x45, 0x00, 0x00, 0x4A, 0x00, 0x00, 0x92, 0x32, 0x00, 0x00, 0x99, 
    0x26, 0x00, 0x00, 0x92, 0x21, 0x43, 0x00, 0xE0, 0x00, 0x40, 0x00, 0x99, 
    0x2A, 0x43, 0x00, 0x24, 0x43, 0x00, 0x90, 0x45, 0x43, 0x00, 0xE0, 0x00, 
    0x40, 0x01, 0xBA, 0x01, 0x18, 0x02, 0xBB, 0x01, 0x30, 0x01, 0x97, 0x50, 
    0x00, 0x00, 0x96, 0x62, 0x00, 0x00, 0x63, 0x64, 0x00, 0x97, 0x51, 0x64, 
    0x04, 0xBA, 0x01, 0x1A, 0x02, 0xBB, 0x01, 0x32, 0x05, 0xBA, 0x01, 0x1C, 
    0x02, 0xBB, 0x01, 0x34, 0x05, 0xBA, 0x01, 0x1E, 0x02, 0xBB, 0x01, 0x36, 
    0x05, 0xBA, 0x01, 0x20, 0x01, 0x92, 0x21, 0x00, 0x00, 0x99, 0x24, 0x00, 
    0x00, 0x2A, 0x00, 0x00, 0x91, 0x53, 0x42, 0x00, 0x99, 0x2A, 0x42, 0x00, 
    0x92, 0x2D, 0x42, 0x01, 0xBB, 0x01, 0x38, 0x03, 0x96, 0x63, 0x00, 0x00, 
    0x97, 0x51, 0x00, 0x00, 0x59, 0x64, 0x00, 0x96, 0x6B, 0x64, 0x02, 0xBA, 
    0x01, 0x22, 0x02, 0xBB, 0x01, 0x3A, 0x04, 0xBA, 0x01, 0x24, 0x02, 0xBB, 
    0x01, 0x3C, 0x05, 0xBA, 0x01, 0x26, 0x02, 0xBB, 0x01, 0x3E, 0x05, 0xBA, 
    0x01, 0x28, 0x02, 0xBB, 0x01, 0x40, 0x02, 0x99, 0x3B, 0x00, 0x00, 0x2A, 
    0x00, 0x00, 0x91, 0x53, 0x00, 0x00, 0x92, 0x2D, 0x00, 0x00, 0x99, 0x3B, 
    0x41, 0x00, 0x26, 0x41, 0x00, 0x91, 0x5F, 0x41, 0x00, 0x99, 0x2A, 0x41, 
    0x03, 0xBA, 0x01, 0x2A, 0x01, 0x96, 0x6B, 0x00, 0x00, 0x97, 0x59, 0x00, 
    0x00, 0x4E, 0x64, 0x00, 0x96, 0x60, 0x64, 0x01, 0xBB, 0x06, 0x18, 0x00, 
    0xEB, 0x00, 0x40, 0x00, 0xBB, 0x01, 0x42, 0x01, 0xEB, 0x36, 0x3B, 0x02, 
    0x24, 0x32, 0x02, 0xBA, 0x01, 0x2C, 0x00, 0xEB, 0x12, 0x29, 0x02, 0xBB, 
    0x01, 0x44, 0x00, 0xEB, 0x00, 0x20, 0x02, 0x6E, 0x16, 0x02, 0x5C, 0x0D, 
    0x01, 0xBA, 0x01, 0x2E, 0x01, 0xEB, 0x4A, 0x04, 0x01, 0xBB, 0x01, 0x32, 
    0x01, 0x9B, 0x4A, 0x00, 0x00, 0x45, 0x00, 0x00, 0xEB, 0x00, 0x40, 0x00, 
    0x9B, 0x45, 0x43, 0x00, 0xEB, 0x00, 0x40, 0x03, 0xBA, 0x01, 0x30, 0x07, 
    0x91, 0x5F, 0x00, 0x00, 0x99, 0x26, 0x00, 0x00, 0x2E, 0x00, 0x00, 0x24, 
    0x40, 0x00, 0xBA, 0x01, 0x32, 0x00, 0x99, 0x2A, 0x40, 0x00, 0x92, 0x21, 
    0x40, 0x04, 0x96, 0x60, 0x00, 0x00, 0x97, 0x4E, 0x00, 0x01, 0x96, 0x6C, 
    0x64, 0x00, 0x97, 0x5A, 0x64, 0x02, 0xBA, 0x01, 0x34, 0x07, 0x01, 0x36, 
    0x07, 0x01, 0x38, 0x07, 0x01, 0x3A, 0x02, 0x99, 0x24, 0x00, 0x00, 0x90, 
    0x45, 0x00, 0x00, 0x99, 0x2A, 0x00, 0x00, 0x92, 0x21, 0x00, 0x00, 0x90, 
    0x44, 0x3F, 0x00, 0x91, 0x5F, 0x3F, 0x00, 0x92, 0x2D, 0x3F, 0x00, 0x99, 
    0x2A, 0x3F, 0x04, 0xBA, 0x01, 0x3C, 0x01, 0x97, 0x5A, 0x00, 0x00, 0x96, 
    0x6C, 0x00, 0x00, 0x97, 0x53, 0x64, 0x00, 0x96, 0x65, 0x64, 0x06, 0xBA, 
    0x01, 0x3E, 0x07, 0x01, 0x40, 0x07, 0xEA, 0x00, 0x40, 0x00, 0xBA, 0x01, 
    0x42, 0x00, 0x06, 0x18, 0x01, 0xEA, 0x36, 0x3B, 0x02, 0x24, 0x32, 0x02, 
    0x91, 0x5F, 0x00, 0x00, 0x99, 0x2A, 0x00, 0x00, 0x92, 0x2D, 0x00, 0x00, 
    0xEA, 0x12, 0x29, 0x00, 0x99, 0x2A, 0x3E, 0x00, 0x92, 0x2D, 0x3E, 0x00, 
    0x91, 0x53, 0x3E, 0x02, 0xBA, 0x01, 0x44, 0x00, 0xEA, 0x00, 0x20, 0x02, 
    0x6E, 0x16, 0x01, 0x97, 0x53, 0x00, 0x00, 0x96, 0x65, 0x00, 0x00, 0x61, 
    0x64, 0x00, 0x97, 0x4F, 0x64, 0x01, 0xEA, 0x5C, 0x0D, 0x02, 0x4A, 0x04, 
    0x01, 0xBA, 0x01, 0x32, 0x01, 0x9A, 0x45, 0x00, 0x00, 0x4A, 0x00, 0x00, 
    0xEA, 0x00, 0x40, 0x00, 0x9A, 0x45, 0x43, 0x00, 0xEA, 0x00, 0x40, 0x14, 
    0x99, 0x2A, 0x00, 0x00, 0x3B, 0x00, 0x00, 0x92, 0x2D, 0x00, 0x00, 0x91, 
    0x53, 0x00, 0x00, 0x99, 0x2A, 0x3D, 0x00, 0x24, 0x3D, 0x00, 0x3B, 0x3D, 
    0x00, 0x26, 0x3D, 0x05, 0x96, 0x61, 0x00, 0x00, 0x97, 0x4F, 0x00, 0x00, 
    0x96, 0x68, 0x64, 0x00, 0x97, 0x56, 0x64, 0x0F, 0x9B, 0x45, 0x00, 0x00, 
    0x44, 0x3F, 0x0A, 0x99, 0x24, 0x00, 0x00, 0x2A, 0x00, 0x00, 0x26, 0x00, 
    0x00, 0x26, 0x23, 0x00, 0x2A, 0x3C, 0x00, 0x92, 0x2D, 0x3C, 0x05, 0x96, 
    0x68, 0x00, 0x00, 0x97, 0x56, 0x00, 0x01, 0x96, 0x61, 0x64, 0x00, 0x97, 
    0x4F, 0x64, 0x18, 0x99, 0x26, 0x00, 0x00, 0x2A, 0x00, 0x00, 0x92, 0x2D, 
    0x00, 0x00, 0x90, 0x44, 0x00, 0x00, 0x99, 0x24, 0x3B, 0x00, 0x2A, 0x3B, 
    0x00, 0x90, 0x45, 0x3B, 0x00, 0x92, 0x21, 0x3B, 0x06, 0x96, 0x61, 0x00, 
    0x00, 0x97, 0x4F, 0x00, 0x00, 0x5A, 0x64, 0x00, 0x96, 0x6C, 0x64, 0x18, 
    0x99, 0x24, 0x00, 0x00, 0x2A, 0x00, 0x00, 0x92, 0x21, 0x00, 0x00, 0x91, 
    0x53, 0x3A, 0x00, 0x99, 0x2A, 0x3A, 0x00, 0x92, 0x2D, 0x3A, 0x06, 0x97, 
    0x5A, 0x00, 0x00, 0x96, 0x6C, 0x00, 0x00, 0x97, 0x53, 0x64, 0x00, 0x96, 
    0x65, 0x64, 0x04, 0x9A, 0x45, 0x00, 0x00, 0x44, 0x3F, 0x14, 0x91, 0x53, 
    0x00, 0x00, 0x99, 0x2A, 0x00, 0x00, 0x92, 0x2D, 0x00, 0x00, 0x99, 0x3B, 
    0x00, 0x00, 0x91, 0x5F, 0x39, 0x00, 0x99, 0x3B, 0x39, 0x00, 0x2A, 0x39, 
    0x00, 0x26, 0x39, 0x06, 0x97, 0x53, 0x00, 0x00, 0x96, 0x65, 0x00, 0x00, 
    0x6C, 0x64, 0x00, 0x97, 0x5A, 0x64, 0x0E, 0x9B, 0x44, 0x00, 0x00, 0x45, 
    0x3B, 0x0A, 0x91, 0x5F, 0x00, 0x00, 0x99, 0x2A, 0x00, 0x00, 0x26, 0x00, 
    0x00, 0x2A, 0x38, 0x00, 0x92, 0x21, 0x38, 0x00, 0x99, 0x24, 0x38, 0x06, 
    0x96, 0x6C, 0x00, 0x00, 0x97, 0x5A, 0x00, 0x01, 0x96, 0x62, 0x64, 0x00, 
    0x97, 0x50, 0x64, 0x17, 0x92, 0x21, 0x00, 0x00, 0x90, 0x45, 0x00, 0x00, 
    0x99, 0x2A, 0x00, 0x00, 0x24, 0x00, 0x00, 0x91, 0x5F, 0x37, 0x00, 0x90, 
    0x44, 0x37, 0x00, 0x99, 0x2A, 0x37, 0x00, 0x92, 0x2D, 0x37, 0x07, 0x96, 
    0x62, 0x00, 0x00, 0x97, 0x50, 0x00, 0x00, 0x96, 0x64, 0x64, 0x00, 0x97, 
    0x52, 0x64, 0x17, 0x91, 0x5F, 0x00, 0x00, 0x99, 0x2A, 0x00, 0x00, 0x92, 
    0x2D, 0x00, 0x00, 0x99, 0x2A, 0x36, 0x00, 0x92, 0x2D, 0x36, 0x00, 0x91, 
    0x53, 0x36, 0x07, 0x96, 0x64, 0x00, 0x00, 0x97, 0x52, 0x00, 0x00, 0x50, 
    0x64, 0x00, 0x96, 0x62, 0x64, 0x03, 0x9A, 0x44, 0x00, 0x00, 0x45, 0x3B, 
    0x14, 0x92, 0x2D, 0x00, 0x00, 0x99, 0x3B, 0x00, 0x00, 0x2A, 0x00, 0x00, 
    0x91, 0x53, 0x00, 0x00, 0x99, 0x3B, 0x35, 0x00, 0x2A, 0x35, 0x00, 0x26, 
    0x35, 0x00, 0x24, 0x35, 0x07, 0x97, 0x50, 0x00, 0x00, 0x96, 0x62, 0x00, 
    0x00, 0x97, 0x5A, 0x64, 0x00, 0x96, 0x6C, 0x64, 0x0D, 0x9B, 0x45, 0x00, 
    0x00, 0x44, 0x37, 0x0A, 0x99, 0x26, 0x00, 0x00, 0x24, 0x00, 0x00, 0x2A, 
    0x00, 0x00, 0x2E, 0x34, 0x00, 0x92, 0x2D, 0x34, 0x00, 0x99, 0x26, 0x1B, 
    0x07, 0x97, 0x5A, 0x00, 0x00, 0x96, 0x6C, 0x00, 0x01, 0x97, 0x57, 0x64, 
    0x00, 0x96, 0x69, 0x64, 0x16, 0x92, 0x2D, 0x00, 0x00, 0x99, 0x2A, 0x00, 
    0x00, 0x90, 0x44, 0x00, 0x00, 0x99, 0x26, 0x00, 0x00, 0xB0, 0x01, 0x00, 
    0x00, 0x90, 0x45, 0x32, 0x00, 0x92, 0x23, 0x32, 0x00, 0x90, 0x3E, 0x32, 
    0x00, 0x99, 0x24, 0x32, 0x00, 0xB0, 0x06, 0x02, 0x00, 0x99, 0x2A, 0x32, 
    0x03, 0xB0, 0x01, 0x01, 0x05, 0x97, 0x57, 0x00, 0x00, 0x96, 0x69, 0x00, 
    0x00, 0x97, 0x5A, 0x64, 0x00, 0x96, 0x6C, 0x64, 0x03, 0xB0, 0x01, 0x03, 
    0x07, 0x01, 0x05, 0x08, 0x01, 0x07, 0x04, 0x92, 0x23, 0x00, 0x00, 0x99, 
    0x2A, 0x00, 0x00, 0x24, 0x00, 0x00, 0x91, 0x53, 0x31, 0x00, 0x99, 0x2A, 
    0x31, 0x00, 0x92, 0x2F, 0x31, 0x03, 0xB0, 0x01, 0x09, 0x05, 0x97, 0x5A, 
    0x00, 0x00, 0x96, 0x6C, 0x00, 0x00, 0x97, 0x54, 0x64, 0x00, 0x96, 0x66, 
    0x64, 0x02, 0x9A, 0x45, 0x00, 0x00, 0x44, 0x37, 0x01, 0xB0, 0x01, 0x0B, 
    0x07, 0x01, 0x0D, 0x08, 0x01, 0x0F, 0x04, 0x99, 0x3B, 0x00, 0x00, 0x2A, 
    0x00, 0x00, 0x91, 0x53, 0x00, 0x00, 0x92, 0x2F, 0x00, 0x00, 0x99, 0x2A, 
    0x30, 0x00, 0x26, 0x30, 0x00, 0x91, 0x5F, 0x30, 0x00, 0x99, 0x3B, 0x30, 
    0x03, 0xB0, 0x01, 0x11, 0x05, 0x97, 0x54, 0x00, 0x00, 0x96, 0x66, 0x00, 
    0x00, 0x97, 0x50, 0x64, 0x00, 0x96, 0x62, 0x64, 0x03, 0xB0, 0x01, 0x13, 
    0x08, 0x01, 0x15, 0x01, 0x9B, 0x44, 0x00, 0x00, 0xBB, 0x06, 0x02, 0x00, 
    0x9B, 0x45, 0x32, 0x00, 0xBB, 0x01, 0x00, 0x00, 0x9B, 0x3E, 0x32, 0x03, 
    0xBB, 0x01, 0x01, 0x03, 0xB0, 0x01, 0x17, 0x04, 0x99, 0x26, 0x00, 0x00, 
    0x2E, 0x00, 0x00, 0x91, 0x5F, 0x00, 0x00, 0x99, 0x24, 0x2F, 0x00, 0x2A, 
    0x2F, 0x00, 0x92, 0x23, 0x2F, 0x01, 0xBB, 0x01, 0x03, 0x03, 0xB0, 0x01, 
    0x19, 0x04, 0x97, 0x50, 0x00, 0x00, 0x96, 0x62, 0x00, 0x00, 0xBB, 0x01, 
    0x05, 0x01, 0x97, 0x56, 0x64, 0x00, 0x96, 0x68, 0x64, 0x02, 0xB0, 0x01, 
    0x1B, 0x05, 0xBB, 0x01, 0x07, 0x03, 0xB0, 0x01, 0x1D, 0x04, 0xBB, 0x01, 
    0x09, 0x03, 0xB0, 0x01, 0x1F, 0x04, 0x99, 0x2A, 0x00, 0x00, 0x24, 0x00, 
    0x00, 0x92, 0x23, 0x00, 0x00, 0x91, 0x5F, 0x2E, 0x00, 0x99, 0x2A, 0x2E, 
    0x00, 0x92, 0x2F, 0x2E, 0x01, 0xBB, 0x01, 0x0B, 0x03, 0xB0, 0x01, 0x21, 
    0x04, 0xBB, 0x01, 0x0D, 0x01, 0x97, 0x56, 0x00, 0x00, 0x96, 0x68, 0x00, 
    0x00, 0x97, 0x54, 0x64, 0x00, 0x96, 0x66, 0x64, 0x02, 0xB0, 0x01, 0x23, 
    0x05, 0xBB, 0x01, 0x0F, 0x03, 0xB0, 0x01, 0x25, 0x04, 0xBB, 0x01, 0x11, 
    0x03, 0xB0, 0x01, 0x27, 0x04, 0x99, 0x2A, 0x00, 0x00, 0x91, 0x5F, 0x00, 
    0x00, 0x92, 0x2F, 0x00, 0x00, 0x91, 0x53, 0x2D, 0x00, 0x99, 0x2A, 0x2D, 
    0x00, 0x92, 0x2F, 0x2D, 0x01, 0xBB, 0x01, 0x13, 0x03, 0xB0, 0x01, 0x29, 
    0x05, 0x97, 0x54, 0x00, 0x00, 0x96, 0x66, 0x00, 0x00, 0x67, 0x64, 0x00, 
    0xBB, 0x01, 0x15, 0x00, 0x97, 0x55, 0x64, 0x01, 0x9A, 0x44, 0x00, 0x00, 
    0xBA, 0x01, 0x00, 0x00, 0x9A, 0x45, 0x32, 0x00, 0xBA, 0x06, 0x02, 0x00, 
    0x9A, 0x3E, 0x32, 0x01, 0xB0, 0x01, 0x2B, 0x02, 0xBA, 0x01, 0x01, 0x03, 
    0xBB, 0x01, 0x17, 0x03, 0xB0, 0x01, 0x2D, 0x02, 0xBA, 0x01, 0x03, 0x03, 
    0xBB, 0x01, 0x19, 0x02, 0xB0, 0x01, 0x2F, 0x02, 0xBA, 0x01, 0x05, 0x02, 
    0x99, 0x2A, 0x00, 0x00, 0x3B, 0x00, 0x00, 0x91, 0x53, 0x00, 0x00, 0x92, 
    0x2F, 0x00, 0x00, 0x99, 0x3B, 0x2C, 0x00, 0x24, 0x2C, 0x00, 0x2A, 0x2C, 
    0x00, 0x26, 0x2C, 0x01, 0xBB, 0x01, 0x1B, 0x03, 0xB0, 0x01, 0x31, 0x02, 
    0xBA, 0x01, 0x07, 0x03, 0x97, 0x55, 0x00, 0x00, 0x96, 0x67, 0x00, 0x00, 
    0x63, 0x64, 0x00, 0x97, 0x51, 0x64, 0x00, 0xBB, 0x01, 0x1D, 0x02, 0xB0, 
    0x01, 0x33, 0x02, 0xBA, 0x01, 0x09, 0x03, 0xBB, 0x01, 0x1F, 0x03, 0xB0, 
    0x01, 0x35, 0x02, 0xBA, 0x01, 0x0B, 0x03, 0xBB, 0x01, 0x21, 0x03, 0xB0, 
    0x01, 0x37, 0x01, 0xBA, 0x01, 0x0D, 0x02, 0x99, 0x2A, 0x00, 0x00, 0x24, 
    0x00, 0x00, 0x26, 0x00, 0x00, 0x26, 0x12, 0x00, 0x92, 0x2F, 0x2B, 0x00, 
    0x99, 0x2A, 0x2B, 0x01, 0xBB, 0x01, 0x23, 0x03, 0xB0, 0x01, 0x39, 0x02, 
    0xBA, 0x01, 0x0F, 0x03, 0x96, 0x63, 0x00, 0x00, 0x97, 0x51, 0x00, 0x00, 
    0xBB, 0x01, 0x25, 0x01, 0x97, 0x53, 0x64, 0x00, 0x96, 0x65, 0x64, 0x02, 
    0xB0, 0x01, 0x3B, 0x01, 0xBA, 0x01, 0x11, 0x03, 0xBB, 0x01, 0x27, 0x03, 
    0xB0, 0x01, 0x3D, 0x02, 0xBA, 0x01, 0x13, 0x03, 0xBB, 0x01, 0x29, 0x03, 
    0xB0, 0x01, 0x3F, 0x02, 0xBA, 0x01, 0x15, 0x01, 0x99, 0x2A, 0x00, 0x00, 
    0x26, 0x00, 0x00, 0x92, 0x2F, 0x00, 0x00, 0x99, 0x24, 0x2A, 0x00, 0xB0, 
    0x01, 0x40, 0x00, 0x92, 0x26, 0x2A, 0x00, 0x99, 0x2A, 0x2A, 0x01, 0xBB, 
    0x01, 0x2B, 0x03, 0xB0, 0x01, 0x41, 0x02, 0xBA, 0x01, 0x17, 0x03, 0xBB, 
    0x01, 0x2D, 0x01, 0x97, 0x53, 0x00, 0x00, 0x96, 0x65, 0x00, 0x00, 0x63, 
    0x64, 0x00, 0x97, 0x51, 0x64, 0x02, 0xB0, 0x01, 0x43, 0x02, 0xBA, 0x01, 
    0x19, 0x02, 0xBB, 0x01, 0x2F, 0x03, 0xB0, 0x01, 0x45, 0x02, 0xBA, 0x01, 
    0x1B, 0x03, 0xBB, 0x01, 0x31, 0x03, 0xB0, 0x01, 0x47, 0x02, 0xBA, 0x01, 
    0x1D, 0x01, 0x99, 0x24, 0x00, 0x00, 0x2A, 0x00, 0x00, 0x92, 0x26, 0x00, 
    0x00, 0x32, 0x29, 0x00, 0x99, 0x2A, 0x29, 0x00, 0x91, 0x53, 0x29, 0x01, 
    0xBB, 0x01, 0x33, 0x03, 0xB0, 0x01, 0x49, 0x02, 0xBA, 0x01, 0x1F, 0x03, 
    0xBB, 0x01, 0x35, 0x01, 0x96, 0x63, 0x00, 0x00, 0x97, 0x51, 0x00, 0x00, 
    0x57, 0x64, 0x00, 0x96, 0x69, 0x64, 0x02, 0xB0, 0x01, 0x4B, 0x02, 0xBA, 
    0x01, 0x21, 0x03, 0xBB, 0x01, 0x37, 0x02, 0xB0, 0x01, 0x4D, 0x02, 0xBA, 
    0x01, 0x23, 0x03, 0xBB, 0x01, 0x39, 0x03, 0xB0, 0x01, 0x4F, 0x02, 0xBA, 
    0x01, 0x25, 0x01, 0x99, 0x2A, 0x00, 0x00, 0x92, 0x32, 0x00, 0x00, 0x99, 
    0x3B, 0x00, 0x00, 0x91, 0x53, 0x00, 0x00, 0x99, 0x26, 0x28, 0x00, 0x3B, 
    0x28, 0x00, 0x2A, 0x28, 0x00, 0x91, 0x5F, 0x28, 0x02, 0xBB, 0x01, 0x3B, 
    0x02, 0xB0, 0x01, 0x51, 0x02, 0xBA, 0x01, 0x27, 0x03, 0xBB, 0x01, 0x3D, 
    0x01, 0x96, 0x69, 0x00, 0x00, 0x97, 0x57, 0x00, 0x00, 0x50, 0x64, 0x00, 
    0x96, 0x62, 0x64, 0x02, 0xB0, 0x01, 0x53, 0x02, 0xBA, 0x01, 0x29, 0x03, 
    0xBB, 0x01, 0x3F, 0x02, 0xB0, 0x01, 0x55, 0x01, 0xBB, 0x01, 0x40, 0x01, 
    0xBA, 0x01, 0x2B, 0x03, 0xBB, 0x01, 0x41, 0x03, 0xB0, 0x01, 0x57, 0x02, 
    0xBA, 0x01, 0x2D, 0x01, 0x99, 0x26, 0x00, 0x00, 0x2A, 0x00, 0x00, 0x91, 
    0x5F, 0x00, 0x00, 0x92, 0x26, 0x27, 0x00, 0x99, 0x2A, 0x27, 0x00, 0x24, 
    0x27, 0x02, 0xBB, 0x01, 0x43, 0x02, 0xB0, 0x01, 0x59, 0x02, 0xBA, 0x01, 
    0x2F, 0x03, 0xBB, 0x01, 0x45, 0x01, 0x97, 0x50, 0x00, 0x00, 0x96, 0x62, 
    0x00, 0x01, 0x65, 0x64, 0x00, 0x97, 0x53, 0x64, 0x01, 0xB0, 0x01, 0x5B, 
    0x02, 0xBA, 0x01, 0x31, 0x03, 0xBB, 0x01, 0x47, 0x03, 0xB0, 0x01, 0x5D, 
    0x01, 0xBA, 0x01, 0x33, 0x03, 0xBB, 0x01, 0x49, 0x03, 0xB0, 0x01, 0x5F, 
    0x02, 0xBA, 0x01, 0x35, 0x01, 0x92, 0x26, 0x00, 0x00, 0x99, 0x2A, 0x00, 
    0x00, 0x24, 0x00, 0x00, 0x92, 0x32, 0x26, 0x00, 0xE0, 0x00, 0x40, 0x00, 
    0x91, 0x5F, 0x26, 0x00, 0x99, 0x2A, 0x26, 0x00, 0xB0, 0x06, 0x18, 0x02, 
    0xBB, 0x01, 0x4B, 0x00, 0xE0, 0x76, 0x3E, 0x02, 0x6C, 0x3D, 0x01, 0xB0, 
    0x01, 0x61, 0x01, 0xE0, 0x63, 0x3C, 0x01, 0xBA, 0x01, 0x37, 0x01, 0xE0, 
    0x59, 0x3B, 0x01, 0xBB, 0x01, 0x4D, 0x01, 0xE0, 0x4F, 0x3A, 0x01, 0x96, 
    0x65, 0x00, 0x00, 0x97, 0x53, 0x00, 0x00, 0x96, 0x60, 0x64, 0x00, 0x97, 
    0x4E, 0x64, 0x01, 0xB0, 0x01, 0x63, 0x00, 0xE0, 0x46, 0x39, 0x02, 0xBA, 
    0x01, 0x39, 0x00, 0xE0, 0x3C, 0x38, 0x02, 0x32, 0x37, 0x01, 0xBB, 0x01, 
    0x4F, 0x01, 0xE0, 0x29, 0x36, 0x02, 0x1F, 0x35, 0x00, 0xB0, 0x01, 0x65, 
    0x02, 0xE0, 0x15, 0x34, 0x00, 0xBA, 0x01, 0x3B, 0x02, 0xBB, 0x01, 0x51, 
    0x00, 0xE0, 0x0C, 0x33, 0x02, 0x02, 0x32, 0x01, 0xB0, 0x01, 0x67, 0x01, 
    0xE0, 0x78, 0x30, 0x01, 0xBA, 0x01, 0x3D, 0x01, 0x99, 0x2A, 0x00, 0x00, 
    0x92, 0x32, 0x00, 0x00, 0x91, 0x5F, 0x00, 0x00, 0xE0, 0x6F, 0x2F, 0x00, 
    0x91, 0x53, 0x25, 0x00, 0x99, 0x2A, 0x25, 0x00, 0x92, 0x32, 0x25, 0x02, 
    0xE0, 0x65, 0x2E, 0x00, 0xBB, 0x01, 0x53, 0x02, 0xE0, 0x5B, 0x2D, 0x01, 
    0xB0, 0x01, 0x69, 0x01, 0xE0, 0x52, 0x2C, 0x01, 0xBA, 0x01, 0x3F, 0x01, 
    0xE0, 0x48, 0x2B, 0x01, 0xBB, 0x01, 0x55, 0x01, 0xBA, 0x01, 0x40, 0x00, 
    0xE0, 0x3E, 0x2A, 0x01, 0x96, 0x60, 0x00, 0x00, 0x97, 0x4E, 0x00, 0x00, 
    0x55, 0x64, 0x00, 0x96, 0x67, 0x64, 0x01, 0xE0, 0x35, 0x29, 0x00, 0xB0, 
    0x01, 0x6B, 0x02, 0xE0, 0x2B, 0x28, 0x00, 0xBA, 0x01, 0x41, 0x02, 0xE0, 
    0x21, 0x27, 0x01, 0xBB, 0x01, 0x57, 0x01, 0xE0, 0x18, 0x26, 0x02, 0x0E, 
    0x25, 0x00, 0xB0, 0x01, 0x6D, 0x02, 0xE0, 0x04, 0x24, 0x00, 0xBA, 0x01, 
    0x43, 0x02, 0xBB, 0x01, 0x59, 0x00, 0xE0, 0x7B, 0x22, 0x02, 0x71, 0x21, 
    0x01, 0xB0, 0x01, 0x6F, 0x01, 0xE0, 0x67, 0x20, 0x01, 0xBA, 0x01, 0x45, 
    0x01, 0x99, 0x3B, 0x00, 0x00, 0x91, 0x53, 0x00, 0x00, 0x99, 0x2A, 0x00, 
    0x00, 0x92, 0x32, 0x00, 0x00, 0x99, 0x3B, 0x24, 0x00, 0x26, 0x24, 0x00, 
    0xE0, 0x5E, 0x1F, 0x00, 0x99, 0x2A, 0x24, 0x00, 0x24, 0x24, 0x02, 0xBB, 
    0x01, 0x5B, 0x00, 0xE0, 0x54, 0x1E, 0x02, 0x4A, 0x1D, 0x01, 0xB0, 0x01, 
    0x71, 0x01, 0xE0, 0x41, 0x1C, 0x01, 0xBA, 0x01, 0x47, 0x01, 0xE0, 0x37, 
    0x1B, 0x02, 0x2D, 0x1A, 0x00, 0xBB, 0x01, 0x5D, 0x01, 0x96, 0x67, 0x00, 
    0x00, 0x97, 0x55, 0x00, 0x00, 0x96, 0x68, 0x64, 0x00, 0x97, 0x56, 0x64, 
    0x01, 0xE0, 0x24, 0x19, 0x00, 0xB0, 0x01, 0x73, 0x02, 0xBA, 0x01, 0x49, 
    0x00, 0xE0, 0x1A, 0x18, 0x02, 0x10, 0x17, 0x01, 0xBB, 0x01, 0x5F, 0x01, 
    0xE0, 0x07, 0x16, 0x02, 0xB0, 0x01, 0x75, 0x00, 0xE0, 0x7D, 0x14, 0x00, 
    0xEB, 0x00, 0x40, 0x00, 0xBB, 0x06, 0x18, 0x02, 0xEB, 0x76, 0x3E, 0x00, 
    0xBA, 0x01, 0x4B, 0x00, 0xE0, 0x73, 0x13, 0x02, 0x6A, 0x12, 0x00, 0xEB, 
    0x6C, 0x3D, 0x01, 0xBB, 0x01, 0x61, 0x01, 0xEB, 0x63, 0x3C, 0x00, 0xE0, 
    0x60, 0x11, 0x01, 0xB0, 0x01, 0x77, 0x01, 0xE0, 0x56, 0x10, 0x00, 0xEB, 
    0x59, 0x3B, 0x01, 0xBA, 0x01, 0x4D, 0x01, 0x99, 0x26, 0x00, 0x00, 0x2A, 
    0x00, 0x00, 0x24, 0x00, 0x00, 0x2E, 0x23, 0x00, 0xE0, 0x4D, 0x0F, 0x00, 
    0xEB, 0x4F, 0x3A, 0x00, 0x92, 0x32, 0x23, 0x00, 0x99, 0x26, 0x0A, 0x02, 
    0xBB, 0x01, 0x63, 0x00, 0xE0, 0x43, 0x0E, 0x00, 0xEB, 0x46, 0x39, 0x02, 
    0xE0, 0x39, 0x0D, 0x00, 0xEB, 0x3C, 0x38, 0x01, 0xB0, 0x01, 0x79, 0x01, 
    0xEB, 0x32, 0x37, 0x00, 0xE0, 0x30, 0x0C, 0x01, 0xBA, 0x01, 0x4F, 0x01, 
    0xEB, 0x29, 0x36, 0x00, 0xE0, 0x26, 0x0B, 0x02, 0x1C, 0x0A, 0x00, 0xEB, 
    0x1F, 0x35, 0x00, 0xBB, 0x01, 0x65, 0x01, 0x96, 0x68, 0x00, 0x00, 0x97, 
    0x56, 0x00, 0x01, 0x57, 0x64, 0x00, 0xEB, 0x15, 0x34, 0x00, 0x96, 0x69, 
    0x64, 0x00, 0xE0, 0x13, 0x09, 0x00, 0xB0, 0x01, 0x7B, 0x02, 0xBA, 0x01, 
    0x51, 0x00, 0xE0, 0x09, 0x08, 0x00, 0xEB, 0x0C, 0x33, 0x02, 0xE0, 0x7F, 
    0x06, 0x00, 0xEB, 0x02, 0x32, 0x01, 0xBB, 0x01, 0x67, 0x01, 0xEB, 0x78, 
    0x30, 0x00, 0xE0, 0x76, 0x05, 0x02, 0x6C, 0x04, 0x00, 0xB0, 0x01, 0x7D, 
    0x00, 0xEB, 0x6F, 0x2F, 0x02, 0xBA, 0x01, 0x53, 0x00, 0xE0, 0x62, 0x03, 
    0x00, 0xEB, 0x65, 0x2E, 0x02, 0xE0, 0x59, 0x02, 0x00, 0xEB, 0x5B, 0x2D, 
    0x01, 0xBB, 0x01, 0x69, 0x01, 0xE0, 0x4F, 0x01, 0x00, 0xEB, 0x52, 0x2C, 
    0x02, 0x48, 0x2B, 0x00, 0xE0, 0x45, 0x00, 0x00, 0xB0, 0x01, 0x7F, 0x01, 
    0xBA, 0x01, 0x55, 0x00, 0xE0, 0x00, 0x40, 0x01, 0x90, 0x3E, 0x00, 0x00, 
    0x45, 0x00, 0x00, 0x99, 0x2A, 0x00, 0x00, 0x26, 0x00, 0x00, 0x24, 0x22, 
    0x00, 0x2A, 0x22, 0x00, 0xEB, 0x3E, 0x2A, 0x02, 0xEA, 0x35, 0x29, 0x00, 
    0xBA, 0x01, 0x6B, 0x00, 0xEB, 0x35, 0x29, 0x00, 0xBB, 0x01, 0x6B, 0x02, 
    0xEB, 0x2B, 0x28, 0x00, 0xEA, 0x2B, 0x28, 0x02, 0xEB, 0x21, 0x27, 0x00, 
    0xEA, 0x21, 0x27, 0x01, 0xBA, 0x01, 0x57, 0x01, 0xEA, 0x18, 0x26, 0x00, 
    0xEB, 0x18, 0x26, 0x02, 0xBA, 0x01, 0x6D, 0x00, 0xBB, 0x01, 0x6D, 0x00, 
    0xEA, 0x0E, 0x25, 0x00, 0xEB, 0x0E, 0x25, 0x02, 0x96, 0x69, 0x00, 0x00, 
    0x97, 0x57, 0x00, 0x00, 0xEB, 0x04, 0x24, 0x00, 0xEA, 0x04, 0x24, 0x02, 
    0xBA, 0x01, 0x59, 0x00, 0xEA, 0x7B, 0x22, 0x00, 0xEB, 0x7B, 0x22, 0x02, 
    0x71, 0x21, 0x00, 0xEA, 0x71, 0x21, 0x01, 0xBA, 0x01, 0x6F, 0x00, 0xBB, 
    0x01, 0x6F, 0x01, 0xEA, 0x67, 0x20, 0x00, 0xEB, 0x67, 0x20, 0x02, 0xEA, 
    0x5E, 0x1F, 0x00, 0xEB, 0x5E, 0x1F, 0x02, 0xBA, 0x01, 0x5B, 0x00, 0xEA, 
    0x54, 0x1E, 0x00, 0xEB, 0x54, 0x1E, 0x02, 0xEA, 0x4A, 0x1D, 0x00, 0xEB, 
    0x4A, 0x1D, 0x01, 0xBA, 0x01, 0x71, 0x00, 0xBB, 0x01, 0x71, 0x01, 0xEB, 
    0x41, 0x1C, 0x00, 0x96, 0x68, 0x64, 0x00, 0x97, 0x56, 0x64, 0x00, 0xEA, 
    0x41, 0x1C, 0x02, 0xEB, 0x37, 0x1B, 0x00, 0xEA, 0x37, 0x1B, 0x02, 0x99, 
    0x2A, 0x00, 0x00, 0x24, 0x00, 0x00, 0xBA, 0x01, 0x5D, 0x00, 0xEB, 0x2D, 
    0x1A, 0x00, 0x91, 0x53, 0x21, 0x00, 0x99, 0x2A, 0x21, 0x00, 0xEA, 0x2D, 
    0x1A, 0x02, 0xBB, 0x01, 0x73, 0x00, 0xEA, 0x24, 0x19, 0x00, 0xEB, 0x24, 
    0x19, 0x00, 0xBA, 0x01, 0x73, 0x02, 0xEB, 0x1A, 0x18, 0x00, 0xEA, 0x1A, 
    0x18, 0x02, 0xEB, 0x10, 0x17, 0x00, 0xEA, 0x10, 0x17, 0x01, 0xBA, 0x01, 
    0x5F, 0x01, 0xEB, 0x07, 0x16, 0x00, 0xEA, 0x07, 0x16, 0x02, 0xEB, 0x7D, 
    0x14, 0x00, 0xBA, 0x01, 0x75, 0x00, 0xEA, 0x7D, 0x14, 0x00, 0x00, 0x40, 
    0x00, 0xBA, 0x06, 0x18, 0x00, 0xBB, 0x01, 0x75, 0x02, 0xEA, 0x73, 0x13, 
    0x00, 0x76, 0x3E, 0x00, 0xEB, 0x73, 0x13, 0x02, 0x6A, 0x12, 0x00, 0xEA, 
    0x6A, 0x12, 0x00, 0x6C, 0x3D, 0x01, 0xBA, 0x01, 0x61, 0x01, 0xEA, 0x60, 
    0x11, 0x00, 0xEB, 0x60, 0x11, 0x00, 0xEA, 0x63, 0x3C, 0x01, 0xBB, 0x01, 
    0x77, 0x00, 0xBA, 0x01, 0x77, 0x01, 0xEA, 0x59, 0x3B, 0x00, 0x56, 0x10, 
    0x00, 0xEB, 0x56, 0x10, 0x02, 0xEA, 0x4F, 0x3A, 0x00, 0x4D, 0x0F, 0x00, 
    0xEB, 0x4D, 0x0F, 0x02, 0xEA, 0x43, 0x0E, 0x00, 0xBA, 0x01, 0x63, 0x00, 
    0xEA, 0x46, 0x39, 0x00, 0xEB, 0x43, 0x0E, 0x02, 0xEA, 0x39, 0x0D, 0x00, 
    0xEB, 0x39, 0x0D, 0x00, 0xEA, 0x3C, 0x38, 0x01, 0xBA, 0x01, 0x79, 0x00, 
    0xBB, 0x01, 0x79, 0x01, 0x96, 0x68, 0x00, 0x00, 0x97, 0x56, 0x00, 0x00, 
    0xEB, 0x30, 0x0C, 0x00, 0x97, 0x55, 0x64, 0x00, 0x96, 0x67, 0x64, 0x00, 
    0xEA, 0x30, 0x0C, 0x00, 0x32, 0x37, 0x02, 0xEB, 0x26, 0x0B, 0x00, 0xEA, 
    0x26, 0x0B, 0x00, 0x29, 0x36, 0x02, 0x99, 0x3B, 0x00, 0x00, 0x91, 0x53, 
    0x00, 0x00, 0x99, 0x2A, 0x00, 0x00, 0xEA, 0x1C, 0x0A, 0x00, 0x91, 0x5F, 
    0x20, 0x00, 0xEA, 0x1F, 0x35, 0x00, 0x99, 0x3B, 0x20, 0x00, 0xEB, 0x1C, 
    0x0A, 0x00, 0xBA, 0x01, 0x65, 0x00, 0x99, 0x2A, 0x20, 0x02, 0xEA, 0x13, 
    0x09, 0x00, 0xBB, 0x01, 0x7B, 0x00, 0xEA, 0x15, 0x34, 0x00, 0xEB, 0x13, 
    0x09, 0x00, 0xBA, 0x01, 0x7B, 0x02, 0xEB, 0x09, 0x08, 0x00, 0xEA, 0x09, 
    0x08, 0x00, 0x0C, 0x33, 0x02, 0x7F, 0x06, 0x00, 0xEB, 0x7F, 0x06, 0x00, 
    0xEA, 0x02, 0x32, 0x01, 0xBA, 0x01, 0x67, 0x01, 0xEA, 0x76, 0x05, 0x00, 
    0xEB, 0x76, 0x05, 0x00, 0xEA, 0x78, 0x30, 0x02, 0x6C, 0x04, 0x00, 0xBB, 
    0x01, 0x7D, 0x00, 0xBA, 0x01, 0x7D, 0x00, 0xEB, 0x6C, 0x04, 0x00, 0xEA, 
    0x6F, 0x2F, 0x02, 0x65, 0x2E, 0x00, 0xEB, 0x62, 0x03, 0x00, 0xEA, 0x62, 
    0x03, 0x02, 0x59, 0x02, 0x00, 0xEB, 0x59, 0x02, 0x00, 0xEA, 0x5B, 0x2D, 
    0x01, 0xBA, 0x01, 0x69, 0x01, 0xEA, 0x4F, 0x01, 0x00, 0xEB, 0x4F, 0x01, 
    0x00, 0xEA, 0x52, 0x2C, 0x02, 0x48, 0x2B, 0x00, 0xBB, 0x01, 0x7F, 0x00, 
    0xEB, 0x45, 0x00, 0x00, 0xBA, 0x01, 0x7F, 0x00, 0xEA, 0x45, 0x00, 0x01, 
    0x00, 0x40, 0x00, 0xEB, 0x00, 0x40, 0x01, 0x9B, 0x45, 0x00, 0x00, 0x3E, 
    0x00, 0x00, 0xEA, 0x3E, 0x2A, 0x06, 0x97, 0x55, 0x00, 0x00, 0x96, 0x67, 
    0x00, 0x01, 0x97, 0x57, 0x64, 0x00, 0x96, 0x69, 0x64, 0x03, 0x91, 0x5F, 
    0x00, 0x00, 0x99, 0x2E, 0x00, 0x00, 0x24, 0x1F, 0x00, 0x2A, 0x1F, 0x1B, 
    0x96, 0x69, 0x00, 0x00, 0x97, 0x57, 0x00, 0x00, 0x96, 0x61, 0x64, 0x00, 
    0x97, 0x4F, 0x64, 0x03, 0x99, 0x24, 0x00, 0x00, 0x2A, 0x00, 0x00, 0x91, 
    0x5F, 0x1E, 0x00, 0x99, 0x2A, 0x1E, 0x1B, 0x97, 0x4F, 0x00, 0x00, 0x96, 
    0x61, 0x00, 0x00, 0x66, 0x64, 0x00, 0x97, 0x54, 0x64, 0x03, 0x91, 0x5F, 
    0x00, 0x00, 0x99, 0x2A, 0x00, 0x00, 0x91, 0x53, 0x1D, 0x00, 0x99, 0x2A, 
    0x1D, 0x0A, 0x9A, 0x45, 0x00, 0x00, 0x3E, 0x00, 0x11, 0x97, 0x54, 0x00, 
    0x00, 0x96, 0x66, 0x00, 0x00, 0x97, 0x52, 0x64, 0x00, 0x96, 0x64, 0x64, 
    0x03, 0x91, 0x53, 0x00, 0x00, 0x99, 0x3B, 0x00, 0x00, 0x2A, 0x00, 0x00, 
    0x3B, 0x1C, 0x00, 0x24, 0x1C, 0x00, 0x2A, 0x1C, 0x1B, 0x96, 0x64, 0x00, 
    0x00, 0x97, 0x52, 0x00, 0x01, 0x96, 0x67, 0x64, 0x00, 0x97, 0x55, 0x64, 
    0x02, 0x99, 0x24, 0x00, 0x00, 0x2A, 0x00, 0x00, 0x46, 0x02, 0x00, 0x2A, 
    0x1B, 0x1C, 0x97, 0x55, 0x00, 0x00, 0x96, 0x67, 0x00, 0x00, 0x69, 0x64, 
    0x00, 0x97, 0x57, 0x64, 0x02, 0x99, 0x46, 0x00, 0x00, 0x2A, 0x00, 0x00, 
    0x24, 0x19, 0x00, 0x2A, 0x19, 0x1C, 0x97, 0x57, 0x00, 0x00, 0x96, 0x69, 
    0x00, 0x00, 0x67, 0x64, 0x00, 0x97, 0x55, 0x64, 0x02, 0x99, 0x24, 0x00, 
    0x00, 0x2A, 0x00, 0x00, 0x2A, 0x18, 0x00, 0x91, 0x53, 0x18, 0x1C, 0x97, 
    0x55, 0x00, 0x00, 0x96, 0x67, 0x00, 0x00, 0x62, 0x64, 0x00, 0x97, 0x50, 
    0x64, 0x02, 0x91, 0x53, 0x00, 0x00, 0x99, 0x2A, 0x00, 0x00, 0x3B, 0x00, 
    0x00, 0x3B, 0x17, 0x00, 0x91, 0x5F, 0x17, 0x00, 0x99, 0x2A, 0x17, 0x1C, 
    0x97, 0x50, 0x00, 0x00, 0x96, 0x62, 0x00, 0x01, 0x63, 0x64, 0x00, 0x97, 
    0x51, 0x64, 0x01, 0x91, 0x5F, 0x00, 0x00, 0x99, 0x2A, 0x00, 0x00, 0x2A, 
    0x16, 0x00, 0x24, 0x16, 0x1D, 0x97, 0x51, 0x00, 0x00, 0x96, 0x63, 0x00, 
    0x00, 0x6B, 0x64, 0x00, 0x97, 0x59, 0x64, 0x01, 0x99, 0x24, 0x00, 0x00, 
    0x2A, 0x00, 0x00, 0x91, 0x5F, 0x15, 0x00, 0x99, 0x2A, 0x15, 0x1D, 0x97, 
    0x59, 0x00, 0x00, 0x96, 0x6B, 0x00, 0x00, 0x97, 0x55, 0x64, 0x00, 0x96, 
    0x67, 0x64, 0x01, 0x91, 0x5F, 0x00, 0x00, 0x99, 0x2A, 0x00, 0x00, 0x91, 
    0x53, 0x14, 0x00, 0x99, 0x2A, 0x14, 0x1D, 0x96, 0x67, 0x00, 0x00, 0x97, 
    0x55, 0x00, 0x00, 0x96, 0x69, 0x64, 0x00, 0x97, 0x57, 0x64, 0x01, 0x91, 
    0x53, 0x00, 0x00, 0x99, 0x2A, 0x00, 0x00, 0x3B, 0x00, 0x00, 0x24, 0x13, 
    0x00, 0x2A, 0x13, 0x00, 0x3B, 0x13, 0x1D, 0x97, 0x57, 0x00, 0x00, 0x96, 
    0x69, 0x00, 0x01, 0x99, 0x24, 0x00, 0x00, 0x2A, 0x00, 0x00, 0x46, 0x01, 
    0x00, 0x97, 0x50, 0x64, 0x00, 0x99, 0x2E, 0x12, 0x00, 0x96, 0x62, 0x64, 
    0x1E, 0x62, 0x00, 0x00, 0x97, 0x50, 0x00, 0x00, 0x99, 0x46, 0x00, 0x00, 
    0x2A, 0x00, 0x00, 0x96, 0x64, 0x64, 0x00, 0x97, 0x52, 0x64, 0x00, 0x99, 
    0x2A, 0x11, 0x00, 0x24, 0x11, 0x1E, 0x24, 0x00, 0x00, 0x97, 0x52, 0x00, 
    0x00, 0x96, 0x64, 0x00, 0x00, 0x99, 0x2A, 0x00, 0x00, 0x2A, 0x10, 0x00, 
    0x91, 0x53, 0x10, 0x00, 0x97, 0x4C, 0x64, 0x00, 0x96, 0x5B, 0x64, 0x1E, 
    0x5B, 0x00, 0x00, 0x97, 0x4C, 0x00, 0x00, 0x91, 0x53, 0x00, 0x00, 0x99, 
    0x2A, 0x00, 0x00, 0x3B, 0x00, 0x00, 0x3B, 0x0F, 0x00, 0x97, 0x4E, 0x64, 
    0x00, 0x91, 0x5F, 0x0F, 0x00, 0x99, 0x2A, 0x0F, 0x00, 0x96, 0x5D, 0x64, 
    0x1E, 0x5D, 0x00, 0x00, 0x91, 0x5F, 0x00, 0x00, 0x97, 0x4E, 0x00, 0x00, 
    0x99, 0x2E, 0x00, 0x00, 0x64, 0x0E, 0x00, 0x2A, 0x0E, 0x01, 0x96, 0x5C, 
    0x64, 0x00, 0x97, 0x4D, 0x64, 0x1D, 0x99, 0x64, 0x00, 0x00, 0x2A, 0x00, 
    0x00, 0x91, 0x5F, 0x0D, 0x00, 0x99, 0x2A, 0x0D, 0x01, 0x97, 0x4D, 0x00, 
    0x00, 0x96, 0x5C, 0x00, 0x00, 0x97, 0x4F, 0x64, 0x00, 0x96, 0x5E, 0x64, 
    0x1D, 0x91, 0x5F, 0x00, 0x00, 0x99, 0x2A, 0x00, 0x00, 0x2A, 0x0C, 0x00, 
    0x91, 0x53, 0x0C, 0x01, 0x96, 0x5E, 0x00, 0x00, 0x97, 0x4F, 0x00, 0x00, 
    0x96, 0x5F, 0x64, 0x00, 0x97, 0x50, 0x64, 0x1D, 0x91, 0x53, 0x00, 0x00, 
    0x99, 0x3B, 0x00, 0x00, 0x2A, 0x00, 0x00, 0x3B, 0x0B, 0x00, 0x2A, 0x0B, 
    0x00, 0x64, 0x0B, 0x01, 0x97, 0x50, 0x00, 0x00, 0x96, 0x5F, 0x00, 0x00, 
    0x5C, 0x64, 0x00, 0x97, 0x4D, 0x64, 0x1D, 0x99, 0x64, 0x00, 0x00, 0x2A, 
    0x00, 0x00, 0x46, 0x01, 0x00, 0x2A, 0x0A, 0x01, 0x97, 0x4D, 0x00, 0x00, 
    0x96, 0x5C, 0x00, 0x01, 0x97, 0x4C, 0x64, 0x00, 0x96, 0x5B, 0x64, 0x1C, 
    0x99, 0x46, 0x00, 0x00, 0x2A, 0x00, 0x00, 0x2A, 0x09, 0x00, 0x64, 0x09, 
    0x02, 0x96, 0x5B, 0x00, 0x00, 0x97, 0x4C, 0x00, 0x00, 0x4B, 0x64, 0x00, 
    0x96, 0x5A, 0x64, 0x1C, 0x99, 0x64, 0x00, 0x00, 0x2A, 0x00, 0x00, 0x2A, 
    0x08, 0x00, 0x91, 0x53, 0x08, 0x02, 0x96, 0x5A, 0x00, 0x00, 0x97, 0x4B, 
    0x00, 0x00, 0x4A, 0x64, 0x00, 0x96, 0x59, 0x64, 0x1C, 0x91, 0x53, 0x00, 
    0x00, 0x99, 0x2A, 0x00, 0x00, 0x3B, 0x00, 0x00, 0x3B, 0x07, 0x00, 0x2A, 
    0x07, 0x00, 0x91, 0x5F, 0x07, 0x02, 0x96, 0x59, 0x00, 0x00, 0x97, 0x4A, 
    0x00, 0x00, 0x96, 0x5B, 0x64, 0x00, 0x97, 0x4C, 0x64, 0x1C, 0x91, 0x5F, 
    0x00, 0x00, 0x99, 0x2A, 0x00, 0x00, 0x2A, 0x06, 0x00, 0x64, 0x06, 0x02, 
    0x97, 0x4C, 0x00, 0x00, 0x96, 0x5B, 0x00, 0x01, 0x97, 0x4D, 0x64, 0x00, 
    0x96, 0x5C, 0x64, 0x1B, 0x99, 0x64, 0x00, 0x00, 0x2A, 0x00, 0x00, 0x2A, 
    0x05, 0x00, 0x91, 0x5F, 0x05, 0x03, 0x96, 0x5C, 0x00, 0x00, 0x97, 0x4D, 
    0x00, 0x00, 0x47, 0x64, 0x00, 0x96, 0x56, 0x64, 0x1B, 0x91, 0x5F, 0x00, 
    0x00, 0x99, 0x2A, 0x00, 0x00, 0x91, 0x53, 0x04, 0x00, 0x99, 0x2A, 0x04, 
    0x03, 0x96, 0x56, 0x00, 0x00, 0x97, 0x47, 0x00, 0x00, 0x4A, 0x64, 0x00, 
    0x96, 0x59, 0x64, 0x1B, 0x91, 0x53, 0x00, 0x00, 0x99, 0x2A, 0x00, 0x00, 
    0x3B, 0x00, 0x00, 0x3B, 0x03, 0x00, 0x64, 0x03, 0x00, 0x2A, 0x03, 0x03, 
    0x96, 0x59, 0x00, 0x00, 0x97, 0x4A, 0x00, 0x00, 0x4E, 0x64, 0x00, 0x96, 
    0x5D, 0x64, 0x1B, 0x99, 0x64, 0x00, 0x00, 0x2A, 0x00, 0x00, 0x46, 0x01, 
    0x00, 0x2E, 0x02, 0x03, 0x96, 0x5D, 0x00, 0x00, 0x97, 0x4E, 0x00, 0x01, 
    0x47, 0x64, 0x00, 0x96, 0x56, 0x64, 0x1A, 0x99, 0x46, 0x00, 0x00, 0x92, 
    0x32, 0x00, 0x00, 0x99, 0x2A, 0x00, 0x04, 0x97, 0x47, 0x00, 0x00, 0x96, 
    0x56, 0x00, 0x1A, 0x99, 0x2A, 0x00, 0x1E, 0x3B, 0x00, 0x00, 0x2A, 0x00, 
    0x1E, 0x2E, 0x00, 0x00, 0xFF, 0x2F, 0x00, 
};
