#ifndef MUSIC_H
#define MUSIC_H


#include <stdint.h>
#include <stdlib.h>
#include "apis.h"

MEMALIGN32 const uint8_t tune[] = {

// the file information: "W:\Work\Programming\SidboxApplets\3dcubetest\.work\(-)_Eclipse.mod"


// DATA SIZE = 18512
0x65, 0x63, 0x6C, 0x69, 0x70, 0x73, 0x65, 0x00,   0x00, 0x00, 0x00, 0x00, 0x00, 0x00, 0x00, 0x00,     // 0 .. (15)
0x00, 0x00, 0x00, 0x00, 0x23, 0x20, 0x48, 0x69,   0x2D, 0x4C, 0x69, 0x74, 0x65, 0x00, 0x00, 0x00,     // 1 .. (31)
0x00, 0x00, 0x00, 0x00, 0x00, 0x00, 0x00, 0x00,   0x00, 0x00, 0x02, 0x80, 0x00, 0x40, 0x00, 0x00,     // 2 .. (47)
0x00, 0x01, 0x28, 0x63, 0x29, 0x20, 0x62, 0x79,   0x20, 0x68, 0x69, 0x2D, 0x6C, 0x69, 0x74, 0x65,     // 3 .. (63)
0x20, 0x27, 0x39, 0x32, 0x2E, 0x2E, 0x2E, 0x00,   0x00, 0x00, 0x00, 0x00, 0x00, 0x00, 0x00, 0x01,     // 4 .. (79)
0x2F, 0x5C, 0x2F, 0x5C, 0x2F, 0x5C, 0x2F, 0x5C,   0x2F, 0x5C, 0x2F, 0x5C, 0x2F, 0x5C, 0x2F, 0x5C,     // 5 .. (95)
0x2F, 0x5C, 0x2F, 0x5C, 0x2F, 0x00, 0x01, 0x00,   0x00, 0x40, 0x00, 0x00, 0x00, 0x01, 0x2E, 0x2E,     // 6 .. (111)
0x2E, 0x2E, 0x61, 0x6E, 0x6F, 0x74, 0x68, 0x65,   0x72, 0x20, 0x63, 0x68, 0x69, 0x70, 0x74, 0x75,     // 7 .. (127)
0x6E, 0x65, 0x21, 0x00, 0x02, 0xD8, 0x00, 0x40,   0x00, 0x00, 0x00, 0x01, 0x74, 0x68, 0x69, 0x73,     // 8 .. (143)
0x20, 0x6F, 0x6E, 0x65, 0x20, 0x77, 0x61, 0x73,   0x20, 0x6D, 0x61, 0x64, 0x65, 0x20, 0x6F, 0x6E,     // 9 .. (159)
0x00, 0x00, 0x00, 0x96, 0x00, 0x40, 0x00, 0x09,   0x00, 0x8D, 0x74, 0x68, 0x65, 0x20, 0x64, 0x61,     // 10 .. (175)
0x79, 0x20, 0x77, 0x65, 0x20, 0x67, 0x6F, 0x74,   0x20, 0x6F, 0x75, 0x72, 0x00, 0x00, 0x00, 0x00,     // 11 .. (191)
0x00, 0x18, 0x00, 0x40, 0x00, 0x0A, 0x00, 0x0E,   0x65, 0x61, 0x73, 0x74, 0x65, 0x72, 0x6E, 0x20,     // 12 .. (207)
0x76, 0x61, 0x63, 0x61, 0x74, 0x69, 0x6F, 0x6E,   0x73, 0x20, 0x69, 0x6E, 0x00, 0x00, 0x00, 0x17,     // 13 .. (223)
0x00, 0x40, 0x00, 0x09, 0x00, 0x0E, 0x73, 0x63,   0x68, 0x6F, 0x6F, 0x6C, 0x20, 0x2E, 0x6D, 0x61,     // 14 .. (239)
0x79, 0x62, 0x65, 0x20, 0x74, 0x68, 0x61, 0x74,   0x27, 0x73, 0x00, 0x00, 0x00, 0x16, 0x00, 0x40,     // 15 .. (255)
0x00, 0x08, 0x00, 0x0E, 0x77, 0x68, 0x79, 0x20,   0x74, 0x68, 0x69, 0x73, 0x20, 0x73, 0x6F, 0x75,     // 16 .. (271)
0x6E, 0x64, 0x73, 0x20, 0x74, 0x68, 0x61, 0x74,   0x00, 0x00, 0x00, 0x15, 0x00, 0x40, 0x00, 0x07,     // 17 .. (287)
0x00, 0x0E, 0x68, 0x61, 0x70, 0x70, 0x79, 0x20,   0x2E, 0x2E, 0x2E, 0x3F, 0x21, 0x3F, 0x21, 0x3F,     // 18 .. (303)
0x21, 0x3F, 0x21, 0x3F, 0x21, 0x3F, 0x21, 0x00,   0x00, 0x14, 0x00, 0x40, 0x00, 0x06, 0x00, 0x0E,     // 19 .. (319)
0x73, 0x75, 0x6D, 0x20, 0x68, 0x65, 0x6C, 0x6C,   0x6F, 0x73, 0x20, 0x74, 0x6F, 0x20, 0x3A, 0x2D,     // 20 .. (335)
0x3E, 0x00, 0x00, 0x00, 0x00, 0x00, 0x00, 0x12,   0x00, 0x40, 0x00, 0x04, 0x00, 0x0E, 0x6A, 0x2E,     // 21 .. (351)
0x6F, 0x2E, 0x65, 0x2E, 0x2C, 0x72, 0x65, 0x65,   0x62, 0x6F, 0x6B, 0x2C, 0x64, 0x72, 0x65, 0x61,     // 22 .. (367)
0x6D, 0x65, 0x72, 0x00, 0x00, 0x0E, 0x00, 0x40,   0x00, 0x00, 0x00, 0x0E, 0x6A, 0x68, 0x6C, 0x2C,     // 23 .. (383)
0x67, 0x6F, 0x74, 0x68, 0x69, 0x63, 0x2C, 0x61,   0x64, 0x65, 0x63, 0x2F, 0x73, 0x21, 0x70, 0x2E,     // 24 .. (399)
0x2E, 0x00, 0x00, 0x18, 0x00, 0x40, 0x00, 0x0A,   0x00, 0x0E, 0x62, 0x72, 0x6F, 0x73, 0x2C, 0x6D,     // 25 .. (415)
0x61, 0x73, 0x74, 0x65, 0x72, 0x2F, 0x63, 0x79,   0x74, 0x61, 0x78, 0x2E, 0x2E, 0x2E, 0x2E, 0x00,     // 26 .. (431)
0x00, 0x17, 0x00, 0x40, 0x00, 0x09, 0x00, 0x0E,   0x7A, 0x6F, 0x64, 0x69, 0x61, 0x63, 0x2F, 0x76,     // 27 .. (447)
0x66, 0x2E, 0x2E, 0x2E, 0x2E, 0x2E, 0x2E, 0x2E,   0x2E, 0x2E, 0x2E, 0x2E, 0x2E, 0x00, 0x00, 0x16,     // 28 .. (463)
0x00, 0x40, 0x00, 0x08, 0x00, 0x0E, 0x64, 0x61,   0x72, 0x79, 0x6C, 0x27, 0x6E, 0x20, 0x72, 0x61,     // 29 .. (479)
0x76, 0x65, 0x2F, 0x74, 0x73, 0x6C, 0x2E, 0x2E,   0x2E, 0x2E, 0x2E, 0x00, 0x00, 0x15, 0x00, 0x40,     // 30 .. (495)
0x00, 0x07, 0x00, 0x0E, 0x61, 0x6E, 0x64, 0x20,   0x61, 0x6C, 0x6C, 0x20, 0x74, 0x68, 0x65, 0x20,     // 31 .. (511)
0x6F, 0x74, 0x68, 0x65, 0x72, 0x20, 0x00, 0x00,   0x00, 0x00, 0x00, 0x14, 0x00, 0x40, 0x00, 0x06,     // 32 .. (527)
0x00, 0x0E, 0x6E, 0x69, 0x63, 0x65, 0x20, 0x67,   0x75, 0x79, 0x73, 0x20, 0x69, 0x20, 0x6B, 0x6E,     // 33 .. (543)
0x6F, 0x77, 0x20, 0x2E, 0x2E, 0x2E, 0x2E, 0x00,   0x00, 0x12, 0x00, 0x40, 0x00, 0x04, 0x00, 0x0E,     // 34 .. (559)
0x6F, 0x66, 0x63, 0x6F, 0x75, 0x72, 0x73, 0x65,   0x20, 0x6E, 0x6F, 0x20, 0x67, 0x72, 0x65, 0x65,     // 35 .. (575)
0x74, 0x7A, 0x20, 0x74, 0x6F, 0x00, 0x00, 0x0E,   0x00, 0x40, 0x00, 0x00, 0x00, 0x0E, 0x74, 0x68,     // 36 .. (591)
0x6F, 0x73, 0x65, 0x20, 0x77, 0x68, 0x6F, 0x20,   0x61, 0x72, 0x65, 0x6E, 0x27, 0x74, 0x20, 0x6E,     // 37 .. (607)
0x69, 0x63, 0x65, 0x00, 0x00, 0x00, 0x00, 0x00,   0x00, 0x00, 0x00, 0x01, 0x2E, 0x2E, 0x2E, 0x62,     // 38 .. (623)
0x61, 0x64, 0x20, 0x6C, 0x75, 0x63, 0x6B, 0x20,   0x3F, 0x21, 0x3F, 0x21, 0x3F, 0x2E, 0x2E, 0x2E,     // 39 .. (639)
0x2E, 0x00, 0x00, 0x00, 0x00, 0x00, 0x00, 0x00,   0x00, 0x01, 0x73, 0x20, 0x69, 0x20, 0x67, 0x20,     // 40 .. (655)
0x6E, 0x20, 0x65, 0x20, 0x64, 0x20, 0x3A, 0x2D,   0x3E, 0x00, 0x00, 0x00, 0x00, 0x00, 0x00, 0x00,     // 41 .. (671)
0x00, 0x00, 0x00, 0x00, 0x00, 0x00, 0x00, 0x01,   0x3D, 0x2D, 0x68, 0x69, 0x2D, 0x6C, 0x69, 0x74,     // 42 .. (687)
0x65, 0x2F, 0x73, 0x21, 0x70, 0x2F, 0x74, 0x72,   0x73, 0x69, 0x2D, 0x3D, 0x2D, 0x00, 0x00, 0x00,     // 43 .. (703)
0x00, 0x00, 0x00, 0x00, 0x00, 0x01, 0x30, 0x32,   0x2D, 0x30, 0x34, 0x2D, 0x39, 0x32, 0x20, 0x20,     // 44 .. (719)
0x20, 0x20, 0x20, 0x20, 0x20, 0x20, 0x31, 0x34,   0x3A, 0x34, 0x32, 0x00, 0x00, 0x00, 0x00, 0x00,     // 45 .. (735)
0x00, 0x00, 0x00, 0x01, 0x00, 0x00, 0x00, 0x00,   0x00, 0x00, 0x00, 0x00, 0x00, 0x00, 0x00, 0x00,     // 46 .. (751)
0x00, 0x00, 0x00, 0x00, 0x00, 0x00, 0x00, 0x00,   0x00, 0x00, 0x00, 0x00, 0x00, 0x00, 0x00, 0x00,     // 47 .. (767)
0x00, 0x01, 0x00, 0x00, 0x00, 0x00, 0x00, 0x00,   0x00, 0x00, 0x00, 0x00, 0x00, 0x00, 0x00, 0x00,     // 48 .. (783)
0x00, 0x00, 0x00, 0x00, 0x00, 0x00, 0x00, 0x00,   0x00, 0x00, 0x00, 0x00, 0x00, 0x00, 0x00, 0x01,     // 49 .. (799)
0x00, 0x00, 0x00, 0x00, 0x00, 0x00, 0x00, 0x00,   0x00, 0x00, 0x00, 0x00, 0x00, 0x00, 0x00, 0x00,     // 50 .. (815)
0x00, 0x00, 0x00, 0x00, 0x00, 0x00, 0x00, 0x00,   0x00, 0x00, 0x00, 0x00, 0x00, 0x01, 0x00, 0x00,     // 51 .. (831)
0x00, 0x00, 0x00, 0x00, 0x00, 0x00, 0x00, 0x00,   0x00, 0x00, 0x00, 0x00, 0x00, 0x00, 0x00, 0x00,     // 52 .. (847)
0x00, 0x00, 0x00, 0x00, 0x00, 0x00, 0x00, 0x00,   0x00, 0x00, 0x00, 0x01, 0x00, 0x00, 0x00, 0x00,     // 53 .. (863)
0x00, 0x00, 0x00, 0x00, 0x00, 0x00, 0x00, 0x00,   0x00, 0x00, 0x00, 0x00, 0x00, 0x00, 0x00, 0x00,     // 54 .. (879)
0x00, 0x00, 0x00, 0x00, 0x00, 0x00, 0x00, 0x00,   0x00, 0x01, 0x00, 0x00, 0x00, 0x00, 0x00, 0x00,     // 55 .. (895)
0x00, 0x00, 0x00, 0x00, 0x00, 0x00, 0x00, 0x00,   0x00, 0x00, 0x00, 0x00, 0x00, 0x00, 0x00, 0x00,     // 56 .. (911)
0x00, 0x00, 0x00, 0x00, 0x00, 0x00, 0x00, 0x01,   0x00, 0x00, 0x00, 0x00, 0x00, 0x00, 0x00, 0x00,     // 57 .. (927)
0x00, 0x00, 0x00, 0x00, 0x00, 0x00, 0x00, 0x00,   0x00, 0x00, 0x00, 0x00, 0x00, 0x00, 0x00, 0x00,     // 58 .. (943)
0x00, 0x00, 0x00, 0x00, 0x00, 0x01, 0x0F, 0x7F,   0x00, 0x01, 0x02, 0x03, 0x04, 0x05, 0x06, 0x07,     // 59 .. (959)
0x08, 0x09, 0x09, 0x0A, 0x0B, 0x0B, 0x0C, 0x00,   0x00, 0x00, 0x00, 0x00, 0x00, 0x00, 0x00, 0x00,     // 60 .. (975)
0x00, 0x00, 0x00, 0x00, 0x00, 0x00, 0x00, 0x00,   0x00, 0x00, 0x00, 0x00, 0x00, 0x00, 0x00, 0x00,     // 61 .. (991)
0x00, 0x00, 0x00, 0x00, 0x00, 0x00, 0x00, 0x00,   0x00, 0x00, 0x00, 0x00, 0x00, 0x00, 0x00, 0x00,     // 62 .. (1007)
0x00, 0x00, 0x00, 0x00, 0x00, 0x00, 0x00, 0x00,   0x00, 0x00, 0x00, 0x00, 0x00, 0x00, 0x00, 0x00,     // 63 .. (1023)
0x00, 0x00, 0x00, 0x00, 0x00, 0x00, 0x00, 0x00,   0x00, 0x00, 0x00, 0x00, 0x00, 0x00, 0x00, 0x00,     // 64 .. (1039)
0x00, 0x00, 0x00, 0x00, 0x00, 0x00, 0x00, 0x00,   0x00, 0x00, 0x00, 0x00, 0x00, 0x00, 0x00, 0x00,     // 65 .. (1055)
0x00, 0x00, 0x00, 0x00, 0x00, 0x00, 0x00, 0x00,   0x00, 0x00, 0x00, 0x00, 0x00, 0x00, 0x00, 0x00,     // 66 .. (1071)
0x00, 0x00, 0x00, 0x00, 0x00, 0x00, 0x00, 0x00,   0x4D, 0x2E, 0x4B, 0x2E, 0x02, 0xA6, 0x3A, 0x0F,     // 67 .. (1087)
0x01, 0x53, 0x5A, 0x0F, 0x00, 0x00, 0x0F, 0x04,   0x00, 0x00, 0x00, 0x00, 0x00, 0x00, 0x0A, 0x0F,     // 68 .. (1103)
0x00, 0x00, 0x0A, 0x0F, 0x00, 0x00, 0x00, 0x00,   0x00, 0x00, 0x00, 0x00, 0x00, 0xAA, 0x1C, 0x2A,     // 69 .. (1119)
0x01, 0x53, 0x5A, 0x0F, 0x00, 0x00, 0x00, 0x00,   0x00, 0x00, 0x00, 0x00, 0x00, 0x00, 0x0A, 0x0F,     // 70 .. (1135)
0x00, 0x00, 0x0A, 0x0F, 0x00, 0x00, 0x00, 0x00,   0x00, 0x00, 0x00, 0x00, 0x01, 0x53, 0x4A, 0x0E,     // 71 .. (1151)
0x00, 0xAA, 0x5A, 0x0E, 0x00, 0x00, 0x00, 0x00,   0x00, 0x00, 0x00, 0x00, 0x00, 0x00, 0x0A, 0x0E,     // 72 .. (1167)
0x00, 0x00, 0x0A, 0x0E, 0x00, 0x00, 0x00, 0x00,   0x00, 0x00, 0x00, 0x00, 0x00, 0xAA, 0x1C, 0x20,     // 73 .. (1183)
0x01, 0x53, 0x5A, 0x0E, 0x00, 0x00, 0x00, 0x00,   0x00, 0x00, 0x00, 0x00, 0x00, 0x00, 0x0A, 0x0E,     // 74 .. (1199)
0x00, 0x00, 0x0A, 0x0E, 0x00, 0x00, 0x00, 0x00,   0x00, 0x00, 0x00, 0x00, 0x00, 0xAA, 0x1C, 0x3A,     // 75 .. (1215)
0x01, 0x53, 0x5A, 0x0C, 0x00, 0x00, 0x00, 0x00,   0x00, 0x00, 0x00, 0x00, 0x00, 0x00, 0x0A, 0x0C,     // 76 .. (1231)
0x00, 0x00, 0x0A, 0x0C, 0x00, 0x00, 0x00, 0x00,   0x00, 0x00, 0x00, 0x00, 0x02, 0xA6, 0x3A, 0x0C,     // 77 .. (1247)
0x00, 0xAA, 0x5A, 0x0C, 0x00, 0x00, 0x00, 0x00,   0x00, 0x00, 0x00, 0x00, 0x00, 0x00, 0x0A, 0x0C,     // 78 .. (1263)
0x00, 0x00, 0x0A, 0x0C, 0x00, 0x00, 0x00, 0x00,   0x00, 0x00, 0x00, 0x00, 0x01, 0x53, 0x4A, 0x0B,     // 79 .. (1279)
0x01, 0x53, 0x5A, 0x0B, 0x00, 0x00, 0x00, 0x00,   0x00, 0x00, 0x00, 0x00, 0x00, 0x00, 0x0A, 0x0B,     // 80 .. (1295)
0x00, 0x00, 0x0A, 0x0B, 0x00, 0x00, 0x00, 0x00,   0x00, 0x00, 0x00, 0x00, 0x00, 0xAA, 0x1C, 0x20,     // 81 .. (1311)
0x00, 0xBE, 0x5A, 0x0B, 0x00, 0x00, 0x00, 0x00,   0x00, 0x00, 0x00, 0x00, 0x00, 0x00, 0x0A, 0x0B,     // 82 .. (1327)
0x00, 0x00, 0x0A, 0x0B, 0x00, 0x00, 0x00, 0x00,   0x00, 0x00, 0x00, 0x00, 0x02, 0xA6, 0x3A, 0x0A,     // 83 .. (1343)
0x00, 0xAA, 0x5A, 0x0A, 0x00, 0x00, 0x00, 0x00,   0x00, 0x00, 0x00, 0x00, 0x00, 0x00, 0x0A, 0x0A,     // 84 .. (1359)
0x00, 0x00, 0x0A, 0x0A, 0x00, 0x00, 0x00, 0x00,   0x00, 0x00, 0x00, 0x00, 0x00, 0xAA, 0x1C, 0x2A,     // 85 .. (1375)
0x01, 0x53, 0x5A, 0x0A, 0x00, 0x00, 0x00, 0x00,   0x00, 0x00, 0x00, 0x00, 0x00, 0x00, 0x0A, 0x0A,     // 86 .. (1391)
0x00, 0x00, 0x0A, 0x0A, 0x00, 0x00, 0x00, 0x00,   0x00, 0x00, 0x00, 0x00, 0x01, 0x53, 0x4A, 0x09,     // 87 .. (1407)
0x01, 0x53, 0x5A, 0x09, 0x00, 0x00, 0x00, 0x00,   0x00, 0x00, 0x00, 0x00, 0x00, 0x00, 0x0A, 0x09,     // 88 .. (1423)
0x00, 0x00, 0x0A, 0x09, 0x00, 0x00, 0x00, 0x00,   0x00, 0x00, 0x00, 0x00, 0x00, 0xAA, 0x1C, 0x20,     // 89 .. (1439)
0x00, 0xAA, 0x5A, 0x09, 0x00, 0x00, 0x00, 0x00,   0x00, 0x00, 0x00, 0x00, 0x00, 0x00, 0x0A, 0x09,     // 90 .. (1455)
0x00, 0x00, 0x0A, 0x09, 0x00, 0x00, 0x00, 0x00,   0x00, 0x00, 0x00, 0x00, 0x00, 0xAA, 0x1A, 0x08,     // 91 .. (1471)
0x01, 0x53, 0x5A, 0x08, 0x00, 0x00, 0x00, 0x00,   0x00, 0x00, 0x00, 0x00, 0x00, 0x00, 0x0A, 0x08,     // 92 .. (1487)
0x00, 0x00, 0x0A, 0x08, 0x00, 0x00, 0x00, 0x00,   0x00, 0x00, 0x00, 0x00, 0x02, 0xA6, 0x3A, 0x08,     // 93 .. (1503)
0x01, 0x53, 0x5A, 0x08, 0x00, 0x00, 0x00, 0x00,   0x00, 0x00, 0x00, 0x00, 0x00, 0x00, 0x0A, 0x08,     // 94 .. (1519)
0x00, 0x00, 0x0A, 0x08, 0x00, 0x00, 0x00, 0x00,   0x00, 0x00, 0x00, 0x00, 0x01, 0x53, 0x4A, 0x07,     // 95 .. (1535)
0x00, 0xAA, 0x5A, 0x07, 0x00, 0x00, 0x00, 0x00,   0x00, 0x00, 0x00, 0x00, 0x00, 0x00, 0x0A, 0x07,     // 96 .. (1551)
0x00, 0x00, 0x0A, 0x07, 0x00, 0x00, 0x00, 0x00,   0x00, 0x00, 0x00, 0x00, 0x00, 0xAA, 0x1C, 0x2A,     // 97 .. (1567)
0x00, 0xBE, 0x5A, 0x07, 0x00, 0x00, 0x00, 0x00,   0x00, 0x00, 0x00, 0x00, 0x00, 0x00, 0x0A, 0x07,     // 98 .. (1583)
0x00, 0x00, 0x0A, 0x07, 0x00, 0x00, 0x00, 0x00,   0x00, 0x00, 0x00, 0x00, 0x02, 0xA6, 0x3A, 0x06,     // 99 .. (1599)
0x01, 0x53, 0x5A, 0x06, 0x00, 0x00, 0x00, 0x00,   0x00, 0x00, 0x00, 0x00, 0x00, 0x00, 0x0A, 0x06,     // 100 .. (1615)
0x00, 0x00, 0x0A, 0x06, 0x00, 0x00, 0x00, 0x00,   0x00, 0x00, 0x00, 0x00, 0x00, 0xAA, 0x1C, 0x20,     // 101 .. (1631)
0x01, 0x53, 0x5A, 0x06, 0x00, 0x00, 0x00, 0x00,   0x00, 0x00, 0x00, 0x00, 0x00, 0x00, 0x0A, 0x06,     // 102 .. (1647)
0x00, 0x00, 0x0A, 0x06, 0x00, 0x00, 0x00, 0x00,   0x00, 0x00, 0x00, 0x00, 0x01, 0x53, 0x4A, 0x05,     // 103 .. (1663)
0x00, 0xAA, 0x5A, 0x05, 0x00, 0x00, 0x00, 0x00,   0x00, 0x00, 0x00, 0x00, 0x00, 0x00, 0x0A, 0x05,     // 104 .. (1679)
0x00, 0x00, 0x0A, 0x05, 0x00, 0x00, 0x00, 0x00,   0x00, 0x00, 0x00, 0x00, 0x00, 0xAA, 0x1C, 0x20,     // 105 .. (1695)
0x01, 0x53, 0x5A, 0x05, 0x00, 0x00, 0x00, 0x00,   0x00, 0x00, 0x00, 0x00, 0x00, 0x00, 0x0A, 0x05,     // 106 .. (1711)
0x00, 0x00, 0x0A, 0x05, 0x00, 0x00, 0x00, 0x00,   0x00, 0x00, 0x00, 0x00, 0x00, 0xAA, 0x1A, 0x04,     // 107 .. (1727)
0x01, 0x53, 0x5A, 0x04, 0x00, 0x00, 0x00, 0x00,   0x00, 0x00, 0x00, 0x00, 0x00, 0x00, 0x0A, 0x04,     // 108 .. (1743)
0x00, 0x00, 0x0A, 0x04, 0x00, 0x00, 0x00, 0x00,   0x00, 0x00, 0x00, 0x00, 0x02, 0xA6, 0x3A, 0x04,     // 109 .. (1759)
0x00, 0xAA, 0x5A, 0x04, 0x00, 0x00, 0x00, 0x00,   0x00, 0x00, 0x00, 0x00, 0x00, 0x00, 0x0A, 0x04,     // 110 .. (1775)
0x00, 0x00, 0x0A, 0x04, 0x00, 0x00, 0x00, 0x00,   0x00, 0x00, 0x00, 0x00, 0x01, 0x53, 0x4A, 0x03,     // 111 .. (1791)
0x01, 0x53, 0x5A, 0x03, 0x00, 0x00, 0x00, 0x00,   0x00, 0x00, 0x00, 0x00, 0x00, 0x00, 0x0A, 0x03,     // 112 .. (1807)
0x00, 0x00, 0x0A, 0x03, 0x00, 0x00, 0x00, 0x00,   0x00, 0x00, 0x00, 0x00, 0x00, 0xAA, 0x1C, 0x2A,     // 113 .. (1823)
0x00, 0xBE, 0x5A, 0x03, 0x00, 0x00, 0x00, 0x00,   0x00, 0x00, 0x00, 0x00, 0x00, 0x00, 0x0A, 0x03,     // 114 .. (1839)
0x00, 0x00, 0x0A, 0x03, 0x00, 0x00, 0x00, 0x00,   0x00, 0x00, 0x00, 0x00, 0x02, 0xA6, 0x3A, 0x02,     // 115 .. (1855)
0x00, 0xAA, 0x5A, 0x02, 0x00, 0x00, 0x00, 0x00,   0x00, 0x00, 0x00, 0x00, 0x00, 0x00, 0x0A, 0x02,     // 116 .. (1871)
0x00, 0x00, 0x0A, 0x02, 0x00, 0x00, 0x00, 0x00,   0x00, 0x00, 0x00, 0x00, 0x00, 0xAA, 0x1C, 0x20,     // 117 .. (1887)
0x01, 0x53, 0x5A, 0x02, 0x00, 0x00, 0x00, 0x00,   0x00, 0x00, 0x00, 0x00, 0x00, 0x00, 0x0A, 0x02,     // 118 .. (1903)
0x00, 0x00, 0x0A, 0x02, 0x00, 0x00, 0x00, 0x00,   0x00, 0x00, 0x00, 0x00, 0x01, 0x53, 0x4A, 0x01,     // 119 .. (1919)
0x01, 0x53, 0x5A, 0x01, 0x00, 0x00, 0x00, 0x00,   0x00, 0x00, 0x00, 0x00, 0x00, 0x00, 0x0A, 0x01,     // 120 .. (1935)
0x00, 0x00, 0x0A, 0x01, 0x00, 0x00, 0x00, 0x00,   0x00, 0x00, 0x00, 0x00, 0x00, 0xAA, 0x1C, 0x20,     // 121 .. (1951)
0x00, 0xAA, 0x5A, 0x01, 0x00, 0x00, 0x00, 0x00,   0x00, 0x00, 0x00, 0x00, 0x00, 0x00, 0x0A, 0x01,     // 122 .. (1967)
0x00, 0x00, 0x0A, 0x01, 0x00, 0x00, 0x00, 0x00,   0x00, 0x00, 0x00, 0x00, 0x00, 0xAA, 0x10, 0x00,     // 123 .. (1983)
0x01, 0x53, 0x50, 0x00, 0x00, 0x00, 0x00, 0x00,   0x00, 0x00, 0x00, 0x00, 0x00, 0x00, 0x00, 0x00,     // 124 .. (1999)
0x00, 0x00, 0x00, 0x00, 0x00, 0x00, 0x00, 0x00,   0x00, 0x00, 0x00, 0x00, 0x02, 0xA6, 0x30, 0x00,     // 125 .. (2015)
0x01, 0x53, 0x50, 0x00, 0x00, 0x00, 0x00, 0x00,   0x00, 0x00, 0x00, 0x00, 0x00, 0x00, 0x00, 0x00,     // 126 .. (2031)
0x00, 0x00, 0x00, 0x00, 0x00, 0x00, 0x00, 0x00,   0x00, 0x00, 0x00, 0x00, 0x01, 0x53, 0x4C, 0x2E,     // 127 .. (2047)
0x00, 0xAA, 0x50, 0x00, 0x00, 0x00, 0x00, 0x00,   0x00, 0x00, 0x00, 0x00, 0x00, 0x00, 0x00, 0x00,     // 128 .. (2063)
0x00, 0x00, 0x00, 0x00, 0x00, 0x00, 0x00, 0x00,   0x00, 0x00, 0x00, 0x00, 0x01, 0x53, 0x40, 0x00,     // 129 .. (2079)
0x00, 0xBE, 0x50, 0x00, 0x00, 0x00, 0x00, 0x00,   0x00, 0x00, 0x00, 0x00, 0x00, 0x00, 0x00, 0x00,     // 130 .. (2095)
0x00, 0x00, 0x00, 0x00, 0x00, 0x00, 0x00, 0x00,   0x00, 0x00, 0x00, 0x00, 0x02, 0xA6, 0x3F, 0x04,     // 131 .. (2111)
0x01, 0x53, 0x50, 0x00, 0x01, 0xAC, 0x60, 0x47,   0x00, 0x00, 0x00, 0x00, 0x00, 0x00, 0x00, 0x00,     // 132 .. (2127)
0x00, 0x00, 0x00, 0x00, 0x00, 0x00, 0x70, 0x47,   0x00, 0x00, 0x00, 0x00, 0x00, 0xAA, 0x1C, 0x2A,     // 133 .. (2143)
0x01, 0x53, 0x50, 0x00, 0x00, 0x00, 0x80, 0x47,   0x00, 0x00, 0x00, 0x00, 0x00, 0x00, 0x00, 0x00,     // 134 .. (2159)
0x00, 0x00, 0x00, 0x00, 0x00, 0x00, 0x90, 0x47,   0x00, 0x00, 0x00, 0x00, 0x01, 0x53, 0x40, 0x00,     // 135 .. (2175)
0x00, 0xAA, 0x50, 0x00, 0x00, 0x00, 0xA0, 0x47,   0x00, 0x00, 0x00, 0x00, 0x00, 0x00, 0x00, 0x00,     // 136 .. (2191)
0x00, 0x00, 0x00, 0x00, 0x00, 0x00, 0xB0, 0x47,   0x00, 0x00, 0x00, 0x00, 0x00, 0xAA, 0x1C, 0x20,     // 137 .. (2207)
0x01, 0x53, 0x50, 0x00, 0x00, 0x00, 0xC0, 0x47,   0x00, 0x00, 0x00, 0x00, 0x00, 0x00, 0x00, 0x00,     // 138 .. (2223)
0x00, 0x00, 0x00, 0x00, 0x00, 0x00, 0xB0, 0x47,   0x00, 0x00, 0x00, 0x00, 0x00, 0xAA, 0x1C, 0x3A,     // 139 .. (2239)
0x01, 0x53, 0x50, 0x00, 0x00, 0x00, 0xA0, 0x47,   0x00, 0x00, 0x00, 0x00, 0x00, 0x00, 0x00, 0x00,     // 140 .. (2255)
0x00, 0x00, 0x00, 0x00, 0x00, 0x00, 0x90, 0x47,   0x00, 0x00, 0x00, 0x00, 0x02, 0xA6, 0x30, 0x00,     // 141 .. (2271)
0x00, 0xAA, 0x50, 0x00, 0x00, 0x00, 0x80, 0x47,   0x00, 0x00, 0x00, 0x00, 0x00, 0x00, 0x00, 0x00,     // 142 .. (2287)
0x00, 0x00, 0x00, 0x00, 0x00, 0x00, 0x70, 0x47,   0x00, 0x00, 0x00, 0x00, 0x01, 0x53, 0x40, 0x00,     // 143 .. (2303)
0x01, 0x53, 0x50, 0x00, 0x00, 0x00, 0x60, 0x47,   0x00, 0x00, 0x00, 0x00, 0x00, 0x00, 0x00, 0x00,     // 144 .. (2319)
0x00, 0x00, 0x00, 0x00, 0x00, 0x00, 0x70, 0x47,   0x00, 0x00, 0x00, 0x00, 0x00, 0xAA, 0x1C, 0x20,     // 145 .. (2335)
0x00, 0xBE, 0x50, 0x00, 0x00, 0x00, 0x80, 0x47,   0x00, 0x00, 0x00, 0x00, 0x00, 0x00, 0x00, 0x00,     // 146 .. (2351)
0x00, 0x00, 0x00, 0x00, 0x00, 0x00, 0x90, 0x47,   0x00, 0x00, 0x00, 0x00, 0x02, 0xA6, 0x30, 0x00,     // 147 .. (2367)
0x00, 0xAA, 0x50, 0x00, 0x00, 0x00, 0xA0, 0x47,   0x00, 0x00, 0x00, 0x00, 0x00, 0x00, 0x00, 0x00,     // 148 .. (2383)
0x00, 0x00, 0x00, 0x00, 0x00, 0x00, 0xB0, 0x47,   0x00, 0x00, 0x00, 0x00, 0x00, 0xAA, 0x1C, 0x2A,     // 149 .. (2399)
0x01, 0x53, 0x50, 0x00, 0x00, 0x00, 0xC0, 0x47,   0x00, 0x00, 0x00, 0x00, 0x00, 0x00, 0x00, 0x00,     // 150 .. (2415)
0x00, 0x00, 0x00, 0x00, 0x00, 0x00, 0xB0, 0x47,   0x00, 0x00, 0x00, 0x00, 0x01, 0x53, 0x40, 0x00,     // 151 .. (2431)
0x01, 0x53, 0x50, 0x00, 0x00, 0x00, 0xA0, 0x47,   0x00, 0x00, 0x00, 0x00, 0x00, 0x00, 0x00, 0x00,     // 152 .. (2447)
0x00, 0x00, 0x00, 0x00, 0x00, 0x00, 0x90, 0x47,   0x00, 0x00, 0x00, 0x00, 0x00, 0xAA, 0x1C, 0x20,     // 153 .. (2463)
0x00, 0xAA, 0x50, 0x00, 0x00, 0x00, 0x80, 0x47,   0x00, 0x00, 0x00, 0x00, 0x00, 0x00, 0x00, 0x00,     // 154 .. (2479)
0x00, 0x00, 0x00, 0x00, 0x00, 0x00, 0x70, 0x47,   0x00, 0x00, 0x00, 0x00, 0x00, 0xAA, 0x10, 0x00,     // 155 .. (2495)
0x01, 0x53, 0x50, 0x00, 0x00, 0x00, 0x60, 0x47,   0x00, 0x00, 0x00, 0x00, 0x00, 0x00, 0x00, 0x00,     // 156 .. (2511)
0x00, 0x00, 0x00, 0x00, 0x00, 0x00, 0x70, 0x47,   0x00, 0x00, 0x00, 0x00, 0x02, 0xA6, 0x30, 0x00,     // 157 .. (2527)
0x01, 0x53, 0x50, 0x00, 0x00, 0x00, 0x80, 0x47,   0x00, 0x00, 0x00, 0x00, 0x00, 0x00, 0x00, 0x00,     // 158 .. (2543)
0x00, 0x00, 0x00, 0x00, 0x00, 0x00, 0x90, 0x47,   0x00, 0x00, 0x00, 0x00, 0x01, 0x53, 0x40, 0x00,     // 159 .. (2559)
0x00, 0xAA, 0x50, 0x00, 0x00, 0x00, 0xA0, 0x47,   0x00, 0x00, 0x00, 0x00, 0x00, 0x00, 0x00, 0x00,     // 160 .. (2575)
0x00, 0x00, 0x00, 0x00, 0x00, 0x00, 0xB0, 0x47,   0x00, 0x00, 0x00, 0x00, 0x00, 0xAA, 0x1C, 0x2A,     // 161 .. (2591)
0x00, 0xBE, 0x50, 0x00, 0x00, 0x00, 0xC0, 0x47,   0x00, 0x00, 0x00, 0x00, 0x00, 0x00, 0x00, 0x00,     // 162 .. (2607)
0x00, 0x00, 0x00, 0x00, 0x00, 0x00, 0xB0, 0x47,   0x00, 0x00, 0x00, 0x00, 0x02, 0xA6, 0x30, 0x00,     // 163 .. (2623)
0x01, 0x53, 0x50, 0x00, 0x00, 0x00, 0xA0, 0x59,   0x00, 0x00, 0x00, 0x00, 0x00, 0x00, 0x00, 0x00,     // 164 .. (2639)
0x00, 0x00, 0x00, 0x00, 0x00, 0x00, 0x90, 0x59,   0x00, 0x00, 0x00, 0x00, 0x00, 0xAA, 0x1C, 0x20,     // 165 .. (2655)
0x01, 0x53, 0x50, 0x00, 0x00, 0x00, 0x80, 0x59,   0x00, 0x00, 0x00, 0x00, 0x00, 0x00, 0x00, 0x00,     // 166 .. (2671)
0x00, 0x00, 0x00, 0x00, 0x00, 0x00, 0x70, 0x59,   0x00, 0x00, 0x00, 0x00, 0x01, 0x53, 0x40, 0x00,     // 167 .. (2687)
0x00, 0xAA, 0x50, 0x00, 0x00, 0x00, 0x60, 0x59,   0x00, 0x00, 0x00, 0x00, 0x00, 0x00, 0x00, 0x00,     // 168 .. (2703)
0x00, 0x00, 0x00, 0x00, 0x00, 0x00, 0x70, 0x59,   0x00, 0x00, 0x00, 0x00, 0x00, 0xAA, 0x1C, 0x20,     // 169 .. (2719)
0x01, 0x53, 0x50, 0x00, 0x00, 0x00, 0x80, 0x59,   0x00, 0x00, 0x00, 0x00, 0x00, 0x00, 0x00, 0x00,     // 170 .. (2735)
0x00, 0x00, 0x00, 0x00, 0x00, 0x00, 0x90, 0x59,   0x00, 0x00, 0x00, 0x00, 0x00, 0xAA, 0x10, 0x00,     // 171 .. (2751)
0x01, 0x53, 0x50, 0x00, 0x00, 0x00, 0xA0, 0x59,   0x00, 0x00, 0x00, 0x00, 0x00, 0x00, 0x00, 0x00,     // 172 .. (2767)
0x00, 0x00, 0x00, 0x00, 0x00, 0x00, 0xB0, 0x59,   0x00, 0x00, 0x00, 0x00, 0x02, 0xA6, 0x30, 0x00,     // 173 .. (2783)
0x00, 0xAA, 0x50, 0x00, 0x00, 0x00, 0xC0, 0x59,   0x00, 0x00, 0x00, 0x00, 0x00, 0x00, 0x00, 0x00,     // 174 .. (2799)
0x00, 0x00, 0x00, 0x00, 0x00, 0x00, 0xB0, 0x59,   0x00, 0x00, 0x00, 0x00, 0x01, 0x53, 0x40, 0x00,     // 175 .. (2815)
0x01, 0x53, 0x50, 0x00, 0x00, 0x00, 0xA0, 0x59,   0x00, 0x00, 0x00, 0x00, 0x00, 0x00, 0x00, 0x00,     // 176 .. (2831)
0x00, 0x00, 0x00, 0x00, 0x00, 0x00, 0x90, 0x59,   0x00, 0x00, 0x00, 0x00, 0x00, 0xAA, 0x1C, 0x2A,     // 177 .. (2847)
0x00, 0xBE, 0x50, 0x00, 0x00, 0x00, 0x80, 0x59,   0x00, 0x00, 0x00, 0x00, 0x00, 0x00, 0x00, 0x00,     // 178 .. (2863)
0x00, 0x00, 0x00, 0x00, 0x00, 0x00, 0x70, 0x59,   0x00, 0x00, 0x00, 0x00, 0x02, 0xA6, 0x30, 0x00,     // 179 .. (2879)
0x00, 0xAA, 0x50, 0x00, 0x00, 0x00, 0x60, 0x59,   0x00, 0x00, 0x00, 0x00, 0x00, 0x00, 0x00, 0x00,     // 180 .. (2895)
0x00, 0x00, 0x00, 0x00, 0x00, 0x00, 0x70, 0x59,   0x00, 0x00, 0x00, 0x00, 0x00, 0xAA, 0x1C, 0x20,     // 181 .. (2911)
0x01, 0x53, 0x50, 0x00, 0x00, 0x00, 0x80, 0x59,   0x00, 0x00, 0x00, 0x00, 0x00, 0x00, 0x00, 0x00,     // 182 .. (2927)
0x00, 0x00, 0x00, 0x00, 0x00, 0x00, 0x90, 0x59,   0x00, 0x00, 0x00, 0x00, 0x01, 0x53, 0x40, 0x00,     // 183 .. (2943)
0x01, 0x53, 0x50, 0x00, 0x00, 0x00, 0xA0, 0x59,   0x00, 0x00, 0x00, 0x00, 0x00, 0x00, 0x00, 0x00,     // 184 .. (2959)
0x00, 0x00, 0x00, 0x00, 0x00, 0x00, 0xB0, 0x59,   0x00, 0x00, 0x00, 0x00, 0x00, 0xAA, 0x1C, 0x20,     // 185 .. (2975)
0x00, 0xAA, 0x50, 0x00, 0x00, 0x00, 0xC0, 0x59,   0x00, 0x00, 0x00, 0x00, 0x00, 0x00, 0x00, 0x00,     // 186 .. (2991)
0x00, 0x00, 0x00, 0x00, 0x00, 0x00, 0xB0, 0x59,   0x00, 0x00, 0x00, 0x00, 0x00, 0xAA, 0x10, 0x00,     // 187 .. (3007)
0x01, 0x53, 0x50, 0x00, 0x00, 0x00, 0xA0, 0x59,   0x00, 0x00, 0x00, 0x00, 0x00, 0x00, 0x00, 0x00,     // 188 .. (3023)
0x00, 0x00, 0x00, 0x00, 0x00, 0x00, 0x90, 0x59,   0x00, 0x00, 0x00, 0x00, 0x02, 0xA6, 0x30, 0x00,     // 189 .. (3039)
0x01, 0x53, 0x50, 0x00, 0x00, 0x00, 0x80, 0x59,   0x00, 0x00, 0x00, 0x00, 0x00, 0x00, 0x00, 0x00,     // 190 .. (3055)
0x00, 0x00, 0x00, 0x00, 0x00, 0x00, 0x70, 0x59,   0x00, 0x00, 0x00, 0x00, 0x01, 0x53, 0x4C, 0x2E,     // 191 .. (3071)
0x00, 0xAA, 0x50, 0x00, 0x00, 0x00, 0x60, 0x59,   0x00, 0x00, 0x00, 0x00, 0x00, 0x00, 0x00, 0x00,     // 192 .. (3087)
0x00, 0x00, 0x00, 0x00, 0x00, 0x00, 0x70, 0x59,   0x00, 0x00, 0x00, 0x00, 0x01, 0x53, 0x40, 0x00,     // 193 .. (3103)
0x00, 0xBE, 0x50, 0x00, 0x00, 0x00, 0x80, 0x59,   0x00, 0x00, 0x00, 0x00, 0x00, 0x00, 0x00, 0x00,     // 194 .. (3119)
0x00, 0x00, 0x00, 0x00, 0x00, 0x00, 0x90, 0x59,   0x00, 0x00, 0x00, 0x00, 0x02, 0xA6, 0x3F, 0x04,     // 195 .. (3135)
0x01, 0x0D, 0x50, 0x00, 0x01, 0x53, 0x60, 0x37,   0x00, 0x00, 0x00, 0x00, 0x00, 0x00, 0x00, 0x00,     // 196 .. (3151)
0x00, 0x00, 0x00, 0x00, 0x00, 0x00, 0x70, 0x37,   0x00, 0x00, 0x00, 0x00, 0x00, 0xAA, 0x1C, 0x2A,     // 197 .. (3167)
0x01, 0x0D, 0x50, 0x00, 0x00, 0x00, 0x80, 0x37,   0x00, 0x00, 0x00, 0x00, 0x00, 0x00, 0x00, 0x00,     // 198 .. (3183)
0x00, 0x00, 0x00, 0x00, 0x00, 0x00, 0x90, 0x37,   0x00, 0x00, 0x00, 0x00, 0x01, 0x53, 0x40, 0x00,     // 199 .. (3199)
0x00, 0x87, 0x50, 0x00, 0x00, 0x00, 0xA0, 0x37,   0x00, 0x00, 0x00, 0x00, 0x00, 0x00, 0x00, 0x00,     // 200 .. (3215)
0x00, 0x00, 0x00, 0x00, 0x00, 0x00, 0xB0, 0x37,   0x00, 0x00, 0x00, 0x00, 0x00, 0xAA, 0x1C, 0x20,     // 201 .. (3231)
0x01, 0x0D, 0x50, 0x00, 0x00, 0x00, 0xC0, 0x37,   0x00, 0x00, 0x00, 0x00, 0x00, 0x00, 0x00, 0x00,     // 202 .. (3247)
0x00, 0x00, 0x00, 0x00, 0x00, 0x00, 0xB0, 0x37,   0x00, 0x00, 0x00, 0x00, 0x00, 0xAA, 0x1C, 0x3A,     // 203 .. (3263)
0x01, 0x0D, 0x50, 0x00, 0x00, 0x00, 0xA0, 0x37,   0x00, 0x00, 0x00, 0x00, 0x00, 0x00, 0x00, 0x00,     // 204 .. (3279)
0x00, 0x00, 0x00, 0x00, 0x00, 0x00, 0x90, 0x37,   0x00, 0x00, 0x00, 0x00, 0x02, 0xA6, 0x30, 0x00,     // 205 .. (3295)
0x00, 0x87, 0x50, 0x00, 0x00, 0x00, 0x80, 0x37,   0x00, 0x00, 0x00, 0x00, 0x00, 0x00, 0x00, 0x00,     // 206 .. (3311)
0x00, 0x00, 0x00, 0x00, 0x00, 0x00, 0x70, 0x37,   0x00, 0x00, 0x00, 0x00, 0x01, 0x53, 0x40, 0x00,     // 207 .. (3327)
0x01, 0x0D, 0x50, 0x00, 0x00, 0x00, 0x60, 0x37,   0x00, 0x00, 0x00, 0x00, 0x00, 0x00, 0x00, 0x00,     // 208 .. (3343)
0x00, 0x00, 0x00, 0x00, 0x00, 0x00, 0x70, 0x37,   0x00, 0x00, 0x00, 0x00, 0x00, 0xAA, 0x1C, 0x20,     // 209 .. (3359)
0x00, 0x97, 0x50, 0x00, 0x00, 0x00, 0x80, 0x37,   0x00, 0x00, 0x00, 0x00, 0x00, 0x00, 0x00, 0x00,     // 210 .. (3375)
0x00, 0x00, 0x00, 0x00, 0x00, 0x00, 0x90, 0x37,   0x00, 0x00, 0x00, 0x00, 0x02, 0xA6, 0x30, 0x00,     // 211 .. (3391)
0x00, 0x87, 0x50, 0x00, 0x00, 0x00, 0xA0, 0x37,   0x00, 0x00, 0x00, 0x00, 0x00, 0x00, 0x00, 0x00,     // 212 .. (3407)
0x00, 0x00, 0x00, 0x00, 0x00, 0x00, 0xB0, 0x37,   0x00, 0x00, 0x00, 0x00, 0x00, 0xAA, 0x1C, 0x2A,     // 213 .. (3423)
0x01, 0x0D, 0x50, 0x00, 0x00, 0x00, 0xC0, 0x37,   0x00, 0x00, 0x00, 0x00, 0x00, 0x00, 0x00, 0x00,     // 214 .. (3439)
0x00, 0x00, 0x00, 0x00, 0x00, 0x00, 0xB0, 0x37,   0x00, 0x00, 0x00, 0x00, 0x01, 0x53, 0x40, 0x00,     // 215 .. (3455)
0x01, 0x0D, 0x50, 0x00, 0x00, 0x00, 0xA0, 0x37,   0x00, 0x00, 0x00, 0x00, 0x00, 0x00, 0x00, 0x00,     // 216 .. (3471)
0x00, 0x00, 0x00, 0x00, 0x00, 0x00, 0x90, 0x37,   0x00, 0x00, 0x00, 0x00, 0x00, 0xAA, 0x1C, 0x20,     // 217 .. (3487)
0x00, 0x87, 0x50, 0x00, 0x00, 0x00, 0x80, 0x37,   0x00, 0x00, 0x00, 0x00, 0x00, 0x00, 0x00, 0x00,     // 218 .. (3503)
0x00, 0x00, 0x00, 0x00, 0x00, 0x00, 0x70, 0x37,   0x00, 0x00, 0x00, 0x00, 0x00, 0xAA, 0x10, 0x00,     // 219 .. (3519)
0x01, 0x0D, 0x50, 0x00, 0x00, 0x00, 0x60, 0x37,   0x00, 0x00, 0x00, 0x00, 0x00, 0x00, 0x00, 0x00,     // 220 .. (3535)
0x00, 0x00, 0x00, 0x00, 0x00, 0x00, 0x70, 0x37,   0x00, 0x00, 0x00, 0x00, 0x02, 0xA6, 0x30, 0x00,     // 221 .. (3551)
0x01, 0x0D, 0x50, 0x00, 0x00, 0x00, 0x80, 0x37,   0x00, 0x00, 0x00, 0x00, 0x00, 0x00, 0x00, 0x00,     // 222 .. (3567)
0x00, 0x00, 0x00, 0x00, 0x00, 0x00, 0x90, 0x37,   0x00, 0x00, 0x00, 0x00, 0x01, 0x53, 0x40, 0x00,     // 223 .. (3583)
0x00, 0x87, 0x50, 0x00, 0x00, 0x00, 0xA0, 0x37,   0x00, 0x00, 0x00, 0x00, 0x00, 0x00, 0x00, 0x00,     // 224 .. (3599)
0x00, 0x00, 0x00, 0x00, 0x00, 0x00, 0xB0, 0x37,   0x00, 0x00, 0x00, 0x00, 0x00, 0xAA, 0x1C, 0x2A,     // 225 .. (3615)
0x00, 0x97, 0x50, 0x00, 0x00, 0x00, 0xC0, 0x37,   0x00, 0x00, 0x00, 0x00, 0x00, 0x00, 0x00, 0x00,     // 226 .. (3631)
0x00, 0x00, 0x00, 0x00, 0x00, 0x00, 0xB0, 0x37,   0x00, 0x00, 0x00, 0x00, 0x02, 0xA6, 0x30, 0x00,     // 227 .. (3647)
0x01, 0x53, 0x50, 0x00, 0x01, 0xAC, 0xA0, 0x47,   0x00, 0x00, 0x00, 0x00, 0x00, 0x00, 0x00, 0x00,     // 228 .. (3663)
0x00, 0x00, 0x00, 0x00, 0x00, 0x00, 0x90, 0x47,   0x00, 0x00, 0x00, 0x00, 0x00, 0xAA, 0x1C, 0x20,     // 229 .. (3679)
0x01, 0x53, 0x50, 0x00, 0x00, 0x00, 0x80, 0x47,   0x00, 0x00, 0x00, 0x00, 0x00, 0x00, 0x00, 0x00,     // 230 .. (3695)
0x00, 0x00, 0x00, 0x00, 0x00, 0x00, 0x70, 0x47,   0x00, 0x00, 0x00, 0x00, 0x01, 0x53, 0x40, 0x00,     // 231 .. (3711)
0x00, 0xAA, 0x50, 0x00, 0x00, 0x00, 0x60, 0x47,   0x00, 0x00, 0x00, 0x00, 0x00, 0x00, 0x00, 0x00,     // 232 .. (3727)
0x00, 0x00, 0x00, 0x00, 0x00, 0x00, 0x70, 0x47,   0x00, 0x00, 0x00, 0x00, 0x00, 0xAA, 0x1C, 0x20,     // 233 .. (3743)
0x01, 0x53, 0x50, 0x00, 0x00, 0x00, 0x80, 0x47,   0x00, 0x00, 0x00, 0x00, 0x00, 0x00, 0x00, 0x00,     // 234 .. (3759)
0x00, 0x00, 0x00, 0x00, 0x00, 0x00, 0x90, 0x47,   0x00, 0x00, 0x00, 0x00, 0x00, 0xAA, 0x10, 0x00,     // 235 .. (3775)
0x01, 0x53, 0x50, 0x00, 0x00, 0x00, 0xA0, 0x47,   0x00, 0x00, 0x00, 0x00, 0x00, 0x00, 0x00, 0x00,     // 236 .. (3791)
0x00, 0x00, 0x00, 0x00, 0x00, 0x00, 0xB0, 0x47,   0x00, 0x00, 0x00, 0x00, 0x02, 0xA6, 0x30, 0x00,     // 237 .. (3807)
0x00, 0xAA, 0x50, 0x00, 0x00, 0x00, 0xC0, 0x47,   0x00, 0x00, 0x00, 0x00, 0x00, 0x00, 0x00, 0x00,     // 238 .. (3823)
0x00, 0x00, 0x00, 0x00, 0x00, 0x00, 0xB0, 0x47,   0x00, 0x00, 0x00, 0x00, 0x01, 0x53, 0x40, 0x00,     // 239 .. (3839)
0x01, 0x53, 0x50, 0x00, 0x00, 0x00, 0xA0, 0x47,   0x00, 0x00, 0x00, 0x00, 0x00, 0x00, 0x00, 0x00,     // 240 .. (3855)
0x00, 0x00, 0x00, 0x00, 0x00, 0x00, 0x90, 0x47,   0x00, 0x00, 0x00, 0x00, 0x00, 0xAA, 0x1C, 0x2A,     // 241 .. (3871)
0x00, 0xBE, 0x50, 0x00, 0x00, 0x00, 0x80, 0x47,   0x00, 0x00, 0x00, 0x00, 0x00, 0x00, 0x00, 0x00,     // 242 .. (3887)
0x00, 0x00, 0x00, 0x00, 0x00, 0x00, 0x70, 0x47,   0x00, 0x00, 0x00, 0x00, 0x02, 0xA6, 0x30, 0x00,     // 243 .. (3903)
0x00, 0xAA, 0x50, 0x00, 0x00, 0x00, 0x60, 0x47,   0x00, 0x00, 0x00, 0x00, 0x00, 0x00, 0x00, 0x00,     // 244 .. (3919)
0x00, 0x00, 0x00, 0x00, 0x00, 0x00, 0x70, 0x47,   0x00, 0x00, 0x00, 0x00, 0x00, 0xAA, 0x1C, 0x20,     // 245 .. (3935)
0x01, 0x53, 0x50, 0x00, 0x00, 0x00, 0x80, 0x47,   0x00, 0x00, 0x00, 0x00, 0x00, 0x00, 0x00, 0x00,     // 246 .. (3951)
0x00, 0x00, 0x00, 0x00, 0x00, 0x00, 0x90, 0x47,   0x00, 0x00, 0x00, 0x00, 0x01, 0x53, 0x40, 0x00,     // 247 .. (3967)
0x01, 0x53, 0x50, 0x00, 0x00, 0x00, 0xA0, 0x47,   0x00, 0x00, 0x00, 0x00, 0x00, 0x00, 0x00, 0x00,     // 248 .. (3983)
0x00, 0x00, 0x00, 0x00, 0x00, 0x00, 0xB0, 0x47,   0x00, 0x00, 0x00, 0x00, 0x00, 0xAA, 0x1C, 0x20,     // 249 .. (3999)
0x00, 0xAA, 0x50, 0x00, 0x00, 0x00, 0xC0, 0x47,   0x00, 0x00, 0x00, 0x00, 0x00, 0x00, 0x00, 0x00,     // 250 .. (4015)
0x00, 0x00, 0x00, 0x00, 0x00, 0x00, 0xB0, 0x47,   0x00, 0x00, 0x00, 0x00, 0x00, 0xAA, 0x10, 0x00,     // 251 .. (4031)
0x01, 0x53, 0x50, 0x00, 0x00, 0x00, 0xA0, 0x47,   0x00, 0x00, 0x00, 0x00, 0x00, 0x00, 0x00, 0x00,     // 252 .. (4047)
0x00, 0x00, 0x00, 0x00, 0x00, 0x00, 0x90, 0x47,   0x00, 0x00, 0x00, 0x00, 0x02, 0xA6, 0x30, 0x00,     // 253 .. (4063)
0x01, 0x53, 0x50, 0x00, 0x00, 0x00, 0x80, 0x47,   0x00, 0x00, 0x00, 0x00, 0x00, 0x00, 0x00, 0x00,     // 254 .. (4079)
0x00, 0x00, 0x00, 0x00, 0x00, 0x00, 0x70, 0x47,   0x00, 0x00, 0x00, 0x00, 0x01, 0x53, 0x4C, 0x2E,     // 255 .. (4095)
0x00, 0xAA, 0x50, 0x00, 0x00, 0x00, 0x60, 0x47,   0x00, 0x00, 0x00, 0x00, 0x00, 0x00, 0x00, 0x00,     // 256 .. (4111)
0x00, 0x00, 0x00, 0x00, 0x00, 0x00, 0x70, 0x47,   0x00, 0x00, 0x00, 0x00, 0x01, 0x53, 0x40, 0x00,     // 257 .. (4127)
0x00, 0xBE, 0x50, 0x00, 0x00, 0x00, 0x80, 0x47,   0x00, 0x00, 0x00, 0x00, 0x00, 0x00, 0x00, 0x00,     // 258 .. (4143)
0x00, 0x00, 0x00, 0x00, 0x00, 0x00, 0x90, 0x47,   0x00, 0x00, 0x00, 0x00, 0x02, 0xA6, 0x3F, 0x04,     // 259 .. (4159)
0x01, 0x53, 0x50, 0x00, 0x01, 0xAC, 0x60, 0x47,   0x01, 0x1D, 0x6C, 0x30, 0x00, 0x00, 0x00, 0x00,     // 260 .. (4175)
0x00, 0x00, 0x00, 0x00, 0x00, 0x00, 0x70, 0x47,   0x00, 0x00, 0x0C, 0x40, 0x00, 0xAA, 0x1C, 0x2A,     // 261 .. (4191)
0x01, 0x53, 0x50, 0x00, 0x00, 0x00, 0x80, 0x47,   0x00, 0x00, 0x04, 0xA2, 0x00, 0x00, 0x00, 0x00,     // 262 .. (4207)
0x00, 0x00, 0x00, 0x00, 0x00, 0x00, 0x90, 0x47,   0x00, 0x00, 0x04, 0xA2, 0x01, 0x53, 0x40, 0x00,     // 263 .. (4223)
0x00, 0xAA, 0x50, 0x00, 0x00, 0x00, 0xA0, 0x47,   0x00, 0x00, 0x04, 0xA2, 0x00, 0x00, 0x00, 0x00,     // 264 .. (4239)
0x00, 0x00, 0x00, 0x00, 0x00, 0x00, 0xB0, 0x47,   0x00, 0x00, 0x04, 0xA2, 0x00, 0xAA, 0x1C, 0x20,     // 265 .. (4255)
0x01, 0x53, 0x50, 0x00, 0x00, 0x00, 0xC0, 0x47,   0x00, 0x00, 0x04, 0xA2, 0x00, 0x00, 0x00, 0x00,     // 266 .. (4271)
0x00, 0x00, 0x00, 0x00, 0x00, 0x00, 0xB0, 0x47,   0x00, 0x00, 0x04, 0xA2, 0x00, 0xAA, 0x1C, 0x3A,     // 267 .. (4287)
0x01, 0x53, 0x50, 0x00, 0x00, 0x00, 0xA0, 0x47,   0x01, 0x40, 0x73, 0xFF, 0x00, 0x00, 0x00, 0x00,     // 268 .. (4303)
0x00, 0x00, 0x00, 0x00, 0x00, 0x00, 0x90, 0x47,   0x00, 0x00, 0x00, 0x00, 0x02, 0xA6, 0x30, 0x00,     // 269 .. (4319)
0x00, 0xAA, 0x50, 0x00, 0x00, 0x00, 0x80, 0x47,   0x01, 0x53, 0x83, 0xFF, 0x00, 0x00, 0x00, 0x00,     // 270 .. (4335)
0x00, 0x00, 0x00, 0x00, 0x00, 0x00, 0x70, 0x47,   0x00, 0x00, 0x00, 0x00, 0x01, 0x53, 0x40, 0x00,     // 271 .. (4351)
0x01, 0x53, 0x50, 0x00, 0x00, 0x00, 0x60, 0x47,   0x00, 0x00, 0x0C, 0x20, 0x00, 0x00, 0x00, 0x00,     // 272 .. (4367)
0x00, 0x00, 0x00, 0x00, 0x00, 0x00, 0x70, 0x47,   0x01, 0x53, 0x6C, 0x10, 0x00, 0xAA, 0x1C, 0x20,     // 273 .. (4383)
0x00, 0xBE, 0x50, 0x00, 0x00, 0x00, 0x80, 0x47,   0x01, 0x40, 0x93, 0xFF, 0x00, 0x00, 0x00, 0x00,     // 274 .. (4399)
0x00, 0x00, 0x00, 0x00, 0x00, 0x00, 0x90, 0x47,   0x00, 0x00, 0x00, 0x00, 0x02, 0xA6, 0x30, 0x00,     // 275 .. (4415)
0x00, 0xAA, 0x50, 0x00, 0x00, 0x00, 0xA0, 0x47,   0x00, 0x00, 0x04, 0xA2, 0x00, 0x00, 0x00, 0x00,     // 276 .. (4431)
0x00, 0x00, 0x00, 0x00, 0x00, 0x00, 0xB0, 0x47,   0x00, 0x00, 0x04, 0xA2, 0x00, 0xAA, 0x1C, 0x2A,     // 277 .. (4447)
0x01, 0x53, 0x50, 0x00, 0x00, 0x00, 0xC0, 0x47,   0x01, 0x40, 0xA3, 0xFF, 0x00, 0x00, 0x00, 0x00,     // 278 .. (4463)
0x00, 0x00, 0x00, 0x00, 0x00, 0x00, 0xB0, 0x47,   0x00, 0x00, 0x00, 0x00, 0x01, 0x53, 0x40, 0x00,     // 279 .. (4479)
0x01, 0x53, 0x50, 0x00, 0x00, 0x00, 0xA0, 0x47,   0x01, 0x53, 0xB3, 0xFF, 0x00, 0x00, 0x00, 0x00,     // 280 .. (4495)
0x00, 0x00, 0x00, 0x00, 0x00, 0x00, 0x90, 0x47,   0x00, 0x00, 0x00, 0x00, 0x00, 0xAA, 0x1C, 0x20,     // 281 .. (4511)
0x00, 0xAA, 0x50, 0x00, 0x00, 0x00, 0x80, 0x47,   0x00, 0x00, 0x0C, 0x20, 0x00, 0x00, 0x00, 0x00,     // 282 .. (4527)
0x00, 0x00, 0x00, 0x00, 0x00, 0x00, 0x70, 0x47,   0x00, 0x00, 0x00, 0x00, 0x00, 0xAA, 0x10, 0x00,     // 283 .. (4543)
0x01, 0x53, 0x50, 0x00, 0x00, 0x00, 0x60, 0x47,   0x01, 0xAC, 0xC3, 0xFF, 0x00, 0x00, 0x00, 0x00,     // 284 .. (4559)
0x00, 0x00, 0x00, 0x00, 0x00, 0x00, 0x70, 0x47,   0x00, 0x00, 0x03, 0xFF, 0x02, 0xA6, 0x30, 0x00,     // 285 .. (4575)
0x01, 0x53, 0x50, 0x00, 0x00, 0x00, 0x80, 0x47,   0x00, 0x00, 0x06, 0x04, 0x00, 0x00, 0x00, 0x00,     // 286 .. (4591)
0x00, 0x00, 0x00, 0x00, 0x00, 0x00, 0x90, 0x47,   0x00, 0x00, 0x06, 0x04, 0x01, 0x53, 0x40, 0x00,     // 287 .. (4607)
0x00, 0xAA, 0x50, 0x00, 0x00, 0x00, 0xA0, 0x47,   0x02, 0x3A, 0xBC, 0x25, 0x00, 0x00, 0x00, 0x00,     // 288 .. (4623)
0x00, 0x00, 0x00, 0x00, 0x00, 0x00, 0xB0, 0x47,   0x00, 0x00, 0x0C, 0x2A, 0x00, 0xAA, 0x1C, 0x2A,     // 289 .. (4639)
0x00, 0xBE, 0x50, 0x00, 0x00, 0x00, 0xC0, 0x47,   0x00, 0x00, 0x0C, 0x35, 0x00, 0x00, 0x00, 0x00,     // 290 .. (4655)
0x00, 0x00, 0x00, 0x00, 0x00, 0x00, 0xB0, 0x47,   0x00, 0x00, 0x0C, 0x40, 0x02, 0xA6, 0x30, 0x00,     // 291 .. (4671)
0x01, 0x53, 0x50, 0x00, 0x00, 0x00, 0xA0, 0x59,   0x01, 0x1D, 0xA3, 0xFF, 0x00, 0x00, 0x00, 0x00,     // 292 .. (4687)
0x00, 0x00, 0x00, 0x00, 0x00, 0x00, 0x90, 0x59,   0x00, 0x00, 0x00, 0x00, 0x00, 0xAA, 0x1C, 0x20,     // 293 .. (4703)
0x01, 0x53, 0x50, 0x00, 0x00, 0x00, 0x80, 0x59,   0x00, 0x00, 0x04, 0xA2, 0x00, 0x00, 0x00, 0x00,     // 294 .. (4719)
0x00, 0x00, 0x00, 0x00, 0x00, 0x00, 0x70, 0x59,   0x00, 0x00, 0x04, 0xA2, 0x01, 0x53, 0x40, 0x00,     // 295 .. (4735)
0x00, 0xAA, 0x50, 0x00, 0x00, 0x00, 0x60, 0x59,   0x00, 0x00, 0x04, 0xA2, 0x00, 0x00, 0x00, 0x00,     // 296 .. (4751)
0x00, 0x00, 0x00, 0x00, 0x00, 0x00, 0x70, 0x59,   0x00, 0x00, 0x04, 0xA2, 0x00, 0xAA, 0x1C, 0x20,     // 297 .. (4767)
0x01, 0x53, 0x50, 0x00, 0x00, 0x00, 0x80, 0x59,   0x00, 0x00, 0x06, 0x02, 0x00, 0x00, 0x00, 0x00,     // 298 .. (4783)
0x00, 0x00, 0x00, 0x00, 0x00, 0x00, 0x90, 0x59,   0x00, 0x00, 0x06, 0x02, 0x00, 0xAA, 0x10, 0x00,     // 299 .. (4799)
0x01, 0x53, 0x50, 0x00, 0x00, 0x00, 0xA0, 0x59,   0x01, 0x40, 0x93, 0x3F, 0x00, 0x00, 0x00, 0x00,     // 300 .. (4815)
0x00, 0x00, 0x00, 0x00, 0x00, 0x00, 0xB0, 0x59,   0x00, 0x00, 0x00, 0x00, 0x02, 0xA6, 0x30, 0x00,     // 301 .. (4831)
0x00, 0xAA, 0x50, 0x00, 0x00, 0x00, 0xC0, 0x59,   0x01, 0x53, 0x83, 0x8F, 0x00, 0x00, 0x00, 0x00,     // 302 .. (4847)
0x00, 0x00, 0x00, 0x00, 0x00, 0x00, 0xB0, 0x59,   0x00, 0x00, 0x00, 0x00, 0x01, 0x53, 0x40, 0x00,     // 303 .. (4863)
0x01, 0x53, 0x50, 0x00, 0x00, 0x00, 0xA0, 0x59,   0x00, 0x00, 0x0C, 0x20, 0x00, 0x00, 0x00, 0x00,     // 304 .. (4879)
0x00, 0x00, 0x00, 0x00, 0x00, 0x00, 0x90, 0x59,   0x00, 0x00, 0x00, 0x00, 0x00, 0xAA, 0x1C, 0x2A,     // 305 .. (4895)
0x00, 0xBE, 0x50, 0x00, 0x00, 0x00, 0x80, 0x59,   0x01, 0x40, 0x70, 0x00, 0x00, 0x00, 0x00, 0x00,     // 306 .. (4911)
0x00, 0x00, 0x00, 0x00, 0x00, 0x00, 0x70, 0x59,   0x00, 0x00, 0x00, 0x00, 0x02, 0xA6, 0x30, 0x00,     // 307 .. (4927)
0x00, 0xAA, 0x50, 0x00, 0x00, 0x00, 0x60, 0x59,   0x00, 0x00, 0x04, 0xA2, 0x00, 0x00, 0x00, 0x00,     // 308 .. (4943)
0x00, 0x00, 0x00, 0x00, 0x00, 0x00, 0x70, 0x59,   0x00, 0x00, 0x04, 0xA2, 0x00, 0xAA, 0x1C, 0x20,     // 309 .. (4959)
0x01, 0x53, 0x50, 0x00, 0x00, 0x00, 0x80, 0x59,   0x01, 0x40, 0x63, 0xFF, 0x00, 0x00, 0x00, 0x00,     // 310 .. (4975)
0x00, 0x00, 0x00, 0x00, 0x00, 0x00, 0x90, 0x59,   0x00, 0x00, 0x00, 0x00, 0x01, 0x53, 0x40, 0x00,     // 311 .. (4991)
0x01, 0x53, 0x50, 0x00, 0x00, 0x00, 0xA0, 0x59,   0x01, 0x53, 0x73, 0x4F, 0x00, 0x00, 0x00, 0x00,     // 312 .. (5007)
0x00, 0x00, 0x00, 0x00, 0x00, 0x00, 0xB0, 0x59,   0x00, 0x00, 0x00, 0x00, 0x00, 0xAA, 0x1C, 0x20,     // 313 .. (5023)
0x00, 0xAA, 0x50, 0x00, 0x00, 0x00, 0xC0, 0x59,   0x00, 0x00, 0x04, 0xA2, 0x00, 0x00, 0x00, 0x00,     // 314 .. (5039)
0x00, 0x00, 0x00, 0x00, 0x00, 0x00, 0xB0, 0x59,   0x00, 0x00, 0x04, 0xA2, 0x00, 0xAA, 0x10, 0x00,     // 315 .. (5055)
0x01, 0x53, 0x50, 0x00, 0x00, 0x00, 0xA0, 0x59,   0x00, 0xFE, 0x83, 0x0F, 0x00, 0x00, 0x00, 0x00,     // 316 .. (5071)
0x00, 0x00, 0x00, 0x00, 0x00, 0x00, 0x90, 0x59,   0x00, 0x00, 0x03, 0x0F, 0x02, 0xA6, 0x30, 0x00,     // 317 .. (5087)
0x01, 0x53, 0x50, 0x00, 0x00, 0x00, 0x80, 0x59,   0x00, 0x00, 0x04, 0xA2, 0x00, 0x00, 0x00, 0x00,     // 318 .. (5103)
0x00, 0x00, 0x00, 0x00, 0x00, 0x00, 0x70, 0x59,   0x00, 0x00, 0x04, 0xA2, 0x01, 0x53, 0x4C, 0x2E,     // 319 .. (5119)
0x00, 0xAA, 0x50, 0x00, 0x00, 0x00, 0x60, 0x59,   0x01, 0x1D, 0x73, 0xFF, 0x00, 0x00, 0x00, 0x00,     // 320 .. (5135)
0x00, 0x00, 0x00, 0x00, 0x00, 0x00, 0x70, 0x59,   0x00, 0x00, 0x00, 0x00, 0x01, 0x53, 0x40, 0x00,     // 321 .. (5151)
0x00, 0xBE, 0x50, 0x00, 0x00, 0x00, 0x80, 0x59,   0x00, 0x00, 0x06, 0x02, 0x00, 0x00, 0x00, 0x00,     // 322 .. (5167)
0x00, 0x00, 0x00, 0x00, 0x00, 0x00, 0x90, 0x59,   0x00, 0x00, 0x06, 0x02, 0x02, 0xA6, 0x3F, 0x04,     // 323 .. (5183)
0x01, 0x0D, 0x50, 0x00, 0x01, 0xAC, 0x60, 0x47,   0x00, 0xE2, 0x63, 0x3F, 0x00, 0x00, 0x00, 0x00,     // 324 .. (5199)
0x00, 0x00, 0x00, 0x00, 0x00, 0x00, 0x70, 0x47,   0x00, 0x00, 0x03, 0x3F, 0x00, 0xAA, 0x1C, 0x2A,     // 325 .. (5215)
0x01, 0x0D, 0x50, 0x00, 0x00, 0x00, 0x80, 0x47,   0x00, 0x00, 0x04, 0xA2, 0x00, 0x00, 0x00, 0x00,     // 326 .. (5231)
0x00, 0x00, 0x00, 0x00, 0x00, 0x00, 0x90, 0x47,   0x00, 0x00, 0x04, 0xA2, 0x01, 0x53, 0x40, 0x00,     // 327 .. (5247)
0x00, 0x87, 0x50, 0x00, 0x00, 0x00, 0xA0, 0x47,   0x00, 0x00, 0x04, 0xA2, 0x00, 0x00, 0x00, 0x00,     // 328 .. (5263)
0x00, 0x00, 0x00, 0x00, 0x00, 0x00, 0xB0, 0x47,   0x00, 0x00, 0x04, 0xA2, 0x00, 0xAA, 0x1C, 0x20,     // 329 .. (5279)
0x01, 0x0D, 0x50, 0x00, 0x00, 0x00, 0xC0, 0x47,   0x00, 0x00, 0x04, 0xA2, 0x00, 0x00, 0x00, 0x00,     // 330 .. (5295)
0x00, 0x00, 0x00, 0x00, 0x00, 0x00, 0xB0, 0x47,   0x00, 0x00, 0x04, 0xA2, 0x00, 0xAA, 0x1C, 0x3A,     // 331 .. (5311)
0x01, 0x0D, 0x50, 0x00, 0x00, 0x00, 0xA0, 0x47,   0x01, 0x1D, 0x73, 0xFF, 0x00, 0x00, 0x00, 0x00,     // 332 .. (5327)
0x00, 0x00, 0x00, 0x00, 0x00, 0x00, 0x90, 0x47,   0x00, 0x00, 0x00, 0x00, 0x02, 0xA6, 0x30, 0x00,     // 333 .. (5343)
0x00, 0x87, 0x50, 0x00, 0x00, 0x00, 0x80, 0x47,   0x01, 0x53, 0x83, 0xFF, 0x00, 0x00, 0x00, 0x00,     // 334 .. (5359)
0x00, 0x00, 0x00, 0x00, 0x00, 0x00, 0x70, 0x47,   0x00, 0x00, 0x00, 0x00, 0x01, 0x53, 0x40, 0x00,     // 335 .. (5375)
0x01, 0x0D, 0x50, 0x00, 0x00, 0x00, 0x60, 0x47,   0x00, 0x00, 0x0C, 0x20, 0x00, 0x00, 0x00, 0x00,     // 336 .. (5391)
0x00, 0x00, 0x00, 0x00, 0x00, 0x00, 0x70, 0x47,   0x01, 0x53, 0x9C, 0x10, 0x00, 0xAA, 0x1C, 0x20,     // 337 .. (5407)
0x00, 0x97, 0x50, 0x00, 0x00, 0x00, 0x80, 0x47,   0x00, 0xE2, 0x93, 0xFF, 0x00, 0x00, 0x00, 0x00,     // 338 .. (5423)
0x00, 0x00, 0x00, 0x00, 0x00, 0x00, 0x90, 0x47,   0x00, 0x00, 0x00, 0x00, 0x02, 0xA6, 0x30, 0x00,     // 339 .. (5439)
0x00, 0x87, 0x50, 0x00, 0x00, 0x00, 0xA0, 0x47,   0x00, 0x00, 0x04, 0xA2, 0x00, 0x00, 0x00, 0x00,     // 340 .. (5455)
0x00, 0x00, 0x00, 0x00, 0x00, 0x00, 0xB0, 0x47,   0x00, 0x00, 0x04, 0xA2, 0x00, 0xAA, 0x1C, 0x2A,     // 341 .. (5471)
0x01, 0x0D, 0x50, 0x00, 0x00, 0x00, 0xC0, 0x47,   0x01, 0x1D, 0xA3, 0xFF, 0x00, 0x00, 0x00, 0x00,     // 342 .. (5487)
0x00, 0x00, 0x00, 0x00, 0x00, 0x00, 0xB0, 0x47,   0x00, 0x00, 0x00, 0x00, 0x01, 0x53, 0x40, 0x00,     // 343 .. (5503)
0x01, 0x0D, 0x50, 0x00, 0x00, 0x00, 0xA0, 0x47,   0x01, 0x53, 0xB3, 0xFF, 0x00, 0x00, 0x00, 0x00,     // 344 .. (5519)
0x00, 0x00, 0x00, 0x00, 0x00, 0x00, 0x90, 0x47,   0x00, 0x00, 0x00, 0x00, 0x00, 0xAA, 0x1C, 0x20,     // 345 .. (5535)
0x00, 0x87, 0x50, 0x00, 0x00, 0x00, 0x80, 0x47,   0x00, 0x00, 0x0C, 0x20, 0x00, 0x00, 0x00, 0x00,     // 346 .. (5551)
0x00, 0x00, 0x00, 0x00, 0x00, 0x00, 0x70, 0x47,   0x00, 0x00, 0x00, 0x00, 0x00, 0xAA, 0x10, 0x00,     // 347 .. (5567)
0x01, 0x0D, 0x50, 0x00, 0x00, 0x00, 0x60, 0x47,   0x00, 0xD6, 0xC3, 0xFF, 0x00, 0x00, 0x00, 0x00,     // 348 .. (5583)
0x00, 0x00, 0x00, 0x00, 0x00, 0x00, 0x70, 0x47,   0x00, 0x00, 0x03, 0xFF, 0x02, 0xA6, 0x30, 0x00,     // 349 .. (5599)
0x01, 0x0D, 0x50, 0x00, 0x00, 0x00, 0x80, 0x47,   0x00, 0x00, 0x06, 0x04, 0x00, 0x00, 0x00, 0x00,     // 350 .. (5615)
0x00, 0x00, 0x00, 0x00, 0x00, 0x00, 0x90, 0x47,   0x00, 0x00, 0x06, 0x04, 0x01, 0x53, 0x40, 0x00,     // 351 .. (5631)
0x00, 0x87, 0x50, 0x00, 0x00, 0x00, 0xA0, 0x47,   0x00, 0xE2, 0xBC, 0x25, 0x00, 0x00, 0x00, 0x00,     // 352 .. (5647)
0x00, 0x00, 0x00, 0x00, 0x00, 0x00, 0xB0, 0x47,   0x00, 0x00, 0x0C, 0x2A, 0x00, 0xAA, 0x1C, 0x2A,     // 353 .. (5663)
0x00, 0x97, 0x50, 0x00, 0x00, 0x00, 0xC0, 0x47,   0x00, 0x00, 0x0C, 0x35, 0x00, 0x00, 0x00, 0x00,     // 354 .. (5679)
0x00, 0x00, 0x00, 0x00, 0x00, 0x00, 0xB0, 0x47,   0x00, 0x00, 0x0C, 0x40, 0x02, 0xA6, 0x30, 0x00,     // 355 .. (5695)
0x00, 0xFE, 0x50, 0x00, 0x01, 0x40, 0xA0, 0x47,   0x00, 0xD6, 0xA3, 0xFF, 0x00, 0x00, 0x00, 0x00,     // 356 .. (5711)
0x00, 0x00, 0x00, 0x00, 0x00, 0x00, 0x90, 0x47,   0x00, 0x00, 0x00, 0x00, 0x00, 0xAA, 0x1C, 0x20,     // 357 .. (5727)
0x00, 0xFE, 0x50, 0x00, 0x00, 0x00, 0x80, 0x47,   0x00, 0x00, 0x04, 0xA2, 0x00, 0x00, 0x00, 0x00,     // 358 .. (5743)
0x00, 0x00, 0x00, 0x00, 0x00, 0x00, 0x70, 0x47,   0x00, 0x00, 0x04, 0xA2, 0x01, 0x53, 0x40, 0x00,     // 359 .. (5759)
0x00, 0x7F, 0x50, 0x00, 0x00, 0x00, 0x60, 0x47,   0x00, 0x00, 0x04, 0xA2, 0x00, 0x00, 0x00, 0x00,     // 360 .. (5775)
0x00, 0x00, 0x00, 0x00, 0x00, 0x00, 0x70, 0x47,   0x00, 0x00, 0x04, 0xA2, 0x00, 0xAA, 0x1C, 0x20,     // 361 .. (5791)
0x00, 0xFE, 0x50, 0x00, 0x00, 0x00, 0x80, 0x47,   0x00, 0x00, 0x06, 0x02, 0x00, 0x00, 0x00, 0x00,     // 362 .. (5807)
0x00, 0x00, 0x00, 0x00, 0x00, 0x00, 0x90, 0x47,   0x00, 0x00, 0x06, 0x02, 0x00, 0xAA, 0x10, 0x00,     // 363 .. (5823)
0x00, 0xFE, 0x50, 0x00, 0x00, 0x00, 0xA0, 0x47,   0x00, 0xE2, 0x93, 0x3F, 0x00, 0x00, 0x00, 0x00,     // 364 .. (5839)
0x00, 0x00, 0x00, 0x00, 0x00, 0x00, 0xB0, 0x47,   0x00, 0x00, 0x00, 0x00, 0x02, 0xA6, 0x30, 0x00,     // 365 .. (5855)
0x00, 0x7F, 0x50, 0x00, 0x00, 0x00, 0xC0, 0x47,   0x01, 0x1D, 0x83, 0x8F, 0x00, 0x00, 0x00, 0x00,     // 366 .. (5871)
0x00, 0x00, 0x00, 0x00, 0x00, 0x00, 0xB0, 0x47,   0x00, 0x00, 0x00, 0x00, 0x01, 0x53, 0x40, 0x00,     // 367 .. (5887)
0x00, 0xFE, 0x50, 0x00, 0x00, 0x00, 0xA0, 0x47,   0x00, 0x00, 0x0C, 0x20, 0x00, 0x00, 0x00, 0x00,     // 368 .. (5903)
0x00, 0x00, 0x00, 0x00, 0x00, 0x00, 0x90, 0x47,   0x00, 0x00, 0x00, 0x00, 0x00, 0xAA, 0x1C, 0x2A,     // 369 .. (5919)
0x00, 0x8F, 0x50, 0x00, 0x00, 0x00, 0x80, 0x47,   0x00, 0xD6, 0x70, 0x00, 0x00, 0x00, 0x00, 0x00,     // 370 .. (5935)
0x00, 0x00, 0x00, 0x00, 0x00, 0x00, 0x70, 0x47,   0x00, 0x00, 0x00, 0x00, 0x02, 0xA6, 0x30, 0x00,     // 371 .. (5951)
0x00, 0xAA, 0x50, 0x00, 0x01, 0xAC, 0x60, 0x47,   0x00, 0x00, 0x04, 0xA2, 0x00, 0x00, 0x00, 0x00,     // 372 .. (5967)
0x00, 0x00, 0x00, 0x00, 0x00, 0x00, 0x70, 0x47,   0x00, 0x00, 0x04, 0xA2, 0x00, 0xAA, 0x1C, 0x20,     // 373 .. (5983)
0x01, 0x53, 0x50, 0x00, 0x00, 0x00, 0x80, 0x47,   0x01, 0x1D, 0x63, 0xFF, 0x00, 0x00, 0x00, 0x00,     // 374 .. (5999)
0x00, 0x00, 0x00, 0x00, 0x00, 0x00, 0x90, 0x47,   0x00, 0x00, 0x00, 0x00, 0x01, 0x53, 0x40, 0x00,     // 375 .. (6015)
0x01, 0x53, 0x50, 0x00, 0x00, 0x00, 0xA0, 0x47,   0x01, 0x40, 0x73, 0x4F, 0x00, 0x00, 0x00, 0x00,     // 376 .. (6031)
0x00, 0x00, 0x00, 0x00, 0x00, 0x00, 0xB0, 0x47,   0x00, 0x00, 0x00, 0x00, 0x00, 0xAA, 0x1C, 0x20,     // 377 .. (6047)
0x00, 0xAA, 0x50, 0x00, 0x00, 0x00, 0xC0, 0x47,   0x00, 0x00, 0x04, 0xA2, 0x00, 0x00, 0x00, 0x00,     // 378 .. (6063)
0x00, 0x00, 0x00, 0x00, 0x00, 0x00, 0xB0, 0x47,   0x00, 0x00, 0x04, 0xA2, 0x00, 0xAA, 0x10, 0x00,     // 379 .. (6079)
0x01, 0x53, 0x50, 0x00, 0x00, 0x00, 0xA0, 0x47,   0x01, 0x53, 0x83, 0x0F, 0x00, 0x00, 0x00, 0x00,     // 380 .. (6095)
0x00, 0x00, 0x00, 0x00, 0x00, 0x00, 0x90, 0x47,   0x00, 0x00, 0x03, 0x0F, 0x02, 0xA6, 0x30, 0x00,     // 381 .. (6111)
0x01, 0x53, 0x50, 0x00, 0x00, 0x00, 0x80, 0x47,   0x00, 0x00, 0x04, 0xA2, 0x00, 0x00, 0x00, 0x00,     // 382 .. (6127)
0x00, 0x00, 0x00, 0x00, 0x00, 0x00, 0x70, 0x47,   0x00, 0x00, 0x04, 0xA2, 0x01, 0x53, 0x4C, 0x2E,     // 383 .. (6143)
0x00, 0xAA, 0x50, 0x00, 0x00, 0x00, 0x60, 0x47,   0x01, 0x40, 0x93, 0xFF, 0x00, 0x00, 0x00, 0x00,     // 384 .. (6159)
0x00, 0x00, 0x00, 0x00, 0x00, 0x00, 0x70, 0x47,   0x00, 0x00, 0x00, 0x00, 0x01, 0x53, 0x40, 0x00,     // 385 .. (6175)
0x00, 0xBE, 0x50, 0x00, 0x00, 0x00, 0x80, 0x47,   0x00, 0x00, 0x06, 0x02, 0x00, 0x00, 0x00, 0x00,     // 386 .. (6191)
0x00, 0x00, 0x00, 0x00, 0x00, 0x00, 0x90, 0x47,   0x00, 0x00, 0x06, 0x02, 0x02, 0xA6, 0x3F, 0x04,     // 387 .. (6207)
0x01, 0x0D, 0x50, 0x00, 0x01, 0x53, 0x60, 0x37,   0x00, 0xE2, 0x63, 0x3F, 0x00, 0x00, 0x00, 0x00,     // 388 .. (6223)
0x00, 0x00, 0x00, 0x00, 0x00, 0x00, 0x70, 0x37,   0x00, 0x00, 0x03, 0x3F, 0x00, 0xAA, 0x1C, 0x2A,     // 389 .. (6239)
0x01, 0x0D, 0x50, 0x00, 0x00, 0x00, 0x80, 0x37,   0x00, 0x00, 0x04, 0xA2, 0x00, 0x00, 0x00, 0x00,     // 390 .. (6255)
0x00, 0x00, 0x00, 0x00, 0x00, 0x00, 0x90, 0x37,   0x00, 0x00, 0x04, 0xA2, 0x01, 0x53, 0x40, 0x00,     // 391 .. (6271)
0x00, 0x87, 0x50, 0x00, 0x00, 0x00, 0xA0, 0x37,   0x00, 0x00, 0x04, 0xA2, 0x00, 0x00, 0x00, 0x00,     // 392 .. (6287)
0x00, 0x00, 0x00, 0x00, 0x00, 0x00, 0xB0, 0x37,   0x00, 0x00, 0x04, 0xA2, 0x00, 0xAA, 0x1C, 0x20,     // 393 .. (6303)
0x01, 0x0D, 0x50, 0x00, 0x00, 0x00, 0xC0, 0x37,   0x00, 0x00, 0x04, 0xA2, 0x00, 0x00, 0x00, 0x00,     // 394 .. (6319)
0x00, 0x00, 0x00, 0x00, 0x00, 0x00, 0xB0, 0x37,   0x00, 0x00, 0x04, 0xA2, 0x00, 0xAA, 0x1C, 0x3A,     // 395 .. (6335)
0x01, 0x0D, 0x50, 0x00, 0x00, 0x00, 0xA0, 0x37,   0x01, 0x1D, 0x73, 0xFF, 0x00, 0x00, 0x00, 0x00,     // 396 .. (6351)
0x00, 0x00, 0x00, 0x00, 0x00, 0x00, 0x90, 0x37,   0x00, 0x00, 0x00, 0x00, 0x02, 0xA6, 0x30, 0x00,     // 397 .. (6367)
0x00, 0x87, 0x50, 0x00, 0x00, 0x00, 0x80, 0x37,   0x01, 0x53, 0x83, 0xFF, 0x00, 0x00, 0x00, 0x00,     // 398 .. (6383)
0x00, 0x00, 0x00, 0x00, 0x00, 0x00, 0x70, 0x37,   0x00, 0x00, 0x00, 0x00, 0x01, 0x53, 0x40, 0x00,     // 399 .. (6399)
0x01, 0x0D, 0x50, 0x00, 0x00, 0x00, 0x60, 0x37,   0x00, 0x00, 0x0C, 0x20, 0x00, 0x00, 0x00, 0x00,     // 400 .. (6415)
0x00, 0x00, 0x00, 0x00, 0x00, 0x00, 0x70, 0x37,   0x01, 0x53, 0x9C, 0x10, 0x00, 0xAA, 0x1C, 0x20,     // 401 .. (6431)
0x00, 0x97, 0x50, 0x00, 0x00, 0x00, 0x80, 0x37,   0x00, 0xE2, 0x93, 0xFF, 0x00, 0x00, 0x00, 0x00,     // 402 .. (6447)
0x00, 0x00, 0x00, 0x00, 0x00, 0x00, 0x90, 0x37,   0x00, 0x00, 0x00, 0x00, 0x02, 0xA6, 0x30, 0x00,     // 403 .. (6463)
0x00, 0x87, 0x50, 0x00, 0x00, 0x00, 0xA0, 0x37,   0x00, 0x00, 0x04, 0xA2, 0x00, 0x00, 0x00, 0x00,     // 404 .. (6479)
0x00, 0x00, 0x00, 0x00, 0x00, 0x00, 0xB0, 0x37,   0x00, 0x00, 0x04, 0xA2, 0x00, 0xAA, 0x1C, 0x2A,     // 405 .. (6495)
0x01, 0x0D, 0x50, 0x00, 0x00, 0x00, 0xC0, 0x37,   0x01, 0x1D, 0xA3, 0xFF, 0x00, 0x00, 0x00, 0x00,     // 406 .. (6511)
0x00, 0x00, 0x00, 0x00, 0x00, 0x00, 0xB0, 0x37,   0x00, 0x00, 0x00, 0x00, 0x01, 0x53, 0x40, 0x00,     // 407 .. (6527)
0x01, 0x0D, 0x50, 0x00, 0x00, 0x00, 0xA0, 0x37,   0x01, 0x53, 0xB3, 0xFF, 0x00, 0x00, 0x00, 0x00,     // 408 .. (6543)
0x00, 0x00, 0x00, 0x00, 0x00, 0x00, 0x90, 0x37,   0x00, 0x00, 0x00, 0x00, 0x00, 0xAA, 0x1C, 0x20,     // 409 .. (6559)
0x00, 0x87, 0x50, 0x00, 0x00, 0x00, 0x80, 0x37,   0x00, 0x00, 0x0C, 0x20, 0x00, 0x00, 0x00, 0x00,     // 410 .. (6575)
0x00, 0x00, 0x00, 0x00, 0x00, 0x00, 0x70, 0x37,   0x00, 0x00, 0x00, 0x00, 0x00, 0xAA, 0x10, 0x00,     // 411 .. (6591)
0x01, 0x0D, 0x50, 0x00, 0x00, 0x00, 0x60, 0x37,   0x00, 0xD6, 0xC3, 0xFF, 0x00, 0x00, 0x00, 0x00,     // 412 .. (6607)
0x00, 0x00, 0x00, 0x00, 0x00, 0x00, 0x70, 0x37,   0x00, 0x00, 0x03, 0xFF, 0x02, 0xA6, 0x30, 0x00,     // 413 .. (6623)
0x01, 0x0D, 0x50, 0x00, 0x00, 0x00, 0x80, 0x37,   0x00, 0x00, 0x06, 0x04, 0x00, 0x00, 0x00, 0x00,     // 414 .. (6639)
0x00, 0x00, 0x00, 0x00, 0x00, 0x00, 0x90, 0x37,   0x00, 0x00, 0x06, 0x04, 0x01, 0x53, 0x40, 0x00,     // 415 .. (6655)
0x00, 0x87, 0x50, 0x00, 0x00, 0x00, 0xA0, 0x37,   0x00, 0xE2, 0xBC, 0x25, 0x00, 0x00, 0x00, 0x00,     // 416 .. (6671)
0x00, 0x00, 0x00, 0x00, 0x00, 0x00, 0xB0, 0x37,   0x00, 0x00, 0x0C, 0x2A, 0x00, 0xAA, 0x1C, 0x2A,     // 417 .. (6687)
0x00, 0x97, 0x50, 0x00, 0x00, 0x00, 0xC0, 0x37,   0x00, 0x00, 0x0C, 0x35, 0x00, 0x00, 0x00, 0x00,     // 418 .. (6703)
0x00, 0x00, 0x00, 0x00, 0x00, 0x00, 0xB0, 0x37,   0x00, 0x00, 0x0C, 0x40, 0x02, 0xA6, 0x30, 0x00,     // 419 .. (6719)
0x01, 0x53, 0x50, 0x00, 0x01, 0xAC, 0xA0, 0x47,   0x01, 0xAC, 0xA3, 0xFF, 0x00, 0x00, 0x00, 0x00,     // 420 .. (6735)
0x00, 0x00, 0x00, 0x00, 0x00, 0x00, 0x90, 0x47,   0x00, 0x00, 0x00, 0x00, 0x00, 0xAA, 0x1C, 0x20,     // 421 .. (6751)
0x01, 0x53, 0x50, 0x00, 0x00, 0x00, 0x80, 0x47,   0x00, 0x00, 0x04, 0xA2, 0x00, 0x00, 0x00, 0x00,     // 422 .. (6767)
0x00, 0x00, 0x00, 0x00, 0x00, 0x00, 0x70, 0x47,   0x00, 0x00, 0x04, 0xA2, 0x01, 0x53, 0x40, 0x00,     // 423 .. (6783)
0x00, 0xAA, 0x50, 0x00, 0x00, 0x00, 0x60, 0x47,   0x00, 0x00, 0x04, 0xA2, 0x00, 0x00, 0x00, 0x00,     // 424 .. (6799)
0x00, 0x00, 0x00, 0x00, 0x00, 0x00, 0x70, 0x47,   0x00, 0x00, 0x04, 0xA2, 0x00, 0xAA, 0x1C, 0x20,     // 425 .. (6815)
0x01, 0x53, 0x50, 0x00, 0x00, 0x00, 0x80, 0x47,   0x00, 0x00, 0x04, 0xA2, 0x00, 0x00, 0x00, 0x00,     // 426 .. (6831)
0x00, 0x00, 0x00, 0x00, 0x00, 0x00, 0x90, 0x47,   0x00, 0x00, 0x04, 0xA2, 0x00, 0xAA, 0x10, 0x00,     // 427 .. (6847)
0x01, 0x53, 0x50, 0x00, 0x00, 0x00, 0xA0, 0x47,   0x00, 0x00, 0x04, 0xA2, 0x00, 0x00, 0x00, 0x00,     // 428 .. (6863)
0x00, 0x00, 0x00, 0x00, 0x00, 0x00, 0xB0, 0x47,   0x00, 0x00, 0x04, 0xA2, 0x02, 0xA6, 0x30, 0x00,     // 429 .. (6879)
0x00, 0xAA, 0x50, 0x00, 0x00, 0x00, 0xC0, 0x47,   0x00, 0x00, 0x04, 0xA2, 0x00, 0x00, 0x00, 0x00,     // 430 .. (6895)
0x00, 0x00, 0x00, 0x00, 0x00, 0x00, 0xB0, 0x47,   0x00, 0x00, 0x04, 0xA2, 0x01, 0x53, 0x40, 0x00,     // 431 .. (6911)
0x01, 0x53, 0x50, 0x00, 0x00, 0x00, 0xA0, 0x47,   0x00, 0x00, 0x04, 0xA2, 0x00, 0x00, 0x00, 0x00,     // 432 .. (6927)
0x00, 0x00, 0x00, 0x00, 0x00, 0x00, 0x90, 0x47,   0x00, 0x00, 0x04, 0xA2, 0x00, 0xAA, 0x1C, 0x2A,     // 433 .. (6943)
0x00, 0xBE, 0x50, 0x00, 0x00, 0x00, 0x80, 0x47,   0x00, 0x00, 0x04, 0xA2, 0x00, 0x00, 0x00, 0x00,     // 434 .. (6959)
0x00, 0x00, 0x00, 0x00, 0x00, 0x00, 0x70, 0x47,   0x00, 0x00, 0x04, 0xA2, 0x02, 0xA6, 0x30, 0x00,     // 435 .. (6975)
0x00, 0xAA, 0x50, 0x00, 0x00, 0x00, 0x60, 0x47,   0x00, 0x00, 0x06, 0x01, 0x00, 0x00, 0x00, 0x00,     // 436 .. (6991)
0x00, 0x00, 0x00, 0x00, 0x00, 0x00, 0x70, 0x47,   0x00, 0x00, 0x06, 0x01, 0x00, 0xAA, 0x1C, 0x20,     // 437 .. (7007)
0x01, 0x53, 0x50, 0x00, 0x00, 0x00, 0x80, 0x47,   0x00, 0x00, 0x06, 0x01, 0x00, 0x00, 0x00, 0x00,     // 438 .. (7023)
0x00, 0x00, 0x00, 0x00, 0x00, 0x00, 0x90, 0x47,   0x00, 0x00, 0x06, 0x01, 0x01, 0x53, 0x40, 0x00,     // 439 .. (7039)
0x01, 0x53, 0x50, 0x00, 0x00, 0x00, 0xA0, 0x47,   0x00, 0x00, 0x06, 0x01, 0x00, 0x00, 0x00, 0x00,     // 440 .. (7055)
0x00, 0x00, 0x00, 0x00, 0x00, 0x00, 0xB0, 0x47,   0x00, 0x00, 0x06, 0x01, 0x00, 0xAA, 0x1C, 0x20,     // 441 .. (7071)
0x00, 0xAA, 0x50, 0x00, 0x00, 0x00, 0xC0, 0x47,   0x00, 0x00, 0x06, 0x01, 0x00, 0x00, 0x00, 0x00,     // 442 .. (7087)
0x00, 0x00, 0x00, 0x00, 0x00, 0x00, 0xB0, 0x47,   0x00, 0x00, 0x06, 0x01, 0x00, 0xAA, 0x10, 0x00,     // 443 .. (7103)
0x01, 0x53, 0x50, 0x00, 0x00, 0x00, 0xA0, 0x47,   0x00, 0x00, 0x06, 0x01, 0x00, 0x00, 0x00, 0x00,     // 444 .. (7119)
0x00, 0x00, 0x00, 0x00, 0x00, 0x00, 0x90, 0x47,   0x00, 0x00, 0x06, 0x01, 0x01, 0x53, 0x40, 0x00,     // 445 .. (7135)
0x01, 0x53, 0x50, 0x00, 0x00, 0x00, 0x80, 0x47,   0x00, 0x00, 0x06, 0x01, 0x00, 0x00, 0x00, 0x00,     // 446 .. (7151)
0x00, 0x00, 0x00, 0x00, 0x00, 0x00, 0x70, 0x47,   0x00, 0x00, 0x06, 0x01, 0x01, 0x53, 0x4C, 0x2A,     // 447 .. (7167)
0x00, 0xAA, 0x50, 0x00, 0x00, 0x00, 0x60, 0x47,   0x00, 0x00, 0x06, 0x01, 0x01, 0x53, 0x4C, 0x1A,     // 448 .. (7183)
0x00, 0x00, 0x00, 0x00, 0x00, 0x00, 0x70, 0x47,   0x00, 0x00, 0x06, 0x01, 0x01, 0x53, 0x4C, 0x3A,     // 449 .. (7199)
0x00, 0xBE, 0x50, 0x00, 0x00, 0x00, 0x80, 0x47,   0x00, 0x00, 0x06, 0x01, 0x00, 0x00, 0x00, 0x00,     // 450 .. (7215)
0x00, 0x00, 0x00, 0x00, 0x00, 0x00, 0x90, 0x47,   0x00, 0x00, 0x06, 0x01, 0x00, 0x00, 0x00, 0x00,     // 451 .. (7231)
0x01, 0x53, 0x50, 0x00, 0x01, 0xAC, 0x60, 0x47,   0x01, 0x1D, 0x6C, 0x30, 0x01, 0x1D, 0xDC, 0x30,     // 452 .. (7247)
0x00, 0x00, 0x00, 0x00, 0x00, 0x00, 0x70, 0x47,   0x00, 0x00, 0x0C, 0x40, 0x00, 0x00, 0x0C, 0x40,     // 453 .. (7263)
0x01, 0x53, 0x50, 0x00, 0x00, 0x00, 0x80, 0x47,   0x00, 0x00, 0x04, 0xA2, 0x00, 0x00, 0x04, 0xA2,     // 454 .. (7279)
0x00, 0x00, 0x00, 0x00, 0x00, 0x00, 0x90, 0x47,   0x00, 0x00, 0x04, 0xA2, 0x00, 0x00, 0x04, 0xA2,     // 455 .. (7295)
0x00, 0xAA, 0x50, 0x00, 0x00, 0x00, 0xA0, 0x47,   0x00, 0x00, 0x04, 0xA2, 0x00, 0x00, 0x04, 0xA2,     // 456 .. (7311)
0x00, 0x00, 0x00, 0x00, 0x00, 0x00, 0xB0, 0x47,   0x00, 0x00, 0x04, 0xA2, 0x00, 0x00, 0x04, 0xA2,     // 457 .. (7327)
0x01, 0x53, 0x50, 0x00, 0x00, 0x00, 0xC0, 0x47,   0x00, 0x00, 0x04, 0xA2, 0x00, 0x00, 0x04, 0xA2,     // 458 .. (7343)
0x00, 0x00, 0x00, 0x00, 0x00, 0x00, 0xB0, 0x47,   0x00, 0x00, 0x04, 0xA2, 0x00, 0x00, 0x04, 0xA2,     // 459 .. (7359)
0x01, 0x53, 0x50, 0x00, 0x00, 0x00, 0xA0, 0x47,   0x01, 0x40, 0x73, 0xFF, 0x01, 0x40, 0xE3, 0xFF,     // 460 .. (7375)
0x00, 0x00, 0x00, 0x00, 0x00, 0x00, 0x90, 0x47,   0x00, 0x00, 0x00, 0x00, 0x00, 0x00, 0x00, 0x00,     // 461 .. (7391)
0x00, 0xAA, 0x50, 0x00, 0x00, 0x00, 0x80, 0x47,   0x01, 0x53, 0x83, 0xFF, 0x01, 0x53, 0xF3, 0xFF,     // 462 .. (7407)
0x00, 0x00, 0x00, 0x00, 0x00, 0x00, 0x70, 0x47,   0x00, 0x00, 0x00, 0x00, 0x00, 0x00, 0x00, 0x00,     // 463 .. (7423)
0x01, 0x53, 0x50, 0x00, 0x00, 0x00, 0x60, 0x47,   0x00, 0x00, 0x0C, 0x20, 0x00, 0x00, 0x0C, 0x20,     // 464 .. (7439)
0x00, 0x00, 0x00, 0x00, 0x00, 0x00, 0x70, 0x47,   0x01, 0x53, 0x8C, 0x10, 0x01, 0x53, 0xFC, 0x10,     // 465 .. (7455)
0x00, 0xBE, 0x50, 0x00, 0x00, 0x00, 0x80, 0x47,   0x01, 0x40, 0x93, 0xFF, 0x11, 0x40, 0x03, 0xFF,     // 466 .. (7471)
0x00, 0x00, 0x00, 0x00, 0x00, 0x00, 0x90, 0x47,   0x00, 0x00, 0x00, 0x00, 0x00, 0x00, 0x00, 0x00,     // 467 .. (7487)
0x00, 0xAA, 0x50, 0x00, 0x00, 0x00, 0xA0, 0x47,   0x00, 0x00, 0x04, 0xA2, 0x00, 0x00, 0x04, 0xA2,     // 468 .. (7503)
0x00, 0x00, 0x00, 0x00, 0x00, 0x00, 0xB0, 0x47,   0x00, 0x00, 0x04, 0xA2, 0x00, 0x00, 0x04, 0xA2,     // 469 .. (7519)
0x01, 0x53, 0x50, 0x00, 0x00, 0x00, 0xC0, 0x47,   0x01, 0x40, 0xA3, 0xFF, 0x11, 0x40, 0x13, 0xFF,     // 470 .. (7535)
0x00, 0x00, 0x00, 0x00, 0x00, 0x00, 0xB0, 0x47,   0x00, 0x00, 0x00, 0x00, 0x00, 0x00, 0x00, 0x00,     // 471 .. (7551)
0x01, 0x53, 0x50, 0x00, 0x00, 0x00, 0xA0, 0x47,   0x01, 0x53, 0xB3, 0xFF, 0x11, 0x53, 0x23, 0xFF,     // 472 .. (7567)
0x00, 0x00, 0x00, 0x00, 0x00, 0x00, 0x90, 0x47,   0x00, 0x00, 0x00, 0x00, 0x00, 0x00, 0x00, 0x00,     // 473 .. (7583)
0x00, 0xAA, 0x50, 0x00, 0x00, 0x00, 0x80, 0x47,   0x00, 0x00, 0x0C, 0x20, 0x00, 0x00, 0x0C, 0x20,     // 474 .. (7599)
0x00, 0x00, 0x00, 0x00, 0x00, 0x00, 0x70, 0x47,   0x00, 0x00, 0x00, 0x00, 0x00, 0x00, 0x00, 0x00,     // 475 .. (7615)
0x01, 0x53, 0x50, 0x00, 0x00, 0x00, 0x60, 0x47,   0x01, 0xAC, 0xC3, 0xFF, 0x11, 0xAC, 0x33, 0xFF,     // 476 .. (7631)
0x00, 0x00, 0x00, 0x00, 0x00, 0x00, 0x70, 0x47,   0x00, 0x00, 0x03, 0xFF, 0x00, 0x00, 0x03, 0xFF,     // 477 .. (7647)
0x01, 0x53, 0x50, 0x00, 0x00, 0x00, 0x80, 0x47,   0x00, 0x00, 0x06, 0x04, 0x00, 0x00, 0x06, 0x04,     // 478 .. (7663)
0x00, 0x00, 0x00, 0x00, 0x00, 0x00, 0x90, 0x47,   0x00, 0x00, 0x06, 0x04, 0x00, 0x00, 0x06, 0x04,     // 479 .. (7679)
0x00, 0xAA, 0x50, 0x00, 0x00, 0x00, 0xA0, 0x47,   0x02, 0x3A, 0xBC, 0x25, 0x12, 0x3A, 0x2C, 0x25,     // 480 .. (7695)
0x00, 0x00, 0x00, 0x00, 0x00, 0x00, 0xB0, 0x47,   0x00, 0x00, 0x0C, 0x2A, 0x00, 0x00, 0x0C, 0x2A,     // 481 .. (7711)
0x00, 0xBE, 0x50, 0x00, 0x00, 0x00, 0xC0, 0x47,   0x00, 0x00, 0x0C, 0x35, 0x00, 0x00, 0x0C, 0x35,     // 482 .. (7727)
0x00, 0x00, 0x00, 0x00, 0x00, 0x00, 0xB0, 0x47,   0x00, 0x00, 0x0C, 0x40, 0x00, 0x00, 0x0C, 0x40,     // 483 .. (7743)
0x01, 0x53, 0x50, 0x00, 0x00, 0x00, 0xA0, 0x59,   0x01, 0x1D, 0xA3, 0xFF, 0x11, 0x1D, 0x13, 0xFF,     // 484 .. (7759)
0x00, 0x00, 0x00, 0x00, 0x00, 0x00, 0x90, 0x59,   0x00, 0x00, 0x00, 0x00, 0x00, 0x00, 0x00, 0x00,     // 485 .. (7775)
0x01, 0x53, 0x50, 0x00, 0x00, 0x00, 0x80, 0x59,   0x00, 0x00, 0x04, 0xA2, 0x00, 0x00, 0x04, 0xA2,     // 486 .. (7791)
0x00, 0x00, 0x00, 0x00, 0x00, 0x00, 0x70, 0x59,   0x00, 0x00, 0x04, 0xA2, 0x00, 0x00, 0x04, 0xA2,     // 487 .. (7807)
0x00, 0xAA, 0x50, 0x00, 0x00, 0x00, 0x60, 0x59,   0x00, 0x00, 0x04, 0xA2, 0x00, 0x00, 0x04, 0xA2,     // 488 .. (7823)
0x00, 0x00, 0x00, 0x00, 0x00, 0x00, 0x70, 0x59,   0x00, 0x00, 0x04, 0xA2, 0x00, 0x00, 0x04, 0xA2,     // 489 .. (7839)
0x01, 0x53, 0x50, 0x00, 0x00, 0x00, 0x80, 0x59,   0x00, 0x00, 0x06, 0x02, 0x00, 0x00, 0x06, 0x02,     // 490 .. (7855)
0x00, 0x00, 0x00, 0x00, 0x00, 0x00, 0x90, 0x59,   0x00, 0x00, 0x06, 0x02, 0x00, 0x00, 0x06, 0x02,     // 491 .. (7871)
0x01, 0x53, 0x50, 0x00, 0x00, 0x00, 0xA0, 0x59,   0x01, 0x40, 0x93, 0x3F, 0x11, 0x40, 0x03, 0x3F,     // 492 .. (7887)
0x00, 0x00, 0x00, 0x00, 0x00, 0x00, 0xB0, 0x59,   0x00, 0x00, 0x00, 0x00, 0x00, 0x00, 0x00, 0x00,     // 493 .. (7903)
0x00, 0xAA, 0x50, 0x00, 0x00, 0x00, 0xC0, 0x59,   0x01, 0x53, 0x83, 0x8F, 0x01, 0x53, 0xF3, 0x8F,     // 494 .. (7919)
0x00, 0x00, 0x00, 0x00, 0x00, 0x00, 0xB0, 0x59,   0x00, 0x00, 0x00, 0x00, 0x00, 0x00, 0x00, 0x00,     // 495 .. (7935)
0x01, 0x53, 0x50, 0x00, 0x00, 0x00, 0xA0, 0x59,   0x00, 0x00, 0x0C, 0x20, 0x00, 0x00, 0x0C, 0x20,     // 496 .. (7951)
0x00, 0x00, 0x00, 0x00, 0x00, 0x00, 0x90, 0x59,   0x00, 0x00, 0x00, 0x00, 0x00, 0x00, 0x00, 0x00,     // 497 .. (7967)
0x00, 0xBE, 0x50, 0x00, 0x00, 0x00, 0x80, 0x59,   0x01, 0x40, 0x73, 0xFF, 0x01, 0x40, 0xE0, 0x00,     // 498 .. (7983)
0x00, 0x00, 0x00, 0x00, 0x00, 0x00, 0x70, 0x59,   0x00, 0x00, 0x00, 0x00, 0x00, 0x00, 0x00, 0x00,     // 499 .. (7999)
0x00, 0xAA, 0x50, 0x00, 0x00, 0x00, 0x60, 0x59,   0x00, 0x00, 0x04, 0xA2, 0x00, 0x00, 0x04, 0xA2,     // 500 .. (8015)
0x00, 0x00, 0x00, 0x00, 0x00, 0x00, 0x70, 0x59,   0x00, 0x00, 0x04, 0xA2, 0x00, 0x00, 0x04, 0xA2,     // 501 .. (8031)
0x01, 0x53, 0x50, 0x00, 0x00, 0x00, 0x80, 0x59,   0x01, 0x40, 0x63, 0xFF, 0x01, 0x40, 0xD3, 0xFF,     // 502 .. (8047)
0x00, 0x00, 0x00, 0x00, 0x00, 0x00, 0x90, 0x59,   0x00, 0x00, 0x00, 0x00, 0x00, 0x00, 0x00, 0x00,     // 503 .. (8063)
0x01, 0x53, 0x50, 0x00, 0x00, 0x00, 0xA0, 0x59,   0x01, 0x53, 0x73, 0x4F, 0x01, 0x53, 0xE3, 0x4F,     // 504 .. (8079)
0x00, 0x00, 0x00, 0x00, 0x00, 0x00, 0xB0, 0x59,   0x00, 0x00, 0x00, 0x00, 0x00, 0x00, 0x00, 0x00,     // 505 .. (8095)
0x00, 0xAA, 0x50, 0x00, 0x00, 0x00, 0xC0, 0x59,   0x00, 0x00, 0x04, 0xA2, 0x00, 0x00, 0x04, 0xA2,     // 506 .. (8111)
0x00, 0x00, 0x00, 0x00, 0x00, 0x00, 0xB0, 0x59,   0x00, 0x00, 0x04, 0xA2, 0x00, 0x00, 0x04, 0xA2,     // 507 .. (8127)
0x01, 0x53, 0x50, 0x00, 0x00, 0x00, 0xA0, 0x59,   0x00, 0xFE, 0x83, 0x0F, 0x00, 0xFE, 0xF3, 0x0F,     // 508 .. (8143)
0x00, 0x00, 0x00, 0x00, 0x00, 0x00, 0x90, 0x59,   0x00, 0x00, 0x03, 0x0F, 0x00, 0x00, 0x03, 0x0F,     // 509 .. (8159)
0x01, 0x53, 0x50, 0x00, 0x00, 0x00, 0x80, 0x59,   0x00, 0x00, 0x04, 0xA2, 0x00, 0x00, 0x04, 0xA2,     // 510 .. (8175)
0x00, 0x00, 0x00, 0x00, 0x00, 0x00, 0x70, 0x59,   0x00, 0x00, 0x04, 0xA2, 0x00, 0x00, 0x04, 0xA2,     // 511 .. (8191)
0x00, 0xAA, 0x50, 0x00, 0x00, 0x00, 0x60, 0x59,   0x01, 0x1D, 0x73, 0xFF, 0x01, 0x1D, 0xE3, 0xFF,     // 512 .. (8207)
0x00, 0x00, 0x00, 0x00, 0x00, 0x00, 0x70, 0x59,   0x00, 0x00, 0x00, 0x00, 0x00, 0x00, 0x00, 0x00,     // 513 .. (8223)
0x00, 0xBE, 0x50, 0x00, 0x00, 0x00, 0x80, 0x59,   0x00, 0x00, 0x06, 0x02, 0x00, 0x00, 0x06, 0x02,     // 514 .. (8239)
0x00, 0x00, 0x00, 0x00, 0x00, 0x00, 0x90, 0x59,   0x00, 0x00, 0x06, 0x02, 0x00, 0x00, 0x00, 0x00,     // 515 .. (8255)
0x01, 0x0D, 0x50, 0x00, 0x01, 0xAC, 0x60, 0x47,   0x00, 0xE2, 0x63, 0x3F, 0x00, 0xE2, 0xD3, 0x3F,     // 516 .. (8271)
0x00, 0x00, 0x00, 0x00, 0x00, 0x00, 0x70, 0x47,   0x00, 0x00, 0x03, 0x3F, 0x00, 0x00, 0x03, 0x3F,     // 517 .. (8287)
0x01, 0x0D, 0x50, 0x00, 0x00, 0x00, 0x80, 0x47,   0x00, 0x00, 0x04, 0xA2, 0x00, 0x00, 0x04, 0xA2,     // 518 .. (8303)
0x00, 0x00, 0x00, 0x00, 0x00, 0x00, 0x90, 0x47,   0x00, 0x00, 0x04, 0xA2, 0x00, 0x00, 0x04, 0xA2,     // 519 .. (8319)
0x00, 0x87, 0x50, 0x00, 0x00, 0x00, 0xA0, 0x47,   0x00, 0x00, 0x04, 0xA2, 0x00, 0x00, 0x04, 0xA2,     // 520 .. (8335)
0x00, 0x00, 0x00, 0x00, 0x00, 0x00, 0xB0, 0x47,   0x00, 0x00, 0x04, 0xA2, 0x00, 0x00, 0x04, 0xA2,     // 521 .. (8351)
0x01, 0x0D, 0x50, 0x00, 0x00, 0x00, 0xC0, 0x47,   0x00, 0x00, 0x04, 0xA2, 0x00, 0x00, 0x04, 0xA2,     // 522 .. (8367)
0x00, 0x00, 0x00, 0x00, 0x00, 0x00, 0xB0, 0x47,   0x00, 0x00, 0x04, 0xA2, 0x00, 0x00, 0x04, 0xA2,     // 523 .. (8383)
0x01, 0x0D, 0x50, 0x00, 0x00, 0x00, 0xA0, 0x47,   0x01, 0x1D, 0x73, 0xFF, 0x01, 0x1D, 0xE3, 0xFF,     // 524 .. (8399)
0x00, 0x00, 0x00, 0x00, 0x00, 0x00, 0x90, 0x47,   0x00, 0x00, 0x00, 0x00, 0x00, 0x00, 0x00, 0x00,     // 525 .. (8415)
0x00, 0x87, 0x50, 0x00, 0x00, 0x00, 0x80, 0x47,   0x01, 0x53, 0x83, 0xFF, 0x01, 0x53, 0xF3, 0xFF,     // 526 .. (8431)
0x00, 0x00, 0x00, 0x00, 0x00, 0x00, 0x70, 0x47,   0x00, 0x00, 0x00, 0x00, 0x00, 0x00, 0x00, 0x00,     // 527 .. (8447)
0x01, 0x0D, 0x50, 0x00, 0x00, 0x00, 0x60, 0x47,   0x00, 0x00, 0x0C, 0x20, 0x00, 0x00, 0x0C, 0x20,     // 528 .. (8463)
0x00, 0x00, 0x00, 0x00, 0x00, 0x00, 0x70, 0x47,   0x01, 0x53, 0x9C, 0x10, 0x11, 0x53, 0x0C, 0x10,     // 529 .. (8479)
0x00, 0x97, 0x50, 0x00, 0x00, 0x00, 0x80, 0x47,   0x00, 0xE2, 0x93, 0xFF, 0x10, 0xE2, 0x03, 0xFF,     // 530 .. (8495)
0x00, 0x00, 0x00, 0x00, 0x00, 0x00, 0x90, 0x47,   0x00, 0x00, 0x00, 0x00, 0x00, 0x00, 0x00, 0x00,     // 531 .. (8511)
0x00, 0x87, 0x50, 0x00, 0x00, 0x00, 0xA0, 0x47,   0x00, 0x00, 0x04, 0xA2, 0x00, 0x00, 0x04, 0xA2,     // 532 .. (8527)
0x00, 0x00, 0x00, 0x00, 0x00, 0x00, 0xB0, 0x47,   0x00, 0x00, 0x04, 0xA2, 0x00, 0x00, 0x04, 0xA2,     // 533 .. (8543)
0x01, 0x0D, 0x50, 0x00, 0x00, 0x00, 0xC0, 0x47,   0x01, 0x1D, 0xA3, 0xFF, 0x11, 0x1D, 0x13, 0xFF,     // 534 .. (8559)
0x00, 0x00, 0x00, 0x00, 0x00, 0x00, 0xB0, 0x47,   0x00, 0x00, 0x00, 0x00, 0x00, 0x00, 0x00, 0x00,     // 535 .. (8575)
0x01, 0x0D, 0x50, 0x00, 0x00, 0x00, 0xA0, 0x47,   0x01, 0x53, 0xB3, 0xFF, 0x11, 0x53, 0x23, 0xFF,     // 536 .. (8591)
0x00, 0x00, 0x00, 0x00, 0x00, 0x00, 0x90, 0x47,   0x00, 0x00, 0x00, 0x00, 0x00, 0x00, 0x00, 0x00,     // 537 .. (8607)
0x00, 0x87, 0x50, 0x00, 0x00, 0x00, 0x80, 0x47,   0x00, 0x00, 0x0C, 0x20, 0x00, 0x00, 0x0C, 0x20,     // 538 .. (8623)
0x00, 0x00, 0x00, 0x00, 0x00, 0x00, 0x70, 0x47,   0x00, 0x00, 0x00, 0x00, 0x00, 0x00, 0x00, 0x00,     // 539 .. (8639)
0x01, 0x0D, 0x50, 0x00, 0x00, 0x00, 0x60, 0x47,   0x00, 0xD6, 0xC3, 0xFF, 0x10, 0xD6, 0x33, 0xFF,     // 540 .. (8655)
0x00, 0x00, 0x00, 0x00, 0x00, 0x00, 0x70, 0x47,   0x00, 0x00, 0x03, 0xFF, 0x00, 0x00, 0x03, 0xFF,     // 541 .. (8671)
0x01, 0x0D, 0x50, 0x00, 0x00, 0x00, 0x80, 0x47,   0x00, 0x00, 0x06, 0x04, 0x00, 0x00, 0x06, 0x04,     // 542 .. (8687)
0x00, 0x00, 0x00, 0x00, 0x00, 0x00, 0x90, 0x47,   0x00, 0x00, 0x06, 0x04, 0x00, 0x00, 0x06, 0x04,     // 543 .. (8703)
0x00, 0x87, 0x50, 0x00, 0x00, 0x00, 0xA0, 0x47,   0x00, 0xE2, 0xBC, 0x25, 0x10, 0xE2, 0x2C, 0x25,     // 544 .. (8719)
0x00, 0x00, 0x00, 0x00, 0x00, 0x00, 0xB0, 0x47,   0x00, 0x00, 0x0C, 0x2A, 0x00, 0x00, 0x0C, 0x2A,     // 545 .. (8735)
0x00, 0x97, 0x50, 0x00, 0x00, 0x00, 0xC0, 0x47,   0x00, 0x00, 0x0C, 0x35, 0x00, 0x00, 0x0C, 0x35,     // 546 .. (8751)
0x00, 0x00, 0x00, 0x00, 0x00, 0x00, 0xB0, 0x47,   0x00, 0x00, 0x0C, 0x40, 0x00, 0x00, 0x0C, 0x40,     // 547 .. (8767)
0x00, 0xFE, 0x50, 0x00, 0x01, 0x40, 0xA0, 0x47,   0x00, 0xD6, 0xA3, 0xFF, 0x10, 0xD6, 0x13, 0xFF,     // 548 .. (8783)
0x00, 0x00, 0x00, 0x00, 0x00, 0x00, 0x90, 0x47,   0x00, 0x00, 0x00, 0x00, 0x00, 0x00, 0x00, 0x00,     // 549 .. (8799)
0x00, 0xFE, 0x50, 0x00, 0x00, 0x00, 0x80, 0x47,   0x00, 0x00, 0x04, 0xA2, 0x00, 0x00, 0x04, 0xA2,     // 550 .. (8815)
0x00, 0x00, 0x00, 0x00, 0x00, 0x00, 0x70, 0x47,   0x00, 0x00, 0x04, 0xA2, 0x00, 0x00, 0x04, 0xA2,     // 551 .. (8831)
0x00, 0x7F, 0x50, 0x00, 0x00, 0x00, 0x60, 0x47,   0x00, 0x00, 0x04, 0xA2, 0x00, 0x00, 0x04, 0xA2,     // 552 .. (8847)
0x00, 0x00, 0x00, 0x00, 0x00, 0x00, 0x70, 0x47,   0x00, 0x00, 0x04, 0xA2, 0x00, 0x00, 0x04, 0xA2,     // 553 .. (8863)
0x00, 0xFE, 0x50, 0x00, 0x00, 0x00, 0x80, 0x47,   0x00, 0x00, 0x06, 0x02, 0x00, 0x00, 0x06, 0x02,     // 554 .. (8879)
0x00, 0x00, 0x00, 0x00, 0x00, 0x00, 0x90, 0x47,   0x00, 0x00, 0x06, 0x02, 0x00, 0x00, 0x06, 0x02,     // 555 .. (8895)
0x00, 0xFE, 0x50, 0x00, 0x00, 0x00, 0xA0, 0x47,   0x00, 0xE2, 0x93, 0x3F, 0x10, 0xE2, 0x03, 0x3F,     // 556 .. (8911)
0x00, 0x00, 0x00, 0x00, 0x00, 0x00, 0xB0, 0x47,   0x00, 0x00, 0x00, 0x00, 0x00, 0x00, 0x00, 0x00,     // 557 .. (8927)
0x00, 0x7F, 0x50, 0x00, 0x00, 0x00, 0xC0, 0x47,   0x01, 0x1D, 0x83, 0x8F, 0x01, 0x1D, 0xF3, 0x8F,     // 558 .. (8943)
0x00, 0x00, 0x00, 0x00, 0x00, 0x00, 0xB0, 0x47,   0x00, 0x00, 0x00, 0x00, 0x00, 0x00, 0x00, 0x00,     // 559 .. (8959)
0x00, 0xFE, 0x50, 0x00, 0x00, 0x00, 0xA0, 0x47,   0x00, 0x00, 0x0C, 0x20, 0x00, 0x00, 0x0C, 0x20,     // 560 .. (8975)
0x00, 0x00, 0x00, 0x00, 0x00, 0x00, 0x90, 0x47,   0x00, 0x00, 0x00, 0x00, 0x00, 0x00, 0x00, 0x00,     // 561 .. (8991)
0x00, 0x8F, 0x50, 0x00, 0x00, 0x00, 0x80, 0x47,   0x00, 0xD6, 0x70, 0x00, 0x00, 0xD6, 0xE0, 0x00,     // 562 .. (9007)
0x00, 0x00, 0x00, 0x00, 0x00, 0x00, 0x70, 0x47,   0x00, 0x00, 0x00, 0x00, 0x00, 0x00, 0x00, 0x00,     // 563 .. (9023)
0x00, 0xAA, 0x50, 0x00, 0x01, 0xAC, 0x60, 0x47,   0x00, 0x00, 0x04, 0xA2, 0x00, 0x00, 0x04, 0xA2,     // 564 .. (9039)
0x00, 0x00, 0x00, 0x00, 0x00, 0x00, 0x70, 0x47,   0x00, 0x00, 0x04, 0xA2, 0x00, 0x00, 0x04, 0xA2,     // 565 .. (9055)
0x01, 0x53, 0x50, 0x00, 0x00, 0x00, 0x80, 0x47,   0x01, 0x1D, 0x63, 0xFF, 0x01, 0x1D, 0xD3, 0xFF,     // 566 .. (9071)
0x00, 0x00, 0x00, 0x00, 0x00, 0x00, 0x90, 0x47,   0x00, 0x00, 0x00, 0x00, 0x00, 0x00, 0x00, 0x00,     // 567 .. (9087)
0x01, 0x53, 0x50, 0x00, 0x00, 0x00, 0xA0, 0x47,   0x01, 0x40, 0x73, 0x4F, 0x01, 0x40, 0xE3, 0x4F,     // 568 .. (9103)
0x00, 0x00, 0x00, 0x00, 0x00, 0x00, 0xB0, 0x47,   0x00, 0x00, 0x00, 0x00, 0x00, 0x00, 0x00, 0x00,     // 569 .. (9119)
0x00, 0xAA, 0x50, 0x00, 0x00, 0x00, 0xC0, 0x47,   0x00, 0x00, 0x04, 0xA2, 0x00, 0x00, 0x04, 0xA2,     // 570 .. (9135)
0x00, 0x00, 0x00, 0x00, 0x00, 0x00, 0xB0, 0x47,   0x00, 0x00, 0x04, 0xA2, 0x00, 0x00, 0x04, 0xA2,     // 571 .. (9151)
0x01, 0x53, 0x50, 0x00, 0x00, 0x00, 0xA0, 0x47,   0x01, 0x53, 0x83, 0x0F, 0x01, 0x53, 0xF3, 0x0F,     // 572 .. (9167)
0x00, 0x00, 0x00, 0x00, 0x00, 0x00, 0x90, 0x47,   0x00, 0x00, 0x03, 0x0F, 0x00, 0x00, 0x03, 0x0F,     // 573 .. (9183)
0x01, 0x53, 0x50, 0x00, 0x00, 0x00, 0x80, 0x47,   0x00, 0x00, 0x04, 0xA2, 0x00, 0x00, 0x04, 0xA2,     // 574 .. (9199)
0x00, 0x00, 0x00, 0x00, 0x00, 0x00, 0x70, 0x47,   0x00, 0x00, 0x04, 0xA2, 0x00, 0x00, 0x04, 0xA2,     // 575 .. (9215)
0x00, 0xAA, 0x50, 0x00, 0x00, 0x00, 0x60, 0x47,   0x01, 0x40, 0x93, 0xFF, 0x11, 0x40, 0x13, 0xFF,     // 576 .. (9231)
0x00, 0x00, 0x00, 0x00, 0x00, 0x00, 0x70, 0x47,   0x00, 0x00, 0x00, 0x00, 0x00, 0x00, 0x00, 0x00,     // 577 .. (9247)
0x00, 0xBE, 0x50, 0x00, 0x00, 0x00, 0x80, 0x47,   0x00, 0x00, 0x06, 0x02, 0x00, 0x00, 0x06, 0x02,     // 578 .. (9263)
0x00, 0x00, 0x00, 0x00, 0x00, 0x00, 0x90, 0x47,   0x00, 0x00, 0x06, 0x02, 0x00, 0x00, 0x00, 0x00,     // 579 .. (9279)
0x01, 0x0D, 0x50, 0x00, 0x01, 0x53, 0x60, 0x37,   0x00, 0xE2, 0x63, 0x3F, 0x00, 0xE2, 0xD3, 0x3F,     // 580 .. (9295)
0x00, 0x00, 0x00, 0x00, 0x00, 0x00, 0x70, 0x37,   0x00, 0x00, 0x03, 0x3F, 0x00, 0x00, 0x03, 0x3F,     // 581 .. (9311)
0x01, 0x0D, 0x50, 0x00, 0x00, 0x00, 0x80, 0x37,   0x00, 0x00, 0x04, 0xA2, 0x00, 0x00, 0x04, 0xA2,     // 582 .. (9327)
0x00, 0x00, 0x00, 0x00, 0x00, 0x00, 0x90, 0x37,   0x00, 0x00, 0x04, 0xA2, 0x00, 0x00, 0x04, 0xA2,     // 583 .. (9343)
0x00, 0x87, 0x50, 0x00, 0x00, 0x00, 0xA0, 0x37,   0x00, 0x00, 0x04, 0xA2, 0x00, 0x00, 0x04, 0xA2,     // 584 .. (9359)
0x00, 0x00, 0x00, 0x00, 0x00, 0x00, 0xB0, 0x37,   0x00, 0x00, 0x04, 0xA2, 0x00, 0x00, 0x04, 0xA2,     // 585 .. (9375)
0x01, 0x0D, 0x50, 0x00, 0x00, 0x00, 0xC0, 0x37,   0x00, 0x00, 0x04, 0xA2, 0x00, 0x00, 0x04, 0xA2,     // 586 .. (9391)
0x00, 0x00, 0x00, 0x00, 0x00, 0x00, 0xB0, 0x37,   0x00, 0x00, 0x04, 0xA2, 0x00, 0x00, 0x04, 0xA2,     // 587 .. (9407)
0x01, 0x0D, 0x50, 0x00, 0x00, 0x00, 0xA0, 0x37,   0x01, 0x1D, 0x73, 0xFF, 0x01, 0x1D, 0xE3, 0xFF,     // 588 .. (9423)
0x00, 0x00, 0x00, 0x00, 0x00, 0x00, 0x90, 0x37,   0x00, 0x00, 0x00, 0x00, 0x00, 0x00, 0x00, 0x00,     // 589 .. (9439)
0x00, 0x87, 0x50, 0x00, 0x00, 0x00, 0x80, 0x37,   0x01, 0x53, 0x83, 0xFF, 0x01, 0x53, 0xF3, 0xFF,     // 590 .. (9455)
0x00, 0x00, 0x00, 0x00, 0x00, 0x00, 0x70, 0x37,   0x00, 0x00, 0x00, 0x00, 0x00, 0x00, 0x00, 0x00,     // 591 .. (9471)
0x01, 0x0D, 0x50, 0x00, 0x00, 0x00, 0x60, 0x37,   0x00, 0x00, 0x0C, 0x20, 0x00, 0x00, 0x0C, 0x20,     // 592 .. (9487)
0x00, 0x00, 0x00, 0x00, 0x00, 0x00, 0x70, 0x37,   0x01, 0x53, 0x9C, 0x10, 0x11, 0x53, 0x0C, 0x10,     // 593 .. (9503)
0x00, 0x97, 0x50, 0x00, 0x00, 0x00, 0x80, 0x37,   0x00, 0xE2, 0x93, 0xFF, 0x10, 0xE2, 0x03, 0xFF,     // 594 .. (9519)
0x00, 0x00, 0x00, 0x00, 0x00, 0x00, 0x90, 0x37,   0x00, 0x00, 0x00, 0x00, 0x00, 0x00, 0x00, 0x00,     // 595 .. (9535)
0x00, 0x87, 0x50, 0x00, 0x00, 0x00, 0xA0, 0x37,   0x00, 0x00, 0x04, 0xA2, 0x00, 0x00, 0x04, 0xA2,     // 596 .. (9551)
0x00, 0x00, 0x00, 0x00, 0x00, 0x00, 0xB0, 0x37,   0x00, 0x00, 0x04, 0xA2, 0x00, 0x00, 0x04, 0xA2,     // 597 .. (9567)
0x01, 0x0D, 0x50, 0x00, 0x00, 0x00, 0xC0, 0x37,   0x01, 0x1D, 0xA3, 0xFF, 0x11, 0x1D, 0x13, 0xFF,     // 598 .. (9583)
0x00, 0x00, 0x00, 0x00, 0x00, 0x00, 0xB0, 0x37,   0x00, 0x00, 0x00, 0x00, 0x00, 0x00, 0x00, 0x00,     // 599 .. (9599)
0x01, 0x0D, 0x50, 0x00, 0x00, 0x00, 0xA0, 0x37,   0x01, 0x53, 0xB3, 0xFF, 0x11, 0x53, 0x23, 0xFF,     // 600 .. (9615)
0x00, 0x00, 0x00, 0x00, 0x00, 0x00, 0x90, 0x37,   0x00, 0x00, 0x00, 0x00, 0x00, 0x00, 0x00, 0x00,     // 601 .. (9631)
0x00, 0x87, 0x50, 0x00, 0x00, 0x00, 0x80, 0x37,   0x00, 0x00, 0x0C, 0x20, 0x00, 0x00, 0x0C, 0x20,     // 602 .. (9647)
0x00, 0x00, 0x00, 0x00, 0x00, 0x00, 0x70, 0x37,   0x00, 0x00, 0x00, 0x00, 0x00, 0x00, 0x00, 0x00,     // 603 .. (9663)
0x01, 0x0D, 0x50, 0x00, 0x00, 0x00, 0x60, 0x37,   0x00, 0xD6, 0xC3, 0xFF, 0x10, 0xD6, 0x33, 0xFF,     // 604 .. (9679)
0x00, 0x00, 0x00, 0x00, 0x00, 0x00, 0x70, 0x37,   0x00, 0x00, 0x03, 0xFF, 0x00, 0x00, 0x03, 0xFF,     // 605 .. (9695)
0x01, 0x0D, 0x50, 0x00, 0x00, 0x00, 0x80, 0x37,   0x00, 0x00, 0x06, 0x04, 0x00, 0x00, 0x06, 0x04,     // 606 .. (9711)
0x00, 0x00, 0x00, 0x00, 0x00, 0x00, 0x90, 0x37,   0x00, 0x00, 0x06, 0x04, 0x00, 0x00, 0x06, 0x04,     // 607 .. (9727)
0x00, 0x87, 0x50, 0x00, 0x00, 0x00, 0xA0, 0x37,   0x00, 0xE2, 0xBC, 0x25, 0x10, 0xE2, 0x2C, 0x25,     // 608 .. (9743)
0x00, 0x00, 0x00, 0x00, 0x00, 0x00, 0xB0, 0x37,   0x00, 0x00, 0x0C, 0x2A, 0x00, 0x00, 0x0C, 0x2A,     // 609 .. (9759)
0x00, 0x97, 0x50, 0x00, 0x00, 0x00, 0xC0, 0x37,   0x00, 0x00, 0x0C, 0x35, 0x00, 0x00, 0x0C, 0x35,     // 610 .. (9775)
0x00, 0x00, 0x00, 0x00, 0x00, 0x00, 0xB0, 0x37,   0x00, 0x00, 0x0C, 0x40, 0x00, 0x00, 0x0C, 0x40,     // 611 .. (9791)
0x01, 0x53, 0x50, 0x00, 0x01, 0xAC, 0xA0, 0x47,   0x01, 0xAC, 0xA3, 0xFF, 0x11, 0xAC, 0x13, 0xFF,     // 612 .. (9807)
0x00, 0x00, 0x00, 0x00, 0x00, 0x00, 0x90, 0x47,   0x00, 0x00, 0x00, 0x00, 0x00, 0x00, 0x00, 0x00,     // 613 .. (9823)
0x01, 0x53, 0x50, 0x00, 0x00, 0x00, 0x80, 0x47,   0x00, 0x00, 0x04, 0xA2, 0x00, 0x00, 0x04, 0xA2,     // 614 .. (9839)
0x00, 0x00, 0x00, 0x00, 0x00, 0x00, 0x70, 0x47,   0x00, 0x00, 0x04, 0xA2, 0x00, 0x00, 0x04, 0xA2,     // 615 .. (9855)
0x00, 0xAA, 0x50, 0x00, 0x00, 0x00, 0x60, 0x47,   0x00, 0x00, 0x04, 0xA2, 0x00, 0x00, 0x04, 0xA2,     // 616 .. (9871)
0x00, 0x00, 0x00, 0x00, 0x00, 0x00, 0x70, 0x47,   0x00, 0x00, 0x04, 0xA2, 0x00, 0x00, 0x04, 0xA2,     // 617 .. (9887)
0x01, 0x53, 0x50, 0x00, 0x00, 0x00, 0x80, 0x47,   0x00, 0x00, 0x04, 0xA2, 0x00, 0x00, 0x04, 0xA2,     // 618 .. (9903)
0x00, 0x00, 0x00, 0x00, 0x00, 0x00, 0x90, 0x47,   0x00, 0x00, 0x04, 0xA2, 0x00, 0x00, 0x04, 0xA2,     // 619 .. (9919)
0x01, 0x53, 0x50, 0x00, 0x00, 0x00, 0xA0, 0x47,   0x00, 0x00, 0x04, 0xA2, 0x00, 0x00, 0x04, 0xA2,     // 620 .. (9935)
0x00, 0x00, 0x00, 0x00, 0x00, 0x00, 0xB0, 0x47,   0x00, 0x00, 0x04, 0xA2, 0x00, 0x00, 0x04, 0xA2,     // 621 .. (9951)
0x00, 0xAA, 0x50, 0x00, 0x00, 0x00, 0xC0, 0x47,   0x00, 0x00, 0x04, 0xA2, 0x00, 0x00, 0x04, 0xA2,     // 622 .. (9967)
0x00, 0x00, 0x00, 0x00, 0x00, 0x00, 0xB0, 0x47,   0x00, 0x00, 0x04, 0xA2, 0x00, 0x00, 0x04, 0xA2,     // 623 .. (9983)
0x01, 0x53, 0x50, 0x00, 0x00, 0x00, 0xA0, 0x47,   0x00, 0x00, 0x04, 0xA2, 0x00, 0x00, 0x04, 0xA2,     // 624 .. (9999)
0x00, 0x00, 0x00, 0x00, 0x00, 0x00, 0x90, 0x47,   0x00, 0x00, 0x04, 0xA2, 0x00, 0x00, 0x04, 0xA2,     // 625 .. (10015)
0x00, 0xBE, 0x50, 0x00, 0x00, 0x00, 0x80, 0x47,   0x00, 0x00, 0x04, 0xA2, 0x00, 0x00, 0x04, 0xA2,     // 626 .. (10031)
0x00, 0x00, 0x00, 0x00, 0x00, 0x00, 0x70, 0x47,   0x00, 0x00, 0x04, 0xA2, 0x00, 0x00, 0x04, 0xA2,     // 627 .. (10047)
0x00, 0xAA, 0x50, 0x00, 0x00, 0x00, 0x60, 0x47,   0x00, 0x00, 0x06, 0x01, 0x00, 0x00, 0x06, 0x01,     // 628 .. (10063)
0x00, 0x00, 0x00, 0x00, 0x00, 0x00, 0x70, 0x47,   0x00, 0x00, 0x06, 0x01, 0x00, 0x00, 0x06, 0x01,     // 629 .. (10079)
0x01, 0x53, 0x50, 0x00, 0x00, 0x00, 0x80, 0x47,   0x00, 0x00, 0x06, 0x01, 0x00, 0x00, 0x06, 0x01,     // 630 .. (10095)
0x00, 0x00, 0x00, 0x00, 0x00, 0x00, 0x90, 0x47,   0x00, 0x00, 0x06, 0x01, 0x00, 0x00, 0x06, 0x01,     // 631 .. (10111)
0x01, 0x53, 0x50, 0x00, 0x00, 0x00, 0xA0, 0x47,   0x00, 0x00, 0x06, 0x01, 0x00, 0x00, 0x06, 0x01,     // 632 .. (10127)
0x00, 0x00, 0x00, 0x00, 0x00, 0x00, 0xB0, 0x47,   0x00, 0x00, 0x06, 0x01, 0x00, 0x00, 0x06, 0x01,     // 633 .. (10143)
0x00, 0xAA, 0x50, 0x00, 0x00, 0x00, 0xC0, 0x47,   0x00, 0x00, 0x06, 0x01, 0x00, 0x00, 0x06, 0x01,     // 634 .. (10159)
0x00, 0x00, 0x00, 0x00, 0x00, 0x00, 0xB0, 0x47,   0x00, 0x00, 0x06, 0x01, 0x00, 0x00, 0x06, 0x01,     // 635 .. (10175)
0x01, 0x53, 0x50, 0x00, 0x00, 0x00, 0xA0, 0x47,   0x00, 0x00, 0x06, 0x01, 0x00, 0x00, 0x06, 0x01,     // 636 .. (10191)
0x00, 0x00, 0x00, 0x00, 0x00, 0x00, 0x90, 0x47,   0x00, 0x00, 0x06, 0x01, 0x02, 0xA6, 0x3C, 0x3A,     // 637 .. (10207)
0x01, 0x53, 0x50, 0x00, 0x00, 0x00, 0x80, 0x47,   0x00, 0x00, 0x06, 0x01, 0x00, 0x00, 0x00, 0x00,     // 638 .. (10223)
0x00, 0x00, 0x00, 0x00, 0x00, 0x00, 0x70, 0x47,   0x00, 0x00, 0x06, 0x01, 0x01, 0x53, 0x4C, 0x2A,     // 639 .. (10239)
0x00, 0xAA, 0x50, 0x00, 0x00, 0x00, 0x60, 0x47,   0x00, 0x00, 0x06, 0x01, 0x01, 0x53, 0x4C, 0x1A,     // 640 .. (10255)
0x00, 0x00, 0x00, 0x00, 0x00, 0x00, 0x70, 0x47,   0x00, 0x00, 0x06, 0x01, 0x01, 0x53, 0x4C, 0x3A,     // 641 .. (10271)
0x00, 0xBE, 0x50, 0x00, 0x00, 0x00, 0x80, 0x47,   0x00, 0x00, 0x06, 0x01, 0x00, 0x00, 0x00, 0x00,     // 642 .. (10287)
0x00, 0x00, 0x00, 0x00, 0x00, 0x00, 0x90, 0x47,   0x00, 0x00, 0x06, 0x01, 0x02, 0xA6, 0x3F, 0x04,     // 643 .. (10303)
0x01, 0x53, 0x50, 0x00, 0x01, 0xAC, 0x60, 0x47,   0x01, 0x1D, 0x60, 0x00, 0x00, 0x00, 0x00, 0x00,     // 644 .. (10319)
0x00, 0x00, 0x00, 0x00, 0x00, 0x00, 0x70, 0x47,   0x01, 0x53, 0x8C, 0x10, 0x00, 0xAA, 0x1C, 0x2A,     // 645 .. (10335)
0x01, 0x53, 0x50, 0x00, 0x00, 0x00, 0x80, 0x47,   0x01, 0x40, 0x70, 0x00, 0x00, 0x00, 0x00, 0x00,     // 646 .. (10351)
0x00, 0x00, 0x00, 0x00, 0x00, 0x00, 0x90, 0x47,   0x01, 0x1D, 0x6C, 0x10, 0x01, 0x53, 0x40, 0x00,     // 647 .. (10367)
0x00, 0xAA, 0x50, 0x00, 0x00, 0x00, 0xA0, 0x47,   0x01, 0x53, 0x80, 0x00, 0x00, 0x00, 0x00, 0x00,     // 648 .. (10383)
0x00, 0x00, 0x00, 0x00, 0x00, 0x00, 0xB0, 0x47,   0x01, 0x40, 0x7C, 0x10, 0x00, 0xAA, 0x1C, 0x20,     // 649 .. (10399)
0x01, 0x53, 0x50, 0x00, 0x00, 0x00, 0xC0, 0x47,   0x01, 0x1D, 0x90, 0x00, 0x00, 0x00, 0x00, 0x00,     // 650 .. (10415)
0x00, 0x00, 0x00, 0x00, 0x00, 0x00, 0xB0, 0x47,   0x01, 0x53, 0x8C, 0x10, 0x00, 0xAA, 0x1C, 0x3A,     // 651 .. (10431)
0x01, 0x53, 0x50, 0x00, 0x00, 0x00, 0xA0, 0x47,   0x01, 0x40, 0xA0, 0x00, 0x00, 0x00, 0x00, 0x00,     // 652 .. (10447)
0x00, 0x00, 0x00, 0x00, 0x00, 0x00, 0x90, 0x47,   0x01, 0x1D, 0x9C, 0x10, 0x02, 0xA6, 0x30, 0x00,     // 653 .. (10463)
0x00, 0xAA, 0x50, 0x00, 0x00, 0x00, 0x80, 0x47,   0x01, 0x53, 0xB0, 0x00, 0x00, 0x00, 0x00, 0x00,     // 654 .. (10479)
0x00, 0x00, 0x00, 0x00, 0x00, 0x00, 0x70, 0x47,   0x01, 0x40, 0xAC, 0x10, 0x01, 0x53, 0x40, 0x00,     // 655 .. (10495)
0x01, 0x53, 0x50, 0x00, 0x00, 0x00, 0x60, 0x47,   0x01, 0x1D, 0xC0, 0x00, 0x00, 0x00, 0x00, 0x00,     // 656 .. (10511)
0x00, 0x00, 0x00, 0x00, 0x00, 0x00, 0x70, 0x47,   0x01, 0x53, 0xBC, 0x10, 0x00, 0xAA, 0x1C, 0x20,     // 657 .. (10527)
0x00, 0xBE, 0x50, 0x00, 0x00, 0x00, 0x80, 0x47,   0x01, 0x40, 0xB0, 0x00, 0x00, 0x00, 0x00, 0x00,     // 658 .. (10543)
0x00, 0x00, 0x00, 0x00, 0x00, 0x00, 0x90, 0x47,   0x01, 0x1D, 0xCC, 0x10, 0x02, 0xA6, 0x30, 0x00,     // 659 .. (10559)
0x00, 0xAA, 0x50, 0x00, 0x00, 0x00, 0xA0, 0x47,   0x01, 0x1D, 0xA0, 0x00, 0x00, 0x00, 0x00, 0x00,     // 660 .. (10575)
0x00, 0x00, 0x00, 0x00, 0x00, 0x00, 0xB0, 0x47,   0x01, 0x40, 0xBC, 0x10, 0x00, 0xAA, 0x1C, 0x2A,     // 661 .. (10591)
0x01, 0x53, 0x50, 0x00, 0x00, 0x00, 0xC0, 0x47,   0x01, 0x53, 0x90, 0x00, 0x00, 0x00, 0x00, 0x00,     // 662 .. (10607)
0x00, 0x00, 0x00, 0x00, 0x00, 0x00, 0xB0, 0x47,   0x01, 0x1D, 0xAC, 0x10, 0x01, 0x53, 0x40, 0x00,     // 663 .. (10623)
0x01, 0x53, 0x50, 0x00, 0x00, 0x00, 0xA0, 0x47,   0x01, 0xAC, 0x80, 0x00, 0x00, 0x00, 0x00, 0x00,     // 664 .. (10639)
0x00, 0x00, 0x00, 0x00, 0x00, 0x00, 0x90, 0x47,   0x01, 0x53, 0x9C, 0x10, 0x00, 0xAA, 0x1C, 0x20,     // 665 .. (10655)
0x00, 0xAA, 0x50, 0x00, 0x00, 0x00, 0x80, 0x47,   0x01, 0x1D, 0x70, 0x00, 0x00, 0x00, 0x00, 0x00,     // 666 .. (10671)
0x00, 0x00, 0x00, 0x00, 0x00, 0x00, 0x70, 0x47,   0x01, 0xAC, 0x8C, 0x10, 0x00, 0xAA, 0x10, 0x00,     // 667 .. (10687)
0x01, 0x53, 0x50, 0x00, 0x00, 0x00, 0x60, 0x47,   0x01, 0x53, 0x60, 0x00, 0x00, 0x00, 0x00, 0x00,     // 668 .. (10703)
0x00, 0x00, 0x00, 0x00, 0x00, 0x00, 0x70, 0x47,   0x01, 0x1D, 0x7C, 0x10, 0x02, 0xA6, 0x30, 0x00,     // 669 .. (10719)
0x01, 0x53, 0x50, 0x00, 0x00, 0x00, 0x80, 0x47,   0x01, 0xAC, 0x70, 0x00, 0x00, 0x00, 0x00, 0x00,     // 670 .. (10735)
0x00, 0x00, 0x00, 0x00, 0x00, 0x00, 0x90, 0x47,   0x01, 0x53, 0x6C, 0x10, 0x01, 0x53, 0x40, 0x00,     // 671 .. (10751)
0x00, 0xAA, 0x50, 0x00, 0x00, 0x00, 0xA0, 0x47,   0x01, 0x1D, 0x80, 0x00, 0x00, 0x00, 0x00, 0x00,     // 672 .. (10767)
0x00, 0x00, 0x00, 0x00, 0x00, 0x00, 0xB0, 0x47,   0x01, 0xAC, 0x7C, 0x10, 0x00, 0xAA, 0x1C, 0x2A,     // 673 .. (10783)
0x00, 0xBE, 0x50, 0x00, 0x00, 0x00, 0xC0, 0x47,   0x01, 0x53, 0x90, 0x00, 0x00, 0x00, 0x00, 0x00,     // 674 .. (10799)
0x00, 0x00, 0x00, 0x00, 0x00, 0x00, 0xB0, 0x47,   0x01, 0x1D, 0x8C, 0x10, 0x02, 0xA6, 0x30, 0x00,     // 675 .. (10815)
0x01, 0x53, 0x50, 0x00, 0x00, 0x00, 0xA0, 0x59,   0x00, 0xFE, 0xA0, 0x00, 0x00, 0x00, 0x00, 0x00,     // 676 .. (10831)
0x00, 0x00, 0x00, 0x00, 0x00, 0x00, 0x90, 0x59,   0x01, 0x53, 0x9C, 0x10, 0x00, 0xAA, 0x1C, 0x20,     // 677 .. (10847)
0x01, 0x53, 0x50, 0x00, 0x00, 0x00, 0x80, 0x59,   0x01, 0x40, 0xB0, 0x00, 0x00, 0x00, 0x00, 0x00,     // 678 .. (10863)
0x00, 0x00, 0x00, 0x00, 0x00, 0x00, 0x70, 0x59,   0x00, 0xFE, 0xAC, 0x10, 0x01, 0x53, 0x40, 0x00,     // 679 .. (10879)
0x00, 0xAA, 0x50, 0x00, 0x00, 0x00, 0x60, 0x59,   0x01, 0xAC, 0xC0, 0x00, 0x00, 0x00, 0x00, 0x00,     // 680 .. (10895)
0x00, 0x00, 0x00, 0x00, 0x00, 0x00, 0x70, 0x59,   0x01, 0x40, 0xBC, 0x10, 0x00, 0xAA, 0x1C, 0x20,     // 681 .. (10911)
0x01, 0x53, 0x50, 0x00, 0x00, 0x00, 0x80, 0x59,   0x00, 0xFE, 0xB0, 0x00, 0x00, 0x00, 0x00, 0x00,     // 682 .. (10927)
0x00, 0x00, 0x00, 0x00, 0x00, 0x00, 0x90, 0x59,   0x01, 0xAC, 0xCC, 0x10, 0x00, 0xAA, 0x10, 0x00,     // 683 .. (10943)
0x01, 0x53, 0x50, 0x00, 0x00, 0x00, 0xA0, 0x59,   0x01, 0x40, 0xA0, 0x00, 0x00, 0x00, 0x00, 0x00,     // 684 .. (10959)
0x00, 0x00, 0x00, 0x00, 0x00, 0x00, 0xB0, 0x59,   0x00, 0xFE, 0xBC, 0x10, 0x02, 0xA6, 0x30, 0x00,     // 685 .. (10975)
0x00, 0xAA, 0x50, 0x00, 0x00, 0x00, 0xC0, 0x59,   0x01, 0xAC, 0x90, 0x00, 0x00, 0x00, 0x00, 0x00,     // 686 .. (10991)
0x00, 0x00, 0x00, 0x00, 0x00, 0x00, 0xB0, 0x59,   0x01, 0x40, 0xAC, 0x10, 0x01, 0x53, 0x40, 0x00,     // 687 .. (11007)
0x01, 0x53, 0x50, 0x00, 0x00, 0x00, 0xA0, 0x59,   0x00, 0xFE, 0x80, 0x00, 0x00, 0x00, 0x00, 0x00,     // 688 .. (11023)
0x00, 0x00, 0x00, 0x00, 0x00, 0x00, 0x90, 0x59,   0x01, 0xAC, 0x9C, 0x10, 0x00, 0xAA, 0x1C, 0x2A,     // 689 .. (11039)
0x00, 0xBE, 0x50, 0x00, 0x00, 0x00, 0x80, 0x59,   0x01, 0x40, 0x70, 0x00, 0x00, 0x00, 0x00, 0x00,     // 690 .. (11055)
0x00, 0x00, 0x00, 0x00, 0x00, 0x00, 0x70, 0x59,   0x00, 0xFE, 0x8C, 0x10, 0x02, 0xA6, 0x30, 0x00,     // 691 .. (11071)
0x00, 0xAA, 0x50, 0x00, 0x00, 0x00, 0x60, 0x59,   0x01, 0x1D, 0x60, 0x00, 0x00, 0x00, 0x00, 0x00,     // 692 .. (11087)
0x00, 0x00, 0x00, 0x00, 0x00, 0x00, 0x70, 0x59,   0x01, 0x40, 0x7C, 0x10, 0x00, 0xAA, 0x1C, 0x20,     // 693 .. (11103)
0x01, 0x53, 0x50, 0x00, 0x00, 0x00, 0x80, 0x59,   0x01, 0x53, 0x70, 0x00, 0x00, 0x00, 0x00, 0x00,     // 694 .. (11119)
0x00, 0x00, 0x00, 0x00, 0x00, 0x00, 0x90, 0x59,   0x01, 0x1D, 0x8C, 0x10, 0x01, 0x53, 0x40, 0x00,     // 695 .. (11135)
0x01, 0x53, 0x50, 0x00, 0x00, 0x00, 0xA0, 0x59,   0x01, 0xAC, 0x80, 0x00, 0x00, 0x00, 0x00, 0x00,     // 696 .. (11151)
0x00, 0x00, 0x00, 0x00, 0x00, 0x00, 0xB0, 0x59,   0x01, 0x53, 0x9C, 0x10, 0x00, 0xAA, 0x1C, 0x20,     // 697 .. (11167)
0x00, 0xAA, 0x50, 0x00, 0x00, 0x00, 0xC0, 0x59,   0x01, 0x1D, 0x90, 0x00, 0x00, 0x00, 0x00, 0x00,     // 698 .. (11183)
0x00, 0x00, 0x00, 0x00, 0x00, 0x00, 0xB0, 0x59,   0x01, 0xAC, 0xAC, 0x10, 0x00, 0xAA, 0x10, 0x00,     // 699 .. (11199)
0x01, 0x53, 0x50, 0x00, 0x00, 0x00, 0xA0, 0x59,   0x01, 0x40, 0xA0, 0x00, 0x00, 0x00, 0x00, 0x00,     // 700 .. (11215)
0x00, 0x00, 0x00, 0x00, 0x00, 0x00, 0x90, 0x59,   0x01, 0x1D, 0x9C, 0x10, 0x02, 0xA6, 0x30, 0x00,     // 701 .. (11231)
0x01, 0x53, 0x50, 0x00, 0x00, 0x00, 0x80, 0x59,   0x01, 0x53, 0x90, 0x00, 0x00, 0x00, 0x00, 0x00,     // 702 .. (11247)
0x00, 0x00, 0x00, 0x00, 0x00, 0x00, 0x70, 0x59,   0x01, 0x40, 0x8C, 0x10, 0x01, 0x53, 0x4C, 0x2E,     // 703 .. (11263)
0x00, 0xAA, 0x50, 0x00, 0x00, 0x00, 0x60, 0x59,   0x01, 0x7D, 0x80, 0x00, 0x00, 0x00, 0x00, 0x00,     // 704 .. (11279)
0x00, 0x00, 0x00, 0x00, 0x00, 0x00, 0x70, 0x59,   0x01, 0x53, 0x7C, 0x10, 0x01, 0x53, 0x40, 0x00,     // 705 .. (11295)
0x00, 0xBE, 0x50, 0x00, 0x00, 0x00, 0x80, 0x59,   0x01, 0x53, 0x70, 0x00, 0x00, 0x00, 0x00, 0x00,     // 706 .. (11311)
0x00, 0x00, 0x00, 0x00, 0x00, 0x00, 0x90, 0x59,   0x01, 0x7D, 0x7C, 0x10, 0x02, 0xA6, 0x3F, 0x04,     // 707 .. (11327)
0x01, 0x0D, 0x50, 0x00, 0x01, 0x53, 0x60, 0x37,   0x00, 0xE2, 0x60, 0x00, 0x00, 0x00, 0x00, 0x00,     // 708 .. (11343)
0x00, 0x00, 0x00, 0x00, 0x00, 0x00, 0x70, 0x37,   0x01, 0x53, 0x8C, 0x10, 0x00, 0xAA, 0x1C, 0x2A,     // 709 .. (11359)
0x01, 0x0D, 0x50, 0x00, 0x00, 0x00, 0x80, 0x37,   0x01, 0x1D, 0x70, 0x00, 0x00, 0x00, 0x00, 0x00,     // 710 .. (11375)
0x00, 0x00, 0x00, 0x00, 0x00, 0x00, 0x90, 0x37,   0x00, 0xE2, 0x6C, 0x10, 0x01, 0x53, 0x40, 0x00,     // 711 .. (11391)
0x00, 0x87, 0x50, 0x00, 0x00, 0x00, 0xA0, 0x37,   0x01, 0x53, 0x80, 0x00, 0x00, 0x00, 0x00, 0x00,     // 712 .. (11407)
0x00, 0x00, 0x00, 0x00, 0x00, 0x00, 0xB0, 0x37,   0x01, 0x1D, 0x7C, 0x10, 0x00, 0xAA, 0x1C, 0x20,     // 713 .. (11423)
0x01, 0x0D, 0x50, 0x00, 0x00, 0x00, 0xC0, 0x37,   0x01, 0x1D, 0x90, 0x00, 0x00, 0x00, 0x00, 0x00,     // 714 .. (11439)
0x00, 0x00, 0x00, 0x00, 0x00, 0x00, 0xB0, 0x37,   0x01, 0x53, 0x8C, 0x10, 0x00, 0xAA, 0x1C, 0x3A,     // 715 .. (11455)
0x01, 0x0D, 0x50, 0x00, 0x00, 0x00, 0xA0, 0x37,   0x00, 0xE2, 0xA0, 0x00, 0x00, 0x00, 0x00, 0x00,     // 716 .. (11471)
0x00, 0x00, 0x00, 0x00, 0x00, 0x00, 0x90, 0x37,   0x01, 0x1D, 0x9C, 0x10, 0x02, 0xA6, 0x30, 0x00,     // 717 .. (11487)
0x00, 0x87, 0x50, 0x00, 0x00, 0x00, 0x80, 0x37,   0x01, 0x1D, 0xB0, 0x00, 0x00, 0x00, 0x00, 0x00,     // 718 .. (11503)
0x00, 0x00, 0x00, 0x00, 0x00, 0x00, 0x70, 0x37,   0x00, 0xE2, 0xAC, 0x10, 0x01, 0x53, 0x40, 0x00,     // 719 .. (11519)
0x01, 0x0D, 0x50, 0x00, 0x00, 0x00, 0x60, 0x37,   0x00, 0xD6, 0xC0, 0x00, 0x00, 0x00, 0x00, 0x00,     // 720 .. (11535)
0x00, 0x00, 0x00, 0x00, 0x00, 0x00, 0x70, 0x37,   0x01, 0x1D, 0xBC, 0x10, 0x00, 0xAA, 0x1C, 0x20,     // 721 .. (11551)
0x00, 0x97, 0x50, 0x00, 0x00, 0x00, 0x80, 0x37,   0x01, 0x1D, 0xB0, 0x00, 0x00, 0x00, 0x00, 0x00,     // 722 .. (11567)
0x00, 0x00, 0x00, 0x00, 0x00, 0x00, 0x90, 0x37,   0x00, 0xD6, 0xCC, 0x10, 0x02, 0xA6, 0x30, 0x00,     // 723 .. (11583)
0x00, 0x87, 0x50, 0x00, 0x00, 0x00, 0xA0, 0x37,   0x00, 0xE2, 0xA0, 0x00, 0x00, 0x00, 0x00, 0x00,     // 724 .. (11599)
0x00, 0x00, 0x00, 0x00, 0x00, 0x00, 0xB0, 0x37,   0x01, 0x1D, 0xBC, 0x10, 0x00, 0xAA, 0x1C, 0x2A,     // 725 .. (11615)
0x01, 0x0D, 0x50, 0x00, 0x00, 0x00, 0xC0, 0x37,   0x01, 0x1D, 0x90, 0x00, 0x00, 0x00, 0x00, 0x00,     // 726 .. (11631)
0x00, 0x00, 0x00, 0x00, 0x00, 0x00, 0xB0, 0x37,   0x00, 0xE2, 0xAC, 0x10, 0x01, 0x53, 0x40, 0x00,     // 727 .. (11647)
0x01, 0x0D, 0x50, 0x00, 0x00, 0x00, 0xA0, 0x37,   0x01, 0x53, 0x80, 0x00, 0x00, 0x00, 0x00, 0x00,     // 728 .. (11663)
0x00, 0x00, 0x00, 0x00, 0x00, 0x00, 0x90, 0x37,   0x01, 0x1D, 0x9C, 0x10, 0x00, 0xAA, 0x1C, 0x20,     // 729 .. (11679)
0x00, 0x87, 0x50, 0x00, 0x00, 0x00, 0x80, 0x37,   0x00, 0xE2, 0x70, 0x00, 0x00, 0x00, 0x00, 0x00,     // 730 .. (11695)
0x00, 0x00, 0x00, 0x00, 0x00, 0x00, 0x70, 0x37,   0x01, 0x53, 0x8C, 0x10, 0x00, 0xAA, 0x10, 0x00,     // 731 .. (11711)
0x01, 0x0D, 0x50, 0x00, 0x00, 0x00, 0x60, 0x37,   0x01, 0x1D, 0x60, 0x00, 0x00, 0x00, 0x00, 0x00,     // 732 .. (11727)
0x00, 0x00, 0x00, 0x00, 0x00, 0x00, 0x70, 0x37,   0x00, 0xE2, 0x7C, 0x10, 0x02, 0xA6, 0x30, 0x00,     // 733 .. (11743)
0x01, 0x0D, 0x50, 0x00, 0x00, 0x00, 0x80, 0x37,   0x01, 0x53, 0x70, 0x00, 0x00, 0x00, 0x00, 0x00,     // 734 .. (11759)
0x00, 0x00, 0x00, 0x00, 0x00, 0x00, 0x90, 0x37,   0x01, 0x1D, 0x6C, 0x10, 0x01, 0x53, 0x40, 0x00,     // 735 .. (11775)
0x00, 0x87, 0x50, 0x00, 0x00, 0x00, 0xA0, 0x37,   0x00, 0xE2, 0x80, 0x00, 0x00, 0x00, 0x00, 0x00,     // 736 .. (11791)
0x00, 0x00, 0x00, 0x00, 0x00, 0x00, 0xB0, 0x37,   0x01, 0x53, 0x7C, 0x10, 0x00, 0xAA, 0x1C, 0x2A,     // 737 .. (11807)
0x00, 0x97, 0x50, 0x00, 0x00, 0x00, 0xC0, 0x37,   0x01, 0x53, 0x90, 0x00, 0x00, 0x00, 0x00, 0x00,     // 738 .. (11823)
0x00, 0x00, 0x00, 0x00, 0x00, 0x00, 0xB0, 0x37,   0x00, 0xE2, 0x8C, 0x10, 0x02, 0xA6, 0x30, 0x00,     // 739 .. (11839)
0x01, 0x53, 0x50, 0x00, 0x01, 0xAC, 0xA0, 0x47,   0x01, 0x1D, 0xA0, 0x00, 0x00, 0x00, 0x00, 0x00,     // 740 .. (11855)
0x00, 0x00, 0x00, 0x00, 0x00, 0x00, 0x90, 0x47,   0x01, 0x53, 0x9C, 0x10, 0x00, 0xAA, 0x1C, 0x20,     // 741 .. (11871)
0x01, 0x53, 0x50, 0x00, 0x00, 0x00, 0x80, 0x47,   0x01, 0x53, 0xB0, 0x00, 0x00, 0x00, 0x00, 0x00,     // 742 .. (11887)
0x00, 0x00, 0x00, 0x00, 0x00, 0x00, 0x70, 0x47,   0x01, 0x1D, 0xAC, 0x10, 0x01, 0x53, 0x40, 0x00,     // 743 .. (11903)
0x00, 0xAA, 0x50, 0x00, 0x00, 0x00, 0x60, 0x47,   0x01, 0xAC, 0xC0, 0x00, 0x00, 0x00, 0x00, 0x00,     // 744 .. (11919)
0x00, 0x00, 0x00, 0x00, 0x00, 0x00, 0x70, 0x47,   0x01, 0x53, 0xBC, 0x10, 0x00, 0xAA, 0x1C, 0x20,     // 745 .. (11935)
0x01, 0x53, 0x50, 0x00, 0x00, 0x00, 0x80, 0x47,   0x01, 0x1D, 0xB0, 0x00, 0x00, 0x00, 0x00, 0x00,     // 746 .. (11951)
0x00, 0x00, 0x00, 0x00, 0x00, 0x00, 0x90, 0x47,   0x01, 0xAC, 0xCC, 0x10, 0x00, 0xAA, 0x10, 0x00,     // 747 .. (11967)
0x01, 0x53, 0x50, 0x00, 0x00, 0x00, 0xA0, 0x47,   0x01, 0x53, 0xA0, 0x00, 0x00, 0x00, 0x00, 0x00,     // 748 .. (11983)
0x00, 0x00, 0x00, 0x00, 0x00, 0x00, 0xB0, 0x47,   0x01, 0x1D, 0xBC, 0x10, 0x02, 0xA6, 0x30, 0x00,     // 749 .. (11999)
0x00, 0xAA, 0x50, 0x00, 0x00, 0x00, 0xC0, 0x47,   0x01, 0xAC, 0x90, 0x00, 0x00, 0x00, 0x00, 0x00,     // 750 .. (12015)
0x00, 0x00, 0x00, 0x00, 0x00, 0x00, 0xB0, 0x47,   0x01, 0x53, 0xAC, 0x10, 0x01, 0x53, 0x40, 0x00,     // 751 .. (12031)
0x01, 0x53, 0x50, 0x00, 0x00, 0x00, 0xA0, 0x47,   0x01, 0x1D, 0x80, 0x00, 0x00, 0x00, 0x00, 0x00,     // 752 .. (12047)
0x00, 0x00, 0x00, 0x00, 0x00, 0x00, 0x90, 0x47,   0x01, 0xAC, 0x9C, 0x10, 0x00, 0xAA, 0x1C, 0x2A,     // 753 .. (12063)
0x00, 0xBE, 0x50, 0x00, 0x00, 0x00, 0x80, 0x47,   0x01, 0x53, 0x70, 0x00, 0x00, 0x00, 0x00, 0x00,     // 754 .. (12079)
0x00, 0x00, 0x00, 0x00, 0x00, 0x00, 0x70, 0x47,   0x01, 0x1D, 0x8C, 0x10, 0x02, 0xA6, 0x30, 0x00,     // 755 .. (12095)
0x00, 0xAA, 0x50, 0x00, 0x00, 0x00, 0x60, 0x47,   0x01, 0x1D, 0x60, 0x00, 0x00, 0x00, 0x00, 0x00,     // 756 .. (12111)
0x00, 0x00, 0x00, 0x00, 0x00, 0x00, 0x70, 0x47,   0x01, 0x53, 0x7C, 0x10, 0x00, 0xAA, 0x1C, 0x20,     // 757 .. (12127)
0x01, 0x53, 0x50, 0x00, 0x00, 0x00, 0x80, 0x47,   0x01, 0x53, 0x70, 0x00, 0x00, 0x00, 0x00, 0x00,     // 758 .. (12143)
0x00, 0x00, 0x00, 0x00, 0x00, 0x00, 0x90, 0x47,   0x01, 0x1D, 0x6C, 0x10, 0x01, 0x53, 0x40, 0x00,     // 759 .. (12159)
0x01, 0x53, 0x50, 0x00, 0x00, 0x00, 0xA0, 0x47,   0x01, 0xAC, 0x80, 0x00, 0x00, 0x00, 0x00, 0x00,     // 760 .. (12175)
0x00, 0x00, 0x00, 0x00, 0x00, 0x00, 0xB0, 0x47,   0x01, 0x53, 0x7C, 0x10, 0x00, 0xAA, 0x1C, 0x20,     // 761 .. (12191)
0x00, 0xAA, 0x50, 0x00, 0x00, 0x00, 0xC0, 0x47,   0x01, 0x53, 0x90, 0x00, 0x00, 0x00, 0x00, 0x00,     // 762 .. (12207)
0x00, 0x00, 0x00, 0x00, 0x00, 0x00, 0xB0, 0x47,   0x01, 0xAC, 0x8C, 0x10, 0x00, 0xAA, 0x10, 0x00,     // 763 .. (12223)
0x01, 0x53, 0x50, 0x00, 0x00, 0x00, 0xA0, 0x47,   0x01, 0x1D, 0xA0, 0x00, 0x00, 0x00, 0x00, 0x00,     // 764 .. (12239)
0x00, 0x00, 0x00, 0x00, 0x00, 0x00, 0x90, 0x47,   0x01, 0x53, 0x9C, 0x10, 0x02, 0xA6, 0x30, 0x00,     // 765 .. (12255)
0x01, 0x53, 0x50, 0x00, 0x00, 0x00, 0x80, 0x47,   0x01, 0x40, 0xB0, 0x00, 0x00, 0x00, 0x00, 0x00,     // 766 .. (12271)
0x00, 0x00, 0x00, 0x00, 0x00, 0x00, 0x70, 0x47,   0x01, 0x1D, 0xAC, 0x10, 0x01, 0x53, 0x4C, 0x2E,     // 767 .. (12287)
0x00, 0xAA, 0x50, 0x00, 0x00, 0x00, 0x60, 0x47,   0x01, 0x53, 0xC0, 0x00, 0x00, 0x00, 0x00, 0x00,     // 768 .. (12303)
0x00, 0x00, 0x00, 0x00, 0x00, 0x00, 0x70, 0x47,   0x01, 0x40, 0xBC, 0x10, 0x01, 0x53, 0x40, 0x00,     // 769 .. (12319)
0x00, 0xBE, 0x50, 0x00, 0x00, 0x00, 0x80, 0x47,   0x01, 0x40, 0xB0, 0x00, 0x00, 0x00, 0x00, 0x00,     // 770 .. (12335)
0x00, 0x00, 0x00, 0x00, 0x00, 0x00, 0x90, 0x47,   0x01, 0x53, 0xCC, 0x10, 0x02, 0xA6, 0x3F, 0x04,     // 771 .. (12351)
0x01, 0x0D, 0x50, 0x00, 0x01, 0xAC, 0x60, 0x47,   0x00, 0xE2, 0x60, 0x00, 0x00, 0x00, 0x00, 0x00,     // 772 .. (12367)
0x00, 0x00, 0x00, 0x00, 0x00, 0x00, 0x70, 0x47,   0x01, 0x53, 0x7C, 0x10, 0x00, 0xAA, 0x1C, 0x2A,     // 773 .. (12383)
0x01, 0x0D, 0x50, 0x00, 0x00, 0x00, 0x80, 0x47,   0x01, 0x1D, 0x70, 0x00, 0x00, 0x00, 0x00, 0x00,     // 774 .. (12399)
0x00, 0x00, 0x00, 0x00, 0x00, 0x00, 0x90, 0x47,   0x00, 0xE2, 0x6C, 0x10, 0x01, 0x53, 0x40, 0x00,     // 775 .. (12415)
0x00, 0x87, 0x50, 0x00, 0x00, 0x00, 0xA0, 0x47,   0x01, 0x53, 0x80, 0x00, 0x00, 0x00, 0x00, 0x00,     // 776 .. (12431)
0x00, 0x00, 0x00, 0x00, 0x00, 0x00, 0xB0, 0x47,   0x01, 0x1D, 0x7C, 0x10, 0x00, 0xAA, 0x1C, 0x20,     // 777 .. (12447)
0x01, 0x0D, 0x50, 0x00, 0x00, 0x00, 0xC0, 0x47,   0x00, 0xE2, 0x90, 0x00, 0x00, 0x00, 0x00, 0x00,     // 778 .. (12463)
0x00, 0x00, 0x00, 0x00, 0x00, 0x00, 0xB0, 0x47,   0x01, 0x53, 0x8C, 0x10, 0x00, 0xAA, 0x1C, 0x3A,     // 779 .. (12479)
0x01, 0x0D, 0x50, 0x00, 0x00, 0x00, 0xA0, 0x47,   0x01, 0x1D, 0xA0, 0x00, 0x00, 0x00, 0x00, 0x00,     // 780 .. (12495)
0x00, 0x00, 0x00, 0x00, 0x00, 0x00, 0x90, 0x47,   0x00, 0xE2, 0x9C, 0x10, 0x02, 0xA6, 0x30, 0x00,     // 781 .. (12511)
0x00, 0x87, 0x50, 0x00, 0x00, 0x00, 0x80, 0x47,   0x01, 0x53, 0xB0, 0x00, 0x00, 0x00, 0x00, 0x00,     // 782 .. (12527)
0x00, 0x00, 0x00, 0x00, 0x00, 0x00, 0x70, 0x47,   0x01, 0x1D, 0xAC, 0x10, 0x01, 0x53, 0x40, 0x00,     // 783 .. (12543)
0x01, 0x0D, 0x50, 0x00, 0x00, 0x00, 0x60, 0x47,   0x00, 0xE2, 0xC0, 0x00, 0x00, 0x00, 0x00, 0x00,     // 784 .. (12559)
0x00, 0x00, 0x00, 0x00, 0x00, 0x00, 0x70, 0x47,   0x01, 0x53, 0xBC, 0x10, 0x00, 0xAA, 0x1C, 0x20,     // 785 .. (12575)
0x00, 0x97, 0x50, 0x00, 0x00, 0x00, 0x80, 0x47,   0x01, 0x1D, 0xB0, 0x00, 0x00, 0x00, 0x00, 0x00,     // 786 .. (12591)
0x00, 0x00, 0x00, 0x00, 0x00, 0x00, 0x90, 0x47,   0x00, 0xE2, 0xCC, 0x10, 0x02, 0xA6, 0x30, 0x00,     // 787 .. (12607)
0x00, 0x87, 0x50, 0x00, 0x00, 0x00, 0xA0, 0x47,   0x00, 0xE2, 0xA0, 0x00, 0x00, 0x00, 0x00, 0x00,     // 788 .. (12623)
0x00, 0x00, 0x00, 0x00, 0x00, 0x00, 0xB0, 0x47,   0x01, 0x1D, 0xBC, 0x10, 0x00, 0xAA, 0x1C, 0x2A,     // 789 .. (12639)
0x01, 0x0D, 0x50, 0x00, 0x00, 0x00, 0xC0, 0x47,   0x01, 0x1D, 0x90, 0x00, 0x00, 0x00, 0x00, 0x00,     // 790 .. (12655)
0x00, 0x00, 0x00, 0x00, 0x00, 0x00, 0xB0, 0x47,   0x00, 0xE2, 0xAC, 0x10, 0x01, 0x53, 0x40, 0x00,     // 791 .. (12671)
0x01, 0x0D, 0x50, 0x00, 0x00, 0x00, 0xA0, 0x47,   0x01, 0x53, 0x80, 0x00, 0x00, 0x00, 0x00, 0x00,     // 792 .. (12687)
0x00, 0x00, 0x00, 0x00, 0x00, 0x00, 0x90, 0x47,   0x01, 0x1D, 0x9C, 0x10, 0x00, 0xAA, 0x1C, 0x20,     // 793 .. (12703)
0x00, 0x87, 0x50, 0x00, 0x00, 0x00, 0x80, 0x47,   0x00, 0xE2, 0x70, 0x00, 0x00, 0x00, 0x00, 0x00,     // 794 .. (12719)
0x00, 0x00, 0x00, 0x00, 0x00, 0x00, 0x70, 0x47,   0x01, 0x53, 0x8C, 0x10, 0x00, 0xAA, 0x10, 0x00,     // 795 .. (12735)
0x01, 0x0D, 0x50, 0x00, 0x00, 0x00, 0x60, 0x47,   0x01, 0x1D, 0x60, 0x00, 0x00, 0x00, 0x00, 0x00,     // 796 .. (12751)
0x00, 0x00, 0x00, 0x00, 0x00, 0x00, 0x70, 0x47,   0x00, 0xE2, 0x7C, 0x10, 0x02, 0xA6, 0x30, 0x00,     // 797 .. (12767)
0x01, 0x0D, 0x50, 0x00, 0x00, 0x00, 0x80, 0x47,   0x01, 0x53, 0x70, 0x00, 0x00, 0x00, 0x00, 0x00,     // 798 .. (12783)
0x00, 0x00, 0x00, 0x00, 0x00, 0x00, 0x90, 0x47,   0x01, 0x1D, 0x6C, 0x10, 0x01, 0x53, 0x40, 0x00,     // 799 .. (12799)
0x00, 0x87, 0x50, 0x00, 0x00, 0x00, 0xA0, 0x47,   0x00, 0xE2, 0x80, 0x00, 0x00, 0x00, 0x00, 0x00,     // 800 .. (12815)
0x00, 0x00, 0x00, 0x00, 0x00, 0x00, 0xB0, 0x47,   0x01, 0x53, 0x7C, 0x10, 0x00, 0xAA, 0x1C, 0x2A,     // 801 .. (12831)
0x00, 0x97, 0x50, 0x00, 0x00, 0x00, 0xC0, 0x47,   0x01, 0x1D, 0x90, 0x00, 0x00, 0x00, 0x00, 0x00,     // 802 .. (12847)
0x00, 0x00, 0x00, 0x00, 0x00, 0x00, 0xB0, 0x47,   0x00, 0xE2, 0x8C, 0x10, 0x02, 0xA6, 0x30, 0x00,     // 803 .. (12863)
0x00, 0xFE, 0x50, 0x00, 0x01, 0x40, 0xA0, 0x47,   0x00, 0xD6, 0xA0, 0x00, 0x00, 0x00, 0x00, 0x00,     // 804 .. (12879)
0x00, 0x00, 0x00, 0x00, 0x00, 0x00, 0x90, 0x47,   0x01, 0x1D, 0x9C, 0x10, 0x00, 0xAA, 0x1C, 0x20,     // 805 .. (12895)
0x00, 0xFE, 0x50, 0x00, 0x00, 0x00, 0x80, 0x47,   0x00, 0xFE, 0xB0, 0x00, 0x00, 0x00, 0x00, 0x00,     // 806 .. (12911)
0x00, 0x00, 0x00, 0x00, 0x00, 0x00, 0x70, 0x47,   0x00, 0xD6, 0xAC, 0x10, 0x01, 0x53, 0x40, 0x00,     // 807 .. (12927)
0x00, 0x7F, 0x50, 0x00, 0x00, 0x00, 0x60, 0x47,   0x01, 0x40, 0xC0, 0x00, 0x00, 0x00, 0x00, 0x00,     // 808 .. (12943)
0x00, 0x00, 0x00, 0x00, 0x00, 0x00, 0x70, 0x47,   0x00, 0xFE, 0xBC, 0x10, 0x00, 0xAA, 0x1C, 0x20,     // 809 .. (12959)
0x00, 0xFE, 0x50, 0x00, 0x00, 0x00, 0x80, 0x47,   0x00, 0xD6, 0xB0, 0x00, 0x00, 0x00, 0x00, 0x00,     // 810 .. (12975)
0x00, 0x00, 0x00, 0x00, 0x00, 0x00, 0x90, 0x47,   0x01, 0x40, 0xCC, 0x10, 0x00, 0xAA, 0x10, 0x00,     // 811 .. (12991)
0x00, 0xFE, 0x50, 0x00, 0x00, 0x00, 0xA0, 0x47,   0x00, 0xFE, 0xA0, 0x00, 0x00, 0x00, 0x00, 0x00,     // 812 .. (13007)
0x00, 0x00, 0x00, 0x00, 0x00, 0x00, 0xB0, 0x47,   0x00, 0xD6, 0xBC, 0x10, 0x02, 0xA6, 0x30, 0x00,     // 813 .. (13023)
0x00, 0x7F, 0x50, 0x00, 0x00, 0x00, 0xC0, 0x47,   0x01, 0x40, 0x90, 0x00, 0x00, 0x00, 0x00, 0x00,     // 814 .. (13039)
0x00, 0x00, 0x00, 0x00, 0x00, 0x00, 0xB0, 0x47,   0x00, 0xFE, 0xAC, 0x10, 0x01, 0x53, 0x40, 0x00,     // 815 .. (13055)
0x00, 0xFE, 0x50, 0x00, 0x00, 0x00, 0xA0, 0x47,   0x00, 0xD6, 0x80, 0x00, 0x00, 0x00, 0x00, 0x00,     // 816 .. (13071)
0x00, 0x00, 0x00, 0x00, 0x00, 0x00, 0x90, 0x47,   0x01, 0x40, 0x9C, 0x10, 0x00, 0xAA, 0x1C, 0x2A,     // 817 .. (13087)
0x00, 0x8F, 0x50, 0x00, 0x00, 0x00, 0x80, 0x47,   0x00, 0xFE, 0x70, 0x00, 0x00, 0x00, 0x00, 0x00,     // 818 .. (13103)
0x00, 0x00, 0x00, 0x00, 0x00, 0x00, 0x70, 0x47,   0x00, 0xD6, 0x8C, 0x10, 0x02, 0xA6, 0x30, 0x00,     // 819 .. (13119)
0x00, 0xAA, 0x50, 0x00, 0x01, 0xAC, 0x60, 0x47,   0x01, 0x1D, 0x60, 0x00, 0x00, 0x00, 0x00, 0x00,     // 820 .. (13135)
0x00, 0x00, 0x00, 0x00, 0x00, 0x00, 0x70, 0x47,   0x00, 0xFE, 0x7C, 0x10, 0x00, 0xAA, 0x1C, 0x20,     // 821 .. (13151)
0x01, 0x53, 0x50, 0x00, 0x00, 0x00, 0x80, 0x47,   0x01, 0x53, 0x70, 0x00, 0x00, 0x00, 0x00, 0x00,     // 822 .. (13167)
0x00, 0x00, 0x00, 0x00, 0x00, 0x00, 0x90, 0x47,   0x01, 0x1D, 0x6C, 0x10, 0x01, 0x53, 0x40, 0x00,     // 823 .. (13183)
0x01, 0x53, 0x50, 0x00, 0x00, 0x00, 0xA0, 0x47,   0x01, 0xAC, 0x80, 0x00, 0x00, 0x00, 0x00, 0x00,     // 824 .. (13199)
0x00, 0x00, 0x00, 0x00, 0x00, 0x00, 0xB0, 0x47,   0x01, 0x53, 0x7C, 0x10, 0x00, 0xAA, 0x1C, 0x20,     // 825 .. (13215)
0x00, 0xAA, 0x50, 0x00, 0x00, 0x00, 0xC0, 0x47,   0x01, 0x1D, 0x90, 0x00, 0x00, 0x00, 0x00, 0x00,     // 826 .. (13231)
0x00, 0x00, 0x00, 0x00, 0x00, 0x00, 0xB0, 0x47,   0x01, 0xAC, 0x8C, 0x10, 0x00, 0xAA, 0x10, 0x00,     // 827 .. (13247)
0x01, 0x53, 0x50, 0x00, 0x00, 0x00, 0xA0, 0x47,   0x01, 0x53, 0xA0, 0x00, 0x00, 0x00, 0x00, 0x00,     // 828 .. (13263)
0x00, 0x00, 0x00, 0x00, 0x00, 0x00, 0x90, 0x47,   0x01, 0x1D, 0x9C, 0x10, 0x02, 0xA6, 0x30, 0x00,     // 829 .. (13279)
0x01, 0x53, 0x50, 0x00, 0x00, 0x00, 0x80, 0x47,   0x01, 0xAC, 0x90, 0x00, 0x00, 0x00, 0x00, 0x00,     // 830 .. (13295)
0x00, 0x00, 0x00, 0x00, 0x00, 0x00, 0x70, 0x47,   0x01, 0x53, 0xAC, 0x10, 0x01, 0x53, 0x4C, 0x2E,     // 831 .. (13311)
0x00, 0xAA, 0x50, 0x00, 0x00, 0x00, 0x60, 0x47,   0x01, 0x1D, 0x80, 0x00, 0x00, 0x00, 0x00, 0x00,     // 832 .. (13327)
0x00, 0x00, 0x00, 0x00, 0x00, 0x00, 0x70, 0x47,   0x01, 0xAC, 0x9C, 0x10, 0x01, 0x53, 0x40, 0x00,     // 833 .. (13343)
0x00, 0xBE, 0x50, 0x00, 0x00, 0x00, 0x80, 0x47,   0x01, 0x53, 0x70, 0x00, 0x00, 0x00, 0x00, 0x00,     // 834 .. (13359)
0x00, 0x00, 0x00, 0x00, 0x00, 0x00, 0x90, 0x47,   0x01, 0x1D, 0x8C, 0x10, 0x02, 0xA6, 0x3F, 0x04,     // 835 .. (13375)
0x01, 0x0D, 0x50, 0x00, 0x01, 0x53, 0x60, 0x37,   0x00, 0xE2, 0x60, 0x00, 0x00, 0x00, 0x00, 0x00,     // 836 .. (13391)
0x00, 0x00, 0x00, 0x00, 0x00, 0x00, 0x70, 0x37,   0x01, 0x53, 0x8C, 0x10, 0x00, 0xAA, 0x1C, 0x2A,     // 837 .. (13407)
0x01, 0x0D, 0x50, 0x00, 0x00, 0x00, 0x80, 0x37,   0x01, 0x1D, 0x70, 0x00, 0x00, 0x00, 0x00, 0x00,     // 838 .. (13423)
0x00, 0x00, 0x00, 0x00, 0x00, 0x00, 0x90, 0x37,   0x00, 0xE2, 0x6C, 0x10, 0x01, 0x53, 0x40, 0x00,     // 839 .. (13439)
0x00, 0x87, 0x50, 0x00, 0x00, 0x00, 0xA0, 0x37,   0x01, 0x53, 0x80, 0x00, 0x00, 0x00, 0x00, 0x00,     // 840 .. (13455)
0x00, 0x00, 0x00, 0x00, 0x00, 0x00, 0xB0, 0x37,   0x01, 0x1D, 0x7C, 0x10, 0x00, 0xAA, 0x1C, 0x20,     // 841 .. (13471)
0x01, 0x0D, 0x50, 0x00, 0x00, 0x00, 0xC0, 0x37,   0x00, 0xE2, 0x90, 0x00, 0x00, 0x00, 0x00, 0x00,     // 842 .. (13487)
0x00, 0x00, 0x00, 0x00, 0x00, 0x00, 0xB0, 0x37,   0x01, 0x53, 0x8C, 0x10, 0x00, 0xAA, 0x1C, 0x3A,     // 843 .. (13503)
0x01, 0x0D, 0x50, 0x00, 0x00, 0x00, 0xA0, 0x37,   0x01, 0x1D, 0xA0, 0x00, 0x00, 0x00, 0x00, 0x00,     // 844 .. (13519)
0x00, 0x00, 0x00, 0x00, 0x00, 0x00, 0x90, 0x37,   0x00, 0xE2, 0x9C, 0x10, 0x02, 0xA6, 0x30, 0x00,     // 845 .. (13535)
0x00, 0x87, 0x50, 0x00, 0x00, 0x00, 0x80, 0x37,   0x01, 0x53, 0xB0, 0x00, 0x00, 0x00, 0x00, 0x00,     // 846 .. (13551)
0x00, 0x00, 0x00, 0x00, 0x00, 0x00, 0x70, 0x37,   0x01, 0x1D, 0xAC, 0x10, 0x01, 0x53, 0x40, 0x00,     // 847 .. (13567)
0x01, 0x0D, 0x50, 0x00, 0x00, 0x00, 0x60, 0x37,   0x00, 0xE2, 0xC0, 0x00, 0x00, 0x00, 0x00, 0x00,     // 848 .. (13583)
0x00, 0x00, 0x00, 0x00, 0x00, 0x00, 0x70, 0x37,   0x01, 0x53, 0xBC, 0x10, 0x00, 0xAA, 0x1C, 0x20,     // 849 .. (13599)
0x00, 0x97, 0x50, 0x00, 0x00, 0x00, 0x80, 0x37,   0x01, 0x1D, 0xB0, 0x00, 0x00, 0x00, 0x00, 0x00,     // 850 .. (13615)
0x00, 0x00, 0x00, 0x00, 0x00, 0x00, 0x90, 0x37,   0x00, 0xE2, 0xCC, 0x10, 0x02, 0xA6, 0x30, 0x00,     // 851 .. (13631)
0x00, 0x87, 0x50, 0x00, 0x00, 0x00, 0xA0, 0x37,   0x00, 0xE2, 0xA0, 0x00, 0x00, 0x00, 0x00, 0x00,     // 852 .. (13647)
0x00, 0x00, 0x00, 0x00, 0x00, 0x00, 0xB0, 0x37,   0x01, 0x1D, 0xBC, 0x10, 0x00, 0xAA, 0x1C, 0x2A,     // 853 .. (13663)
0x01, 0x0D, 0x50, 0x00, 0x00, 0x00, 0xC0, 0x37,   0x01, 0x1D, 0x90, 0x00, 0x00, 0x00, 0x00, 0x00,     // 854 .. (13679)
0x00, 0x00, 0x00, 0x00, 0x00, 0x00, 0xB0, 0x37,   0x00, 0xE2, 0xAC, 0x10, 0x01, 0x53, 0x40, 0x00,     // 855 .. (13695)
0x01, 0x0D, 0x50, 0x00, 0x00, 0x00, 0xA0, 0x37,   0x01, 0x53, 0x80, 0x00, 0x00, 0x00, 0x00, 0x00,     // 856 .. (13711)
0x00, 0x00, 0x00, 0x00, 0x00, 0x00, 0x90, 0x37,   0x01, 0x1D, 0x9C, 0x10, 0x00, 0xAA, 0x1C, 0x20,     // 857 .. (13727)
0x00, 0x87, 0x50, 0x00, 0x00, 0x00, 0x80, 0x37,   0x00, 0xE2, 0x70, 0x00, 0x00, 0x00, 0x00, 0x00,     // 858 .. (13743)
0x00, 0x00, 0x00, 0x00, 0x00, 0x00, 0x70, 0x37,   0x01, 0x53, 0x8C, 0x10, 0x00, 0xAA, 0x10, 0x00,     // 859 .. (13759)
0x01, 0x0D, 0x50, 0x00, 0x00, 0x00, 0x60, 0x37,   0x01, 0x1D, 0x60, 0x00, 0x00, 0x00, 0x00, 0x00,     // 860 .. (13775)
0x00, 0x00, 0x00, 0x00, 0x00, 0x00, 0x70, 0x37,   0x00, 0xE2, 0x7C, 0x10, 0x02, 0xA6, 0x30, 0x00,     // 861 .. (13791)
0x01, 0x0D, 0x50, 0x00, 0x00, 0x00, 0x80, 0x37,   0x01, 0x53, 0x70, 0x00, 0x00, 0x00, 0x00, 0x00,     // 862 .. (13807)
0x00, 0x00, 0x00, 0x00, 0x00, 0x00, 0x90, 0x37,   0x01, 0x1D, 0x6C, 0x10, 0x01, 0x53, 0x40, 0x00,     // 863 .. (13823)
0x00, 0x87, 0x50, 0x00, 0x00, 0x00, 0xA0, 0x37,   0x00, 0xE2, 0x80, 0x00, 0x00, 0x00, 0x00, 0x00,     // 864 .. (13839)
0x00, 0x00, 0x00, 0x00, 0x00, 0x00, 0xB0, 0x37,   0x01, 0x53, 0x7C, 0x10, 0x00, 0xAA, 0x1C, 0x2A,     // 865 .. (13855)
0x00, 0x97, 0x50, 0x00, 0x00, 0x00, 0xC0, 0x37,   0x01, 0x1D, 0x70, 0x00, 0x00, 0x00, 0x00, 0x00,     // 866 .. (13871)
0x00, 0x00, 0x00, 0x00, 0x00, 0x00, 0xB0, 0x37,   0x00, 0xE2, 0x8C, 0x10, 0x02, 0xA6, 0x30, 0x00,     // 867 .. (13887)
0x01, 0x53, 0x50, 0x00, 0x01, 0xAC, 0xA0, 0x47,   0x01, 0x1D, 0x60, 0x00, 0x00, 0x00, 0x00, 0x00,     // 868 .. (13903)
0x00, 0x00, 0x00, 0x00, 0x00, 0x00, 0x90, 0x47,   0x01, 0x1D, 0x7C, 0x10, 0x00, 0xAA, 0x1C, 0x20,     // 869 .. (13919)
0x01, 0x53, 0x50, 0x00, 0x00, 0x00, 0x80, 0x47,   0x01, 0x53, 0x70, 0x00, 0x00, 0x00, 0x00, 0x00,     // 870 .. (13935)
0x00, 0x00, 0x00, 0x00, 0x00, 0x00, 0x70, 0x47,   0x01, 0x1D, 0x6C, 0x10, 0x01, 0x53, 0x40, 0x00,     // 871 .. (13951)
0x00, 0xAA, 0x50, 0x00, 0x00, 0x00, 0x60, 0x47,   0x01, 0xAC, 0x80, 0x00, 0x00, 0x00, 0x00, 0x00,     // 872 .. (13967)
0x00, 0x00, 0x00, 0x00, 0x00, 0x00, 0x70, 0x47,   0x01, 0x53, 0x7C, 0x10, 0x00, 0xAA, 0x1C, 0x20,     // 873 .. (13983)
0x01, 0x53, 0x50, 0x00, 0x00, 0x00, 0x80, 0x47,   0x01, 0x1D, 0x90, 0x00, 0x00, 0x00, 0x00, 0x00,     // 874 .. (13999)
0x00, 0x00, 0x00, 0x00, 0x00, 0x00, 0x90, 0x47,   0x01, 0xAC, 0x8C, 0x10, 0x00, 0xAA, 0x10, 0x00,     // 875 .. (14015)
0x01, 0x53, 0x50, 0x00, 0x00, 0x00, 0xA0, 0x47,   0x01, 0x53, 0xA0, 0x00, 0x00, 0x00, 0x00, 0x00,     // 876 .. (14031)
0x00, 0x00, 0x00, 0x00, 0x00, 0x00, 0xB0, 0x47,   0x01, 0x1D, 0x9C, 0x10, 0x02, 0xA6, 0x30, 0x00,     // 877 .. (14047)
0x00, 0xAA, 0x50, 0x00, 0x00, 0x00, 0xC0, 0x47,   0x01, 0xAC, 0xB0, 0x00, 0x00, 0x00, 0x00, 0x00,     // 878 .. (14063)
0x00, 0x00, 0x00, 0x00, 0x00, 0x00, 0xB0, 0x47,   0x01, 0x53, 0xAC, 0x10, 0x01, 0x53, 0x40, 0x00,     // 879 .. (14079)
0x01, 0x53, 0x50, 0x00, 0x00, 0x00, 0xA0, 0x47,   0x01, 0x1D, 0xC0, 0x00, 0x00, 0x00, 0x00, 0x00,     // 880 .. (14095)
0x00, 0x00, 0x00, 0x00, 0x00, 0x00, 0x90, 0x47,   0x01, 0xAC, 0xBC, 0x10, 0x00, 0xAA, 0x1C, 0x2A,     // 881 .. (14111)
0x00, 0xBE, 0x50, 0x00, 0x00, 0x00, 0x80, 0x47,   0x01, 0x53, 0xB0, 0x00, 0x00, 0x00, 0x00, 0x00,     // 882 .. (14127)
0x00, 0x00, 0x00, 0x00, 0x00, 0x00, 0x70, 0x47,   0x01, 0x1D, 0xCC, 0x10, 0x02, 0xA6, 0x30, 0x00,     // 883 .. (14143)
0x00, 0xAA, 0x50, 0x00, 0x00, 0x00, 0x60, 0x47,   0x01, 0xAC, 0xA0, 0x00, 0x00, 0x00, 0x00, 0x00,     // 884 .. (14159)
0x00, 0x00, 0x00, 0x00, 0x00, 0x00, 0x70, 0x47,   0x01, 0x53, 0xBC, 0x10, 0x00, 0xAA, 0x1C, 0x20,     // 885 .. (14175)
0x01, 0x53, 0x50, 0x00, 0x00, 0x00, 0x80, 0x47,   0x01, 0xAC, 0x9C, 0x20, 0x00, 0x00, 0x00, 0x00,     // 886 .. (14191)
0x00, 0x00, 0x00, 0x00, 0x00, 0x00, 0x90, 0x47,   0x01, 0x53, 0xAC, 0x0A, 0x01, 0x53, 0x40, 0x00,     // 887 .. (14207)
0x01, 0x53, 0x50, 0x00, 0x00, 0x00, 0xA0, 0x47,   0x01, 0xAC, 0x8C, 0x10, 0x00, 0x00, 0x00, 0x00,     // 888 .. (14223)
0x00, 0x00, 0x00, 0x00, 0x00, 0x00, 0xB0, 0x47,   0x01, 0x53, 0x9C, 0x04, 0x00, 0xAA, 0x1C, 0x20,     // 889 .. (14239)
0x00, 0xAA, 0x50, 0x00, 0x00, 0x00, 0xC0, 0x47,   0x01, 0xAC, 0x7C, 0x05, 0x00, 0x00, 0x00, 0x00,     // 890 .. (14255)
0x00, 0x00, 0x00, 0x00, 0x00, 0x00, 0xB0, 0x47,   0x01, 0x53, 0x8C, 0x03, 0x00, 0xAA, 0x10, 0x00,     // 891 .. (14271)
0x01, 0x53, 0x50, 0x00, 0x00, 0x00, 0xA0, 0x47,   0x01, 0xAC, 0x6C, 0x02, 0x00, 0x00, 0x00, 0x00,     // 892 .. (14287)
0x00, 0x00, 0x00, 0x00, 0x00, 0x00, 0x90, 0x47,   0x01, 0x53, 0x7C, 0x01, 0x02, 0xA6, 0x30, 0x00,     // 893 .. (14303)
0x01, 0x53, 0x50, 0x00, 0x00, 0x00, 0x80, 0x47,   0x01, 0xAC, 0x7C, 0x01, 0x00, 0x00, 0x00, 0x00,     // 894 .. (14319)
0x00, 0x00, 0x00, 0x00, 0x00, 0x00, 0x70, 0x47,   0x01, 0x53, 0x6C, 0x01, 0x01, 0x53, 0x4C, 0x2A,     // 895 .. (14335)
0x00, 0xAA, 0x50, 0x00, 0x00, 0x00, 0x60, 0x47,   0x01, 0xAC, 0x8C, 0x3A, 0x01, 0x53, 0x4C, 0x1A,     // 896 .. (14351)
0x00, 0x00, 0x00, 0x00, 0x00, 0x00, 0x70, 0x47,   0x00, 0x00, 0x0C, 0x2A, 0x01, 0x53, 0x4C, 0x3A,     // 897 .. (14367)
0x00, 0xBE, 0x50, 0x00, 0x00, 0x00, 0x80, 0x47,   0x01, 0x53, 0x93, 0xFF, 0x00, 0x00, 0x00, 0x00,     // 898 .. (14383)
0x00, 0x00, 0x0B, 0x03, 0x00, 0x00, 0x90, 0x47,   0x00, 0x00, 0x0C, 0x20, 0x00, 0x00, 0x00, 0x00,     // 899 .. (14399)
0xBB, 0x26, 0xDD, 0x01, 0x10, 0xD0, 0x00, 0x00,   0xEB, 0xEE, 0x0E, 0xFB, 0xDD, 0x00, 0xDD, 0xE7,     // 900 .. (14415)
0x10, 0xBE, 0x00, 0xD9, 0xEF, 0x0C, 0xBB, 0x2F,   0xBB, 0x21, 0xE6, 0x02, 0x00, 0xF8, 0x00, 0x0B,     // 901 .. (14431)
0xE7, 0x00, 0x00, 0xF2, 0x01, 0xFB, 0xF8, 0x00,   0x00, 0xF6, 0xF8, 0x22, 0xDD, 0x22, 0xCC, 0x22,     // 902 .. (14447)
0xDD, 0x00, 0x00, 0x0C, 0x00, 0x15, 0xEB, 0x00,   0x11, 0xDD, 0x1D, 0xF8, 0x22, 0xE7, 0x0A, 0xEA,     // 903 .. (14463)
0x21, 0xDE, 0x21, 0x00, 0x0B, 0xF8, 0x05, 0xF8,   0x00, 0x00, 0xE7, 0x19, 0xEF, 0x11, 0xE9, 0xEE,     // 904 .. (14479)
0x16, 0xEF, 0xFF, 0x00, 0xFC, 0x06, 0xEE, 0x0C,   0xF8, 0x22, 0xF2, 0x00, 0x08, 0x00, 0xED, 0x00,     // 905 .. (14495)
0xFC, 0x00, 0xEE, 0x11, 0xF8, 0x00, 0x10, 0xEB,   0x14, 0xEB, 0x0C, 0xDE, 0x14, 0xE7, 0xEE, 0x00,     // 906 .. (14511)
0x00, 0xF8, 0x00, 0xF7, 0xEA, 0x15, 0xF8, 0x19,   0x00, 0x21, 0x00, 0x0A, 0x01, 0x22, 0xFC, 0x11,     // 907 .. (14527)
0x03, 0x00, 0x11, 0xEE, 0x00, 0x1B, 0xE7, 0x22,   0xEF, 0x08, 0xF8, 0x08, 0xCC, 0x1B, 0xD4, 0x0E,     // 908 .. (14543)
0xEF, 0x00, 0x10, 0xD9, 0x10, 0xFC, 0xE4, 0x10,   0xE8, 0xFC, 0x11, 0xFC, 0xF9, 0x19, 0xDE, 0x0B,     // 909 .. (14559)
0x02, 0xEF, 0x21, 0xE7, 0xF8, 0x00, 0xF2, 0x07,   0x00, 0xF8, 0xF6, 0x15, 0xDE, 0x10, 0x00, 0xF8,     // 910 .. (14575)
0x2B, 0xF8, 0x0B, 0x11, 0xEE, 0xF6, 0x2A, 0xCC,   0x2A, 0xDF, 0x21, 0x00, 0xD9, 0x21, 0xCD, 0x21,     // 911 .. (14591)
0xDE, 0x2B, 0xCD, 0x00, 0xE7, 0xEE, 0x20, 0xE0,   0x03, 0xF2, 0x07, 0xE4, 0x10, 0xDD, 0x00, 0x09,     // 912 .. (14607)
0x09, 0xF8, 0x0B, 0x09, 0x08, 0x02, 0xFC, 0x17,   0xF3, 0x00, 0x19, 0xDE, 0x21, 0xEF, 0x00, 0x01,     // 913 .. (14623)
0xEF, 0x00, 0xF8, 0x0A, 0xF8, 0x19, 0xDC, 0x0D,   0x03, 0xEE, 0x08, 0x09, 0xF4, 0xF8, 0x11, 0xDD,     // 914 .. (14639)
0x11, 0xE6, 0x21, 0xEF, 0x18, 0x00, 0xE3, 0x21,   0xF1, 0x00, 0x00, 0x08, 0xE7, 0x00, 0xEF, 0xF8,     // 915 .. (14655)
0xFD, 0xFC, 0xE6, 0x0C, 0xDD, 0x19, 0xE6, 0x11,   0xF8, 0x17, 0xDE, 0x11, 0xE9, 0x00, 0x19, 0xE3,     // 916 .. (14671)
0x24, 0xCA, 0x2A, 0xDF, 0x0E, 0x11, 0x10, 0xDE,   0x21, 0x00, 0xF8, 0x11, 0xEE, 0x15, 0x00, 0xE6,     // 917 .. (14687)
0x00, 0x00, 0xE7, 0x00, 0xFD, 0xEC, 0x11, 0xC0,   0x08, 0x00, 0xE7, 0x08, 0xF3, 0x00, 0xF6, 0x08,     // 918 .. (14703)
0xE6, 0x00, 0x06, 0xE3, 0x07, 0x00, 0xF8, 0xF8,   0xF8, 0x0E, 0xEF, 0x10, 0x00, 0x02, 0xF3, 0x27,     // 919 .. (14719)
0xDE, 0x0F, 0x01, 0xF8, 0x02, 0x00, 0xEE, 0x03,   0xED, 0x0B, 0x08, 0x00, 0x00, 0x08, 0xF3, 0x22,     // 920 .. (14735)
0xFC, 0x00, 0x05, 0x00, 0xF8, 0xF8, 0x00, 0xF3,   0x00, 0x00, 0x01, 0xF8, 0x17, 0xEF, 0x0C, 0x00,     // 921 .. (14751)
0x11, 0xEE, 0x03, 0x08, 0x00, 0xF8, 0x00, 0x00,   0xF2, 0x00, 0x03, 0x00, 0x00, 0xF6, 0x00, 0x00,     // 922 .. (14767)
0x00, 0xF8, 0xF2, 0x05, 0x05, 0xEF, 0x00, 0x00,   0xEE, 0xDE, 0x00, 0xF4, 0x00, 0x00, 0xF7, 0x08,     // 923 .. (14783)
0xEE, 0x0C, 0xEE, 0x10, 0x03, 0xEE, 0xFE, 0x11,   0xEF, 0xF8, 0x08, 0xF4, 0x0A, 0xE7, 0x19, 0xDE,     // 924 .. (14799)
0xFC, 0x0C, 0xF2, 0x04, 0xF8, 0x08, 0xF3, 0x08,   0xF2, 0xF8, 0x0C, 0xE7, 0xFB, 0xF3, 0x0A, 0xF2,     // 925 .. (14815)
0x07, 0xF7, 0x17, 0xEF, 0x14, 0xF8, 0x01, 0x14,   0xF5, 0x1B, 0xF8, 0x15, 0xEA, 0x11, 0xF4, 0xFC,     // 926 .. (14831)
0x03, 0x00, 0xF8, 0xF8, 0xF8, 0x00, 0xF4, 0x00,   0x00, 0x00, 0xEE, 0x00, 0xF8, 0xEF, 0xF8, 0xF9,     // 927 .. (14847)
0xEE, 0x0C, 0xF9, 0xF8, 0x00, 0x00, 0x00, 0xF8,   0x03, 0x00, 0x00, 0xF6, 0x08, 0x00, 0xFC, 0x08,     // 928 .. (14863)
0xFD, 0x00, 0xF6, 0x00, 0xF6, 0xFE, 0x00, 0x00,   0xF8, 0xFE, 0xEF, 0xF8, 0x1D, 0xEE, 0x08, 0x10,     // 929 .. (14879)
0xF1, 0x19, 0x00, 0x00, 0x0B, 0x01, 0x00, 0x00,   0x11, 0xF8, 0x05, 0xEF, 0x0E, 0x00, 0xFB, 0xFD,     // 930 .. (14895)
0x00, 0xFC, 0x00, 0xF3, 0x01, 0xFC, 0xEF, 0x00,   0xFB, 0xEE, 0xF8, 0xF8, 0xF8, 0xF6, 0x00, 0xEA,     // 931 .. (14911)
0x12, 0xEF, 0xF8, 0x00, 0xF8, 0x02, 0xF6, 0x0C,   0xEC, 0x0B, 0xEF, 0x00, 0xF1, 0x10, 0xF5, 0xFB,     // 932 .. (14927)
0x05, 0xF2, 0x00, 0x00, 0x05, 0xF2, 0x0B, 0x00,   0x00, 0x00, 0x00, 0xF8, 0x00, 0x00, 0x00, 0x08,     // 933 .. (14943)
0xF8, 0x07, 0xF9, 0x00, 0xFA, 0x04, 0xFC, 0x01,   0xFC, 0x00, 0x00, 0xF3, 0x07, 0xF6, 0x00, 0x00,     // 934 .. (14959)
0xF8, 0xF6, 0x00, 0xEF, 0x00, 0x00, 0xFB, 0xF8,   0x0A, 0xEF, 0x03, 0x00, 0x00, 0xF2, 0x00, 0xF9,     // 935 .. (14975)
0x00, 0xF6, 0x00, 0xFB, 0xF9, 0x03, 0xFE, 0xEE,   0x08, 0xF2, 0x01, 0xEF, 0x02, 0xF6, 0x06, 0xF4,     // 936 .. (14991)
0x07, 0x00, 0x07, 0x00, 0xF6, 0x0B, 0x00, 0x00,   0x00, 0x08, 0xF1, 0x0B, 0xF4, 0x07, 0xFC, 0x00,     // 937 .. (15007)
0xFC, 0x00, 0x04, 0xF5, 0x00, 0xFD, 0x05, 0x00,   0xF3, 0x08, 0xEE, 0x03, 0xF6, 0x06, 0xF8, 0xFE,     // 938 .. (15023)
0xFB, 0xF8, 0x00, 0xFD, 0xF8, 0xF9, 0x00, 0xF8,   0xF8, 0x00, 0x00, 0xF5, 0x00, 0xFD, 0x00, 0x00,     // 939 .. (15039)
0xF9, 0xFD, 0xFC, 0x03, 0xFB, 0x00, 0x00, 0xFC,   0x00, 0xFC, 0x04, 0xF7, 0x02, 0xFF, 0xFF, 0xF9,     // 940 .. (15055)
0x00, 0x00, 0xFC, 0xFF, 0x00, 0xF9, 0x07, 0xFB,   0xFC, 0x00, 0xFE, 0xFE, 0x00, 0xFE, 0x00, 0x00,     // 941 .. (15071)
0x00, 0x03, 0xF8, 0x07, 0xFE, 0x00, 0x00, 0x00,   0x00, 0xF8, 0x01, 0x00, 0x00, 0xF6, 0x0C, 0xF6,     // 942 .. (15087)
0xFC, 0x01, 0xEE, 0x08, 0xF8, 0x08, 0xFC, 0x00,   0xFC, 0x00, 0xF2, 0x06, 0xF3, 0xFB, 0x01, 0xF4,     // 943 .. (15103)
0x00, 0xFC, 0xFD, 0xF8, 0x02, 0xF8, 0x03, 0xF8,   0x00, 0xFD, 0xF8, 0x03, 0xFD, 0xF8, 0xFD, 0x00,     // 944 .. (15119)
0xF2, 0x03, 0xFF, 0xFB, 0x02, 0xFF, 0xFC, 0xFB,   0x00, 0xFF, 0xF8, 0x00, 0x01, 0xF8, 0x00, 0x00,     // 945 .. (15135)
0xFB, 0x00, 0x00, 0x00, 0xFC, 0x05, 0xF8, 0x00,   0x0F, 0xF4, 0x07, 0x00, 0x01, 0xFF, 0x00, 0x03,     // 946 .. (15151)
0x00, 0xFB, 0x06, 0x00, 0xFA, 0x00, 0xF8, 0xFD,   0x00, 0xF8, 0xFC, 0xF8, 0x02, 0xF8, 0xFB, 0x00,     // 947 .. (15167)
0x00, 0xEF, 0xFC, 0x00, 0xF7, 0x00, 0xFB, 0xFB,   0xFE, 0xFD, 0xFB, 0xFE, 0xFA, 0x00, 0xFE, 0xFC,     // 948 .. (15183)
0x03, 0xF8, 0x00, 0x01, 0x00, 0xFD, 0x05, 0x00,   0xFE, 0x04, 0xFB, 0x00, 0xFD, 0x01, 0xFB, 0x00,     // 949 .. (15199)
0x04, 0xF6, 0x06, 0x00, 0x05, 0xF8, 0x05, 0xFB,   0x00, 0x00, 0x00, 0x00, 0x00, 0x00, 0x00, 0x00,     // 950 .. (15215)
0x01, 0xFE, 0xFD, 0x00, 0xFB, 0x00, 0xFE, 0xFD,   0x00, 0xF8, 0x00, 0xFD, 0xFA, 0xFF, 0xFC, 0xFC,     // 951 .. (15231)
0xFD, 0x00, 0xF8, 0xFE, 0xFE, 0xFE, 0x00, 0xFC,   0x03, 0xF4, 0x00, 0xFB, 0xFE, 0xFD, 0x03, 0xF9,     // 952 .. (15247)
0xFE, 0x00, 0xF8, 0x00, 0xFA, 0x00, 0xFE, 0x00,   0x00, 0x00, 0xFB, 0x02, 0xFC, 0x00, 0x01, 0xFB,     // 953 .. (15263)
0xFF, 0x05, 0xFE, 0x00, 0x02, 0xFC, 0x00, 0xFE,   0x00, 0xFD, 0x00, 0xFD, 0x00, 0xFD, 0xFE, 0xFD,     // 954 .. (15279)
0xFD, 0x00, 0xFC, 0xFD, 0xFD, 0xFD, 0xFD, 0xFE,   0xFD, 0xFD, 0x00, 0xFD, 0xFE, 0x00, 0xF9, 0x00,     // 955 .. (15295)
0xFE, 0x00, 0x00, 0xF9, 0x00, 0xFB, 0x00, 0xFB,   0x00, 0xFE, 0xFB, 0xFD, 0xFC, 0x00, 0xFA, 0xFE,     // 956 .. (15311)
0xFE, 0xFD, 0x00, 0xFF, 0xFC, 0xFE, 0x00, 0xFC,   0xFE, 0x00, 0xFC, 0x00, 0x00, 0xFF, 0x00, 0xFE,     // 957 .. (15327)
0x00, 0x00, 0x00, 0x00, 0xFF, 0xFE, 0x00, 0xFD,   0xFF, 0x00, 0x00, 0xFC, 0x00, 0xFE, 0xFC, 0xFD,     // 958 .. (15343)
0x00, 0xF9, 0x00, 0xFF, 0xFD, 0x00, 0x00, 0xFE,   0xFA, 0x00, 0xFC, 0xFF, 0xFE, 0xFE, 0xFF, 0xFC,     // 959 .. (15359)
0x00, 0xFC, 0x00, 0xFA, 0x02, 0xFB, 0x00, 0xF8,   0x00, 0xF8, 0x00, 0xFB, 0xFE, 0xFF, 0xFD, 0xFD,     // 960 .. (15375)
0xFC, 0x00, 0xFD, 0xFE, 0xFF, 0xFD, 0xFE, 0x00,   0xFC, 0x00, 0xFE, 0xFE, 0xFD, 0xFD, 0xFE, 0x00,     // 961 .. (15391)
0xFD, 0x02, 0xFE, 0x00, 0x00, 0xFE, 0x00, 0x00,   0x00, 0xFD, 0x02, 0x00, 0xFF, 0x00, 0x00, 0x00,     // 962 .. (15407)
0xFE, 0x01, 0xFD, 0xFF, 0xFE, 0xFF, 0xFD, 0xFE,   0xFE, 0xFF, 0xFC, 0xFE, 0xFC, 0xFB, 0xFE, 0xF9,     // 963 .. (15423)
0xFE, 0xFD, 0xFD, 0xFD, 0xFB, 0x00, 0xFC, 0xFE,   0xFC, 0xFD, 0xFE, 0xFE, 0xFC, 0xFE, 0xFE, 0xFD,     // 964 .. (15439)
0xFE, 0x00, 0xFE, 0xFE, 0xFE, 0x00, 0xFD, 0xFF,   0xFD, 0x00, 0xFD, 0x00, 0xFD, 0x00, 0xFD, 0x00,     // 965 .. (15455)
0xFE, 0xFF, 0xFF, 0xFE, 0x00, 0xFF, 0x00, 0xFF,   0x00, 0x00, 0xFF, 0x00, 0xFF, 0x00, 0xFC, 0x00,     // 966 .. (15471)
0x00, 0xFF, 0xFE, 0x00, 0xFE, 0xFD, 0xFF, 0xFC,   0xFD, 0xFD, 0xFD, 0xFC, 0xFD, 0xFB, 0xFD, 0xFC,     // 967 .. (15487)
0xFD, 0xFC, 0xFD, 0xFB, 0x00, 0xFD, 0x00, 0xFD,   0xFE, 0x00, 0xFE, 0x00, 0xFC, 0x00, 0xFD, 0xFE,     // 968 .. (15503)
0x00, 0xFE, 0xFC, 0x00, 0xFF, 0xFE, 0xFE, 0x00,   0xFE, 0xFF, 0xFE, 0xFF, 0xFD, 0x00, 0xFD, 0x00,     // 969 .. (15519)
0xFD, 0x00, 0xFF, 0xFE, 0x00, 0xFE, 0x00, 0xFE,   0x00, 0xFD, 0x00, 0xFC, 0x00, 0xFD, 0x00, 0xFB,     // 970 .. (15535)
0x00, 0xFE, 0xFD, 0xFE, 0xFE, 0xFE, 0xFD, 0xFF,   0xFD, 0xFE, 0xFD, 0x00, 0xFC, 0xFE, 0x00, 0xFD,     // 971 .. (15551)
0xFC, 0xFF, 0xFE, 0xFE, 0xFE, 0xFE, 0xFE, 0xFF,   0xFE, 0xFE, 0x00, 0xFD, 0x00, 0xFD, 0x00, 0xFE,     // 972 .. (15567)
0xFD, 0x00, 0xFF, 0x00, 0xFE, 0xFE, 0x00, 0x00,   0xFE, 0x00, 0xFE, 0xFE, 0xFF, 0xFD, 0x00, 0xFE,     // 973 .. (15583)
0xFC, 0xFE, 0xFE, 0xFD, 0xFD, 0xFD, 0xFD, 0xFE,   0xFE, 0xFC, 0x00, 0xFD, 0x00, 0xFD, 0xFE, 0xFF,     // 974 .. (15599)
0xFE, 0xFE, 0x00, 0xFD, 0x00, 0xFD, 0x00, 0xFE,   0x00, 0xFF, 0x00, 0x00, 0x00, 0xFD, 0x00, 0xFD,     // 975 .. (15615)
0x00, 0xFC, 0x00, 0xFD, 0xFE, 0xFE, 0xFC, 0xFE,   0xFC, 0xFD, 0xFD, 0x00, 0xFD, 0xFE, 0xFD, 0xFF,     // 976 .. (15631)
0xFD, 0xFE, 0xFF, 0xFD, 0x00, 0xFD, 0xFD, 0x00,   0xFC, 0x00, 0xFD, 0xFE, 0xFE, 0xFD, 0xFD, 0xFF,     // 977 .. (15647)
0xFE, 0xFD, 0x00, 0xFF, 0xFE, 0xFF, 0xFE, 0xFF,   0x00, 0xFE, 0x00, 0x00, 0x00, 0xFE, 0x00, 0x00,     // 978 .. (15663)
0xFE, 0x00, 0xFE, 0x00, 0xFF, 0x00, 0xFE, 0x00,   0xFF, 0xFF, 0xFE, 0x00, 0x00, 0x00, 0x00, 0x00,     // 979 .. (15679)
0x28, 0xFF, 0xD9, 0xE4, 0x44, 0xB2, 0xBD, 0x0D,   0xBA, 0x00, 0x25, 0x1E, 0x1D, 0x14, 0x27, 0x1F,     // 980 .. (15695)
0x2D, 0x28, 0x39, 0x0E, 0x64, 0x00, 0x3C, 0x58,   0xEE, 0x08, 0xF8, 0xE7, 0xD4, 0xC7, 0xBE, 0xAB,     // 981 .. (15711)
0x92, 0x9D, 0x96, 0x99, 0x98, 0xA3, 0xAE, 0xB8,   0xBD, 0xCC, 0xDF, 0xED, 0xF2, 0xFA, 0x1C, 0x4B,     // 982 .. (15727)
0x32, 0x4B, 0x4A, 0x5A, 0x73, 0x7B, 0x7E, 0x7F,   0x7F, 0x7F, 0x7D, 0x76, 0x6E, 0x6E, 0x5A, 0x51,     // 983 .. (15743)
0x4B, 0x39, 0x2D, 0x21, 0x12, 0x03, 0xF4, 0xE8,   0xD7, 0xCD, 0xB6, 0xB3, 0xA7, 0x97, 0x9F, 0x80,     // 984 .. (15759)
0x9A, 0x80, 0x8A, 0x80, 0x80, 0x80, 0x80, 0x83,   0x8C, 0x94, 0x9C, 0xA4, 0xB5, 0xBC, 0xC3, 0xD9,     // 985 .. (15775)
0xE4, 0xEF, 0xFB, 0x07, 0x16, 0x24, 0x38, 0x44,   0x55, 0x61, 0x69, 0x7E, 0x7F, 0x7F, 0x7F, 0x7F,     // 986 .. (15791)
0x7F, 0x7F, 0x7F, 0x7F, 0x7F, 0x7F, 0x79, 0x70,   0x6A, 0x5A, 0x4B, 0x4D, 0x3C, 0x38, 0x25, 0x1E,     // 987 .. (15807)
0x0C, 0x05, 0xFF, 0xEA, 0xDC, 0xD6, 0xCC, 0xBE,   0xBA, 0xB3, 0xA2, 0x99, 0x90, 0x85, 0x8D, 0x80,     // 988 .. (15823)
0x8B, 0x80, 0x80, 0x84, 0x80, 0x87, 0x8A, 0x90,   0x98, 0x9D, 0xA2, 0xAA, 0xB2, 0xBB, 0xC2, 0xD2,     // 989 .. (15839)
0xD8, 0xE1, 0xED, 0xF8, 0xFF, 0x0C, 0x0D, 0x1B,   0x22, 0x30, 0x38, 0x39, 0x49, 0x49, 0x50, 0x4E,     // 990 .. (15855)
0x56, 0x56, 0x58, 0x5A, 0x5C, 0x5C, 0x61, 0x56,   0x55, 0x59, 0x55, 0x56, 0x55, 0x50, 0x51, 0x49,     // 991 .. (15871)
0x4B, 0x48, 0x42, 0x3E, 0x3C, 0x38, 0x34, 0x30,   0x2C, 0x22, 0x22, 0x1A, 0x13, 0x10, 0x0D, 0x04,     // 992 .. (15887)
0xFE, 0xF9, 0xF8, 0xED, 0xEC, 0xE4, 0xDE, 0xDB,   0xD3, 0xCD, 0xC7, 0xC3, 0xBD, 0xB3, 0xB3, 0xB2,     // 993 .. (15903)
0xAC, 0xA6, 0xA5, 0xA4, 0x9D, 0xA0, 0x9B, 0x9C,   0x9A, 0x9B, 0x9B, 0x9C, 0xA0, 0xA3, 0xA6, 0xAB,     // 994 .. (15919)
0xB0, 0xB6, 0xBB, 0xC3, 0xC9, 0xCF, 0xD9, 0xE1,   0xE5, 0xF1, 0xF7, 0xFD, 0x03, 0x0D, 0x13, 0x1B,     // 995 .. (15935)
0x21, 0x2C, 0x33, 0x3A, 0x43, 0x4A, 0x50, 0x59,   0x5E, 0x63, 0x67, 0x6A, 0x6F, 0x71, 0x72, 0x72,     // 996 .. (15951)
0x72, 0x70, 0x6F, 0x69, 0x66, 0x60, 0x5B, 0x56,   0x4F, 0x49, 0x42, 0x3A, 0x33, 0x2D, 0x26, 0x1D,     // 997 .. (15967)
0x16, 0x0F, 0x08, 0x01, 0xFC, 0xF7, 0xEE, 0xE7,   0xE3, 0xDB, 0xD6, 0xCF, 0xCB, 0xC4, 0xC1, 0xBC,     // 998 .. (15983)
0xBA, 0xB6, 0xB2, 0xB2, 0xB1, 0xB0, 0xAF, 0xAF,   0xB0, 0xB2, 0xB2, 0xB6, 0xB7, 0xBB, 0xBD, 0xC2,     // 999 .. (15999)
0xC6, 0xC9, 0xCE, 0xD2, 0xD7, 0xDB, 0xE1, 0xE5,   0xEA, 0xEE, 0xF3, 0xF8, 0xFC, 0xFF, 0x02, 0x05,     // 1000 .. (16015)
0x08, 0x0D, 0x0F, 0x11, 0x14, 0x18, 0x1A, 0x1C,   0x1D, 0x1E, 0x21, 0x21, 0x21, 0x22, 0x22, 0x24,     // 1001 .. (16031)
0x24, 0x22, 0x22, 0x21, 0x21, 0x1F, 0x1F, 0x1D,   0x1C, 0x1B, 0x1A, 0x19, 0x18, 0x16, 0x13, 0x13,     // 1002 .. (16047)
0x11, 0x10, 0x0F, 0x0E, 0x0D, 0x0C, 0x09, 0x08,   0x06, 0x05, 0x04, 0x04, 0x03, 0x02, 0x01, 0xFF,     // 1003 .. (16063)
0xFF, 0xFF, 0xFF, 0xFE, 0xFD, 0xFC, 0xFC, 0xFB,   0xFA, 0xF9, 0xF8, 0xF8, 0xF8, 0xF7, 0xF4, 0xF4,     // 1004 .. (16079)
0xF4, 0xF4, 0xF3, 0xF3, 0xF2, 0xF2, 0xF2, 0xF3,   0xF2, 0xF2, 0xF2, 0xF1, 0xF2, 0xF2, 0xF3, 0xF3,     // 1005 .. (16095)
0xF3, 0xF3, 0xF3, 0xF3, 0xF4, 0xF4, 0xF7, 0xF7,   0xF7, 0xF8, 0xF8, 0xF8, 0xF9, 0xF9, 0xF9, 0xF9,     // 1006 .. (16111)
0xFA, 0xFB, 0xFB, 0xFC, 0xFC, 0xFC, 0xFD, 0xFD,   0xFE, 0xFE, 0xFE, 0xFF, 0xFF, 0xFF, 0xFF, 0xFF,     // 1007 .. (16127)
0xFF, 0xFF, 0x01, 0x02, 0x02, 0x02, 0x02, 0x02,   0x03, 0x03, 0x03, 0x04, 0x03, 0x03, 0x04, 0x04,     // 1008 .. (16143)
0x04, 0x04, 0x04, 0x04, 0x04, 0x04, 0x04, 0x04,   0x04, 0x04, 0x04, 0x04, 0x04, 0x03, 0x04, 0x03,     // 1009 .. (16159)
0x03, 0x03, 0x03, 0x02, 0x03, 0x03, 0x02, 0x02,   0x02, 0x01, 0x02, 0x01, 0x01, 0x01, 0xFF, 0x01,     // 1010 .. (16175)
0xFF, 0xFF, 0xFF, 0xFF, 0xFF, 0xFF, 0xFF, 0xFF,   0xFF, 0xFF, 0xFF, 0xFF, 0x00, 0x00, 0x32, 0xE4,     // 1011 .. (16191)
0xF8, 0x1F, 0x10, 0xBF, 0xED, 0x7F, 0x7F, 0x40,   0x28, 0xCE, 0xF8, 0x93, 0x96, 0x80, 0x80, 0x80,     // 1012 .. (16207)
0x80, 0x80, 0x80, 0xD6, 0xF2, 0x0D, 0x7F, 0xAA,   0x7F, 0x74, 0x7F, 0x7F, 0x7F, 0x7F, 0x7F, 0x73,     // 1013 .. (16223)
0xF0, 0x30, 0xE6, 0xCD, 0x8E, 0x17, 0xF8, 0x98,   0x20, 0x80, 0x2C, 0x80, 0x7F, 0x80, 0x80, 0xFF,     // 1014 .. (16239)
0x93, 0x80, 0xA5, 0x80, 0xDB, 0xC1, 0x30, 0x95,   0x55, 0xF8, 0x6B, 0x16, 0x7F, 0x29, 0x7F, 0x7F,     // 1015 .. (16255)
0x45, 0x7F, 0x7F, 0x7F, 0x65, 0x7F, 0x7F, 0x6A,   0x3F, 0x76, 0x07, 0xE9, 0xC0, 0x80, 0x99, 0xBD,     // 1016 .. (16271)
0x80, 0xA1, 0x80, 0xA3, 0x80, 0xA1, 0x80, 0xAA,   0x80, 0x80, 0x80, 0x80, 0x80, 0x80, 0x80, 0x87,     // 1017 .. (16287)
0xF6, 0xBC, 0xD4, 0x33, 0x58, 0x1D, 0x7B, 0x51,   0x7F, 0x74, 0x7F, 0x7F, 0x7F, 0x7F, 0x7F, 0x7F,     // 1018 .. (16303)
0x7F, 0x7F, 0x7F, 0x5B, 0x69, 0x69, 0x70, 0x22,   0x2A, 0x06, 0x78, 0xAF, 0x35, 0xDB, 0x03, 0xCF,     // 1019 .. (16319)
0xA3, 0xEB, 0xB7, 0xD1, 0xD4, 0xFB, 0xB6, 0xB8,   0x10, 0xD4, 0x0C, 0xB2, 0x05, 0xD2, 0xD3, 0xF4,     // 1020 .. (16335)
0xCE, 0xBE, 0x0D, 0xBC, 0xC7, 0xE7, 0xCB, 0xCA,   0xB5, 0xC6, 0xBE, 0xDD, 0x91, 0xCF, 0xA5, 0xC4,     // 1021 .. (16351)
0xCF, 0xC9, 0x12, 0xCA, 0x2F, 0xB1, 0x48, 0xF6,   0xF2, 0x2D, 0x1B, 0xF6, 0x13, 0x2E, 0x0A, 0x54,     // 1022 .. (16367)
0x2D, 0x67, 0x49, 0x4B, 0x60, 0x33, 0x7C, 0x3A,   0x7F, 0x4F, 0xF8, 0x6C, 0x66, 0xF4, 0x6F, 0xD8,     // 1023 .. (16383)
0x3A, 0x29, 0x49, 0xC3, 0x00, 0x2D, 0x18, 0xE8,   0xFD, 0xFD, 0xF2, 0x0E, 0xDE, 0xF8, 0xE1, 0xF7,     // 1024 .. (16399)
0xBD, 0xED, 0x1B, 0xC6, 0xD7, 0xCA, 0x15, 0xE2,   0xB6, 0x48, 0x80, 0xF5, 0x0C, 0xBD, 0xA1, 0xCD,     // 1025 .. (16415)
0xEE, 0xCF, 0xC1, 0x90, 0xAA, 0xB9, 0xBE, 0x86,   0x96, 0x85, 0xA3, 0x80, 0x91, 0x8F, 0x9A, 0x80,     // 1026 .. (16431)
0x91, 0x9F, 0xB3, 0x8B, 0x9E, 0xBD, 0xD0, 0xB1,   0xCB, 0xCE, 0x0E, 0xE6, 0x31, 0xFB, 0x2E, 0x16,     // 1027 .. (16447)
0x66, 0x70, 0x68, 0x6A, 0x7F, 0x7E, 0x7F, 0x7F,   0x7F, 0x7F, 0x7F, 0x7F, 0x7F, 0x7F, 0x7F, 0x7F,     // 1028 .. (16463)
0x7F, 0x7F, 0x7F, 0x7F, 0x7F, 0x7F, 0x7F, 0x7F,   0x7F, 0x6F, 0x7C, 0x4B, 0x7F, 0x22, 0x1F, 0x61,     // 1029 .. (16479)
0x0D, 0x27, 0x0E, 0xCF, 0x13, 0x95, 0xB1, 0x9C,   0xA1, 0x83, 0x80, 0x80, 0x80, 0x80, 0x80, 0x80,     // 1030 .. (16495)
0x80, 0x80, 0x80, 0x80, 0x80, 0x80, 0x80, 0x80,   0x80, 0x80, 0x80, 0x80, 0x80, 0x80, 0x80, 0x99,     // 1031 .. (16511)
0x80, 0x80, 0x94, 0xA9, 0x94, 0xB3, 0xAC, 0x9B,   0x11, 0xA5, 0x12, 0xE9, 0x1A, 0x20, 0xE8, 0x70,     // 1032 .. (16527)
0x31, 0x12, 0x42, 0x3C, 0x55, 0x66, 0x64, 0x65,   0x4A, 0x72, 0x7F, 0x34, 0x62, 0x7D, 0x5D, 0x5C,     // 1033 .. (16543)
0x71, 0x54, 0x6D, 0x44, 0x4B, 0x6A, 0x45, 0x19,   0x7F, 0x69, 0xCC, 0x69, 0x31, 0x3A, 0x34, 0x28,     // 1034 .. (16559)
0xCD, 0x3A, 0x30, 0x29, 0xFF, 0x18, 0x53, 0x3F,   0xF0, 0x55, 0x5D, 0x41, 0x12, 0x58, 0x58, 0x3A,     // 1035 .. (16575)
0x39, 0x50, 0x36, 0x7B, 0x3A, 0x34, 0x5A, 0x4E,   0xF5, 0x7B, 0x20, 0x09, 0x4F, 0xFF, 0x48, 0xDD,     // 1036 .. (16591)
0x01, 0x49, 0xD8, 0xEC, 0xE0, 0xCD, 0xC5, 0xD3,   0x90, 0xCB, 0x81, 0x90, 0xAB, 0x97, 0x80, 0x9F,     // 1037 .. (16607)
0x88, 0x8B, 0x80, 0x80, 0x80, 0x80, 0x80, 0x80,   0x80, 0x80, 0x80, 0xA1, 0x80, 0x8F, 0x80, 0xAF,     // 1038 .. (16623)
0xAC, 0x80, 0xD4, 0xA8, 0xAF, 0xA3, 0xF2, 0xAE,   0xD4, 0xC2, 0xE3, 0xED, 0xD1, 0x29, 0xF1, 0xDA,     // 1039 .. (16639)
0x04, 0x3A, 0x04, 0xE4, 0x52, 0xF8, 0x31, 0x47,   0x55, 0x10, 0x33, 0x3F, 0x66, 0x33, 0x56, 0x7F,     // 1040 .. (16655)
0x2C, 0x58, 0x7F, 0x75, 0x6B, 0x6B, 0x7F, 0x66,   0x7F, 0x52, 0x79, 0x7F, 0x7F, 0x28, 0x7F, 0x54,     // 1041 .. (16671)
0x3E, 0x50, 0x4B, 0x62, 0x4A, 0xF7, 0x4B, 0x49,   0x49, 0x05, 0x03, 0x22, 0x13, 0xF1, 0x3A, 0x05,     // 1042 .. (16687)
0x12, 0xD8, 0x01, 0x1F, 0x08, 0xDD, 0x05, 0xE5,   0xFA, 0x09, 0x15, 0xB7, 0xF7, 0x03, 0x0E, 0xB4,     // 1043 .. (16703)
0x13, 0xBB, 0xF1, 0x0F, 0xCC, 0xC8, 0xFA, 0xC6,   0xD0, 0xC9, 0xD7, 0x0A, 0xB8, 0xF3, 0xEA, 0x9C,     // 1044 .. (16719)
0x3F, 0x80, 0x01, 0xDB, 0xD7, 0xCD, 0xF0, 0xBA,   0xE2, 0xDC, 0xD0, 0xA7, 0xE3, 0xDA, 0xC6, 0xE4,     // 1045 .. (16735)
0xB9, 0xC1, 0xF3, 0xFD, 0xC2, 0xE9, 0xD0, 0xDB,   0xB0, 0x0B, 0xC4, 0xBA, 0x02, 0x9D, 0x06, 0xC8,     // 1046 .. (16751)
0xFB, 0xAF, 0xEE, 0xFB, 0xF0, 0xE9, 0xE7, 0xFE,   0xEE, 0xFB, 0xE8, 0x01, 0x26, 0xF5, 0xFA, 0x2E,     // 1047 .. (16767)
0x18, 0x43, 0xE0, 0x47, 0x35, 0x19, 0x0E, 0x0E,   0x2C, 0x6A, 0x1E, 0x10, 0x7C, 0x2E, 0x0C, 0x1A,     // 1048 .. (16783)
0x69, 0x34, 0x36, 0x61, 0x0C, 0x57, 0x1B, 0x3F,   0x1F, 0x21, 0xF4, 0xFF, 0x02, 0x0D, 0x2A, 0xE3,     // 1049 .. (16799)
0xE0, 0x2C, 0xC7, 0x34, 0xCB, 0x28, 0xE4, 0xD4,   0x1F, 0xF2, 0x25, 0xDF, 0x0E, 0xC6, 0xFE, 0xE1,     // 1050 .. (16815)
0x10, 0x00, 0x08, 0xE7, 0xC7, 0x34, 0x00, 0xD9,   0x38, 0xFA, 0xE3, 0x1E, 0x3E, 0xF5, 0x12, 0x08,     // 1051 .. (16831)
0x10, 0x02, 0xF2, 0x29, 0xED, 0x10, 0xD2, 0xE4,   0xFE, 0xE0, 0x17, 0xEE, 0x01, 0x16, 0xDA, 0x30,     // 1052 .. (16847)
0xDB, 0x0C, 0xCE, 0x2B, 0x00, 0xC8, 0x0B, 0x12,   0xE7, 0x1C, 0xF5, 0xD3, 0x28, 0xE2, 0x13, 0xFC,     // 1053 .. (16863)
0xC2, 0xF8, 0xEE, 0xE1, 0xF5, 0xA1, 0xBC, 0x21,   0xC6, 0xDF, 0xEE, 0xDA, 0xCD, 0x0D, 0xC7, 0x07,     // 1054 .. (16879)
0x07, 0xF8, 0xB1, 0xC4, 0x1E, 0xFA, 0xCB, 0x1B,   0xE7, 0x1E, 0xDC, 0x56, 0xEF, 0x11, 0x48, 0x0D,     // 1055 .. (16895)
0x40, 0x1F, 0x47, 0x3B, 0x41, 0x34, 0xE8, 0x20,   0x28, 0x23, 0x00, 0x0D, 0xED, 0xF3, 0xF0, 0x31,     // 1056 .. (16911)
0xB4, 0x21, 0xDE, 0xF2, 0x0A, 0xF9, 0x06, 0xC7,   0x20, 0xFA, 0xF9, 0xFB, 0xFB, 0xE6, 0xDD, 0xF1,     // 1057 .. (16927)
0xEE, 0x0E, 0xD8, 0x14, 0x1C, 0xC4, 0x02, 0x0D,   0xF9, 0x25, 0xEA, 0x35, 0xE1, 0x2B, 0xD6, 0x35,     // 1058 .. (16943)
0xF3, 0xFD, 0x19, 0xE1, 0x1A, 0x0C, 0x0B, 0xDE,   0x0A, 0x17, 0xCA, 0xF4, 0xEE, 0x05, 0x04, 0x1A,     // 1059 .. (16959)
0xF8, 0xDA, 0x2A, 0x2E, 0xDE, 0x4F, 0x1C, 0x0E,   0x0F, 0xFF, 0x23, 0xFC, 0x16, 0x26, 0xE1, 0x13,     // 1060 .. (16975)
0xFB, 0xEE, 0x2A, 0xE5, 0xF0, 0xD6, 0xEC, 0x07,   0xF2, 0xC8, 0xD0, 0xE0, 0xEC, 0xC5, 0xD2, 0xF0,     // 1061 .. (16991)
0xEF, 0x18, 0xE0, 0xD5, 0x1B, 0xC8, 0x2B, 0xD9,   0xFB, 0x11, 0xF5, 0xF4, 0x05, 0x26, 0xF9, 0x05,     // 1062 .. (17007)
0x1D, 0x17, 0x44, 0x06, 0x16, 0x1D, 0x1C, 0x4C,   0xF2, 0x1C, 0x2D, 0x2C, 0xED, 0x09, 0x1B, 0x02,     // 1063 .. (17023)
0xEF, 0xF3, 0x1B, 0xEA, 0x0C, 0x00, 0xCD, 0xF6,   0xFD, 0xFC, 0xD7, 0x11, 0x01, 0xDE, 0x1E, 0xC0,     // 1064 .. (17039)
0x1B, 0xEC, 0xBE, 0xF8, 0xDB, 0xF0, 0xE5, 0xFC,   0x02, 0xE4, 0xF9, 0xF5, 0x19, 0xD8, 0xF8, 0x29,     // 1065 .. (17055)
0xF2, 0x0D, 0xEC, 0x1D, 0xD3, 0x1F, 0x1B, 0xFB,   0x15, 0x0F, 0xE4, 0xEF, 0x27, 0xF1, 0x31, 0xF9,     // 1066 .. (17071)
0x16, 0x19, 0xF8, 0x2C, 0xFE, 0x26, 0xCA, 0x21,   0x0E, 0xEA, 0xF3, 0x08, 0xEB, 0x02, 0x05, 0x02,     // 1067 .. (17087)
0x0E, 0xFD, 0x06, 0x06, 0x1B, 0xF7, 0x0A, 0x21,   0xD6, 0x1E, 0x18, 0x15, 0xFC, 0xAE, 0xF6, 0x10,     // 1068 .. (17103)
0xE3, 0x06, 0xCD, 0x04, 0xCC, 0x0D, 0xD0, 0xF4,   0xEC, 0x0F, 0xFC, 0xF4, 0x06, 0xDF, 0xF8, 0x06,     // 1069 .. (17119)
0x04, 0x18, 0xEC, 0xE4, 0x10, 0x07, 0xE9, 0x28,   0x01, 0x03, 0x1D, 0x27, 0x14, 0x02, 0x22, 0x02,     // 1070 .. (17135)
0x30, 0x27, 0xEF, 0x1D, 0x0F, 0xFA, 0x1C, 0x01,   0x1C, 0xD5, 0x12, 0x02, 0xDD, 0x00, 0x16, 0xCF,     // 1071 .. (17151)
0xFF, 0x0D, 0xDB, 0x1D, 0xD6, 0xDA, 0x1F, 0xED,   0x0A, 0xB4, 0xFB, 0x02, 0x00, 0xE0, 0xFF, 0xFD,     // 1072 .. (17167)
0xE7, 0x02, 0xF6, 0xFF, 0x01, 0x04, 0xC3, 0x1B,   0x06, 0x00, 0xF5, 0xF5, 0x32, 0x03, 0xFF, 0x0D,     // 1073 .. (17183)
0x1A, 0xF6, 0x1C, 0xFB, 0x00, 0xEC, 0x10, 0x14,   0xF6, 0x1E, 0xF6, 0x15, 0xEB, 0x02, 0x07, 0xF1,     // 1074 .. (17199)
0x06, 0xFB, 0x01, 0x25, 0x07, 0xF1, 0x1B, 0x04,   0x1D, 0xEB, 0xE8, 0x00, 0xEF, 0x1F, 0x04, 0xDF,     // 1075 .. (17215)
0x0D, 0x10, 0xDF, 0xFA, 0xCE, 0xFF, 0x07, 0xD6,   0x09, 0xFF, 0xF0, 0xE3, 0x15, 0xDA, 0x14, 0x22,     // 1076 .. (17231)
0xE6, 0x25, 0xDC, 0xEB, 0x01, 0xF5, 0x08, 0xE6,   0xEC, 0xF6, 0x08, 0xEF, 0x16, 0x1B, 0xFB, 0x26,     // 1077 .. (17247)
0xDB, 0x4E, 0xE7, 0x17, 0x1E, 0x10, 0x32, 0xDB,   0x18, 0x26, 0x01, 0x30, 0xFA, 0xEF, 0x12, 0x22,     // 1078 .. (17263)
0xEF, 0x00, 0x02, 0x0A, 0xEE, 0xF8, 0x0D, 0xFC,   0xFF, 0xE9, 0x1A, 0xFF, 0xD5, 0x1C, 0xE3, 0xF8,     // 1079 .. (17279)
0xFB, 0x05, 0xC6, 0x0E, 0xD5, 0xF8, 0xE9, 0x05,   0xC9, 0xEF, 0xD9, 0x1B, 0xC7, 0x0F, 0xC5, 0xE6,     // 1080 .. (17295)
0x0D, 0xE6, 0xDC, 0x11, 0xE8, 0x26, 0xDC, 0x22,   0x16, 0x17, 0xF3, 0x23, 0x05, 0x38, 0x22, 0x03,     // 1081 .. (17311)
0xFC, 0x1E, 0x06, 0x14, 0x0A, 0x29, 0x02, 0x30,   0xE4, 0x14, 0x0E, 0x1E, 0xF1, 0x08, 0xFB, 0xFA,     // 1082 .. (17327)
0x16, 0xED, 0x01, 0xF4, 0x0C, 0xEF, 0xE5, 0x0B,   0xE5, 0xF8, 0xEB, 0xEB, 0xE1, 0x15, 0xD6, 0x10,     // 1083 .. (17343)
0xEE, 0xF8, 0xD9, 0x05, 0x17, 0xDF, 0xFF, 0xDF,   0x08, 0xFE, 0x1A, 0xEF, 0xFB, 0x04, 0x04, 0x04,     // 1084 .. (17359)
0x11, 0x09, 0xFF, 0x1F, 0xFD, 0xFF, 0x2A, 0xF5,   0x0D, 0x0D, 0xF9, 0xFD, 0x30, 0xFE, 0x0E, 0x00,     // 1085 .. (17375)
0x04, 0x03, 0xFB, 0x17, 0xE4, 0x0B, 0x02, 0x0D,   0xD9, 0x1D, 0x0F, 0xCD, 0x0F, 0x0B, 0xEF, 0xF4,     // 1086 .. (17391)
0xE7, 0xF8, 0xFD, 0xFD, 0xF2, 0xF1, 0xFB, 0x00,   0x04, 0xEE, 0xF1, 0x0B, 0xF6, 0x09, 0xE7, 0x02,     // 1087 .. (17407)
0x0F, 0xF6, 0x02, 0xFC, 0xE9, 0x16, 0xE8, 0x00,   0xF7, 0x05, 0x1D, 0xDE, 0x1B, 0x02, 0xEE, 0x17,     // 1088 .. (17423)
0xF1, 0xF8, 0x17, 0x01, 0x0F, 0xF2, 0xEF, 0x02,   0x0B, 0x0F, 0xE8, 0xEF, 0x0B, 0x09, 0xF5, 0xFB,     // 1089 .. (17439)
0x14, 0x03, 0x14, 0x0E, 0x09, 0x0C, 0x14, 0xFC,   0xFE, 0x0E, 0x1A, 0x03, 0x07, 0x01, 0xE4, 0xF2,     // 1090 .. (17455)
0xFC, 0x13, 0xF5, 0xFA, 0xFF, 0xEC, 0xFA, 0x09,   0xF7, 0xE5, 0x05, 0xFB, 0xEB, 0x02, 0xEE, 0xF7,     // 1091 .. (17471)
0x02, 0xDB, 0x0A, 0xE8, 0xFD, 0x05, 0x03, 0xF6,   0xF6, 0x05, 0xF6, 0x18, 0xFE, 0x17, 0x04, 0x02,     // 1092 .. (17487)
0x00, 0x1C, 0x12, 0x03, 0xF5, 0x12, 0x18, 0xFC,   0x07, 0x10, 0x06, 0xF7, 0x1F, 0x02, 0x10, 0xDB,     // 1093 .. (17503)
0x0B, 0x0A, 0xFA, 0x00, 0xF6, 0x05, 0x03, 0x08,   0xDE, 0x0A, 0xFD, 0xFF, 0xFC, 0xFC, 0x06, 0x04,     // 1094 .. (17519)
0xF3, 0xFC, 0x03, 0xEC, 0x16, 0xF6, 0xDC, 0x16,   0x00, 0xF7, 0x00, 0xE4, 0x0F, 0xEF, 0x00, 0xF2,     // 1095 .. (17535)
0xF6, 0xD0, 0x10, 0xF6, 0xFB, 0xFB, 0xD2, 0xFB,   0x13, 0xEE, 0x0D, 0x05, 0xFD, 0xF3, 0x1F, 0xEF,     // 1096 .. (17551)
0x12, 0x05, 0x03, 0x01, 0xFA, 0x25, 0xFC, 0xF2,   0x0B, 0x0F, 0x10, 0x0B, 0x0A, 0xFF, 0x22, 0xF7,     // 1097 .. (17567)
0x21, 0x0E, 0xFE, 0x1A, 0xFA, 0xFE, 0x01, 0xED,   0x0D, 0xEA, 0xF7, 0x0A, 0x01, 0xD9, 0x14, 0xD1,     // 1098 .. (17583)
0x04, 0xE8, 0xF8, 0xF6, 0x15, 0xDD, 0xF9, 0x08,   0xF0, 0xF2, 0x11, 0xE3, 0x0F, 0xF8, 0xF5, 0x00,     // 1099 .. (17599)
0x03, 0x00, 0x0A, 0x01, 0x05, 0xF8, 0x10, 0xF1,   0x16, 0x09, 0x17, 0xE6, 0xFA, 0x22, 0x0F, 0x00,     // 1100 .. (17615)
0xF4, 0x25, 0x07, 0xF7, 0xF1, 0x26, 0xFC, 0xFF,   0x14, 0xFA, 0xFD, 0x19, 0xFB, 0x0F, 0x00, 0xFC,     // 1101 .. (17631)
0xE1, 0xF7, 0x1F, 0xE7, 0x01, 0xF2, 0x0A, 0xEC,   0x02, 0xEB, 0x00, 0x05, 0x00, 0x00, 0x25, 0x23,     // 1102 .. (17647)
0x1D, 0x1A, 0x18, 0x13, 0x10, 0x0E, 0x0B, 0x08,   0x06, 0x06, 0x05, 0x06, 0x0D, 0x1A, 0x28, 0x38,     // 1103 .. (17663)
0x47, 0x4F, 0x4D, 0x45, 0x34, 0x1D, 0x01, 0xE6,   0xC1, 0xA2, 0x86, 0x80, 0x80, 0x80, 0x80, 0x80,     // 1104 .. (17679)
0x80, 0x80, 0x80, 0x80, 0x80, 0x81, 0x9B, 0xB9,   0xD9, 0xFF, 0x16, 0x38, 0x4F, 0x61, 0x69, 0x6B,     // 1105 .. (17695)
0x69, 0x64, 0x56, 0x49, 0x3A, 0x2A, 0x1A, 0x0B,   0x00, 0xFA, 0xF2, 0xEE, 0xEE, 0xF0, 0xF5, 0xFB,     // 1106 .. (17711)
0x01, 0x08, 0x12, 0x1A, 0x23, 0x2D, 0x32, 0x38,   0x3D, 0x45, 0x47, 0x47, 0x47, 0x45, 0x43, 0x3F,     // 1107 .. (17727)
0x3C, 0x34, 0x2D, 0x28, 0x23, 0x1A, 0x12, 0x0D,   0x06, 0x01, 0xFD, 0xF8, 0xF2, 0xEA, 0xE6, 0xE5,     // 1108 .. (17743)
0xE1, 0xDF, 0xDB, 0xD9, 0xD3, 0xD0, 0xCC, 0xCB,   0xCB, 0xC8, 0xC4, 0xC3, 0xC1, 0xBE, 0xBD, 0xBB,     // 1109 .. (17759)
0xB9, 0xB9, 0xB7, 0xB7, 0xB7, 0xB7, 0xB7, 0xB9,   0xBB, 0xBD, 0xBE, 0xBE, 0xBE, 0xC1, 0xC1, 0xC1,     // 1110 .. (17775)
0xC1, 0xBE, 0xBD, 0xBB, 0xBB, 0xB9, 0xB9, 0xB9,   0xB9, 0xBB, 0xBE, 0xC1, 0xC4, 0xC8, 0xCC, 0xD1,     // 1111 .. (17791)
0xD6, 0xDB, 0xE8, 0xF5, 0xFF, 0x08, 0x16, 0x1B,   0x21, 0x23, 0x1D, 0x18, 0x10, 0x0B, 0x01, 0xFA,     // 1112 .. (17807)
0xEE, 0xE6, 0xDD, 0xD8, 0xD0, 0xCC, 0xCC, 0xD0,   0xD1, 0xD9, 0xE1, 0xED, 0xF8, 0x00, 0x0D, 0x16,     // 1113 .. (17823)
0x27, 0x34, 0x3F, 0x4A, 0x58, 0x61, 0x69, 0x71,   0x79, 0x7C, 0x7F, 0x7F, 0x7F, 0x7F, 0x7F, 0x7F,     // 1114 .. (17839)
0x7F, 0x7E, 0x79, 0x74, 0x72, 0x6B, 0x65, 0x64,   0x5A, 0x52, 0x4F, 0x49, 0x43, 0x3D, 0x3A, 0x34,     // 1115 .. (17855)
0x30, 0x2D, 0x27, 0x23, 0x21, 0x1D, 0x1A, 0x16,   0x12, 0x10, 0x0E, 0x0D, 0x0B, 0x08, 0x06, 0x06,     // 1116 .. (17871)
0x0D, 0x12, 0x1B, 0x23, 0x2A, 0x2F, 0x34, 0x32,   0x2D, 0x23, 0x18, 0x05, 0xF8, 0xE1, 0xCE, 0xB7,     // 1117 .. (17887)
0xA2, 0x94, 0x82, 0x80, 0x80, 0x80, 0x80, 0x80,   0x80, 0x80, 0x80, 0x80, 0x87, 0x9B, 0xB3, 0xCC,     // 1118 .. (17903)
0xE5, 0xFF, 0x10, 0x23, 0x32, 0x3D, 0x47, 0x4F,   0x52, 0x54, 0x52, 0x50, 0x4D, 0x47, 0x42, 0x38,     // 1119 .. (17919)
0x30, 0x2A, 0x23, 0x1D, 0x1A, 0x16, 0x10, 0x0E,   0x0B, 0x08, 0x06, 0x08, 0x0B, 0x0D, 0x10, 0x12,     // 1120 .. (17935)
0x16, 0x1A, 0x1D, 0x21, 0x23, 0x23, 0x25, 0x25,   0x00, 0x00, 0x00, 0x00, 0x44, 0x30, 0x24, 0x19,     // 1121 .. (17951)
0x13, 0x09, 0xC9, 0xC1, 0xEA, 0x9A, 0xAF, 0x8D,   0xA0, 0xC7, 0xBE, 0xD0, 0xDC, 0xE3, 0xE7, 0xEC,     // 1122 .. (17967)
0xF1, 0xF6, 0xFC, 0x04, 0x09, 0x0F, 0x2A, 0x7F,   0x34, 0x47, 0x7F, 0x70, 0x51, 0x3C, 0x14, 0x0F,     // 1123 .. (17983)
0x14, 0x39, 0x50, 0x47, 0x2E, 0x17, 0x07, 0x1D,   0x00, 0x00, 0x00, 0x00, 0x44, 0x30, 0x24, 0x19,     // 1124 .. (17999)
0x13, 0x09, 0xC9, 0xC1, 0xEA, 0x9A, 0xAF, 0x8D,   0xA0, 0xC7, 0xBE, 0xD0, 0xDC, 0xE3, 0xE7, 0xEC,     // 1125 .. (18015)
0xF1, 0xF6, 0xFC, 0x04, 0x09, 0x0F, 0x2A, 0x7F,   0x34, 0x47, 0x7F, 0x70, 0x51, 0x3C, 0x14, 0x0F,     // 1126 .. (18031)
0x14, 0x39, 0x50, 0x47, 0x2E, 0x17, 0x00, 0x00,   0x00, 0x00, 0x44, 0x30, 0x24, 0x19, 0x13, 0x09,     // 1127 .. (18047)
0xC9, 0xC1, 0xEA, 0x9A, 0xAF, 0x8D, 0xA0, 0xC7,   0xBE, 0xD0, 0xDC, 0xE3, 0xE7, 0xEC, 0xF1, 0xF6,     // 1128 .. (18063)
0xFC, 0x04, 0x09, 0x0F, 0x2A, 0x7F, 0x34, 0x47,   0x7F, 0x70, 0x51, 0x3C, 0x14, 0x0F, 0x14, 0x39,     // 1129 .. (18079)
0x50, 0x47, 0x00, 0x00, 0x00, 0x00, 0x44, 0x30,   0x24, 0x19, 0x13, 0x09, 0xC9, 0xC1, 0xEA, 0x9A,     // 1130 .. (18095)
0xAF, 0x8D, 0xA0, 0xC7, 0xBE, 0xD0, 0xDC, 0xE3,   0xE7, 0xEC, 0xF1, 0xF6, 0xFC, 0x04, 0x09, 0x0F,     // 1131 .. (18111)
0x2A, 0x7F, 0x34, 0x47, 0x7F, 0x70, 0x51, 0x3C,   0x14, 0x0F, 0x14, 0x39, 0x00, 0x00, 0x00, 0x00,     // 1132 .. (18127)
0x44, 0x30, 0x24, 0x19, 0x13, 0x09, 0xC9, 0xC1,   0xEA, 0x9A, 0xAF, 0x8D, 0xA0, 0xC7, 0xBE, 0xD0,     // 1133 .. (18143)
0xDC, 0xE3, 0xE7, 0xEC, 0xF1, 0xF6, 0xFC, 0x04,   0x09, 0x0F, 0x2A, 0x7F, 0x34, 0x47, 0x7F, 0x70,     // 1134 .. (18159)
0x51, 0x3C, 0x14, 0x0F, 0x00, 0x00, 0x00, 0x00,   0x44, 0x30, 0x24, 0x19, 0x13, 0x09, 0xC9, 0xC1,     // 1135 .. (18175)
0xEA, 0x9A, 0xAF, 0x8D, 0xA0, 0xC7, 0xBE, 0xD0,   0xDC, 0xE3, 0xE7, 0xEC, 0xF1, 0xF6, 0xFC, 0x04,     // 1136 .. (18191)
0x09, 0x0F, 0x2A, 0x7F, 0x34, 0x47, 0x7F, 0x70,   0x00, 0x00, 0x00, 0x00, 0x8D, 0x8A, 0x86, 0x83,     // 1137 .. (18207)
0x82, 0x81, 0x81, 0x81, 0x81, 0x81, 0x81, 0x81,   0x81, 0x81, 0x81, 0x81, 0x81, 0x81, 0x81, 0x81,     // 1138 .. (18223)
0x81, 0x81, 0x81, 0x81, 0x00, 0x00, 0x00, 0x00,   0x24, 0x19, 0x13, 0x0D, 0x0A, 0x04, 0xE3, 0xDF,     // 1139 .. (18239)
0xF5, 0xCA, 0xD5, 0xC2, 0xCC, 0xE2, 0xDD, 0xE7,   0xED, 0xF1, 0xF3, 0xF6, 0xF9, 0xFC, 0xFF, 0x01,     // 1140 .. (18255)
0x04, 0x07, 0x16, 0x45, 0x1C, 0x26, 0x45, 0x3C,   0x2B, 0x20, 0x0A, 0x07, 0x0A, 0x1E, 0x2B, 0x26,     // 1141 .. (18271)
0x18, 0x0C, 0x03, 0x0F, 0x00, 0x00, 0x00, 0x00,   0x24, 0x19, 0x13, 0x0D, 0x0A, 0x04, 0xE3, 0xDF,     // 1142 .. (18287)
0xF5, 0xCA, 0xD5, 0xC2, 0xCC, 0xE2, 0xDD, 0xE7,   0xED, 0xF1, 0xF3, 0xF5, 0xF9, 0xFC, 0xFF, 0x01,     // 1143 .. (18303)
0x04, 0x07, 0x16, 0x45, 0x1C, 0x26, 0x45, 0x3C,   0x2B, 0x20, 0x0A, 0x07, 0x0A, 0x1E, 0x2B, 0x26,     // 1144 .. (18319)
0x18, 0x0C, 0x00, 0x00, 0x00, 0x00, 0x24, 0x19,   0x13, 0x0D, 0x0A, 0x04, 0xE3, 0xDF, 0xF5, 0xCA,     // 1145 .. (18335)
0xD5, 0xC2, 0xCC, 0xE2, 0xDD, 0xE7, 0xED, 0xF1,   0xF3, 0xF6, 0xF9, 0xFC, 0xFF, 0x01, 0x04, 0x07,     // 1146 .. (18351)
0x16, 0x45, 0x1C, 0x26, 0x45, 0x3C, 0x2B, 0x20,   0x0A, 0x07, 0x0A, 0x1E, 0x2B, 0x26, 0x00, 0x00,     // 1147 .. (18367)
0x00, 0x00, 0x24, 0x19, 0x13, 0x0D, 0x0A, 0x04,   0xE3, 0xDF, 0xF5, 0xCA, 0xD5, 0xC2, 0xCC, 0xE2,     // 1148 .. (18383)
0xDD, 0xE7, 0xED, 0xF1, 0xF3, 0xF6, 0xF9, 0xFC,   0xFF, 0x01, 0x04, 0x07, 0x16, 0x45, 0x1C, 0x26,     // 1149 .. (18399)
0x45, 0x3C, 0x2B, 0x20, 0x0A, 0x07, 0x0A, 0x1E,   0x00, 0x00, 0x00, 0x00, 0x26, 0x19, 0x13, 0x0D,     // 1150 .. (18415)
0x0A, 0x04, 0xE3, 0xDF, 0xF4, 0xCA, 0xD5, 0xC2,   0xCB, 0xE2, 0xDD, 0xE7, 0xEC, 0xF1, 0xF3, 0xF6,     // 1151 .. (18431)
0xF9, 0xFC, 0xFF, 0x01, 0x04, 0x07, 0x16, 0x45,   0x1D, 0x26, 0x45, 0x3C, 0x2C, 0x20, 0x0A, 0x07,     // 1152 .. (18447)
0x00, 0x00, 0x00, 0x00, 0x24, 0x19, 0x13, 0x0D,   0x0A, 0x04, 0xE3, 0xDF, 0xF5, 0xCA, 0xD5, 0xC2,     // 1153 .. (18463)
0xCC, 0xE2, 0xDC, 0xE7, 0xED, 0xF1, 0xF3, 0xF6,   0xF9, 0xFC, 0xFF, 0x01, 0x04, 0x07, 0x16, 0x45,     // 1154 .. (18479)
0x1C, 0x26, 0x45, 0x3C, 0x00, 0x00, 0x00, 0x00,   0xC2, 0xC1, 0xBE, 0xBC, 0xBC, 0xBB, 0xBB, 0xBB,     // 1155 .. (18495)
0xBB, 0xBB, 0xBA, 0xBB, 0xBB, 0xBB, 0xBB, 0xBB,   0xBB, 0xBB, 0xBB, 0xBB, 0xBB, 0xBB, 0xBB, 0xBB,     // 1156 .. (18511)

  // 1157 .. (18527)
// CRC 46



};






#endif /* MUSIC_H */
